Frame,Time,Bowl_center X,Bowl_center Y,Bowl_center Z,Bowl_rim_1 X,Bowl_rim_1 Y,Bowl_rim_1 Z,Bowl_rim_2 X,Bowl_rim_2 Y,Bowl_rim_2 Z,Bowl_rim_3 X,Bowl_rim_3 Y,Bowl_rim_3 Z,Bowl_rim_4 X,Bowl_rim_4 Y,Bowl_rim_4 Z,Spoon_front X,Spoon_front Y,Spoon_front Z,Spoon_back X,Spoon_back Y,Spoon_back Z,Spoon_right X,Spoon_right Y,Spoon_right Z,Spoon_left X,Spoon_left Y,Spoon_left Z
1,0.0,0.3,0.0,0.4,0.33039900000000005,0.04188400000000003,0.46146300000000007,0.370419,-0.04612099999999997,0.4080870000000001,0.304757,-0.08102500000000001,0.3758950000000001,0.231439,-0.04592199999999996,0.388815,0.342212,-0.07860799999999996,0.46316500000000005,0.30994399999999994,-0.117871,0.4666150000000001,0.340112,-0.10515,0.46965900000000005,0.321996,-0.091333,0.45306500000000005
2,0.01,0.30008299999999993,-1.8999999999935735e-05,0.4000380000000001,0.33045299999999994,0.04177200000000003,0.461554,0.37043,-0.046279000000000015,0.40815800000000013,0.30475900000000006,-0.081044,0.37588699999999997,0.23145299999999996,-0.045791000000000026,0.38877000000000006,0.341509,-0.07684799999999997,0.4625380000000001,0.30963,-0.11638499999999996,0.46643200000000007,0.339659,-0.10331899999999997,0.4693860000000001,0.321451,-0.08991199999999999,0.45255600000000007
3,0.02,0.300143,-0.00011699999999997823,0.40016700000000016,0.330555,0.041739000000000026,0.4616190000000001,0.37041300000000005,-0.04633900000000002,0.408319,0.30470899999999995,-0.08117399999999997,0.37612500000000004,0.23165399999999997,-0.045922999999999936,0.388977,0.340764,-0.07497799999999993,0.46191100000000007,0.3093010000000001,-0.11480499999999999,0.466222,0.33917800000000004,-0.101378,0.46909500000000015,0.32087800000000005,-0.08838599999999996,0.452041
4,0.03,0.300171,-0.00023800000000001598,0.40039800000000014,0.330694,0.041710000000000025,0.4616580000000001,0.37039300000000003,-0.04655100000000001,0.4084880000000001,0.30463900000000005,-0.08133200000000002,0.37638400000000005,0.231717,-0.045972999999999986,0.38956100000000016,0.339829,-0.07301799999999997,0.460796,0.308799,-0.113128,0.46558600000000006,0.33852599999999994,-0.09934199999999999,0.46830700000000014,0.32009799999999994,-0.08676299999999998,0.451083
5,0.04,0.30011000000000004,-0.0004129999999999412,0.4006290000000001,0.3308360000000001,0.04170500000000005,0.461689,0.370319,-0.04666099999999995,0.4086240000000001,0.30450800000000006,-0.08148100000000003,0.3766980000000001,0.23177399999999998,-0.046308000000000016,0.39012900000000006,0.33912800000000004,-0.071326,0.45980200000000004,0.30851900000000004,-0.11169599999999999,0.4650900000000001,0.33808900000000003,-0.097553,0.4676840000000001,0.3195700000000001,-0.08541899999999997,0.45023900000000006
6,0.05,0.3000570000000001,-0.0006319999999999659,0.400876,0.330981,0.041644000000000014,0.46177900000000005,0.370277,-0.04679899999999998,0.40871000000000013,0.304394,-0.081652,0.37690100000000004,0.23190300000000003,-0.04673100000000002,0.3907100000000001,0.33830600000000005,-0.06943899999999997,0.458809,0.308128,-0.11007099999999997,0.46455100000000016,0.33754,-0.095578,0.4670080000000001,0.318914,-0.08385900000000002,0.4493950000000001
7,0.06,0.30006700000000003,-0.0008440000000000114,0.4009480000000001,0.33105100000000004,0.041554000000000035,0.4618880000000001,0.370218,-0.04696599999999995,0.40878500000000006,0.304275,-0.08177200000000001,0.37702500000000005,0.23214300000000004,-0.047159000000000006,0.39073400000000014,0.337725,-0.06794299999999998,0.45770900000000003,0.307942,-0.10878999999999997,0.463967,0.33720600000000006,-0.09397399999999995,0.46626500000000004,0.31849,-0.08268199999999998,0.4484680000000001
8,0.07,0.30003799999999997,-0.0008889999999999731,0.400996,0.33109000000000005,0.041376000000000024,0.46204500000000004,0.370157,-0.04705499999999996,0.4087790000000001,0.30422600000000005,-0.08176800000000001,0.3765630000000001,0.23212000000000005,-0.04720000000000002,0.3907550000000001,0.3370520000000001,-0.06630599999999998,0.456554,0.30764300000000006,-0.107348,0.4632870000000001,0.336775,-0.092246,0.465391,0.31794000000000006,-0.081316,0.44749400000000006
9,0.08,0.30004100000000006,-0.0010489999999999666,0.401069,0.33109400000000005,0.041186,0.46217300000000006,0.3701330000000001,-0.047181999999999946,0.40878000000000003,0.30422299999999997,-0.08175300000000002,0.37656600000000007,0.23230100000000004,-0.047539,0.39073800000000003,0.33642900000000003,-0.06476099999999996,0.455353,0.30740700000000004,-0.10599199999999998,0.462588,0.33639900000000006,-0.09059799999999996,0.46449000000000007,0.31745000000000007,-0.08005099999999998,0.44648500000000013
10,0.09,0.30007100000000003,-0.0011079999999999424,0.401118,0.33108299999999996,0.040966,0.4623640000000001,0.37011199999999994,-0.047304999999999986,0.40877600000000003,0.30423400000000006,-0.08189000000000002,0.37639200000000006,0.232277,-0.047416000000000014,0.3906550000000001,0.33594700000000005,-0.063355,0.45437800000000017,0.3072540000000001,-0.10473699999999997,0.46205300000000005,0.336126,-0.08909699999999998,0.4637770000000001,0.31708299999999995,-0.07888199999999995,0.4456800000000001
11,0.1,0.3000700000000001,-0.0011719999999999509,0.401118,0.331034,0.040771,0.4624720000000001,0.37008,-0.04742099999999999,0.4087780000000001,0.30421500000000007,-0.081874,0.37629599999999996,0.232261,-0.04744899999999996,0.3904660000000001,0.33553700000000003,-0.061861,0.4533830000000001,0.307186,-0.10340299999999997,0.4614520000000001,0.33593100000000004,-0.08751500000000001,0.46301500000000007,0.316795,-0.07761999999999997,0.444839
12,0.11,0.30007200000000006,-0.0012979999999999658,0.4011880000000001,0.331026,0.04058800000000001,0.46265,0.37003400000000003,-0.04762500000000003,0.4088320000000001,0.304174,-0.08199899999999999,0.37626400000000004,0.23223199999999994,-0.04751299999999997,0.39042,0.335273,-0.060628000000000015,0.45269499999999996,0.3072240000000001,-0.102299,0.461147,0.335845,-0.08617800000000003,0.46259000000000006,0.316664,-0.07661499999999999,0.4442840000000001
13,0.12,0.300023,-0.001422999999999952,0.40118700000000007,0.331011,0.040395000000000014,0.46272800000000003,0.3699360000000001,-0.04778099999999996,0.4088250000000001,0.304039,-0.08211800000000002,0.37626400000000004,0.23214200000000002,-0.047597999999999974,0.39028300000000005,0.3350330000000001,-0.05922299999999997,0.45196800000000004,0.30729900000000004,-0.10103699999999999,0.46074400000000015,0.335794,-0.08468499999999995,0.46207600000000015,0.316555,-0.07542199999999999,0.4436770000000001
14,0.13,0.29994799999999994,-0.0015410000000000146,0.4012650000000001,0.33100999999999997,0.040215,0.4628190000000001,0.369802,-0.04800899999999997,0.4088400000000001,0.30385100000000004,-0.08224399999999998,0.3762970000000001,0.231999,-0.04760399999999998,0.390377,0.334841,-0.058244999999999936,0.45069800000000004,0.307386,-0.10014599999999996,0.45992900000000003,0.335776,-0.08359699999999998,0.4610670000000001,0.31646100000000005,-0.07464799999999999,0.44259000000000015
15,0.14,0.299807,-0.0017149999999999666,0.40137500000000004,0.3310030000000001,0.040013999999999994,0.462832,0.369659,-0.04822499999999996,0.4088750000000001,0.30363599999999996,-0.08238099999999998,0.3763700000000001,0.23179900000000003,-0.04776200000000003,0.39063800000000015,0.3346240000000001,-0.057006999999999974,0.449603,0.307468,-0.099018,0.459209,0.335744,-0.08226599999999995,0.4601780000000001,0.316348,-0.073602,0.44165200000000016
16,0.15,0.299727,-0.001852999999999938,0.40141700000000013,0.331027,0.03980100000000003,0.46289100000000005,0.369497,-0.048485999999999974,0.4088830000000001,0.3033890000000001,-0.08253499999999997,0.3763550000000001,0.23162900000000003,-0.04776899999999995,0.3906830000000001,0.33473900000000006,-0.055964000000000014,0.44882900000000003,0.30782399999999993,-0.09805399999999997,0.45876400000000006,0.33600199999999997,-0.08112899999999995,0.459608,0.316564,-0.07272899999999999,0.44100400000000006
17,0.16,0.299638,-0.0019640000000000213,0.401397,0.33099300000000004,0.039571999999999996,0.462901,0.36932500000000007,-0.04874499999999998,0.408799,0.303171,-0.082623,0.37629100000000004,0.231462,-0.047729999999999995,0.39063000000000003,0.33474699999999996,-0.054869999999999974,0.4479740000000001,0.308112,-0.097049,0.4582820000000001,0.33617100000000005,-0.07992100000000002,0.458997,0.316699,-0.07183499999999998,0.44029000000000007
18,0.17,0.29958,-0.0020560000000000023,0.4013610000000001,0.330976,0.03932600000000003,0.46295200000000003,0.36921200000000004,-0.04894399999999999,0.40868100000000007,0.3029589999999999,-0.08271,0.3760570000000001,0.23137999999999997,-0.047684000000000004,0.39052300000000006,0.334733,-0.05391499999999999,0.446871,0.30837,-0.09616999999999998,0.4575570000000001,0.3363150000000001,-0.07885299999999995,0.4581250000000001,0.316799,-0.07106800000000002,0.4393370000000001
19,0.18,0.299552,-0.00210699999999997,0.4012920000000001,0.3309349999999999,0.03906800000000005,0.46301900000000007,0.36909299999999995,-0.04917299999999997,0.408512,0.30281399999999997,-0.08273199999999997,0.3757920000000001,0.231292,-0.04753200000000002,0.390309,0.334316,-0.05289499999999997,0.44533100000000014,0.30831899999999995,-0.095244,0.45652400000000004,0.336112,-0.077679,0.4568890000000001,0.316536,-0.07029399999999997,0.4380010000000001
20,0.19,0.29953099999999994,-0.002104999999999968,0.4011880000000001,0.33092399999999994,0.03878400000000004,0.46305300000000005,0.368987,-0.04929499999999998,0.4083110000000001,0.30269700000000005,-0.08275500000000002,0.37552700000000017,0.23111900000000002,-0.047262000000000026,0.390012,0.33389300000000005,-0.051919999999999966,0.443766,0.30826400000000004,-0.09437000000000001,0.4554180000000001,0.335903,-0.07655999999999996,0.4555950000000001,0.316267,-0.06955300000000003,0.43662500000000004
21,0.2,0.299491,-0.0021609999999999685,0.4011150000000001,0.330903,0.03857000000000005,0.46314900000000003,0.36888000000000004,-0.04948199999999997,0.40813200000000005,0.30253899999999995,-0.082758,0.375262,0.23103900000000005,-0.04721299999999995,0.389752,0.33333299999999993,-0.05064599999999997,0.442449,0.308154,-0.09323499999999996,0.454565,0.33559100000000003,-0.07511399999999996,0.454584,0.315923,-0.06856199999999996,0.4354850000000001
22,0.21,0.299425,-0.002212999999999965,0.40108200000000005,0.33090099999999995,0.03838600000000003,0.46309600000000006,0.36874500000000004,-0.04962099999999997,0.408046,0.30236199999999996,-0.08285100000000001,0.3753080000000001,0.23084299999999996,-0.04707199999999995,0.3897060000000001,0.33273199999999997,-0.04972099999999996,0.44075600000000004,0.30797,-0.092412,0.45336500000000013,0.33522900000000005,-0.07402500000000001,0.45317200000000013,0.31549699999999997,-0.06788499999999997,0.434002
23,0.22,0.2993350000000001,-0.0023110000000000075,0.401118,0.33091999999999994,0.03827599999999998,0.46311000000000013,0.368577,-0.049821000000000004,0.408041,0.30210200000000004,-0.08296900000000001,0.375406,0.23070200000000002,-0.04707499999999998,0.3897900000000001,0.3323390000000001,-0.04892399999999997,0.43920100000000006,0.30796400000000007,-0.09168100000000001,0.4523300000000001,0.33504700000000004,-0.07304,0.4519360000000001,0.31528800000000007,-0.06733899999999998,0.432659
24,0.23,0.299221,-0.0024020000000000152,0.40120600000000006,0.33096600000000004,0.03817600000000004,0.46306500000000006,0.36840599999999996,-0.049978999999999996,0.408046,0.301865,-0.08305600000000002,0.3756290000000001,0.23051099999999997,-0.047099,0.39005100000000015,0.33216799999999996,-0.04855300000000001,0.43740500000000004,0.30809500000000006,-0.09131499999999998,0.451064,0.335046,-0.07248999999999994,0.4504370000000001,0.315247,-0.06716699999999998,0.43109300000000006
25,0.24,0.299121,-0.0024640000000000217,0.4012920000000001,0.3310180000000001,0.03808200000000006,0.46310300000000004,0.368234,-0.050238000000000005,0.4080910000000001,0.301598,-0.08307700000000001,0.37553500000000006,0.2303,-0.04704999999999998,0.390286,0.3316799999999999,-0.04795499999999997,0.435372,0.307985,-0.09073699999999996,0.4496150000000001,0.33476599999999995,-0.07167999999999997,0.44873799999999997,0.31493200000000005,-0.06680599999999998,0.42931200000000014
26,0.25,0.29903300000000005,-0.0025179999999999647,0.4013500000000001,0.331038,0.03795000000000004,0.463136,0.36810099999999996,-0.05035799999999996,0.4080800000000001,0.3013780000000001,-0.08308399999999994,0.37564600000000004,0.23014700000000005,-0.04705199999999998,0.39034500000000005,0.33127,-0.04741400000000001,0.43350600000000006,0.30793299999999996,-0.09020899999999993,0.448291,0.334544,-0.07092799999999999,0.44719700000000007,0.31470000000000004,-0.06649499999999997,0.4276770000000001
27,0.26,0.29897599999999996,-0.0025700000000000167,0.40139100000000005,0.331053,0.037829,0.4632240000000001,0.367983,-0.05052599999999996,0.40808100000000014,0.30112599999999995,-0.08316899999999999,0.375594,0.230049,-0.046967999999999954,0.3903730000000001,0.3309410000000001,-0.04647099999999993,0.432126,0.3079589999999999,-0.08930999999999994,0.44733500000000015,0.334394,-0.069795,0.44609500000000013,0.31456600000000007,-0.06577,0.4264700000000001
28,0.27,0.298935,-0.0026359999999999717,0.40148800000000007,0.3310220000000001,0.037665000000000004,0.4633520000000001,0.36789,-0.05068299999999998,0.40815,0.301038,-0.08319500000000002,0.375656,0.22994900000000001,-0.04694699999999996,0.39041100000000006,0.33133000000000007,-0.045889999999999986,0.4313910000000001,0.308563,-0.08873699999999995,0.446897,0.3348630000000001,-0.06904299999999997,0.4456220000000001,0.3151319999999999,-0.06536599999999998,0.42583100000000007
29,0.28,0.29884400000000005,-0.002705000000000013,0.4015810000000001,0.3309450000000001,0.03749600000000003,0.4634940000000001,0.36773800000000006,-0.050789999999999946,0.408208,0.30087400000000003,-0.08327399999999996,0.37568900000000005,0.22985299999999992,-0.04692499999999994,0.39044,0.331273,-0.04489299999999996,0.43063300000000015,0.30881200000000003,-0.08779799999999993,0.44642099999999996,0.33493899999999993,-0.06787899999999997,0.445098,0.315281,-0.06456599999999996,0.4251720000000001
30,0.29,0.298788,-0.002758999999999956,0.4017590000000001,0.330969,0.03734900000000002,0.4637000000000001,0.36765,-0.05094399999999999,0.408366,0.30072400000000005,-0.08330399999999999,0.37577800000000006,0.229659,-0.04688500000000001,0.39058100000000007,0.33141899999999996,-0.04405100000000001,0.42999900000000013,0.309236,-0.08699800000000002,0.4460670000000001,0.335189,-0.06685399999999997,0.44472600000000007,0.3156459999999999,-0.06392499999999995,0.424627
31,0.3,0.29875999999999997,-0.002813999999999983,0.40188100000000004,0.3309349999999999,0.03721200000000002,0.4639270000000001,0.36753700000000006,-0.05107799999999996,0.40847600000000006,0.30056200000000005,-0.08336899999999997,0.37584400000000007,0.229655,-0.04684299999999997,0.3905710000000001,0.331081,-0.04306599999999999,0.4289560000000001,0.30922,-0.08607700000000001,0.4452900000000001,0.335004,-0.06572299999999998,0.443867,0.315494,-0.063114,0.42369200000000007
32,0.31,0.298734,-0.002817999999999987,0.4020190000000001,0.330973,0.037121000000000015,0.46409500000000015,0.367466,-0.05118199999999995,0.40857600000000005,0.300487,-0.08334099999999994,0.375819,0.22953300000000004,-0.04676399999999997,0.3907060000000001,0.331023,-0.042073999999999945,0.42827400000000004,0.30945700000000004,-0.08514099999999997,0.4448500000000001,0.3350650000000001,-0.06456800000000001,0.44339800000000007,0.31564700000000007,-0.06230599999999997,0.42309300000000005
33,0.32,0.298665,-0.002894999999999981,0.4021640000000001,0.330987,0.03702500000000003,0.4642060000000001,0.36737400000000003,-0.051321000000000006,0.40864900000000004,0.30035400000000007,-0.08339899999999995,0.3759100000000001,0.22943300000000005,-0.04680699999999999,0.39093900000000004,0.33086699999999997,-0.04099899999999995,0.42743600000000015,0.309567,-0.084113,0.44423500000000005,0.33502099999999996,-0.06335299999999994,0.44273700000000005,0.315668,-0.061385999999999996,0.422339
34,0.33,0.298622,-0.002935999999999994,0.40234400000000003,0.331007,0.036887,0.4644220000000001,0.36727000000000004,-0.05147799999999997,0.40875700000000004,0.30019100000000004,-0.083424,0.375997,0.229327,-0.04672599999999999,0.39110500000000015,0.330942,-0.04003899999999999,0.4269940000000001,0.30992400000000003,-0.08318499999999995,0.4440630000000001,0.335184,-0.06218800000000002,0.44256700000000004,0.31599099999999997,-0.06063000000000002,0.4219820000000001
35,0.34,0.2985860000000001,-0.003010999999999986,0.402559,0.331046,0.03677800000000003,0.4646230000000001,0.36713500000000004,-0.05166499999999996,0.40901300000000007,0.29998299999999994,-0.08354499999999998,0.37627900000000003,0.229203,-0.04665799999999998,0.39132200000000006,0.330764,-0.039034999999999986,0.4263030000000001,0.31004499999999996,-0.08221899999999999,0.44364100000000006,0.335107,-0.06098699999999996,0.4421250000000001,0.31605600000000006,-0.05982199999999993,0.4213840000000001
36,0.35,0.29851599999999995,-0.0030919999999999837,0.4028410000000001,0.33108699999999996,0.036694000000000004,0.464843,0.366994,-0.051844999999999974,0.409296,0.2997680000000001,-0.08361299999999999,0.37655800000000006,0.229091,-0.046679999999999944,0.3917050000000001,0.330783,-0.03814599999999996,0.42578000000000005,0.31036100000000005,-0.08134400000000003,0.4434290000000001,0.335201,-0.05985400000000002,0.44191500000000006,0.316359,-0.059153999999999984,0.4209630000000001
37,0.36,0.298502,-0.003137000000000001,0.40312100000000006,0.331154,0.03668300000000002,0.46517600000000014,0.36690300000000003,-0.051970999999999934,0.40955600000000014,0.29962800000000006,-0.08373199999999997,0.37697000000000014,0.22898400000000002,-0.046630000000000005,0.39192700000000014,0.330367,-0.037117999999999984,0.42504300000000006,0.31029,-0.08035900000000001,0.4429820000000001,0.334903,-0.05860999999999994,0.44143,0.31621000000000005,-0.058331999999999995,0.4203350000000001
38,0.37,0.29853900000000005,-0.003132999999999997,0.40335600000000005,0.331297,0.03672000000000003,0.465449,0.366847,-0.052064,0.4098020000000001,0.29952400000000007,-0.08376699999999998,0.37724000000000013,0.22894399999999998,-0.046560999999999964,0.3921410000000001,0.33002099999999995,-0.03656699999999996,0.4237580000000001,0.310285,-0.079768,0.44216600000000006,0.334668,-0.05777199999999999,0.4404870000000001,0.31613600000000003,-0.05800299999999997,0.4192490000000001
39,0.38,0.29853499999999994,-0.003161999999999998,0.40346100000000007,0.331269,0.036704000000000014,0.465473,0.366867,-0.052075999999999956,0.4099950000000001,0.299518,-0.08378199999999997,0.3774550000000001,0.228929,-0.046601000000000004,0.39228300000000005,0.329347,-0.035354,0.4229900000000001,0.31001800000000007,-0.07859999999999995,0.44172100000000003,0.334138,-0.05632199999999993,0.4399740000000001,0.31575900000000007,-0.057006999999999974,0.41861500000000007
40,0.39,0.298526,-0.0031859999999999666,0.40375000000000005,0.33123299999999994,0.036557000000000006,0.46572400000000014,0.366882,-0.052080000000000015,0.41018,0.299564,-0.08373900000000001,0.37755400000000006,0.228999,-0.04661599999999999,0.3926520000000001,0.32933700000000005,-0.03503999999999996,0.4218660000000001,0.310208,-0.07822400000000002,0.44094200000000006,0.33418600000000004,-0.05580099999999999,0.4390870000000001,0.315919,-0.05682899999999996,0.41764500000000004
41,0.4,0.298602,-0.0031059999999999977,0.4037160000000001,0.33118700000000006,0.03645799999999999,0.46578700000000006,0.366948,-0.05207299999999998,0.41027500000000006,0.2996269999999999,-0.08367999999999998,0.37751800000000013,0.22891200000000006,-0.04633999999999999,0.39237600000000006,0.329452,-0.03422999999999998,0.42173800000000006,0.31051999999999996,-0.07739799999999997,0.4410470000000001,0.334319,-0.054784,0.43920000000000015,0.3162620000000001,-0.056174,0.4176010000000001
42,0.41,0.29872400000000005,-0.003010999999999986,0.40380000000000005,0.33125,0.03638000000000002,0.46605200000000013,0.36698000000000003,-0.05212099999999997,0.41033600000000003,0.29966700000000007,-0.08361099999999999,0.377502,0.2289299999999999,-0.04602899999999999,0.39221300000000003,0.32966900000000005,-0.03425600000000001,0.4206630000000001,0.31086300000000006,-0.077316,0.44033100000000014,0.3345510000000001,-0.05459700000000001,0.438368,0.316617,-0.056313,0.41669
43,0.42,0.29877899999999996,-0.002917999999999976,0.403857,0.33132100000000003,0.03634400000000004,0.46617300000000006,0.367025,-0.052086999999999994,0.4103300000000001,0.2996710000000001,-0.08354600000000001,0.37750400000000006,0.228864,-0.045791000000000026,0.392185,0.329506,-0.03303099999999998,0.4207400000000001,0.310996,-0.07610600000000001,0.440655,0.334428,-0.053119999999999945,0.43871899999999997,0.31676999999999994,-0.055286999999999975,0.41685700000000003
44,0.43,0.298811,-0.002842000000000011,0.40398200000000006,0.331421,0.036392000000000035,0.46622300000000005,0.367018,-0.05214399999999997,0.4104300000000001,0.29960400000000004,-0.08350099999999999,0.37763100000000005,0.22879,-0.04555799999999999,0.392444,0.329459,-0.03275499999999998,0.419867,0.311162,-0.07576299999999997,0.44012000000000007,0.3344249999999999,-0.05261499999999997,0.4380870000000001,0.3169220000000001,-0.05514999999999998,0.41613900000000004
45,0.44,0.298839,-0.0027699999999999947,0.40408600000000006,0.331575,0.03650800000000004,0.4662480000000001,0.36703,-0.052124000000000004,0.4105280000000001,0.299549,-0.08350099999999999,0.377772,0.22869299999999998,-0.045406999999999975,0.392694,0.32934900000000006,-0.03208699999999998,0.41956400000000005,0.311294,-0.07506399999999996,0.44009700000000007,0.33434,-0.051702000000000026,0.43804200000000015,0.317077,-0.054647999999999974,0.4159550000000001
46,0.45,0.2989220000000001,-0.0026169999999999805,0.40416200000000013,0.3317140000000001,0.03669800000000001,0.46626200000000007,0.36704200000000003,-0.05210499999999996,0.41066400000000003,0.299467,-0.083395,0.3780270000000001,0.228686,-0.04511799999999999,0.3928300000000001,0.329358,-0.031739999999999935,0.4189780000000001,0.3114930000000001,-0.074652,0.439813,0.33436499999999997,-0.051124,0.4376930000000001,0.317297,-0.054435999999999984,0.4155080000000001
47,0.46,0.2990209999999999,-0.0025149999999999895,0.4042310000000001,0.33185900000000007,0.03686699999999998,0.4662640000000001,0.3670900000000001,-0.05204900000000001,0.41078100000000006,0.29948900000000006,-0.08338399999999996,0.3783170000000001,0.22870799999999997,-0.04491999999999996,0.39296600000000004,0.329645,-0.031681000000000015,0.41842,0.31191300000000005,-0.074496,0.439565,0.334632,-0.05082700000000001,0.4373840000000001,0.31777700000000003,-0.05449999999999999,0.41509300000000005
48,0.47,0.2990890000000001,-0.0023759999999999892,0.404315,0.33196600000000004,0.037055000000000005,0.4663520000000001,0.367145,-0.05192199999999997,0.4108410000000001,0.29956200000000005,-0.08329499999999995,0.378483,0.228717,-0.04475299999999999,0.39306300000000005,0.3300159999999999,-0.031888999999999945,0.41783500000000007,0.31231899999999996,-0.07458999999999999,0.439238,0.33497400000000005,-0.05086600000000002,0.4369750000000001,0.318236,-0.05477099999999996,0.4146350000000001
49,0.48,0.299205,-0.0021839999999999637,0.40439900000000006,0.33208600000000005,0.037242,0.466526,0.367269,-0.051748000000000016,0.41083800000000004,0.2997250000000001,-0.08310699999999999,0.3784710000000001,0.22880700000000004,-0.04456399999999999,0.3930910000000001,0.33042999999999995,-0.03166299999999994,0.4176780000000001,0.31281299999999995,-0.07427699999999998,0.43932000000000004,0.33535600000000004,-0.05045099999999997,0.43701200000000007,0.318795,-0.05463499999999999,0.41459100000000004
50,0.49,0.299348,-0.0019939999999999958,0.404424,0.33224900000000007,0.03742100000000004,0.46667100000000006,0.36740200000000006,-0.05154499999999995,0.41078400000000004,0.299885,-0.08295599999999997,0.37842200000000015,0.22892700000000005,-0.044369999999999965,0.39300900000000005,0.33080100000000007,-0.031698000000000004,0.41743300000000005,0.313228,-0.07422400000000001,0.43928100000000003,0.335706,-0.050344,0.4369090000000001,0.31924900000000006,-0.05472499999999997,0.41444900000000007
51,0.5,0.299486,-0.0017619999999999858,0.4044190000000001,0.332363,0.03756300000000001,0.46682900000000005,0.367554,-0.05130299999999999,0.41069100000000014,0.30008399999999996,-0.08268499999999995,0.37817500000000004,0.22906100000000001,-0.04416299999999995,0.3928360000000001,0.330976,-0.03107700000000002,0.417887,0.313525,-0.0736,0.4398400000000001,0.335871,-0.04959400000000003,0.43749000000000005,0.31958500000000006,-0.054190000000000016,0.41494700000000007
52,0.51,0.2995940000000001,-0.001554999999999973,0.404386,0.33242600000000005,0.037723000000000007,0.46689400000000003,0.367682,-0.051092999999999944,0.41062300000000007,0.30022299999999996,-0.08248499999999998,0.37799800000000017,0.22917700000000002,-0.04394100000000001,0.392714,0.331336,-0.03095300000000001,0.41807800000000006,0.31393200000000004,-0.07341900000000001,0.4401760000000001,0.33620500000000003,-0.04934799999999995,0.4378010000000001,0.32003999999999994,-0.054120999999999975,0.41520900000000005
53,0.52,0.299634,-0.001346999999999987,0.40416200000000013,0.33241400000000004,0.037880000000000025,0.4664910000000001,0.367759,-0.05084299999999997,0.410531,0.30034,-0.082177,0.3778070000000001,0.22924000000000005,-0.04378099999999996,0.39261100000000004,0.33138800000000007,-0.030642000000000003,0.4180760000000001,0.31411300000000003,-0.073073,0.44034400000000007,0.33627599999999996,-0.048904999999999976,0.43791599999999997,0.320216,-0.05388099999999996,0.41529300000000013
54,0.53,0.29964700000000005,-0.0011439999999999784,0.4041600000000001,0.33238700000000004,0.03802700000000003,0.46653100000000003,0.3678160000000001,-0.05064799999999997,0.41041099999999997,0.30033399999999993,-0.08199699999999999,0.3777450000000001,0.22928999999999994,-0.043518,0.39260300000000004,0.3314160000000001,-0.030289999999999984,0.4181380000000001,0.314294,-0.072683,0.44059500000000007,0.3363150000000001,-0.04838999999999999,0.4381250000000001,0.3204080000000001,-0.053618,0.4154500000000001
55,0.54,0.29964399999999997,-0.0010029999999999761,0.403988,0.3324890000000001,0.03816600000000003,0.46617700000000006,0.36779900000000004,-0.05050699999999997,0.4102730000000001,0.30025300000000005,-0.081818,0.3776550000000001,0.22927099999999995,-0.04338399999999998,0.39262700000000006,0.3315449999999999,-0.030196999999999974,0.418002,0.31451200000000007,-0.07252599999999998,0.440646,0.336443,-0.04815900000000001,0.43811200000000006,0.32064,-0.053583999999999965,0.415411
56,0.55,0.299606,-0.0008059999999999734,0.40393999999999997,0.33258399999999994,0.038378999999999996,0.46608800000000006,0.36777,-0.05035999999999996,0.41008600000000006,0.300096,-0.08160499999999998,0.37758800000000003,0.22921799999999998,-0.04318199999999994,0.39270400000000005,0.33161,-0.030010999999999954,0.4179480000000001,0.314707,-0.07227699999999998,0.44080600000000014,0.336501,-0.047792999999999974,0.43822000000000005,0.32086600000000004,-0.05348499999999995,0.41546800000000006
57,0.56,0.29959299999999994,-0.0006649999999999712,0.4038280000000001,0.33267300000000005,0.03846000000000005,0.46592100000000003,0.3676920000000001,-0.05031399999999997,0.40993900000000005,0.299935,-0.08147799999999994,0.37751500000000004,0.22912099999999996,-0.04291400000000001,0.39266600000000007,0.33142900000000003,-0.029581999999999997,0.41780000000000006,0.31469600000000003,-0.07181799999999999,0.44083800000000006,0.3363390000000001,-0.047205,0.4382060000000001,0.32085500000000006,-0.053142999999999996,0.41541300000000003
58,0.57,0.299525,-0.00047399999999997444,0.40373000000000014,0.33266,0.03855000000000003,0.46580100000000013,0.3676,-0.05022199999999999,0.4097630000000001,0.299784,-0.08131199999999994,0.37740700000000016,0.228933,-0.04255399999999998,0.392613,0.33138300000000004,-0.029329999999999967,0.417786,0.314783,-0.07153299999999996,0.44098000000000015,0.3362899999999999,-0.04680399999999996,0.43832000000000004,0.320965,-0.05296799999999996,0.41548000000000007
59,0.58,0.299441,-0.00043999999999999595,0.40362600000000004,0.33264900000000003,0.038578,0.46572500000000006,0.36747,-0.05018800000000001,0.40960700000000005,0.29965899999999995,-0.081183,0.377309,0.22888700000000012,-0.04261699999999996,0.39245600000000014,0.33090899999999995,-0.028598999999999986,0.4177700000000001,0.3145470000000001,-0.07082399999999994,0.4410950000000001,0.33586,-0.045929,0.438415,0.320699,-0.052334999999999965,0.4155320000000001
60,0.59,0.29941600000000007,-0.00025599999999997847,0.40349100000000004,0.3325660000000001,0.038524,0.465697,0.36736300000000005,-0.050144999999999995,0.4094120000000001,0.29955499999999996,-0.08106999999999998,0.37705,0.228732,-0.04211100000000001,0.39218600000000015,0.33054200000000006,-0.02817599999999998,0.41749800000000015,0.31438400000000005,-0.07038199999999994,0.4409970000000001,0.335536,-0.045357999999999954,0.4382560000000001,0.32050300000000004,-0.05199300000000001,0.41535500000000014
61,0.6,0.29931800000000003,-0.0002609999999999557,0.4033530000000001,0.3325270000000001,0.03842100000000004,0.465618,0.36726700000000007,-0.05018600000000001,0.40919300000000003,0.299414,-0.08096599999999998,0.376765,0.22860699999999995,-0.042148999999999937,0.39197400000000016,0.32993600000000006,-0.027573000000000014,0.417154,0.314035,-0.06977799999999995,0.44083000000000017,0.33500199999999997,-0.04460599999999998,0.43801800000000013,0.32008699999999995,-0.05147799999999997,0.41510900000000006
62,0.61,0.299206,-0.00022699999999997722,0.4032000000000001,0.33245399999999997,0.03829500000000002,0.465545,0.3671609999999999,-0.050202000000000024,0.408911,0.29927700000000007,-0.08084199999999997,0.3762540000000001,0.22848800000000008,-0.04208999999999996,0.39179200000000014,0.32973800000000003,-0.026932999999999985,0.41702800000000007,0.31402800000000003,-0.06911600000000001,0.4408700000000001,0.33481600000000006,-0.04379999999999995,0.43802300000000005,0.320084,-0.05092499999999994,0.4150720000000001
63,0.62,0.299151,-0.00021799999999999597,0.40303100000000003,0.33251900000000006,0.03817600000000004,0.46543100000000015,0.367076,-0.050238000000000005,0.4085510000000001,0.2990979999999999,-0.08078799999999997,0.3759270000000001,0.22841700000000004,-0.042030999999999985,0.3916090000000001,0.32945399999999997,-0.026354999999999962,0.4168900000000001,0.31388999999999995,-0.06854499999999997,0.4408170000000001,0.33456800000000003,-0.043142000000000014,0.43794,0.319914,-0.05039599999999994,0.41498100000000004
64,0.63,0.2991000000000001,-0.00022699999999997722,0.402919,0.33259600000000006,0.03803200000000001,0.4654670000000001,0.366968,-0.05030499999999993,0.40818200000000004,0.298957,-0.08074499999999996,0.375618,0.22833600000000004,-0.04199899999999995,0.391397,0.32934599999999997,-0.025729000000000002,0.41661100000000006,0.31390900000000005,-0.067886,0.44067600000000007,0.33447,-0.04239299999999996,0.43775600000000003,0.31993299999999997,-0.04982599999999998,0.4147790000000001
65,0.64,0.299109,-0.000248000000000026,0.40274500000000013,0.332829,0.03801300000000002,0.46525700000000003,0.366905,-0.050414000000000014,0.4078510000000001,0.29880100000000004,-0.08075300000000002,0.37545700000000004,0.22825999999999996,-0.04198299999999994,0.39134000000000013,0.3291530000000001,-0.025397999999999976,0.41579900000000003,0.31382100000000007,-0.06747199999999998,0.4400750000000001,0.33431399999999994,-0.04194000000000003,0.43703100000000006,0.31980499999999995,-0.04952899999999999,0.414088
66,0.65,0.299078,-0.00029600000000001847,0.40272300000000005,0.33298900000000003,0.03786400000000001,0.465353,0.36684600000000006,-0.05050399999999999,0.40758000000000016,0.298656,-0.08076299999999997,0.37532600000000005,0.22812300000000002,-0.04200999999999999,0.3912340000000001,0.329305,-0.024938000000000016,0.41542,0.314011,-0.06694,0.439843,0.334439,-0.04136099999999998,0.4367500000000001,0.32003700000000007,-0.049104999999999954,0.413791
67,0.66,0.299062,-0.0003429999999999822,0.402594,0.333173,0.03784599999999999,0.46513400000000005,0.3667620000000001,-0.050621999999999945,0.4073930000000001,0.29850400000000005,-0.08081099999999997,0.37521000000000015,0.22802300000000003,-0.04202699999999998,0.39127200000000006,0.32937900000000003,-0.024472999999999967,0.41486900000000015,0.31412599999999996,-0.06639799999999996,0.43945200000000006,0.33448400000000006,-0.040768999999999944,0.436304,0.3201939999999999,-0.048678,0.4133310000000001
68,0.67,0.29904000000000003,-0.0003909999999999747,0.402555,0.333323,0.03777900000000006,0.465102,0.366697,-0.050734,0.407238,0.29832600000000004,-0.080851,0.37512800000000013,0.22793400000000003,-0.04203899999999999,0.391281,0.32932200000000006,-0.02394099999999999,0.414285,0.31414099999999995,-0.06579299999999993,0.43903500000000006,0.334401,-0.04009400000000002,0.43583400000000005,0.32024900000000006,-0.04819399999999996,0.41284200000000004
69,0.68,0.2989030000000001,-0.0004989999999999717,0.402358,0.333173,0.03765299999999999,0.46458600000000005,0.366573,-0.05087899999999995,0.40717100000000006,0.298143,-0.08088399999999996,0.375084,0.22783199999999998,-0.04211199999999998,0.39139900000000005,0.329413,-0.023604000000000014,0.413775,0.314255,-0.06536499999999995,0.4386930000000001,0.334432,-0.03960600000000003,0.4354500000000001,0.320443,-0.04790099999999997,0.41242800000000013
70,0.69,0.298831,-0.0005539999999999989,0.40234000000000014,0.33308699999999997,0.037536000000000014,0.46458100000000013,0.366454,-0.05105399999999999,0.407146,0.2979629999999999,-0.08095899999999995,0.37512600000000007,0.22769600000000007,-0.042010999999999965,0.3913500000000001,0.328973,-0.022977999999999943,0.41297800000000007,0.31399099999999996,-0.06465599999999994,0.4381400000000001,0.33398,-0.03876099999999999,0.43481500000000006,0.32020699999999996,-0.04735600000000001,0.41177300000000006
71,0.7,0.29872400000000005,-0.0006539999999999879,0.40225900000000014,0.333015,0.037395999999999985,0.4643560000000001,0.36630899999999994,-0.051234999999999975,0.4071540000000001,0.2977659999999999,-0.08100399999999996,0.375127,0.227543,-0.04204399999999997,0.39138800000000007,0.3287010000000001,-0.022592,0.41225900000000004,0.31378900000000004,-0.06419699999999995,0.43758300000000006,0.33369600000000005,-0.038248000000000004,0.4341910000000001,0.320027,-0.047007999999999994,0.4111490000000001
72,0.71,0.2986910000000001,-0.0006799999999999584,0.4023110000000001,0.33304700000000004,0.03732500000000005,0.46449700000000005,0.36620100000000005,-0.05139499999999997,0.40710000000000013,0.29761300000000007,-0.08105999999999997,0.3751110000000001,0.227435,-0.04193399999999997,0.391401,0.3279969999999999,-0.022065,0.411107,0.3133139999999999,-0.06354799999999994,0.436762,0.33299699999999993,-0.03744699999999995,0.4332300000000001,0.31956,-0.04657199999999995,0.41019300000000003
73,0.72,0.29860500000000006,-0.0007500000000000284,0.4022760000000001,0.33303900000000003,0.03716200000000003,0.464464,0.36613,-0.051481,0.407011,0.2974640000000001,-0.08103599999999994,0.37494400000000006,0.22731399999999996,-0.04202899999999998,0.39135700000000007,0.3275320000000001,-0.021775999999999962,0.41018100000000013,0.312961,-0.06315599999999993,0.43606500000000004,0.332533,-0.03698699999999999,0.4324220000000001,0.31921400000000005,-0.04632799999999998,0.4094030000000001
74,0.73,0.29859600000000003,-0.0007889999999999842,0.402165,0.33305200000000007,0.03706100000000001,0.46436600000000006,0.366087,-0.05155999999999994,0.4068490000000001,0.29741200000000007,-0.08111600000000002,0.3748180000000001,0.22725599999999996,-0.04196,0.39124900000000007,0.32702099999999995,-0.02138399999999996,0.40911200000000003,0.3126029999999999,-0.062643,0.4352750000000001,0.332011,-0.03636999999999996,0.43150900000000014,0.31887800000000005,-0.045999999999999985,0.40850300000000017
75,0.74,0.298607,-0.0008150000000000102,0.40207100000000007,0.333076,0.03693200000000002,0.46431,0.36606600000000006,-0.05158799999999997,0.406683,0.297459,-0.08113399999999998,0.3746530000000001,0.22722000000000003,-0.04192699999999999,0.391103,0.3266029999999999,-0.02105399999999996,0.4083160000000001,0.31230300000000005,-0.06219699999999995,0.4347240000000001,0.331564,-0.03582999999999997,0.4308580000000001,0.318621,-0.04572499999999996,0.4078560000000001
76,0.75,0.298625,-0.0007969999999999922,0.40199000000000007,0.3331570000000001,0.03684700000000002,0.46438100000000004,0.36603499999999994,-0.05163799999999996,0.4065190000000001,0.29732600000000003,-0.08113599999999999,0.37445400000000006,0.2271760000000001,-0.04180699999999998,0.39086200000000004,0.326443,-0.020669999999999966,0.40771500000000016,0.312201,-0.06170899999999996,0.43431600000000015,0.3313350000000001,-0.03525699999999998,0.43039400000000005,0.31860799999999995,-0.045389999999999986,0.40737600000000007
77,0.76,0.298622,-0.0007999999999999674,0.4019710000000001,0.33326800000000006,0.03679500000000002,0.46439600000000003,0.36597799999999997,-0.05169099999999999,0.4063800000000001,0.29723700000000003,-0.08115099999999997,0.37438400000000005,0.22711300000000006,-0.041746000000000005,0.39085400000000015,0.326196,-0.02025899999999997,0.40711200000000003,0.3120270000000001,-0.06120599999999998,0.43389200000000006,0.33103,-0.034669000000000005,0.42991599999999996,0.31850800000000007,-0.045025999999999955,0.4068860000000001
78,0.77,0.29863100000000004,-0.0008099999999999774,0.40198600000000007,0.33336800000000005,0.03674700000000003,0.46449700000000005,0.36590700000000004,-0.05178299999999997,0.40631300000000004,0.297112,-0.081202,0.37437200000000004,0.22705400000000003,-0.041652999999999996,0.39080400000000004,0.32607899999999995,-0.01989000000000002,0.40661400000000014,0.311942,-0.060748000000000024,0.4335490000000001,0.3308400000000001,-0.03414099999999998,0.4295340000000001,0.318513,-0.04469699999999993,0.40648800000000007
79,0.78,0.298638,-0.0007909999999999862,0.401988,0.333485,0.03676099999999999,0.4644480000000001,0.36582699999999996,-0.05186499999999994,0.40627500000000005,0.29697199999999996,-0.08123199999999997,0.3744470000000001,0.226991,-0.04150199999999998,0.39090500000000006,0.325826,-0.019472999999999963,0.40619800000000006,0.31177400000000005,-0.060245999999999966,0.4333030000000001,0.33052200000000004,-0.03353999999999996,0.42924400000000007,0.31842700000000007,-0.04432999999999998,0.40618300000000007
80,0.79,0.2984790000000001,-0.0008759999999999879,0.4020960000000001,0.333617,0.03681400000000001,0.46447400000000016,0.36572699999999997,-0.05190299999999998,0.40622800000000003,0.296784,-0.081291,0.3745670000000001,0.226717,-0.041762999999999995,0.39120900000000003,0.32526000000000005,-0.019071000000000005,0.4055050000000001,0.311351,-0.05976500000000001,0.43280300000000005,0.3299539999999999,-0.032972999999999975,0.42865200000000014,0.31800900000000004,-0.04397099999999998,0.4056120000000001
81,0.8,0.29856600000000005,-0.0007829999999999782,0.4020920000000001,0.333736,0.03690500000000002,0.4643860000000001,0.365643,-0.051993999999999985,0.40620500000000015,0.29663900000000004,-0.08132,0.37467400000000006,0.226837,-0.04139399999999993,0.3913850000000001,0.32515200000000005,-0.018595999999999946,0.4055540000000001,0.31129999999999997,-0.05928699999999998,0.432886,0.32978900000000005,-0.03241099999999997,0.42876400000000003,0.318027,-0.043532000000000015,0.4056890000000001
82,0.81,0.29850400000000005,-0.0007709999999999662,0.40209400000000006,0.33382799999999996,0.03694500000000006,0.464361,0.365551,-0.051993999999999985,0.4061490000000001,0.29646199999999995,-0.08134599999999997,0.3747480000000001,0.22670099999999999,-0.04136400000000001,0.39144500000000004,0.32418600000000003,-0.017842999999999998,0.4049170000000001,0.3105940000000001,-0.058530999999999944,0.4323830000000001,0.328891,-0.03153599999999995,0.42818600000000007,0.31724500000000005,-0.04283099999999995,0.40513600000000005
83,0.82,0.29849300000000006,-0.0007360000000000144,0.4020490000000001,0.333869,0.036966,0.464271,0.36548600000000003,-0.05204199999999998,0.4060750000000001,0.296356,-0.081351,0.37473100000000004,0.22664999999999996,-0.04120999999999997,0.39149100000000003,0.324039,-0.018291,0.4040420000000001,0.3104930000000001,-0.058848999999999985,0.43172200000000005,0.32875099999999996,-0.03184799999999999,0.4273880000000001,0.31713600000000003,-0.04328799999999994,0.40439400000000003
84,0.83,0.2984510000000001,-0.0007039999999999824,0.4020610000000001,0.3338830000000001,0.03692000000000001,0.464372,0.36540200000000006,-0.05201800000000001,0.4059790000000001,0.296286,-0.08131199999999994,0.37467300000000003,0.22657299999999997,-0.041148999999999936,0.39141100000000006,0.323398,-0.01820499999999997,0.40322400000000014,0.310038,-0.058672999999999975,0.4311250000000001,0.328169,-0.031611,0.4266460000000001,0.3166130000000001,-0.04323199999999999,0.403713
85,0.84,0.298429,-0.0007070000000000132,0.40202300000000013,0.3338590000000001,0.036856000000000055,0.46446300000000007,0.365354,-0.052003999999999995,0.4058820000000001,0.29623400000000005,-0.08124199999999998,0.3745050000000001,0.22662699999999997,-0.04122199999999998,0.3912110000000001,0.322896,-0.01843699999999998,0.40214700000000003,0.3096860000000001,-0.058772999999999964,0.43030900000000005,0.3277140000000001,-0.031671000000000005,0.42565700000000006,0.316208,-0.043486000000000025,0.4027980000000001
86,0.85,0.29845700000000003,-0.0006079999999999419,0.40197800000000006,0.3338210000000001,0.03684799999999999,0.4645680000000001,0.365331,-0.05196200000000001,0.405829,0.29624500000000004,-0.081152,0.3743780000000001,0.22661500000000007,-0.041017000000000026,0.3909610000000001,0.32248800000000005,-0.018371999999999944,0.401525,0.30942200000000003,-0.05861899999999998,0.4298830000000001,0.327328,-0.031455999999999984,0.4251140000000001,0.315918,-0.04344899999999996,0.4023
87,0.86,0.29843100000000006,-0.0005779999999999674,0.4019290000000001,0.33375400000000005,0.036831,0.4646190000000001,0.36529700000000004,-0.05190899999999998,0.40581,0.29621100000000006,-0.08110400000000001,0.37429100000000004,0.22660400000000008,-0.04100300000000001,0.39074700000000007,0.32214099999999996,-0.018257999999999996,0.4008800000000001,0.30922299999999997,-0.05840599999999996,0.42944400000000005,0.326984,-0.031167999999999974,0.42456400000000005,0.31571600000000005,-0.04336800000000002,0.40178900000000006
88,0.87,0.29840400000000006,-0.0005089999999999817,0.40190900000000007,0.33370000000000005,0.036878999999999995,0.4645950000000001,0.365277,-0.05184599999999995,0.4057750000000001,0.2962050000000001,-0.081046,0.37423800000000007,0.226582,-0.040901999999999994,0.39074600000000004,0.32174300000000006,-0.018133999999999983,0.4001880000000001,0.30896799999999996,-0.05819799999999997,0.42893400000000004,0.326598,-0.030893999999999977,0.4239510000000001,0.315447,-0.04327199999999998,0.40121400000000007
89,0.88,0.2983870000000001,-0.0004529999999999812,0.4018900000000001,0.33368499999999995,0.03691,0.464603,0.36525,-0.05179299999999998,0.40576100000000004,0.296151,-0.08100299999999999,0.3742350000000001,0.22655200000000003,-0.04082000000000002,0.3906780000000001,0.32141899999999995,-0.017981999999999998,0.39950300000000016,0.308783,-0.05796000000000001,0.42842900000000006,0.32627599999999995,-0.030586999999999975,0.42334800000000006,0.3152580000000001,-0.04314899999999994,0.4006480000000001
90,0.89,0.298324,-0.00041199999999996795,0.40192300000000003,0.333691,0.03693400000000002,0.464546,0.36516999999999994,-0.05177799999999999,0.40573400000000015,0.29603399999999996,-0.08098899999999998,0.37425600000000003,0.226478,-0.040713,0.39086900000000013,0.32127500000000003,-0.017739999999999978,0.3991370000000001,0.3087290000000001,-0.05767100000000003,0.42816600000000005,0.32611699999999993,-0.03023899999999996,0.423041,0.31522199999999995,-0.042928999999999995,0.40035200000000004
91,0.9,0.298232,-0.0004349999999999632,0.40195900000000007,0.333683,0.036966,0.46452700000000013,0.36507799999999996,-0.05184599999999995,0.40573800000000004,0.29591700000000004,-0.08100899999999994,0.37431000000000003,0.22632800000000003,-0.04073999999999994,0.3910150000000001,0.32136800000000004,-0.017625000000000002,0.39876200000000006,0.30887000000000003,-0.05747099999999994,0.42793000000000003,0.3261509999999999,-0.02997999999999995,0.422752,0.31542999999999993,-0.042835999999999985,0.40007400000000004
92,0.91,0.298112,-0.00046200000000001795,0.40201600000000004,0.33365400000000006,0.03695100000000001,0.46449700000000005,0.36493100000000006,-0.05190299999999998,0.4057590000000001,0.2957039999999999,-0.08102799999999999,0.37438300000000013,0.22621699999999995,-0.04075399999999996,0.3912120000000001,0.32118300000000005,-0.017308999999999963,0.39821300000000004,0.30878900000000004,-0.05710999999999994,0.42748600000000003,0.325968,-0.02956599999999998,0.4222530000000001,0.31534500000000004,-0.04253999999999997,0.39959600000000006
93,0.92,0.298023,-0.00045799999999995844,0.4020420000000001,0.333651,0.036918000000000006,0.4645190000000001,0.36476000000000003,-0.05199999999999999,0.4057870000000001,0.295472,-0.081063,0.37443100000000007,0.22603499999999993,-0.04061399999999998,0.39125600000000005,0.32133700000000004,-0.017364999999999964,0.397671,0.30897100000000005,-0.057055999999999996,0.42710500000000007,0.326066,-0.029474,0.4217980000000001,0.315591,-0.04261100000000001,0.399165
94,0.93,0.297938,-0.0005009999999999737,0.4020640000000001,0.33364,0.03689800000000004,0.46451300000000006,0.36462599999999995,-0.05211100000000002,0.40581100000000014,0.29528099999999996,-0.08109599999999995,0.37446500000000016,0.22593499999999994,-0.040632999999999975,0.3913350000000001,0.32145799999999997,-0.017374,0.39706200000000014,0.30912900000000004,-0.056952,0.42666400000000004,0.326135,-0.029330999999999996,0.42127400000000004,0.31580800000000003,-0.04263499999999998,0.39867200000000014
95,0.94,0.2978920000000001,-0.0005239999999999689,0.40214400000000006,0.333598,0.036799000000000026,0.46464800000000006,0.3644589999999999,-0.052258999999999944,0.4059020000000001,0.29517600000000005,-0.08109499999999997,0.37451200000000007,0.22583100000000006,-0.040534000000000014,0.391339,0.321578,-0.017217999999999956,0.3966780000000001,0.30930799999999997,-0.05669000000000002,0.42644400000000005,0.32617499999999994,-0.02899699999999994,0.42099200000000003,0.31607500000000005,-0.04250300000000001,0.39840700000000007
96,0.95,0.29787800000000003,-0.0004429999999999712,0.40196600000000005,0.33369600000000005,0.036775999999999975,0.4644440000000001,0.36458700000000005,-0.05206099999999997,0.4054040000000001,0.2952200000000001,-0.08094199999999996,0.3741820000000001,0.22582799999999997,-0.04055399999999998,0.3912610000000001,0.32190900000000006,-0.017276999999999987,0.396315,0.30961599999999995,-0.05666199999999999,0.426188,0.32641800000000004,-0.028934999999999933,0.4207050000000001,0.316483,-0.04257299999999997,0.3981260000000001
97,0.96,0.2979070000000001,-0.00034400000000001096,0.40179700000000007,0.33375000000000005,0.03677900000000006,0.46436500000000014,0.364605,-0.05195499999999997,0.405069,0.295263,-0.08083099999999999,0.373892,0.22585500000000008,-0.04042499999999999,0.3910270000000001,0.321908,-0.017033999999999994,0.3960030000000001,0.3097039999999999,-0.056308000000000025,0.42605800000000005,0.326316,-0.028478999999999977,0.420512,0.31668100000000005,-0.04236099999999998,0.3979520000000001
98,0.97,0.297981,-0.00024299999999999322,0.40160000000000007,0.333848,0.036724000000000034,0.464195,0.36469500000000005,-0.051804999999999934,0.4047440000000001,0.29534900000000003,-0.08062699999999995,0.3735140000000001,0.225972,-0.040364999999999984,0.3907870000000001,0.3220410000000001,-0.017235999999999974,0.395452,0.30982100000000007,-0.05642499999999995,0.425612,0.3264160000000001,-0.028597999999999957,0.4200050000000001,0.31683500000000003,-0.04256300000000002,0.3974730000000001
99,0.98,0.298066,-0.00010799999999994148,0.40144100000000016,0.3339260000000001,0.03681400000000001,0.4640670000000001,0.364793,-0.05170899999999995,0.40453300000000014,0.29540400000000006,-0.08054299999999998,0.3733160000000001,0.226003,-0.04012399999999999,0.3906250000000001,0.321899,-0.016981999999999997,0.395313,0.309783,-0.05606800000000001,0.4256460000000001,0.32617899999999994,-0.028135999999999994,0.41997700000000004,0.316896,-0.04233799999999999,0.39746800000000004
100,0.99,0.29800699999999997,-5.8000000000002494e-05,0.40099300000000004,0.333687,0.03692400000000001,0.4631520000000001,0.364843,-0.051602999999999954,0.40437100000000004,0.295444,-0.08045200000000002,0.37319,0.226068,-0.04008799999999996,0.39059900000000014,0.3216609999999999,-0.016865999999999992,0.3950610000000001,0.30961,-0.055922999999999945,0.4254570000000001,0.325957,-0.027971999999999997,0.4197440000000001,0.31670399999999993,-0.04222799999999999,0.3972580000000001
101,1.0,0.29801099999999997,4.6000000000046004e-05,0.40095900000000007,0.33368499999999995,0.037076,0.463113,0.36491099999999993,-0.05149100000000001,0.4042500000000001,0.2954790000000001,-0.080368,0.3731380000000001,0.226095,-0.04000300000000001,0.39063400000000004,0.32121000000000005,-0.016815000000000024,0.39475800000000016,0.309305,-0.05576399999999998,0.42535100000000003,0.325479,-0.02773399999999998,0.41953000000000007,0.31642300000000007,-0.04219699999999993,0.3970950000000001
102,1.01,0.298039,0.00017400000000000748,0.40069600000000005,0.33370700000000003,0.03717400000000004,0.4625680000000001,0.364952,-0.05132599999999998,0.4041110000000001,0.295453,-0.08023599999999997,0.373097,0.22615499999999994,-0.039827999999999975,0.39061400000000013,0.32073100000000004,-0.016770000000000007,0.394517,0.3089370000000001,-0.055694999999999995,0.42518200000000006,0.32505600000000007,-0.027646999999999977,0.41929700000000014,0.315989,-0.04215599999999997,0.39689700000000006
103,1.02,0.29805700000000007,0.00030000000000002247,0.40074900000000013,0.33384600000000003,0.03743800000000003,0.46268600000000015,0.36498100000000006,-0.051171999999999995,0.4040370000000001,0.29546500000000003,-0.08016400000000001,0.373127,0.22617499999999996,-0.039796,0.3907050000000001,0.32014800000000004,-0.01680100000000001,0.39417900000000006,0.30850800000000006,-0.05564399999999997,0.425006,0.324498,-0.027544999999999986,0.41901200000000005,0.3155259999999999,-0.042198999999999987,0.3966670000000001
104,1.03,0.29805299999999996,0.00042800000000003946,0.40073800000000004,0.33390899999999996,0.03755700000000001,0.46260500000000004,0.364983,-0.05104599999999998,0.40398500000000004,0.295437,-0.080013,0.3731310000000001,0.22614800000000007,-0.03967499999999996,0.39078500000000005,0.319591,-0.016851000000000005,0.39392800000000006,0.30806799999999995,-0.05565199999999998,0.42485300000000004,0.32399000000000006,-0.027530999999999972,0.41878100000000007,0.315027,-0.042252999999999985,0.3964770000000001
105,1.04,0.29804899999999995,0.0005610000000000337,0.40076200000000006,0.333946,0.037742,0.4626720000000001,0.36497699999999994,-0.050929999999999975,0.40396300000000007,0.295422,-0.079897,0.373155,0.226122,-0.03956100000000001,0.3908010000000002,0.31884000000000007,-0.016774999999999984,0.39378100000000005,0.30748900000000007,-0.055532999999999944,0.42482300000000006,0.32327599999999995,-0.02735299999999996,0.41867,0.31439999999999996,-0.04219099999999998,0.3964090000000001
106,1.05,0.29807100000000003,0.0007020000000000359,0.40078900000000006,0.33405499999999994,0.03788400000000003,0.46273300000000006,0.364933,-0.05080800000000002,0.403938,0.295367,-0.07979799999999998,0.373236,0.226107,-0.039379,0.39080000000000004,0.31812199999999996,-0.01690999999999998,0.3936360000000001,0.30692100000000005,-0.055601999999999985,0.424814,0.32257600000000003,-0.02736999999999995,0.4185730000000001,0.313804,-0.04233799999999999,0.396358
107,1.06,0.29806799999999994,0.0008340000000000014,0.4008600000000001,0.33413,0.038055000000000005,0.46283700000000005,0.364894,-0.050707999999999975,0.403925,0.2953200000000001,-0.07967099999999999,0.37328800000000006,0.22610199999999997,-0.03926000000000002,0.390891,0.31724100000000005,-0.016925999999999997,0.3934500000000001,0.30622600000000005,-0.05556500000000003,0.42476100000000006,0.321717,-0.027260000000000006,0.418435,0.3130760000000001,-0.04236899999999999,0.39626400000000006
108,1.07,0.298082,0.0009600000000000164,0.40090900000000007,0.33425599999999994,0.03820600000000002,0.462843,0.364868,-0.050595999999999974,0.4039440000000001,0.295266,-0.07957199999999998,0.37340700000000016,0.226061,-0.039114999999999955,0.39100800000000013,0.31622,-0.01696700000000001,0.39326400000000006,0.305424,-0.05555699999999997,0.42471100000000006,0.32072400000000006,-0.02716799999999997,0.41829800000000006,0.312231,-0.04242800000000002,0.3961730000000001
109,1.08,0.29809199999999997,0.0010549999999999726,0.40093,0.334324,0.038383000000000056,0.46286700000000003,0.3648740000000001,-0.050495999999999985,0.40397800000000006,0.2952620000000001,-0.07951899999999995,0.37351900000000005,0.22602400000000006,-0.039041999999999966,0.391035,0.3153160000000001,-0.016784999999999994,0.3934000000000001,0.3047380000000001,-0.05528999999999995,0.425026,0.31973900000000005,-0.026756999999999975,0.41854100000000005,0.31161900000000003,-0.04227299999999995,0.396454
110,1.09,0.298174,0.0012410000000000476,0.40095800000000004,0.334432,0.03856800000000005,0.46291000000000004,0.3649210000000001,-0.050371,0.40402000000000005,0.295259,-0.079376,0.37355000000000005,0.22606200000000004,-0.03877199999999997,0.3910640000000001,0.314263,-0.017166999999999988,0.39288500000000004,0.30388599999999993,-0.055591999999999975,0.4246730000000001,0.318741,-0.027012000000000036,0.41806600000000016,0.3106950000000001,-0.042659999999999976,0.396046
111,1.1,0.29822600000000005,0.0013420000000000099,0.4009870000000001,0.33451400000000003,0.038732000000000044,0.46297200000000005,0.36496100000000004,-0.05021700000000001,0.404054,0.29534,-0.079285,0.373645,0.22613100000000003,-0.038754999999999984,0.3910420000000001,0.31339599999999995,-0.017301999999999984,0.3927020000000001,0.30320600000000003,-0.05559700000000001,0.42470700000000006,0.3177910000000001,-0.026902999999999955,0.4179910000000001,0.310088,-0.04280800000000001,0.3960330000000001
112,1.11,0.2982970000000001,0.001477000000000006,0.4010490000000001,0.334582,0.038893999999999984,0.4630240000000001,0.36503599999999997,-0.05008299999999999,0.40411300000000006,0.29546900000000004,-0.07915799999999995,0.37366600000000005,0.22619000000000006,-0.03862899999999997,0.391147,0.31261599999999995,-0.017900999999999945,0.39212000000000014,0.30255800000000005,-0.056055999999999995,0.42433300000000007,0.31700100000000003,-0.02732399999999996,0.417478,0.309441,-0.04340499999999997,0.395598
113,1.12,0.2983590000000001,0.0015870000000000606,0.4010830000000001,0.33464200000000005,0.03899600000000003,0.46311400000000014,0.365111,-0.04992299999999994,0.40413699999999997,0.29555400000000004,-0.079034,0.37363500000000005,0.22628200000000004,-0.038580999999999976,0.39111000000000007,0.311953,-0.018378000000000005,0.39186500000000013,0.3019990000000001,-0.05640200000000001,0.4242650000000001,0.31627599999999995,-0.02761199999999997,0.4173030000000001,0.308939,-0.043881,0.3954860000000001
114,1.13,0.29835000000000006,0.0016960000000000308,0.4007900000000001,0.334355,0.03913500000000003,0.46249300000000004,0.36519799999999997,-0.04978599999999994,0.404189,0.295656,-0.07893699999999998,0.373594,0.22637400000000002,-0.038403999999999994,0.3910680000000001,0.3109640000000001,-0.01879599999999998,0.39122100000000004,0.301193,-0.05668099999999998,0.42383800000000005,0.315278,-0.027832000000000023,0.4167310000000001,0.30812599999999996,-0.044296,0.39500000000000013
115,1.14,0.298355,0.0017910000000000426,0.40090400000000004,0.33423200000000003,0.039205000000000045,0.4626960000000001,0.3652910000000001,-0.049634999999999985,0.4042300000000001,0.2957530000000001,-0.07886699999999996,0.3736440000000001,0.22644800000000004,-0.03831800000000002,0.3910950000000001,0.31029600000000007,-0.01950699999999994,0.3907060000000001,0.300619,-0.05722299999999997,0.4235470000000001,0.31457399999999996,-0.028347999999999984,0.41629099999999997,0.30758100000000005,-0.04499599999999998,0.3946480000000001
116,1.15,0.2983970000000001,0.0019020000000000148,0.400776,0.334158,0.03930100000000003,0.46239300000000005,0.36537099999999995,-0.04953400000000002,0.40426000000000006,0.295847,-0.078683,0.373611,0.22654000000000002,-0.03820699999999999,0.391089,0.30940700000000004,-0.020141999999999993,0.3899560000000001,0.2998819999999999,-0.05767899999999998,0.42304600000000003,0.313684,-0.028774999999999995,0.4156120000000001,0.30683299999999997,-0.04561799999999999,0.39407400000000004
117,1.16,0.298437,0.0019939999999999958,0.400891,0.33425900000000003,0.03941500000000003,0.4625950000000001,0.365397,-0.04944099999999996,0.40428600000000003,0.295912,-0.078563,0.3736480000000001,0.22656300000000001,-0.038183999999999996,0.39114100000000007,0.3087229999999999,-0.021031999999999995,0.3892420000000001,0.2992970000000001,-0.05836599999999997,0.4225880000000001,0.31300599999999995,-0.029467999999999994,0.4149630000000001,0.3062329999999999,-0.046487,0.39353800000000005
118,1.17,0.29850099999999996,0.002059000000000033,0.400988,0.33435299999999996,0.03941600000000006,0.462766,0.365396,-0.049431999999999976,0.40436800000000006,0.29590999999999995,-0.07846900000000001,0.373688,0.22659800000000002,-0.038076,0.3911390000000001,0.30817100000000003,-0.021892999999999996,0.38863400000000015,0.2988150000000001,-0.059029,0.42222100000000007,0.31243899999999997,-0.030137999999999998,0.4144190000000001,0.30576,-0.04732599999999998,0.39310200000000006
119,1.18,0.298506,0.0020549999999999735,0.40098200000000006,0.3343200000000001,0.03945000000000004,0.4627070000000001,0.36537900000000006,-0.04949300000000001,0.40448400000000007,0.29587500000000005,-0.07846199999999998,0.37375,0.22661099999999995,-0.03805699999999995,0.391165,0.307611,-0.022897999999999974,0.38785000000000014,0.298332,-0.05982599999999999,0.421685,0.31189800000000006,-0.03096199999999999,0.4136890000000001,0.30524999999999997,-0.04830499999999999,0.39248700000000003
120,1.19,0.29848,0.0020479999999999943,0.40116300000000005,0.334342,0.03943200000000002,0.46299500000000005,0.36534000000000005,-0.04955999999999994,0.40458800000000006,0.295789,-0.07845799999999997,0.37383600000000006,0.22653800000000007,-0.03804999999999997,0.39126300000000014,0.3071620000000001,-0.023695999999999995,0.387506,0.29792899999999994,-0.06043699999999996,0.42155600000000015,0.311401,-0.03156999999999999,0.413411,0.3048920000000001,-0.049080999999999986,0.3923040000000001
121,1.2,0.298487,0.0020050000000000345,0.401223,0.33442299999999997,0.03939900000000002,0.46302600000000005,0.365273,-0.04964899999999994,0.4046740000000001,0.295719,-0.07852099999999995,0.3740040000000001,0.22648800000000008,-0.03803999999999996,0.39134100000000005,0.3069990000000001,-0.024845000000000006,0.386877,0.29777499999999996,-0.06136999999999998,0.42116300000000007,0.31119100000000005,-0.03252499999999997,0.41284900000000013,0.304784,-0.050202000000000024,0.39185000000000014
122,1.21,0.29848800000000003,0.0019830000000000125,0.4013570000000001,0.33454999999999996,0.039378000000000024,0.463233,0.3652,-0.04975199999999996,0.4047600000000001,0.2955560000000001,-0.07859099999999997,0.37412600000000007,0.22640300000000008,-0.03798099999999999,0.39143000000000006,0.306884,-0.025638999999999967,0.38656200000000007,0.29768600000000006,-0.061953999999999954,0.4210760000000001,0.31097,-0.03309000000000001,0.412617,0.304799,-0.05096999999999996,0.391718
123,1.22,0.29845799999999995,0.0018739999999999868,0.401482,0.33466900000000005,0.039258000000000015,0.4633560000000001,0.365107,-0.049902999999999975,0.40481999999999996,0.29541900000000004,-0.07867399999999997,0.37424500000000005,0.22632000000000002,-0.038088999999999984,0.39158100000000007,0.30727200000000005,-0.026957999999999982,0.3860100000000001,0.298005,-0.06306600000000001,0.4207240000000001,0.311274,-0.03423599999999999,0.412127,0.305208,-0.052258999999999944,0.39132200000000006
124,1.23,0.298441,0.0018150000000000666,0.4015480000000001,0.3347200000000001,0.03911600000000004,0.463473,0.36500000000000005,-0.050065000000000026,0.4048750000000001,0.29526099999999994,-0.07874999999999999,0.37431400000000004,0.2262,-0.03800199999999998,0.3915750000000001,0.30725699999999995,-0.027366,0.38611400000000007,0.29797500000000005,-0.06336699999999995,0.42093400000000003,0.311135,-0.034501000000000004,0.412289,0.30530300000000005,-0.05265399999999998,0.3915290000000001
125,1.24,0.298383,0.001697000000000004,0.40166100000000005,0.33472799999999997,0.03890100000000002,0.4636520000000002,0.36486500000000005,-0.05026999999999998,0.40492300000000003,0.29511400000000004,-0.07884099999999994,0.3743320000000001,0.226072,-0.03803000000000001,0.39162300000000017,0.30778599999999995,-0.028395000000000004,0.3857020000000001,0.298405,-0.06419999999999998,0.4206970000000001,0.311563,-0.035368999999999984,0.41193500000000005,0.305842,-0.05365199999999998,0.39125900000000013
126,1.25,0.298321,0.0015760000000000218,0.40173900000000007,0.334744,0.038656000000000024,0.4638310000000001,0.364732,-0.05044199999999999,0.40491200000000016,0.294978,-0.07891699999999996,0.37427200000000005,0.225949,-0.03809999999999997,0.39158500000000007,0.30810699999999996,-0.028854999999999964,0.3857530000000001,0.298641,-0.064527,0.42086100000000004,0.31177099999999996,-0.03570200000000001,0.41203500000000004,0.306198,-0.05409199999999997,0.39141400000000004
127,1.26,0.29829600000000006,0.0014410000000000256,0.40183800000000003,0.334745,0.03839500000000001,0.4640270000000001,0.36462500000000003,-0.05065599999999998,0.40495000000000014,0.294865,-0.07901399999999997,0.37425300000000017,0.225891,-0.03814200000000001,0.3915670000000001,0.30866600000000005,-0.029561999999999977,0.385699,0.299066,-0.06509599999999993,0.4209090000000001,0.3122430000000001,-0.036312999999999984,0.4120180000000001,0.306723,-0.054775999999999936,0.3914470000000001
128,1.27,0.2982430000000001,0.0012730000000000241,0.401919,0.334749,0.03814899999999999,0.46424500000000013,0.364509,-0.05082199999999998,0.40495000000000014,0.294731,-0.07923999999999998,0.3742350000000001,0.22580899999999998,-0.03823599999999999,0.39151400000000014,0.30917999999999995,-0.03007299999999996,0.385737,0.29946,-0.065496,0.42102700000000015,0.312683,-0.036748999999999976,0.41208500000000015,0.30720200000000003,-0.05526899999999996,0.391555
129,1.28,0.2982580000000001,0.0011060000000000514,0.40200100000000005,0.334818,0.03791800000000001,0.46438900000000005,0.3644690000000001,-0.051049999999999984,0.40499300000000005,0.29463500000000004,-0.07940900000000001,0.374262,0.225783,-0.03832599999999997,0.39153300000000013,0.30949599999999994,-0.030424000000000007,0.38584700000000005,0.2997039999999999,-0.06576599999999999,0.421199,0.31295,-0.03704299999999994,0.41221600000000014,0.30750000000000005,-0.05560699999999996,0.3917170000000001
130,1.29,0.298182,0.0008970000000000367,0.40202700000000013,0.33480800000000005,0.03768900000000003,0.46441200000000016,0.36435199999999995,-0.05127599999999999,0.4049910000000001,0.29448199999999997,-0.079677,0.374324,0.2256559999999999,-0.03845299999999996,0.391579,0.30976300000000007,-0.030945999999999974,0.38582800000000006,0.299912,-0.066189,0.421262,0.313189,-0.03750000000000003,0.41221700000000006,0.30774300000000004,-0.056111999999999995,0.39176200000000005
131,1.3,0.2981230000000001,0.0006590000000000207,0.4018830000000001,0.334732,0.037409000000000026,0.4639470000000001,0.3642830000000001,-0.051520999999999983,0.40504300000000004,0.294321,-0.07990299999999995,0.37439900000000004,0.22562199999999993,-0.038598999999999994,0.3917060000000001,0.309698,-0.031193999999999944,0.3858210000000001,0.29987,-0.06636399999999998,0.42133300000000007,0.31312100000000004,-0.03768300000000002,0.4122260000000001,0.30770100000000006,-0.056347999999999954,0.39181200000000005
132,1.31,0.2981000000000001,0.0004550000000000387,0.40201700000000007,0.33478,0.037188000000000054,0.46419600000000005,0.364192,-0.05177399999999993,0.4050910000000001,0.2942179999999999,-0.08020099999999997,0.374459,0.22553700000000004,-0.03869399999999995,0.39177800000000007,0.309641,-0.031388999999999945,0.38592000000000004,0.29983299999999996,-0.06650800000000001,0.421488,0.31306799999999996,-0.03783399999999998,0.41233600000000004,0.30765899999999996,-0.05653400000000003,0.39195100000000005
133,1.32,0.2980700000000001,0.00020200000000003548,0.40200900000000006,0.3347670000000001,0.03689800000000004,0.46404500000000004,0.36409299999999994,-0.05204399999999998,0.405127,0.29411400000000004,-0.08052999999999999,0.37465700000000013,0.22548299999999993,-0.03879699999999997,0.3918980000000001,0.309865,-0.032326999999999995,0.38549900000000015,0.30001000000000005,-0.067249,0.4212480000000002,0.313263,-0.03862899999999997,0.411953,0.3078680000000001,-0.05743899999999996,0.39166500000000004
134,1.33,0.29808399999999996,4.799999999999249e-05,0.40202000000000004,0.33478800000000003,0.03675200000000001,0.464151,0.36405499999999996,-0.05221799999999999,0.40518200000000004,0.29409,-0.08077699999999999,0.37462400000000007,0.225447,-0.03887099999999999,0.39181900000000003,0.30978999999999995,-0.03273100000000001,0.38521800000000006,0.2999500000000001,-0.06751799999999997,0.421103,0.313169,-0.038916000000000006,0.4117020000000001,0.307826,-0.05781999999999998,0.39148800000000006
135,1.34,0.29805600000000004,-0.00015199999999998548,0.40209700000000004,0.334722,0.03638400000000003,0.464348,0.363987,-0.052453999999999945,0.4052030000000001,0.294005,-0.08090099999999995,0.37456600000000007,0.22543200000000002,-0.03901899999999997,0.39171200000000006,0.309857,-0.03295500000000001,0.385026,0.300004,-0.06758900000000001,0.42105500000000007,0.313169,-0.038995999999999975,0.41155200000000014,0.307946,-0.058016999999999985,0.391416
136,1.35,0.298031,-0.00036199999999997345,0.40209700000000004,0.334583,0.03605400000000003,0.46441200000000016,0.36389,-0.05275000000000002,0.405285,0.29398699999999994,-0.08110600000000001,0.37444200000000005,0.2253880000000001,-0.03908399999999995,0.39160300000000003,0.3098060000000001,-0.033364000000000005,0.38460400000000017,0.29995299999999997,-0.06782199999999994,0.42080000000000006,0.31306799999999996,-0.03924899999999998,0.41117000000000004,0.30794399999999994,-0.058394999999999975,0.39112900000000006
137,1.36,0.29798699999999995,-0.0005580000000000029,0.40218700000000007,0.33448400000000006,0.03568600000000005,0.464666,0.36380700000000005,-0.053003999999999996,0.405328,0.293923,-0.08123999999999998,0.37431900000000007,0.22532000000000002,-0.03920000000000001,0.391478,0.309837,-0.033642000000000005,0.38427600000000006,0.29996000000000006,-0.06792999999999993,0.4206270000000001,0.31302499999999994,-0.03937199999999996,0.41088500000000006,0.30802499999999994,-0.05864200000000003,0.39093100000000014
138,1.37,0.29791399999999996,-0.0007889999999999842,0.40232200000000007,0.33440300000000006,0.03531000000000001,0.4649580000000001,0.3636470000000001,-0.05333599999999994,0.4054230000000001,0.293777,-0.08139200000000002,0.3742780000000001,0.22521299999999994,-0.03935499999999997,0.39141000000000004,0.309734,-0.03413199999999994,0.3837480000000001,0.29986000000000007,-0.06820500000000002,0.42030200000000006,0.312853,-0.03966700000000001,0.4104070000000001,0.30799099999999996,-0.05909299999999995,0.39057
139,1.38,0.297876,-0.0009469999999999756,0.4023080000000001,0.33429899999999996,0.035053000000000056,0.4649310000000001,0.3635120000000001,-0.05360699999999996,0.40556500000000006,0.2936330000000001,-0.08156399999999997,0.374286,0.22512300000000002,-0.03932399999999997,0.3913420000000001,0.30967300000000003,-0.03442400000000001,0.383298,0.299803,-0.06831599999999999,0.4200210000000001,0.31273100000000004,-0.03979299999999997,0.4099980000000001,0.307992,-0.05934999999999996,0.3902610000000001
140,1.39,0.297777,-0.0011829999999999896,0.40242500000000003,0.334323,0.034744,0.46507,0.363372,-0.053929000000000005,0.40556500000000006,0.29342300000000004,-0.08171499999999998,0.3742540000000001,0.22498100000000004,-0.03954299999999994,0.391483,0.30971699999999996,-0.034726000000000035,0.3829680000000001,0.29982899999999996,-0.06838700000000003,0.4198980000000001,0.312644,-0.039864999999999984,0.409728,0.30814499999999995,-0.05960599999999999,0.39011799999999996
141,1.4,0.2977530000000001,-0.0012689999999999646,0.40221600000000013,0.33445299999999994,0.03451500000000002,0.46485600000000005,0.363311,-0.054037999999999975,0.405165,0.29324599999999995,-0.08176499999999998,0.37395100000000014,0.22491999999999995,-0.039558999999999955,0.3913160000000001,0.31005999999999995,-0.035327,0.3825520000000001,0.30008299999999993,-0.068795,0.41963300000000014,0.3129,-0.04031499999999999,0.4093500000000001,0.30849199999999993,-0.06016899999999997,0.389834
142,1.41,0.29775100000000004,-0.001371000000000011,0.40207400000000004,0.33454,0.03433200000000003,0.4647350000000001,0.36325599999999997,-0.054213999999999984,0.40486900000000015,0.293148,-0.081878,0.37373500000000004,0.224871,-0.039546000000000026,0.39121700000000004,0.310244,-0.03565299999999999,0.3822590000000001,0.30021000000000003,-0.06888,0.41954,0.3129349999999999,-0.04041,0.4091140000000001,0.308768,-0.06044399999999994,0.3897290000000001
143,1.42,0.29775500000000005,-0.0015009999999999746,0.4019290000000001,0.334625,0.03409099999999998,0.4645960000000001,0.36326300000000006,-0.054352999999999985,0.40464600000000006,0.2931040000000001,-0.08192899999999997,0.37345000000000017,0.224833,-0.039680999999999966,0.391065,0.3101319999999999,-0.03578999999999999,0.38190500000000005,0.30011000000000004,-0.06889799999999996,0.41929700000000014,0.312777,-0.04043399999999997,0.40878500000000006,0.3087100000000001,-0.060556,0.3894710000000001
144,1.43,0.2977809999999999,-0.0015199999999999658,0.40182000000000007,0.334672,0.03393499999999999,0.464588,0.363241,-0.054417999999999966,0.40439500000000006,0.29305200000000003,-0.081953,0.3732460000000001,0.22483000000000003,-0.039578999999999975,0.39085900000000007,0.31028800000000006,-0.03659899999999999,0.381213,0.300208,-0.06939299999999998,0.4188640000000001,0.312842,-0.040991,0.40814300000000014,0.30890200000000007,-0.06129899999999999,0.38899700000000004
145,1.44,0.29777800000000004,-0.0015560000000000018,0.40161800000000003,0.334683,0.03380600000000006,0.46441200000000016,0.36322099999999996,-0.05442999999999998,0.4041060000000001,0.29305700000000007,-0.08193899999999998,0.3729680000000001,0.224856,-0.03962399999999999,0.39061900000000005,0.31000599999999995,-0.03702099999999997,0.3805330000000001,0.29997500000000005,-0.069606,0.41837800000000014,0.31255800000000006,-0.041246000000000005,0.40749000000000013,0.3086630000000001,-0.06167600000000001,0.3884660000000001
146,1.45,0.2978,-0.001568999999999987,0.40147100000000013,0.3346900000000001,0.033660999999999996,0.464391,0.363234,-0.05448699999999995,0.403895,0.293043,-0.08190099999999995,0.37266200000000016,0.224833,-0.03957700000000003,0.3903110000000001,0.30995200000000006,-0.03753400000000001,0.37997800000000004,0.2999220000000001,-0.06987100000000002,0.41803500000000005,0.3124550000000001,-0.041557999999999984,0.4069710000000001,0.308656,-0.062134999999999996,0.3880850000000001
147,1.46,0.29783600000000005,-0.0015390000000000126,0.40132200000000007,0.33474199999999993,0.03362800000000005,0.464286,0.3632530000000001,-0.054493000000000014,0.40369200000000005,0.293055,-0.08185100000000001,0.37246500000000016,0.224829,-0.03950199999999998,0.390112,0.30985599999999996,-0.03828999999999999,0.379185,0.29983600000000005,-0.07036799999999999,0.41746300000000003,0.312374,-0.04213399999999995,0.40620200000000006,0.30855499999999997,-0.06283599999999995,0.38745700000000005
148,1.47,0.2977870000000001,-0.0015519999999999978,0.40124400000000016,0.334771,0.03362700000000002,0.4642050000000001,0.36326200000000003,-0.05444899999999997,0.403467,0.293062,-0.081818,0.3722240000000001,0.22481600000000007,-0.03962899999999997,0.3901220000000001,0.309904,-0.03872199999999998,0.37886300000000006,0.29985100000000003,-0.07056099999999998,0.41733200000000004,0.312343,-0.04236999999999996,0.405915,0.3086480000000001,-0.06321299999999996,0.38730300000000006
149,1.48,0.29784099999999997,-0.001464999999999994,0.40107100000000007,0.3348060000000001,0.03367600000000004,0.463997,0.36332100000000006,-0.05431399999999997,0.4032500000000001,0.2931190000000001,-0.08177299999999998,0.37211700000000003,0.22490400000000005,-0.03950500000000001,0.3899790000000001,0.308696,-0.03585299999999997,0.37922600000000006,0.298992,-0.06747600000000004,0.41796200000000006,0.310873,-0.03909999999999997,0.40635100000000013,0.30798600000000004,-0.06026300000000001,0.387958
150,1.49,0.29784099999999997,-0.0014049999999999896,0.4009260000000001,0.33481200000000005,0.03373400000000004,0.46382,0.363376,-0.05423499999999998,0.4030720000000001,0.29313800000000007,-0.08168699999999995,0.37189800000000006,0.224922,-0.03948199999999996,0.3898980000000001,0.30924599999999997,-0.037478999999999985,0.37847600000000003,0.299364,-0.06892999999999994,0.4173070000000001,0.311444,-0.04067599999999999,0.405606,0.3083630000000001,-0.06186199999999997,0.38727100000000003
151,1.5,0.2978490000000001,-0.0014009999999999856,0.400791,0.33483900000000005,0.03371700000000005,0.46366200000000013,0.36339400000000005,-0.054232999999999976,0.40287800000000007,0.2931470000000001,-0.08162399999999997,0.37169700000000006,0.224968,-0.03951899999999997,0.38980900000000007,0.30911400000000006,-0.03783399999999998,0.3777300000000001,0.29926400000000003,-0.06906099999999998,0.41675000000000006,0.311289,-0.04085299999999997,0.4048820000000001,0.308279,-0.062161999999999995,0.386679
152,1.51,0.297803,-0.0013689999999999536,0.400598,0.334853,0.03365800000000002,0.46352300000000013,0.363307,-0.05423699999999998,0.4025670000000001,0.293054,-0.08159699999999998,0.37141599999999997,0.22486900000000004,-0.03940699999999997,0.38958899999999996,0.3089199999999999,-0.037829999999999975,0.3774470000000001,0.29909500000000006,-0.06897799999999998,0.416536,0.31104899999999996,-0.040762999999999994,0.4046120000000001,0.30814900000000006,-0.06213399999999997,0.38646400000000003
153,1.52,0.29772100000000007,-0.0013529999999999376,0.40037200000000006,0.334872,0.03353800000000001,0.463338,0.363192,-0.05425799999999997,0.402189,0.2929,-0.08152799999999999,0.3710850000000001,0.22471199999999997,-0.039327999999999974,0.38932900000000004,0.3088300000000001,-0.03858399999999995,0.376761,0.29901400000000006,-0.06955800000000001,0.4159910000000001,0.310962,-0.04139399999999993,0.40393900000000005,0.3080650000000001,-0.06284799999999996,0.3858880000000001
154,1.53,0.2975900000000001,-0.0013679999999999803,0.4001220000000001,0.3349020000000001,0.03339500000000001,0.46304500000000004,0.363026,-0.054308999999999996,0.4017400000000001,0.2926520000000001,-0.08146299999999995,0.37064300000000006,0.22457100000000002,-0.03931399999999996,0.3892030000000001,0.30875500000000006,-0.03914999999999996,0.3762590000000001,0.29893700000000006,-0.07002399999999998,0.4155660000000001,0.31092100000000006,-0.041908999999999974,0.403439,0.30795600000000006,-0.06339399999999995,0.3854360000000001
155,1.54,0.29748500000000005,-0.0013440000000000119,0.3998410000000001,0.334941,0.03331300000000004,0.462738,0.36286100000000004,-0.054378999999999955,0.4013110000000001,0.29237300000000005,-0.08144000000000001,0.3703310000000001,0.22437500000000005,-0.03914699999999999,0.3890000000000001,0.3084660000000001,-0.03920899999999994,0.3759180000000001,0.29871200000000003,-0.069917,0.41537100000000005,0.310571,-0.04180299999999998,0.40312000000000003,0.30777899999999997,-0.06340499999999999,0.3852300000000001
156,1.55,0.297409,-0.0013979999999999548,0.39958000000000016,0.3350330000000001,0.03323799999999999,0.46238400000000013,0.362702,-0.05453099999999994,0.40093,0.292144,-0.08147699999999997,0.37010900000000013,0.22424800000000006,-0.03911999999999993,0.3889100000000001,0.3083010000000001,-0.04001099999999996,0.3751840000000001,0.2985560000000001,-0.07059499999999996,0.4147350000000001,0.31051999999999996,-0.04257099999999997,0.40238000000000007,0.3075170000000001,-0.06418599999999997,0.38454
157,1.56,0.297317,-0.0014059999999999628,0.3993340000000001,0.335127,0.03322999999999998,0.4620660000000001,0.3625890000000001,-0.05459599999999998,0.4005040000000001,0.291943,-0.08149399999999996,0.3698950000000001,0.22406700000000007,-0.03907399999999994,0.388834,0.307947,-0.03995099999999996,0.3749310000000001,0.29827,-0.07039599999999996,0.41460600000000003,0.310131,-0.04237599999999997,0.4021410000000001,0.3072540000000001,-0.06408599999999998,0.384397
158,1.57,0.297275,-0.0014099999999999668,0.399108,0.3352000000000001,0.03320700000000004,0.4617730000000001,0.36255299999999996,-0.054601999999999984,0.4001260000000001,0.2918239999999999,-0.08150099999999999,0.36973100000000003,0.22400099999999995,-0.03905799999999998,0.3887280000000001,0.307807,-0.04030699999999998,0.37451100000000004,0.29813000000000006,-0.07064799999999999,0.414266,0.3100760000000001,-0.04270200000000002,0.4017170000000001,0.3070359999999999,-0.06442499999999995,0.384016
159,1.58,0.297228,-0.0014139999999999708,0.39887800000000007,0.335273,0.03329100000000007,0.461453,0.36255,-0.05457099999999998,0.39981200000000006,0.29175999999999996,-0.081511,0.36955700000000014,0.22394799999999998,-0.03914699999999999,0.38865800000000006,0.3062770000000001,-0.03690199999999999,0.3751970000000001,0.29698299999999994,-0.06708200000000003,0.41516600000000004,0.308302,-0.038949999999999985,0.4024510000000001,0.306058,-0.060931999999999986,0.38495100000000004
160,1.59,0.2972540000000001,-0.0013659999999999783,0.398651,0.33529499999999995,0.033358,0.4611780000000001,0.36258299999999993,-0.054518999999999984,0.399579,0.291784,-0.08152500000000001,0.36936900000000006,0.22397299999999992,-0.039046000000000025,0.388517,0.306691,-0.038563000000000014,0.374421,0.297251,-0.068635,0.41443700000000006,0.308885,-0.04066099999999995,0.40165800000000007,0.306194,-0.06259499999999996,0.384161
161,1.6,0.2972240000000001,-0.0013699999999999823,0.39847500000000013,0.3353070000000001,0.033418,0.4609360000000001,0.36261099999999996,-0.05445099999999997,0.399315,0.291784,-0.08154899999999998,0.36921899999999996,0.22400400000000004,-0.03913299999999997,0.38846800000000004,0.306289,-0.038292999999999966,0.37414400000000003,0.29692499999999994,-0.06822600000000001,0.414281,0.30848400000000004,-0.040273,0.40139,0.30585599999999996,-0.06228599999999995,0.38398200000000005
162,1.61,0.297193,-0.0013499999999999623,0.39831400000000006,0.335313,0.033501,0.460766,0.36259500000000006,-0.05438700000000002,0.3990920000000001,0.29179399999999994,-0.08158900000000002,0.36908700000000005,0.2239790000000001,-0.03913899999999998,0.388371,0.30626400000000004,-0.038617999999999986,0.3739420000000001,0.29685,-0.06842599999999999,0.4141600000000001,0.30847600000000003,-0.04053699999999999,0.4011910000000001,0.305773,-0.062585,0.383838
163,1.62,0.29713800000000007,-0.0013420000000000099,0.39820200000000006,0.33535200000000004,0.033530000000000004,0.46067800000000003,0.3625460000000001,-0.05438700000000002,0.3988050000000001,0.29170199999999996,-0.081592,0.3688760000000001,0.22394000000000008,-0.03914699999999999,0.38834100000000005,0.30623800000000007,-0.03928799999999999,0.37351100000000004,0.296784,-0.06895200000000001,0.41382600000000014,0.308486,-0.04113899999999998,0.40076200000000006,0.30568,-0.06322499999999998,0.3834750000000001
164,1.63,0.297035,-0.001350999999999991,0.39804000000000006,0.33537199999999995,0.033577000000000023,0.4605380000000001,0.36242100000000005,-0.05444099999999996,0.3985050000000001,0.291506,-0.08163599999999999,0.368695,0.22381800000000002,-0.03914200000000001,0.388255,0.306171,-0.04008999999999996,0.3729570000000001,0.29668200000000006,-0.06957399999999997,0.413396,0.30846,-0.04185100000000003,0.40021000000000007,0.305544,-0.06398899999999996,0.3830080000000001
165,1.64,0.2968859999999999,-0.0014310000000000156,0.3978840000000001,0.33535699999999996,0.033433000000000046,0.4603950000000001,0.362223,-0.05460699999999996,0.39818300000000006,0.29123800000000005,-0.08165999999999995,0.3684820000000001,0.22361400000000003,-0.03917799999999999,0.3881340000000001,0.305853,-0.040080000000000005,0.3727520000000001,0.2963930000000001,-0.06942899999999996,0.413296,0.3081230000000001,-0.04173199999999999,0.40001300000000006,0.30526900000000007,-0.06394199999999994,0.38289400000000007
166,1.65,0.296749,-0.001530999999999949,0.39773000000000014,0.335393,0.03318600000000005,0.4602100000000001,0.36198800000000003,-0.054782,0.3979330000000001,0.290927,-0.08172499999999999,0.368262,0.22336699999999993,-0.03915400000000002,0.388026,0.30455800000000005,-0.03791899999999998,0.37302,0.29538499999999995,-0.067077,0.413767,0.306665,-0.039277000000000006,0.4003110000000001,0.30436900000000006,-0.06169399999999997,0.38337900000000014
167,1.66,0.296606,-0.0016149999999999776,0.397579,0.335448,0.03287699999999999,0.46005600000000013,0.36170399999999997,-0.05495800000000001,0.3976280000000001,0.2905560000000001,-0.08175300000000002,0.3679990000000001,0.223122,-0.03907199999999994,0.3878830000000001,0.30424999999999996,-0.03826499999999999,0.372714,0.295097,-0.06726299999999996,0.41358000000000017,0.30636900000000006,-0.03951500000000002,0.40000900000000006,0.30406700000000003,-0.06199899999999997,0.38316700000000015
168,1.67,0.296503,-0.0017349999999999866,0.3973540000000001,0.33537,0.03264000000000006,0.4597760000000001,0.361477,-0.05525899999999995,0.39745600000000014,0.290287,-0.08183399999999996,0.367819,0.22292499999999998,-0.03898399999999996,0.3876820000000001,0.3035940000000001,-0.03805699999999995,0.37240700000000015,0.29455800000000004,-0.06688099999999997,0.41342100000000004,0.30573199999999995,-0.03916499999999995,0.3997060000000001,0.303495,-0.06173999999999996,0.382977
169,1.68,0.29643899999999995,-0.0018019999999999703,0.39720600000000006,0.33541099999999996,0.032457000000000014,0.45965100000000003,0.3613450000000001,-0.05534799999999995,0.39722000000000013,0.2901230000000001,-0.08186199999999999,0.36759600000000003,0.22281600000000007,-0.03899799999999998,0.38750300000000015,0.30346500000000004,-0.039215,0.37184400000000006,0.294395,-0.06789,0.41295500000000007,0.30570100000000006,-0.04027799999999998,0.3991370000000001,0.303248,-0.06287300000000001,0.3824660000000001
170,1.69,0.29638099999999995,-0.0017979999999999663,0.397011,0.3353,0.03251800000000005,0.45942000000000005,0.36134000000000005,-0.05531799999999998,0.397088,0.29014500000000004,-0.081866,0.367406,0.22277300000000005,-0.039041999999999966,0.38735200000000003,0.30273,-0.038829999999999976,0.371733,0.29378599999999994,-0.067355,0.4129760000000001,0.304966,-0.03975599999999996,0.39903200000000016,0.302621,-0.06243899999999997,0.38246500000000005
171,1.7,0.29642799999999997,-0.001776999999999973,0.39685000000000015,0.33529499999999995,0.032606000000000024,0.45928100000000005,0.361443,-0.05522499999999997,0.3969990000000001,0.29026900000000005,-0.08185499999999996,0.367271,0.22285400000000005,-0.03911699999999996,0.3871380000000001,0.30253899999999995,-0.040914000000000006,0.370776,0.29356699999999997,-0.06931300000000001,0.4120990000000001,0.305007,-0.041872999999999994,0.3980530000000001,0.30219500000000005,-0.064521,0.38151
172,1.71,0.296565,-0.0017659999999999898,0.3969330000000001,0.33551499999999995,0.03243600000000002,0.459588,0.36157200000000006,-0.05505100000000002,0.39686900000000014,0.29046500000000003,-0.08180199999999999,0.36713400000000007,0.22297400000000006,-0.03919199999999995,0.38693,0.30187,-0.04109799999999997,0.37054200000000015,0.29299500000000006,-0.069388,0.41196100000000013,0.30440700000000004,-0.04198600000000002,0.39781500000000003,0.301548,-0.06467600000000001,0.38133800000000007
173,1.72,0.2966180000000001,-0.0017289999999999806,0.39682300000000004,0.33547299999999997,0.032526,0.45950400000000013,0.361693,-0.054934999999999956,0.396776,0.290645,-0.08178400000000002,0.367031,0.22309600000000002,-0.03923599999999999,0.38678500000000005,0.30004000000000003,-0.03830800000000001,0.3711240000000001,0.2915410000000001,-0.06643899999999997,0.41273000000000004,0.302405,-0.03889999999999999,0.398421,0.30019500000000005,-0.06179299999999993,0.38212500000000005
174,1.73,0.2966079999999999,-0.0017530000000000046,0.39661500000000005,0.335362,0.032358,0.4592050000000001,0.361708,-0.054852999999999985,0.39665000000000006,0.290696,-0.081762,0.3668270000000001,0.2231570000000001,-0.03926200000000002,0.38656100000000015,0.29922200000000004,-0.039022,0.37046200000000007,0.29083299999999995,-0.067029,0.41217400000000004,0.301741,-0.039569999999999994,0.39774600000000004,0.299333,-0.06248499999999996,0.38151100000000004
175,1.74,0.296598,-0.001788999999999985,0.39642,0.33524000000000004,0.032330000000000025,0.45905700000000005,0.361659,-0.05505899999999997,0.3966200000000001,0.29063999999999995,-0.08174899999999996,0.36664300000000005,0.2230990000000001,-0.03920699999999999,0.3862700000000001,0.29813000000000006,-0.03865200000000002,0.3701280000000001,0.28991700000000004,-0.06650599999999995,0.41197700000000004,0.30070899999999995,-0.03907499999999997,0.3974090000000001,0.29833799999999994,-0.06206699999999998,0.3812770000000001
176,1.75,0.29648900000000006,-0.001827000000000023,0.3961580000000001,0.33508699999999997,0.032131999999999994,0.4588120000000001,0.3614840000000001,-0.05514899999999995,0.39640700000000006,0.29047000000000006,-0.081756,0.36630000000000007,0.22296600000000005,-0.039114999999999955,0.38593200000000005,0.29727999999999993,-0.03887299999999999,0.36968500000000004,0.28916800000000004,-0.06656199999999995,0.41166400000000003,0.299942,-0.03919599999999995,0.39695900000000006,0.297499,-0.06224699999999994,0.38092100000000007
177,1.76,0.29632600000000003,-0.0018519999999999648,0.3959170000000001,0.33488500000000004,0.03208000000000005,0.4585800000000001,0.36125,-0.055273999999999934,0.3961300000000001,0.2902329999999999,-0.081789,0.3660580000000001,0.222848,-0.03902899999999998,0.385714,0.29656299999999997,-0.03904499999999994,0.36936100000000005,0.288511,-0.06656899999999999,0.411459,0.29927700000000007,-0.03926799999999997,0.39663100000000007,0.29678599999999994,-0.06237599999999999,0.380684
178,1.77,0.296158,-0.001902999999999988,0.395694,0.33473400000000003,0.03189900000000001,0.45845900000000006,0.361021,-0.055435999999999985,0.3959070000000001,0.28999099999999994,-0.08180499999999996,0.36567800000000006,0.222559,-0.03894599999999998,0.38536800000000004,0.2957910000000001,-0.039631999999999945,0.3687220000000001,0.28782,-0.06693300000000002,0.41098100000000004,0.29858900000000005,-0.039724999999999955,0.3959840000000001,0.29600699999999996,-0.06290699999999999,0.38016000000000005
179,1.78,0.2959840000000001,-0.0019910000000000205,0.39547900000000014,0.334485,0.03180900000000003,0.45823800000000003,0.36086599999999996,-0.05553999999999998,0.395699,0.289858,-0.08190099999999995,0.3654600000000001,0.2224160000000001,-0.039005999999999985,0.38516700000000015,0.29509199999999997,-0.04057199999999994,0.36803300000000005,0.28716,-0.067695,0.41041300000000014,0.29800199999999993,-0.04058999999999996,0.3952840000000001,0.29524100000000003,-0.063811,0.3795470000000001
180,1.79,0.295869,-0.0020519999999999983,0.395324,0.334351,0.03175500000000003,0.45812300000000017,0.36073400000000005,-0.055589,0.395536,0.289792,-0.08198100000000003,0.365267,0.222304,-0.039065000000000016,0.3849800000000001,0.29438499999999995,-0.04113499999999998,0.367487,0.28650099999999995,-0.06804499999999997,0.41001200000000004,0.29734,-0.041022999999999976,0.394733,0.294533,-0.06431799999999999,0.37911400000000006
181,1.8,0.295834,-0.0020850000000000035,0.39519800000000005,0.334224,0.031694,0.458029,0.360728,-0.05557000000000001,0.3954190000000001,0.2898150000000001,-0.08204299999999998,0.3651280000000001,0.222323,-0.03909099999999999,0.38480000000000003,0.29370199999999996,-0.041891999999999985,0.366881,0.28585199999999994,-0.06857599999999997,0.4095540000000001,0.29670899999999995,-0.041648999999999936,0.39412,0.29383200000000004,-0.06501599999999996,0.378622
182,1.81,0.2957830000000001,-0.0020589999999999775,0.3949170000000001,0.3339450000000001,0.031811000000000034,0.45765,0.36076900000000006,-0.05553999999999998,0.39534500000000006,0.289865,-0.08202099999999996,0.3649530000000001,0.222389,-0.03909699999999999,0.38457700000000006,0.29316800000000004,-0.04231299999999999,0.3665630000000001,0.28530799999999995,-0.06882099999999997,0.40934400000000004,0.29619100000000004,-0.04196799999999995,0.393799,0.293275,-0.06539099999999998,0.3783940000000001
183,1.82,0.29577000000000003,-0.0020779999999999688,0.3947750000000001,0.333799,0.03183900000000006,0.457453,0.360875,-0.055481,0.3952610000000001,0.2899030000000001,-0.08205699999999999,0.36502100000000004,0.22245699999999996,-0.03917100000000001,0.384421,0.29238499999999995,-0.041493999999999975,0.36670000000000014,0.284603,-0.06783499999999998,0.409598,0.29533000000000004,-0.040982999999999936,0.3939420000000001,0.29263,-0.06450899999999998,0.37865300000000013
184,1.83,0.295785,-0.0020779999999999688,0.394559,0.33372000000000007,0.03191900000000003,0.4571970000000001,0.360953,-0.05546400000000001,0.39520100000000014,0.289973,-0.08204899999999998,0.36488900000000013,0.22249599999999997,-0.03923299999999996,0.3841970000000001,0.29187199999999996,-0.04228399999999999,0.366189,0.28408700000000003,-0.06841299999999995,0.40921600000000014,0.2948920000000001,-0.04167499999999996,0.393421,0.29204499999999994,-0.06525000000000003,0.3782350000000001
185,1.84,0.29583600000000004,-0.002104999999999968,0.3944320000000001,0.33376999999999996,0.031864,0.4571050000000001,0.36098900000000006,-0.05549699999999996,0.3951340000000001,0.28999900000000006,-0.08203999999999995,0.364746,0.222528,-0.039275000000000004,0.38398200000000005,0.291426,-0.04367999999999994,0.365483,0.28363599999999994,-0.06963199999999997,0.4086160000000001,0.29462000000000005,-0.04304199999999997,0.392695,0.2914360000000001,-0.06661999999999996,0.37758100000000006
186,1.85,0.29587,-0.0022340000000000138,0.39426400000000006,0.33366499999999993,0.031781000000000004,0.45696800000000004,0.360968,-0.05583199999999999,0.3952530000000001,0.28999099999999994,-0.08208299999999996,0.36451100000000003,0.222532,-0.03934499999999996,0.3837360000000001,0.290453,-0.04321400000000003,0.36536100000000005,0.282781,-0.068965,0.408636,0.293653,-0.04241699999999998,0.39256800000000003,0.29055800000000004,-0.06608900000000001,0.3775820000000001
187,1.86,0.29591300000000004,-0.002304999999999946,0.39423300000000006,0.3336090000000001,0.031679999999999986,0.45687600000000006,0.360925,-0.05594699999999997,0.3951570000000001,0.28992999999999997,-0.08207899999999996,0.364337,0.22291600000000006,-0.03943199999999997,0.38385000000000014,0.28915399999999997,-0.04053699999999999,0.36615300000000006,0.28172100000000005,-0.06606800000000002,0.40959900000000016,0.292136,-0.039432999999999996,0.3933730000000001,0.28966300000000006,-0.06329600000000002,0.37857700000000005
188,1.87,0.29590999999999995,-0.002354999999999996,0.3940020000000001,0.333575,0.031594000000000066,0.4568,0.36094600000000004,-0.05610499999999996,0.39515100000000003,0.289947,-0.08210400000000001,0.3641010000000001,0.22260699999999994,-0.03939999999999999,0.3833150000000001,0.28839300000000007,-0.04116499999999995,0.365622,0.281048,-0.06649499999999997,0.40920100000000015,0.291511,-0.03997200000000001,0.39282400000000006,0.288854,-0.06387899999999996,0.378131
189,1.88,0.2959070000000001,-0.002412999999999943,0.39387700000000003,0.33356899999999995,0.03156700000000001,0.4566990000000001,0.36098100000000005,-0.056125000000000036,0.39502400000000004,0.28995600000000005,-0.08210899999999999,0.36391700000000016,0.22266800000000003,-0.03957099999999997,0.38316400000000006,0.28738900000000006,-0.04069299999999998,0.36549900000000013,0.280195,-0.06585099999999999,0.40920200000000007,0.290546,-0.039368000000000014,0.39269,0.287943,-0.06334899999999999,0.378108
190,1.89,0.29593200000000003,-0.0024059999999999637,0.39374200000000004,0.333559,0.03156600000000004,0.456589,0.3610410000000001,-0.056054999999999966,0.394891,0.29004499999999994,-0.082119,0.363757,0.22270700000000004,-0.03959400000000002,0.3829870000000001,0.28672400000000003,-0.04143899999999995,0.36502199999999996,0.27959400000000006,-0.066438,0.40882600000000013,0.290044,-0.04007099999999997,0.39219100000000007,0.28718499999999997,-0.06406800000000001,0.3776830000000001
191,1.9,0.295955,-0.0023839999999999417,0.3936330000000001,0.33355399999999996,0.03157700000000002,0.45649700000000004,0.36111600000000005,-0.05595799999999995,0.3947400000000001,0.290108,-0.08205999999999997,0.36361900000000014,0.22281200000000007,-0.03966700000000001,0.3828410000000001,0.2859500000000001,-0.04199499999999995,0.36460100000000006,0.27890300000000007,-0.06684599999999996,0.40850300000000017,0.28943800000000003,-0.04058999999999996,0.39174700000000007,0.28632799999999997,-0.06459900000000002,0.37731100000000006
192,1.91,0.29598699999999994,-0.0024009999999999865,0.3935310000000001,0.33352,0.03158300000000003,0.4564420000000001,0.36116700000000007,-0.05592499999999995,0.3946860000000001,0.2902329999999999,-0.08208299999999996,0.36354200000000014,0.22286100000000003,-0.03973299999999996,0.38265000000000005,0.285,-0.04060499999999995,0.3650030000000001,0.278109,-0.06533599999999995,0.4089980000000001,0.288471,-0.03907299999999997,0.39214400000000005,0.28552700000000003,-0.06315700000000002,0.3777990000000001
193,1.92,0.29602999999999996,-0.002398999999999929,0.393448,0.33349500000000004,0.03163199999999999,0.4563800000000001,0.361226,-0.05588399999999999,0.39466500000000004,0.2903529999999999,-0.08213099999999995,0.363502,0.222918,-0.039746000000000004,0.38252600000000003,0.284314,-0.04102,0.36453900000000006,0.27751599999999993,-0.06556099999999998,0.4086540000000001,0.287947,-0.039419999999999955,0.3916550000000001,0.284773,-0.06353199999999998,0.37740700000000016
194,1.93,0.296039,-0.0023759999999999892,0.39338400000000007,0.33346100000000006,0.031696999999999975,0.4563210000000001,0.361257,-0.05579899999999999,0.3946480000000001,0.290484,-0.082119,0.36346200000000006,0.22293899999999994,-0.03978999999999999,0.3824360000000001,0.283861,-0.04152,0.36435400000000007,0.27709900000000004,-0.06593399999999999,0.40854500000000005,0.28765,-0.03990499999999997,0.391448,0.2842050000000001,-0.06401399999999996,0.37725700000000006
195,1.94,0.296139,-0.002344999999999986,0.3933230000000001,0.33345600000000003,0.031823000000000046,0.4562640000000001,0.361366,-0.055686999999999987,0.39472300000000005,0.290718,-0.082208,0.3634950000000001,0.22306299999999996,-0.039764999999999995,0.3823500000000001,0.28314599999999995,-0.04150100000000001,0.364155,0.27648900000000004,-0.06585399999999997,0.408396,0.287102,-0.03989799999999999,0.3912260000000001,0.283426,-0.063992,0.37706700000000004
196,1.95,0.296283,-0.002230999999999983,0.39324000000000003,0.33342999999999995,0.03206700000000001,0.4562020000000001,0.36151300000000003,-0.05548499999999995,0.39483100000000004,0.2910420000000001,-0.08222400000000002,0.3636640000000001,0.22324000000000005,-0.03967100000000001,0.38216000000000006,0.282603,-0.040917999999999954,0.364468,0.276013,-0.06522099999999997,0.4087470000000001,0.28665099999999993,-0.039309999999999956,0.391525,0.282855,-0.06340099999999999,0.3773940000000001
197,1.96,0.29636199999999996,-0.0022070000000000145,0.3933550000000001,0.33341899999999997,0.032362999999999975,0.45616100000000004,0.36166400000000004,-0.05529099999999998,0.395035,0.291248,-0.082198,0.36385600000000007,0.22367700000000007,-0.03996299999999997,0.382517,0.28185699999999997,-0.04111199999999998,0.36421899999999996,0.2753959999999999,-0.06533599999999995,0.40856000000000003,0.286093,-0.03950899999999996,0.39124800000000015,0.282044,-0.06358599999999998,0.3771620000000001
198,1.97,0.296518,-0.0019219999999999793,0.3931690000000001,0.33337900000000004,0.032755000000000034,0.45605600000000013,0.36185000000000006,-0.05506299999999997,0.39521800000000007,0.29148,-0.08213099999999995,0.3640000000000001,0.22358399999999995,-0.03947200000000001,0.382097,0.281653,-0.04242800000000002,0.3638410000000001,0.27516999999999997,-0.066662,0.4081730000000001,0.28616499999999995,-0.04097899999999999,0.3908330000000001,0.28156,-0.06493899999999997,0.376719
199,1.98,0.296641,-0.001866999999999952,0.3931540000000001,0.3334059999999999,0.03311200000000003,0.45596900000000007,0.362034,-0.055006,0.395555,0.2917039999999999,-0.08203799999999994,0.3641620000000001,0.22375499999999998,-0.039650999999999936,0.38210200000000005,0.28094,-0.04069699999999993,0.364545,0.27461300000000005,-0.064915,0.4089090000000001,0.285425,-0.03917499999999996,0.39153800000000005,0.2810080000000001,-0.063189,0.3774560000000001
200,1.99,0.29672100000000007,-0.0016089999999999716,0.3932110000000001,0.333363,0.03348100000000004,0.4559740000000001,0.36220199999999997,-0.05473100000000003,0.3957280000000001,0.292005,-0.081727,0.36426400000000003,0.22383599999999998,-0.03951500000000002,0.382189,0.28044399999999997,-0.039717999999999976,0.36499500000000007,0.274213,-0.06397499999999995,0.409351,0.284994,-0.03822299999999995,0.3919790000000001,0.280533,-0.062222,0.377885
201,2.0,0.296826,-0.0014679999999999693,0.3932270000000001,0.33337199999999995,0.033889,0.4559000000000001,0.362365,-0.05450699999999997,0.3959600000000001,0.292302,-0.08161600000000002,0.36453,0.224007,-0.03957199999999994,0.38226800000000005,0.279689,-0.040837999999999985,0.36413300000000015,0.27364099999999997,-0.06472699999999998,0.408713,0.28445799999999993,-0.03917599999999999,0.391069,0.27972900000000006,-0.06324800000000003,0.37718700000000005
202,2.01,0.296853,-0.0011880000000000224,0.393204,0.3333390000000001,0.03440599999999999,0.4556570000000001,0.3625209999999999,-0.05416599999999999,0.396131,0.292463,-0.08121899999999999,0.36482100000000006,0.22411200000000003,-0.039569999999999994,0.38241,0.279249,-0.04051199999999999,0.36448900000000006,0.273271,-0.06448999999999994,0.40903100000000003,0.28417600000000004,-0.03896499999999997,0.39140300000000006,0.279198,-0.06296099999999999,0.37747700000000006
203,2.02,0.2967720000000001,-0.001348999999999989,0.393435,0.33334,0.03473700000000002,0.455631,0.36264499999999994,-0.053862999999999994,0.39627100000000004,0.29259799999999997,-0.08133299999999999,0.3651390000000001,0.22463499999999997,-0.040488000000000024,0.3830950000000001,0.278788,-0.040161999999999975,0.36463900000000005,0.2728880000000001,-0.06419399999999997,0.40916300000000005,0.28386000000000006,-0.03870000000000001,0.3915320000000001,0.278666,-0.06263599999999997,0.3775820000000001
204,2.03,0.296831,-0.0010759999999999659,0.39339,0.333328,0.03520200000000007,0.45549800000000007,0.36280700000000005,-0.053510999999999975,0.3963650000000001,0.29277499999999995,-0.081013,0.3652200000000001,0.22479700000000008,-0.04043399999999997,0.38312400000000013,0.277735,-0.04000300000000001,0.36460900000000007,0.272033,-0.06394299999999997,0.4092070000000001,0.282967,-0.03850799999999999,0.39146900000000007,0.277631,-0.062453999999999954,0.3775910000000001
205,2.04,0.296904,-0.0009190000000000031,0.39343700000000004,0.333359,0.03563500000000003,0.45542700000000014,0.36297799999999997,-0.053195999999999966,0.3964890000000001,0.29305700000000007,-0.08085699999999996,0.3653470000000001,0.225053,-0.04057700000000003,0.3833590000000001,0.2773400000000001,-0.03942699999999999,0.3649230000000001,0.271716,-0.063523,0.40944800000000003,0.282788,-0.03811899999999996,0.39175000000000004,0.27709199999999995,-0.061938999999999966,0.3777980000000001
206,2.05,0.2971150000000001,-0.0005449999999999622,0.39336000000000004,0.33335600000000004,0.03612500000000002,0.4553170000000001,0.36321699999999996,-0.05282899999999996,0.39666500000000005,0.29343499999999995,-0.08072200000000002,0.3655400000000001,0.22513900000000003,-0.040003999999999984,0.3832730000000001,0.276376,-0.03880699999999998,0.3651050000000001,0.270954,-0.06295,0.4096280000000001,0.2820270000000001,-0.03757299999999997,0.39189300000000016,0.27610699999999994,-0.06133900000000003,0.37794300000000003
207,2.06,0.297368,-0.00016799999999994597,0.3932030000000001,0.33333700000000005,0.03664400000000001,0.45518900000000007,0.363461,-0.05241999999999997,0.3968830000000001,0.29377899999999996,-0.08059999999999995,0.36574000000000007,0.22536000000000006,-0.03946799999999995,0.3829610000000001,0.2756140000000001,-0.037812999999999986,0.36548100000000006,0.270361,-0.06217400000000001,0.409906,0.281491,-0.03678099999999995,0.39222900000000016,0.275271,-0.06041799999999997,0.378189
208,2.07,0.29758900000000005,0.00017400000000000748,0.39313300000000007,0.333278,0.03715299999999999,0.455141,0.363771,-0.05199300000000001,0.3971490000000001,0.2941770000000001,-0.08051200000000003,0.36589800000000006,0.225547,-0.03902899999999998,0.38279200000000013,0.274874,-0.03761199999999998,0.36548900000000006,0.269769,-0.06208999999999998,0.4098670000000001,0.28099199999999996,-0.036738999999999966,0.3921880000000001,0.27441999999999994,-0.060260999999999953,0.378116
209,2.08,0.2976330000000001,0.0003510000000000457,0.3931150000000001,0.3332300000000001,0.03763300000000003,0.455113,0.36401599999999995,-0.05157099999999998,0.397397,0.29457399999999995,-0.08010400000000001,0.3659220000000001,0.2257329999999999,-0.03947400000000001,0.38266,0.27411100000000005,-0.036931999999999965,0.36569700000000005,0.26916200000000007,-0.061614999999999975,0.4099800000000001,0.2804400000000001,-0.03625199999999995,0.3923540000000001,0.273584,-0.05964599999999998,0.378204
210,2.09,0.2977960000000001,0.0007080000000000419,0.39302800000000004,0.333096,0.03809700000000005,0.45505300000000004,0.3642140000000001,-0.05113899999999999,0.3975810000000001,0.294939,-0.07991299999999996,0.3660190000000001,0.22594399999999998,-0.03905399999999998,0.38246000000000013,0.2734600000000001,-0.03595999999999999,0.3660230000000001,0.2686380000000001,-0.06085999999999997,0.41019700000000003,0.27993700000000005,-0.035453999999999986,0.39264699999999997,0.27289499999999994,-0.058738999999999986,0.3784090000000001
211,2.1,0.2978490000000001,0.0009580000000000144,0.39306300000000005,0.3329640000000001,0.03853800000000002,0.455156,0.364381,-0.05074899999999999,0.3978320000000001,0.29529299999999997,-0.07953599999999994,0.3660960000000001,0.22611199999999992,-0.03916499999999995,0.3823120000000001,0.2730850000000001,-0.03619499999999998,0.36585100000000004,0.2682910000000001,-0.06122099999999997,0.409957,0.279774,-0.03588399999999997,0.39242600000000016,0.27233,-0.05901799999999996,0.37814500000000006
212,2.11,0.2979650000000001,0.0012780000000000014,0.3929870000000001,0.3328060000000001,0.038988999999999996,0.4551200000000001,0.364554,-0.050289999999999946,0.39806700000000006,0.2955990000000001,-0.07938799999999996,0.36621000000000015,0.22629100000000008,-0.038852,0.382084,0.272634,-0.03363399999999994,0.36669300000000005,0.268005,-0.05880499999999994,0.41073400000000015,0.27931,-0.033340999999999954,0.39327100000000004,0.272039,-0.056493000000000015,0.37893
213,2.12,0.29812900000000003,0.0016280000000000183,0.39292099999999996,0.332663,0.03943200000000002,0.45515000000000005,0.36474100000000004,-0.04987799999999998,0.398296,0.295966,-0.07911800000000002,0.36629500000000004,0.2265080000000001,-0.03851500000000002,0.38177800000000006,0.27230399999999993,-0.03310299999999994,0.36679700000000015,0.267707,-0.05848899999999996,0.410718,0.279163,-0.03304099999999999,0.39333000000000007,0.27155,-0.056026999999999993,0.37890100000000004
214,2.13,0.2984109999999999,0.002249000000000001,0.3927630000000001,0.33254600000000006,0.03996500000000003,0.45501500000000006,0.36494699999999997,-0.049412999999999985,0.39850700000000006,0.29629,-0.07892299999999997,0.366425,0.22655399999999998,-0.03723899999999997,0.3814750000000001,0.27224199999999993,-0.03258799999999995,0.3669660000000001,0.26765900000000004,-0.05809900000000001,0.41081600000000007,0.27921199999999996,-0.03266600000000003,0.3934700000000001,0.27138500000000004,-0.055549000000000015,0.378992
215,2.14,0.298483,0.0025440000000000462,0.3926630000000001,0.332467,0.04048600000000002,0.454839,0.365168,-0.04895399999999994,0.398621,0.29668100000000003,-0.07859799999999995,0.3663350000000001,0.22671900000000006,-0.03723299999999996,0.3814430000000001,0.27179400000000004,-0.03192999999999996,0.367074,0.26729600000000003,-0.057674,0.4107970000000001,0.27895699999999995,-0.032239999999999935,0.39352600000000004,0.270813,-0.05495800000000001,0.37896399999999997
216,2.15,0.298579,0.002838000000000007,0.39255700000000004,0.332386,0.04104799999999997,0.4546110000000001,0.36540599999999995,-0.048477999999999966,0.39867300000000006,0.296996,-0.07837300000000003,0.3665090000000001,0.22698599999999997,-0.03714899999999993,0.3814510000000001,0.2715560000000001,-0.03199099999999999,0.36700600000000005,0.26709900000000003,-0.057848999999999984,0.41066500000000006,0.27889499999999995,-0.032469000000000026,0.39340600000000003,0.2704260000000001,-0.05505199999999999,0.3788180000000001
217,2.16,0.298727,0.003181000000000045,0.39226700000000003,0.33234100000000005,0.04164300000000004,0.45408100000000007,0.36566099999999996,-0.04798399999999997,0.39868800000000004,0.29738900000000007,-0.078121,0.36650000000000005,0.22724099999999997,-0.03692999999999996,0.38138800000000006,0.270788,-0.03233099999999994,0.3665370000000001,0.26646200000000003,-0.05832599999999999,0.41012800000000016,0.2784400000000001,-0.03304999999999997,0.39284300000000005,0.26944300000000004,-0.05542800000000003,0.37825600000000004
218,2.17,0.298823,0.0034510000000000374,0.3920610000000001,0.332355,0.042215,0.453627,0.3659740000000001,-0.04744799999999999,0.3986080000000001,0.2977100000000001,-0.07786699999999996,0.3666720000000001,0.22749500000000006,-0.03698199999999996,0.38142600000000015,0.27022299999999994,-0.03169899999999998,0.36662800000000006,0.2660120000000001,-0.05793100000000001,0.41008900000000004,0.27806500000000006,-0.03264399999999995,0.3928710000000001,0.26877999999999996,-0.05485699999999999,0.37821400000000005
219,2.18,0.29897900000000005,0.003809000000000007,0.39190800000000015,0.33239900000000006,0.042866000000000015,0.4533170000000001,0.366312,-0.04685400000000001,0.398536,0.298151,-0.077602,0.36672400000000016,0.22779900000000003,-0.03687099999999999,0.3814980000000001,0.26997699999999997,-0.03154499999999999,0.3665590000000001,0.265782,-0.05799899999999997,0.4098860000000001,0.278029,-0.03276599999999996,0.39272700000000005,0.268318,-0.05475599999999997,0.37800900000000004
220,2.19,0.299185,0.004157999999999995,0.3917820000000001,0.332591,0.043511999999999995,0.45303400000000005,0.3666559999999999,-0.046265999999999974,0.3984940000000001,0.29857399999999995,-0.07735199999999998,0.36684400000000006,0.22810100000000005,-0.03676799999999997,0.38158100000000006,0.269935,-0.029995999999999967,0.3671010000000001,0.26577599999999996,-0.05676599999999998,0.4102370000000001,0.278105,-0.03147699999999998,0.39321800000000007,0.2681799999999999,-0.053285999999999945,0.3783740000000001
221,2.2,0.2993010000000001,0.0044680000000000275,0.3916740000000001,0.332597,0.04408000000000001,0.45286000000000004,0.3669489999999999,-0.04570000000000002,0.39847500000000013,0.29901300000000003,-0.07704699999999998,0.3668840000000001,0.22834400000000005,-0.03679399999999999,0.3815370000000001,0.2696950000000001,-0.029424000000000006,0.36713700000000005,0.2655460000000001,-0.05653400000000003,0.4100610000000001,0.278094,-0.031275,0.3931580000000001,0.26769399999999993,-0.05278999999999995,0.37821000000000016
222,2.21,0.299452,0.004747000000000001,0.391564,0.332587,0.044589000000000045,0.45271000000000017,0.367219,-0.04520000000000002,0.3985090000000001,0.29942700000000005,-0.07683299999999998,0.366911,0.228655,-0.03675099999999998,0.38145700000000005,0.26983799999999997,-0.02936999999999995,0.36710600000000004,0.26565200000000005,-0.056595000000000006,0.409953,0.27838500000000005,-0.03142099999999998,0.39306300000000005,0.267634,-0.05275399999999997,0.3781030000000001
223,2.22,0.299502,0.0049280000000000435,0.39145300000000005,0.33242900000000003,0.044947000000000015,0.45254400000000006,0.36740900000000004,-0.04479999999999995,0.3985670000000001,0.29973199999999994,-0.07669999999999999,0.36700900000000014,0.22884299999999996,-0.03676499999999999,0.3813360000000001,0.26964499999999997,-0.02891499999999997,0.36713300000000015,0.26546600000000004,-0.05646000000000001,0.40977700000000017,0.27840000000000004,-0.03131800000000001,0.3929910000000001,0.26721,-0.05236299999999999,0.377945
224,2.23,0.299518,0.005124999999999991,0.391382,0.332288,0.04517500000000002,0.45254300000000003,0.36750999999999995,-0.044458,0.3985580000000001,0.29997199999999996,-0.07654499999999997,0.36690600000000007,0.22891099999999992,-0.03665799999999997,0.3811530000000001,0.269905,-0.029021999999999992,0.36710600000000004,0.26566700000000004,-0.05671299999999996,0.40964900000000004,0.278785,-0.031642,0.3929,0.26726900000000003,-0.05248999999999998,0.3778260000000001
225,2.24,0.29947799999999997,0.005241000000000051,0.39126000000000005,0.33214400000000005,0.04535299999999998,0.45242300000000013,0.367573,-0.04416199999999998,0.39853000000000005,0.30009500000000006,-0.07635999999999998,0.36677100000000007,0.2290069999999999,-0.03678099999999995,0.38096300000000005,0.26987199999999995,-0.028442999999999996,0.36724100000000004,0.265631,-0.05651499999999998,0.40953300000000015,0.2789460000000001,-0.03145399999999998,0.3929250000000001,0.26700699999999994,-0.051982999999999946,0.377742
226,2.25,0.29940800000000006,0.005359000000000003,0.3911720000000001,0.33193899999999993,0.04555800000000004,0.452411,0.3676040000000001,-0.04390099999999997,0.3985050000000001,0.30026499999999995,-0.07619300000000001,0.366583,0.22904200000000002,-0.036885,0.3807750000000001,0.26994200000000007,-0.027964999999999962,0.36742300000000006,0.265696,-0.056338,0.4095130000000001,0.27916,-0.031281999999999976,0.3930180000000001,0.266901,-0.051558999999999966,0.37775100000000006
227,2.26,0.29921400000000004,0.005494999999999972,0.390906,0.33131799999999995,0.045928000000000024,0.452041,0.36763700000000005,-0.043628,0.3984620000000001,0.30038499999999996,-0.07608999999999999,0.36645700000000003,0.22912300000000002,-0.03690099999999996,0.380613,0.269823,-0.027559,0.36747300000000005,0.26562,-0.05623100000000003,0.40936400000000006,0.279213,-0.031183000000000016,0.39296300000000006,0.2666180000000001,-0.05120399999999997,0.3776330000000001
228,2.27,0.299148,0.00555300000000003,0.3908560000000001,0.33109700000000003,0.045989,0.45205800000000007,0.36769,-0.04336899999999999,0.3983880000000001,0.30055100000000007,-0.07599199999999995,0.366401,0.22919300000000004,-0.03703099999999998,0.380433,0.269615,-0.027457999999999982,0.36734600000000006,0.265468,-0.05638099999999996,0.4090710000000001,0.2791860000000001,-0.031364,0.39272700000000005,0.26624300000000006,-0.05113899999999999,0.37736800000000004
229,2.28,0.299086,0.005707000000000018,0.390645,0.33075800000000005,0.04629100000000003,0.4518690000000001,0.3677770000000001,-0.043074999999999974,0.3982970000000001,0.300699,-0.075905,0.366271,0.22930899999999993,-0.036988999999999994,0.38017900000000004,0.26933900000000005,-0.02746700000000002,0.3671460000000001,0.26526,-0.05663199999999996,0.40870800000000007,0.27910299999999993,-0.03165499999999999,0.3924090000000001,0.26579800000000003,-0.051178999999999975,0.37703700000000007
230,2.29,0.299097,0.00579799999999997,0.39051,0.3306860000000001,0.046467000000000036,0.4517460000000001,0.36787600000000004,-0.042796999999999974,0.39820900000000004,0.30088,-0.07583999999999996,0.36615200000000014,0.22942200000000007,-0.03706599999999999,0.3800150000000001,0.269098,-0.027263999999999955,0.36711400000000016,0.2650890000000001,-0.05670999999999998,0.40848400000000007,0.27903300000000003,-0.031739999999999935,0.39226000000000005,0.265414,-0.05101699999999998,0.3768520000000001
231,2.3,0.29910200000000003,0.005962999999999996,0.3903320000000001,0.33062600000000003,0.04672100000000001,0.451616,0.367972,-0.042474999999999985,0.39805900000000005,0.30104499999999995,-0.07570099999999996,0.365973,0.22948400000000008,-0.03705799999999998,0.37977400000000006,0.26877999999999996,-0.026253999999999944,0.367406,0.264894,-0.05607799999999996,0.408516,0.27886800000000006,-0.031032999999999977,0.392435,0.26502599999999993,-0.050078999999999985,0.376939
232,2.31,0.299096,0.006073000000000051,0.3902160000000001,0.330555,0.04684400000000005,0.4514980000000002,0.368067,-0.04214799999999996,0.3979410000000001,0.30129999999999996,-0.075544,0.3657100000000001,0.2295850000000001,-0.037162999999999946,0.37966200000000017,0.268566,-0.025885999999999965,0.36756500000000003,0.26472599999999996,-0.05605100000000002,0.40843000000000007,0.27880299999999997,-0.030986000000000014,0.39246900000000007,0.26466800000000007,-0.049763,0.37690900000000005
233,2.32,0.29913700000000004,0.006224000000000063,0.39007900000000006,0.33048700000000003,0.047087000000000045,0.45138200000000006,0.368187,-0.041821,0.39783100000000005,0.3015689999999999,-0.07544399999999996,0.3656490000000001,0.22969100000000003,-0.03714200000000001,0.3794820000000001,0.268284,-0.025565999999999978,0.367588,0.26452000000000003,-0.056020000000000014,0.4082450000000001,0.278666,-0.030935999999999964,0.39237500000000003,0.264276,-0.049484999999999946,0.3767750000000001
234,2.33,0.299194,0.006359999999999977,0.38991600000000004,0.330421,0.04731800000000003,0.4512410000000001,0.3683600000000001,-0.04146099999999997,0.3976910000000001,0.301853,-0.07534099999999994,0.3655290000000001,0.229875,-0.03719199999999995,0.3792740000000001,0.26803800000000005,-0.02487800000000001,0.36788900000000013,0.26430100000000006,-0.055740999999999985,0.40824000000000005,0.2785520000000001,-0.030608999999999997,0.39254,0.26388700000000004,-0.04886099999999999,0.3768450000000001
235,2.34,0.29923800000000006,0.006542000000000048,0.3897750000000001,0.330386,0.04761900000000002,0.45108100000000007,0.368551,-0.041029999999999955,0.39754200000000006,0.302148,-0.075181,0.3654520000000001,0.23002200000000012,-0.03723299999999996,0.37915200000000016,0.26788700000000004,-0.024342999999999948,0.3680430000000001,0.26418499999999995,-0.05552499999999999,0.40815100000000004,0.27850500000000006,-0.030351000000000017,0.39258400000000004,0.263635,-0.048375,0.376819
236,2.35,0.2993160000000001,0.006732000000000016,0.38964200000000004,0.330377,0.047918000000000016,0.450921,0.36881100000000006,-0.04057399999999994,0.3973110000000001,0.30250400000000005,-0.074988,0.36524500000000004,0.23028900000000002,-0.037299999999999944,0.37911800000000007,0.2677709999999999,-0.02379199999999998,0.36824500000000004,0.26403400000000005,-0.05535899999999999,0.40804700000000005,0.278499,-0.030166000000000026,0.392645,0.263338,-0.047871,0.37679700000000005
237,2.36,0.29937300000000006,0.006922000000000039,0.389497,0.330362,0.04824800000000001,0.45074500000000006,0.369048,-0.040102999999999944,0.39705900000000005,0.302842,-0.07478299999999999,0.36513300000000015,0.23052599999999995,-0.03740099999999996,0.3790490000000001,0.2671240000000001,-0.02347699999999997,0.36807500000000015,0.2634260000000001,-0.05541099999999993,0.40758700000000003,0.27802999999999994,-0.03023199999999998,0.3922930000000001,0.262492,-0.047589999999999966,0.376425
238,2.37,0.29941200000000007,0.0071430000000000105,0.389382,0.330358,0.04851500000000003,0.45063700000000007,0.36926200000000003,-0.03960999999999998,0.3967870000000001,0.30312,-0.074571,0.3649760000000001,0.23069200000000006,-0.037392999999999954,0.378969,0.2668479999999999,-0.023462999999999956,0.367791,0.26310799999999995,-0.05568299999999998,0.40706700000000007,0.27785600000000005,-0.030525999999999942,0.3918750000000001,0.26203400000000004,-0.047597,0.375977
239,2.38,0.2994640000000001,0.007357999999999976,0.3891960000000001,0.330293,0.04879900000000004,0.4504720000000001,0.36947599999999997,-0.03913700000000003,0.396587,0.303409,-0.07436999999999994,0.364688,0.23091299999999998,-0.037397000000000014,0.37878200000000006,0.266735,-0.022951,0.3678540000000001,0.262947,-0.05551099999999998,0.40684300000000007,0.277784,-0.03029599999999999,0.391834,0.26181399999999994,-0.04713199999999995,0.37583200000000005
240,2.39,0.299467,0.00753100000000001,0.38905200000000006,0.33022,0.049051999999999985,0.4503830000000001,0.36965300000000006,-0.03869299999999998,0.3963550000000001,0.303625,-0.07419799999999999,0.36436500000000005,0.2311140000000001,-0.03748299999999993,0.37864300000000006,0.266932,-0.02253499999999997,0.3678910000000001,0.26304600000000006,-0.05536599999999997,0.4066430000000001,0.27796100000000007,-0.03009099999999998,0.391814,0.261933,-0.046757999999999966,0.375695
241,2.4,0.299502,0.007695000000000063,0.3888650000000001,0.330119,0.04925500000000005,0.4502480000000001,0.36987600000000004,-0.03829799999999994,0.3961410000000001,0.30387000000000003,-0.07404499999999997,0.36397500000000005,0.231319,-0.03750899999999996,0.37844500000000003,0.266951,-0.022504999999999997,0.3676680000000001,0.26297200000000004,-0.055587,0.4061960000000001,0.277986,-0.030283999999999978,0.391517,0.26184599999999997,-0.046755999999999964,0.37531100000000006
242,2.41,0.2995689999999999,0.007987000000000022,0.3887710000000001,0.32995800000000003,0.04942400000000002,0.45020899999999997,0.3700280000000001,-0.03785499999999997,0.395857,0.304494,-0.07333200000000001,0.36400200000000005,0.231516,-0.037575000000000025,0.3781030000000001,0.26701499999999995,-0.02221799999999996,0.36753,0.26293799999999995,-0.055562999999999974,0.40581999999999996,0.27806100000000006,-0.030234999999999956,0.39129500000000006,0.2617920000000001,-0.046496999999999955,0.3750040000000001
243,2.42,0.29960100000000006,0.008063000000000042,0.388517,0.329787,0.049472000000000016,0.4501630000000001,0.370219,-0.03745999999999999,0.39563400000000004,0.304777,-0.07342699999999996,0.3633560000000001,0.23171000000000003,-0.03759299999999999,0.37767000000000006,0.2667340000000001,-0.021814,0.3672850000000001,0.26261300000000004,-0.05548399999999998,0.405285,0.27784000000000003,-0.030127999999999988,0.39092000000000005,0.26137800000000005,-0.04612500000000003,0.37456
244,2.43,0.29965400000000003,0.008337000000000039,0.38839900000000005,0.32954,0.049564,0.45017600000000013,0.37040200000000006,-0.037034999999999985,0.3954240000000001,0.305332,-0.07272400000000001,0.36304900000000007,0.23197000000000007,-0.037673999999999985,0.37724400000000013,0.26691099999999995,-0.021967999999999988,0.36687500000000006,0.26266700000000004,-0.05581899999999995,0.40470000000000017,0.278047,-0.030510999999999955,0.39041400000000004,0.26138,-0.046273999999999926,0.374035
245,2.44,0.2996710000000001,0.008441000000000032,0.3882920000000001,0.32928799999999997,0.049564,0.4502790000000001,0.37054499999999996,-0.03663299999999997,0.39520500000000014,0.305692,-0.07266600000000001,0.3626530000000001,0.23223900000000003,-0.037683999999999995,0.37691600000000003,0.26678300000000005,-0.02149899999999999,0.366719,0.26248299999999997,-0.05567999999999995,0.40424000000000004,0.2779890000000001,-0.030364000000000002,0.39010500000000015,0.261091,-0.04582599999999998,0.37367700000000015
246,2.45,0.29963599999999996,0.008552000000000004,0.38816000000000006,0.3289880000000001,0.049621000000000026,0.45035800000000004,0.3707329999999999,-0.036215,0.39507800000000004,0.30604100000000006,-0.07236599999999999,0.3621690000000001,0.23245699999999997,-0.03794399999999998,0.37648400000000015,0.266948,-0.021301999999999988,0.3665630000000001,0.26252899999999996,-0.055753,0.4038220000000001,0.2781989999999999,-0.030469000000000024,0.38981100000000013,0.26106200000000007,-0.04563099999999998,0.3733510000000001
247,2.46,0.299722,0.008784000000000014,0.38796300000000006,0.328753,0.04969300000000004,0.4503670000000001,0.370906,-0.035822999999999994,0.394938,0.30640399999999995,-0.07210100000000003,0.3617650000000001,0.23269100000000004,-0.03775299999999998,0.375954,0.266596,-0.020731999999999973,0.36649300000000007,0.2621860000000001,-0.055522000000000016,0.40343700000000005,0.27794199999999997,-0.03021400000000002,0.389568,0.26057899999999995,-0.04508399999999996,0.37307900000000005
248,2.47,0.299741,0.008896000000000015,0.38793100000000014,0.32857600000000003,0.04972300000000002,0.45047400000000015,0.371072,-0.035496999999999945,0.3948250000000001,0.306757,-0.07188899999999998,0.36146200000000006,0.23286800000000002,-0.037825,0.37575800000000015,0.2657190000000001,-0.02058199999999999,0.36611400000000016,0.26139300000000004,-0.055654999999999955,0.40280000000000005,0.277213,-0.030349999999999988,0.3889950000000001,0.25957500000000006,-0.04494300000000001,0.37255000000000005
249,2.48,0.299723,0.008948999999999985,0.38785900000000006,0.328408,0.049792999999999976,0.45050100000000004,0.37121600000000005,-0.03517100000000001,0.39468000000000003,0.307066,-0.07172499999999998,0.361243,0.23304700000000006,-0.03806599999999999,0.3755590000000001,0.265476,-0.020054999999999934,0.3662630000000001,0.2611240000000001,-0.05546899999999999,0.4026160000000001,0.277025,-0.03011999999999998,0.388988,0.25922000000000006,-0.04444300000000001,0.37248400000000015
250,2.49,0.299757,0.009047000000000027,0.38779200000000014,0.32822900000000005,0.04993200000000003,0.4505100000000001,0.37137099999999995,-0.03486699999999998,0.39467200000000013,0.3073970000000001,-0.07157799999999997,0.3611200000000001,0.23323199999999994,-0.03816299999999995,0.3753590000000001,0.264882,-0.019644999999999968,0.36633899999999997,0.26062199999999996,-0.055342999999999976,0.40242500000000003,0.27650900000000006,-0.029911999999999994,0.3889330000000001,0.25861000000000006,-0.04407099999999997,0.372391
251,2.5,0.29985,0.009126999999999996,0.38772400000000007,0.3280610000000001,0.05012,0.450526,0.37154899999999996,-0.03456999999999999,0.3948410000000001,0.30775099999999994,-0.07148899999999997,0.3611460000000001,0.23348699999999994,-0.03829499999999997,0.37507100000000015,0.264319,-0.01903699999999997,0.3666680000000001,0.260132,-0.055074999999999985,0.40242200000000006,0.27602,-0.029549999999999965,0.38911000000000007,0.2580170000000001,-0.04350699999999996,0.3725090000000001
252,2.51,0.299927,0.009184999999999999,0.38771900000000004,0.32778900000000005,0.05032300000000001,0.4505800000000001,0.3717240000000001,-0.034353999999999996,0.3951300000000001,0.308116,-0.07144899999999998,0.361228,0.233732,-0.03838899999999995,0.3749040000000001,0.26313000000000003,-0.018127999999999977,0.36704800000000004,0.25914700000000007,-0.054551000000000016,0.40243300000000004,0.27497699999999997,-0.02890499999999996,0.38928700000000016,0.256832,-0.04265099999999994,0.372665
253,2.52,0.30004000000000003,0.00925100000000001,0.3876680000000001,0.327595,0.05047400000000002,0.450608,0.37184199999999995,-0.034167,0.3954730000000001,0.30845799999999995,-0.071407,0.36133800000000005,0.23391800000000001,-0.03842499999999999,0.37457300000000004,0.2619550000000001,-0.017395999999999967,0.367401,0.25812699999999994,-0.054174,0.402435,0.273954,-0.02846099999999996,0.38941500000000007,0.25559500000000007,-0.04194899999999996,0.37281600000000015
254,2.53,0.30007600000000006,0.009243000000000057,0.38765300000000014,0.3273110000000001,0.05058500000000005,0.450704,0.37192300000000006,-0.03402099999999997,0.395752,0.30875,-0.07141499999999995,0.36141900000000005,0.23412099999999997,-0.038598999999999994,0.3743000000000001,0.260727,-0.016357999999999984,0.3679340000000001,0.25704299999999997,-0.053537999999999974,0.40255700000000005,0.272893,-0.02776799999999996,0.38968,0.254269,-0.04093399999999997,0.3731190000000001
255,2.54,0.30004499999999995,0.00922700000000004,0.38760400000000017,0.326923,0.05058400000000002,0.4507340000000001,0.37196500000000005,-0.033893000000000006,0.39599400000000007,0.30899800000000005,-0.07136999999999993,0.3613660000000001,0.23425999999999997,-0.03875000000000001,0.374012,0.260033,-0.015440999999999983,0.3685100000000001,0.256365,-0.052988000000000035,0.40273500000000007,0.272303,-0.027195000000000025,0.390012,0.253427,-0.04002499999999998,0.3734700000000001
256,2.55,0.300039,0.009249000000000007,0.38763100000000006,0.326556,0.05056500000000003,0.45088700000000004,0.37201500000000004,-0.03375899999999998,0.39619499999999996,0.3092540000000001,-0.07131100000000001,0.36139600000000005,0.234423,-0.03878799999999999,0.37376600000000004,0.259461,-0.01490199999999997,0.3687290000000001,0.25573699999999994,-0.05275799999999997,0.402606,0.271823,-0.02700999999999998,0.389981,0.2526380000000001,-0.039462,0.37350700000000003
257,2.56,0.29996799999999996,0.009208999999999967,0.38762300000000016,0.3261720000000001,0.05046099999999998,0.45101900000000006,0.3720259999999999,-0.033642000000000005,0.39641800000000005,0.30942300000000006,-0.07127399999999995,0.36126400000000014,0.2345080000000001,-0.038958999999999966,0.37344900000000003,0.259064,-0.014456999999999998,0.36891200000000013,0.255318,-0.05255999999999994,0.4025090000000001,0.27148199999999995,-0.026808,0.389992,0.25212400000000007,-0.03901399999999994,0.373536
258,2.57,0.29995299999999997,0.00919800000000004,0.38772300000000004,0.32591200000000004,0.050346,0.45134300000000005,0.37205399999999994,-0.033555999999999975,0.39658400000000005,0.309645,-0.07120399999999993,0.3611540000000001,0.23461400000000004,-0.039058999999999955,0.37321100000000007,0.258943,-0.014512999999999998,0.3686400000000001,0.255067,-0.05279600000000001,0.4020180000000001,0.27138199999999996,-0.027108999999999994,0.38956100000000016,0.25181100000000006,-0.03903599999999996,0.37315300000000007
259,2.58,0.30002200000000007,0.009285000000000043,0.38772300000000004,0.32563000000000003,0.05017700000000003,0.451666,0.37210400000000005,-0.033409999999999995,0.396733,0.30989800000000006,-0.07107799999999997,0.360924,0.23479100000000003,-0.038912,0.372656,0.25898400000000005,-0.014498000000000011,0.3683850000000001,0.255009,-0.05292299999999994,0.401587,0.27140499999999995,-0.027241000000000015,0.3892270000000001,0.251763,-0.03901399999999994,0.3727920000000001
260,2.59,0.3000420000000001,0.009267000000000025,0.38780000000000003,0.325359,0.050016000000000005,0.4520750000000001,0.37215499999999996,-0.03331599999999996,0.396891,0.31017200000000006,-0.07096099999999994,0.3606880000000001,0.23498900000000006,-0.039068999999999965,0.37223800000000007,0.259554,-0.01441199999999998,0.36828000000000005,0.2554020000000001,-0.052970999999999935,0.4013040000000001,0.271893,-0.02727799999999997,0.3890950000000001,0.25226,-0.03892899999999999,0.3725630000000001
261,2.6,0.300055,0.009260000000000046,0.3877640000000001,0.325034,0.049827000000000066,0.45238100000000003,0.37223900000000004,-0.033152000000000015,0.396938,0.3105109999999999,-0.07083899999999999,0.3602780000000001,0.235207,-0.03922099999999995,0.37168999999999996,0.259608,-0.014664999999999984,0.367695,0.25535500000000005,-0.05332500000000001,0.40058800000000006,0.271924,-0.02764799999999995,0.3884510000000001,0.252233,-0.03917100000000001,0.3718990000000001
262,2.61,0.30008299999999993,0.009267000000000025,0.38744600000000007,0.324641,0.04953099999999999,0.4520930000000001,0.37233299999999997,-0.033047999999999966,0.3968400000000001,0.310776,-0.07070199999999999,0.3598880000000001,0.23539300000000002,-0.039144999999999985,0.3710850000000001,0.259871,-0.014609999999999956,0.367491,0.25552800000000003,-0.05340299999999998,0.4002160000000001,0.272151,-0.02770399999999995,0.3882000000000001,0.252449,-0.03911999999999993,0.3715860000000001
263,2.62,0.300039,0.009193000000000007,0.3873120000000001,0.324421,0.04926199999999997,0.452276,0.3724410000000001,-0.03294399999999997,0.39653700000000014,0.31104800000000005,-0.07058399999999998,0.3592440000000001,0.23550900000000002,-0.039412999999999976,0.3705900000000001,0.259646,-0.01457799999999998,0.36706700000000003,0.25529300000000005,-0.05352499999999999,0.39960700000000005,0.271962,-0.02782499999999999,0.387656,0.25215000000000004,-0.039082000000000006,0.371065
264,2.63,0.3000120000000001,0.009068999999999994,0.38699400000000006,0.324158,0.04883100000000001,0.4520430000000001,0.37255299999999997,-0.03288599999999997,0.39617500000000005,0.311333,-0.07043300000000002,0.35858200000000007,0.23567100000000002,-0.03966900000000001,0.3700470000000001,0.259462,-0.014311999999999991,0.3669080000000001,0.255114,-0.05344500000000002,0.39922400000000013,0.27182899999999993,-0.027741000000000016,0.387348,0.251882,-0.03880800000000001,0.370791
265,2.64,0.300004,0.008960000000000024,0.386853,0.324026,0.04852000000000001,0.45226500000000003,0.3726319999999999,-0.032830999999999944,0.3958400000000001,0.31154,-0.07040599999999997,0.35810300000000006,0.23578300000000002,-0.039914000000000005,0.3694430000000001,0.25949000000000005,-0.014295999999999975,0.36663200000000007,0.2551050000000001,-0.053590999999999944,0.39874600000000004,0.2719059999999999,-0.027924000000000004,0.3869100000000001,0.25177900000000003,-0.03876599999999997,0.37042200000000014
266,2.65,0.29997100000000004,0.008774000000000004,0.386637,0.32385400000000003,0.04819300000000004,0.45216900000000004,0.372732,-0.03280300000000003,0.3956520000000001,0.31183900000000003,-0.07032099999999997,0.3575360000000001,0.23589200000000005,-0.040381,0.368993,0.259373,-0.014106000000000007,0.3664520000000001,0.254995,-0.05358299999999999,0.398343,0.27185699999999996,-0.02793599999999996,0.3865510000000001,0.25155,-0.03855599999999998,0.37014
267,2.66,0.299916,0.008626999999999996,0.386497,0.3235750000000001,0.047908000000000006,0.4522280000000001,0.372813,-0.03273799999999999,0.39550300000000016,0.31205900000000003,-0.07023399999999996,0.357078,0.236091,-0.04077599999999998,0.3685400000000001,0.259713,-0.013971999999999984,0.36642600000000014,0.25527400000000006,-0.05362699999999998,0.398088,0.272218,-0.027995999999999965,0.38637600000000005,0.251775,-0.038402999999999965,0.369997
268,2.67,0.29990999999999995,0.008631,0.3864120000000001,0.32344200000000006,0.04772200000000004,0.45227400000000006,0.37294299999999997,-0.03256500000000001,0.3952740000000001,0.3122620000000001,-0.07003099999999995,0.356785,0.236234,-0.04091699999999998,0.3682310000000001,0.2599270000000001,-0.013878999999999975,0.3663320000000001,0.25543299999999997,-0.053715999999999986,0.397756,0.272465,-0.028113,0.386112,0.251859,-0.038282999999999956,0.3697880000000001
269,2.68,0.299884,0.008547000000000027,0.38629500000000005,0.323336,0.047623000000000026,0.4522680000000001,0.37306899999999993,-0.03241799999999995,0.39510200000000006,0.312472,-0.06992199999999998,0.3564760000000001,0.23637900000000006,-0.04130199999999995,0.36795500000000014,0.26002300000000006,-0.013704999999999967,0.36628400000000005,0.25550599999999996,-0.05373100000000003,0.397463,0.27260100000000004,-0.028135999999999994,0.385896,0.251851,-0.038090999999999986,0.369622
270,2.69,0.29988700000000007,0.008679000000000048,0.38619400000000004,0.32329100000000005,0.04764200000000002,0.4523480000000001,0.37318499999999993,-0.03209999999999996,0.39478900000000006,0.312676,-0.06969899999999996,0.3562930000000001,0.23643600000000004,-0.041296,0.36760400000000015,0.25996199999999997,-0.013522999999999952,0.3662580000000001,0.255449,-0.053739999999999954,0.39719100000000007,0.272592,-0.028144999999999976,0.385694,0.251697,-0.037892999999999954,0.36948000000000014
271,2.7,0.299865,0.008665000000000034,0.38611300000000004,0.323293,0.04768,0.4523410000000001,0.373318,-0.03188799999999997,0.3945000000000001,0.3128579999999999,-0.06955499999999998,0.35604100000000005,0.23658399999999996,-0.04161300000000001,0.367517,0.25993399999999994,-0.013251999999999986,0.3663160000000001,0.255427,-0.05366899999999997,0.39698900000000015,0.27261300000000005,-0.028066999999999953,0.38557300000000005,0.25158200000000003,-0.037609000000000004,0.3694130000000001
272,2.71,0.299819,0.008777000000000035,0.3860680000000001,0.3232709999999999,0.047788,0.45243500000000003,0.373419,-0.03161999999999998,0.39426300000000014,0.312943,-0.06932399999999994,0.3557530000000001,0.236628,-0.04170799999999997,0.367382,0.259959,-0.013025000000000009,0.36633400000000005,0.25541600000000003,-0.053637999999999963,0.396741,0.27267800000000003,-0.02805499999999994,0.385397,0.25148299999999996,-0.037354,0.369309
273,2.72,0.299761,0.008916000000000035,0.38602000000000003,0.32317499999999993,0.047850000000000004,0.45250900000000005,0.37342499999999995,-0.03128799999999998,0.3940600000000001,0.31305900000000003,-0.06914399999999998,0.35549600000000003,0.23670700000000006,-0.041669999999999985,0.36723300000000003,0.26011500000000004,-0.012807999999999986,0.36638000000000004,0.25550500000000004,-0.05360999999999999,0.39652300000000007,0.272858,-0.02805499999999994,0.3852540000000001,0.2515030000000001,-0.03710399999999997,0.36923400000000006
274,2.73,0.29969799999999996,0.00905900000000004,0.38604300000000014,0.323007,0.048009000000000024,0.4526390000000001,0.3734779999999999,-0.030936999999999937,0.39402100000000007,0.313228,-0.068878,0.35540700000000014,0.23681899999999995,-0.04175800000000002,0.36712100000000003,0.260859,-0.012746999999999953,0.3663660000000001,0.255943,-0.05375599999999997,0.39617900000000006,0.2735560000000001,-0.028347999999999984,0.3849800000000001,0.25192700000000007,-0.03694399999999998,0.3690800000000001
275,2.74,0.2997100000000001,0.009340000000000015,0.3861190000000001,0.322717,0.04830800000000002,0.4528190000000001,0.37358600000000003,-0.03047899999999998,0.3942530000000001,0.3135170000000001,-0.06857000000000002,0.3554240000000001,0.23702700000000004,-0.04159799999999997,0.36701000000000006,0.26099900000000004,-0.01235499999999995,0.3665280000000001,0.25595399999999996,-0.053590999999999944,0.39600400000000013,0.2737000000000001,-0.028232999999999953,0.384904,0.25188000000000005,-0.036499000000000004,0.36909000000000014
276,2.75,0.299765,0.009626000000000023,0.3860100000000001,0.32242299999999996,0.04864000000000002,0.45249000000000006,0.37379200000000007,-0.02982299999999999,0.394594,0.31396799999999997,-0.068183,0.3555530000000001,0.237307,-0.04158299999999998,0.36689000000000005,0.26120399999999994,-0.012046999999999974,0.36666200000000015,0.25596100000000005,-0.05351899999999998,0.39576900000000004,0.273885,-0.028241000000000016,0.384772,0.251848,-0.03611599999999998,0.3690610000000001
277,2.76,0.29990999999999995,0.01005499999999998,0.3862460000000001,0.322108,0.049238000000000004,0.45287200000000005,0.3740280000000001,-0.029215999999999964,0.39506600000000014,0.314463,-0.06788199999999994,0.35603300000000004,0.23765599999999992,-0.04123199999999999,0.36687400000000014,0.260682,-0.010911999999999977,0.367429,0.25550100000000003,-0.05269399999999996,0.39610200000000007,0.27341600000000005,-0.027321999999999957,0.38530700000000007,0.25130100000000005,-0.034992999999999996,0.369603
278,2.77,0.300097,0.010554999999999981,0.38641000000000003,0.3219450000000001,0.04989500000000002,0.452781,0.37426700000000007,-0.02851999999999999,0.395632,0.314873,-0.067546,0.3566530000000001,0.23800000000000004,-0.040735999999999994,0.36718800000000007,0.25952899999999995,-0.009977999999999987,0.3679660000000001,0.2544450000000001,-0.052085999999999966,0.39617500000000005,0.27236600000000005,-0.02666400000000002,0.38551199999999997,0.25006,-0.03404199999999996,0.369939
279,2.78,0.30028800000000005,0.011047000000000029,0.38674600000000003,0.32180499999999995,0.05092200000000002,0.4529890000000001,0.374462,-0.027929999999999955,0.396367,0.31527,-0.06739599999999996,0.35755000000000003,0.238327,-0.04030999999999996,0.36772400000000016,0.2586420000000001,-0.008570000000000022,0.36913000000000007,0.253612,-0.05104499999999995,0.39679200000000014,0.27154800000000007,-0.02554200000000001,0.386348,0.24910000000000004,-0.032623999999999986,0.3708420000000001
280,2.79,0.300486,0.011440000000000061,0.3870610000000001,0.32160799999999995,0.051710000000000034,0.45305700000000004,0.374631,-0.02749299999999999,0.39730200000000004,0.315506,-0.06736599999999998,0.35854200000000014,0.23862999999999995,-0.03983199999999998,0.3682050000000001,0.25712699999999994,-0.006938,0.37038800000000016,0.252265,-0.049799999999999955,0.3974770000000001,0.27016,-0.024190999999999963,0.3872270000000001,0.24754100000000007,-0.030991999999999964,0.37184400000000006
281,2.8,0.30041,0.011602999999999974,0.387506,0.321317,0.05254000000000003,0.4532410000000001,0.3746040000000001,-0.027088,0.39831400000000006,0.315668,-0.06742599999999999,0.3597030000000001,0.23864900000000006,-0.040000000000000036,0.36889400000000006,0.255704,-0.005183999999999966,0.37183600000000006,0.2509489999999999,-0.04843999999999998,0.3983110000000001,0.26884,-0.022743999999999986,0.38827100000000003,0.246037,-0.029219999999999968,0.37302100000000005
282,2.81,0.30037600000000003,0.011658000000000002,0.387776,0.3208680000000001,0.05316799999999999,0.4531480000000001,0.37462500000000004,-0.02684299999999995,0.399305,0.3158579999999999,-0.06751599999999996,0.36070800000000003,0.23884299999999997,-0.04020499999999999,0.36943400000000004,0.25455200000000006,-0.0036640000000000006,0.373074,0.24985799999999997,-0.04724499999999998,0.399022,0.267758,-0.021481000000000028,0.389174,0.24481100000000006,-0.02768100000000001,0.374024
283,2.82,0.3002580000000001,0.011718000000000006,0.3884230000000001,0.32047600000000004,0.05371200000000004,0.453732,0.37449800000000005,-0.026594000000000007,0.4004510000000001,0.31593,-0.06759199999999999,0.3618760000000001,0.23889,-0.04042600000000002,0.37004400000000004,0.2534349999999999,-0.002092999999999956,0.3743000000000001,0.24877200000000005,-0.04599899999999996,0.3997010000000001,0.26669500000000007,-0.02017299999999994,0.39005900000000004,0.24360900000000002,-0.02608399999999994,0.37500600000000006
284,2.83,0.3001770000000001,0.011760000000000048,0.3889570000000001,0.3199560000000001,0.05416600000000005,0.4541050000000001,0.37435500000000005,-0.026507999999999976,0.4018130000000001,0.316012,-0.06774599999999997,0.3629660000000001,0.23884100000000003,-0.040453999999999934,0.370521,0.25220899999999996,-0.0005569999999999742,0.37550400000000006,0.247639,-0.044757999999999964,0.4004040000000001,0.26553200000000005,-0.018830000000000013,0.3909840000000001,0.24237199999999998,-0.024548999999999987,0.37597000000000014
285,2.84,0.3000570000000001,0.011795,0.3895290000000001,0.31943499999999997,0.05459599999999998,0.4546150000000001,0.37420899999999996,-0.02623399999999998,0.40296300000000007,0.316193,-0.06778799999999996,0.364031,0.23895300000000003,-0.040702000000000016,0.37097000000000013,0.251612,0.0007730000000000237,0.3765910000000001,0.24698800000000004,-0.043684,0.40102100000000007,0.26492600000000005,-0.01770299999999997,0.3918370000000001,0.24171199999999998,-0.023195999999999994,0.376823
286,2.85,0.300024,0.011879000000000028,0.390065,0.318934,0.05498000000000003,0.455132,0.37420100000000006,-0.025960999999999956,0.4040830000000001,0.31639900000000004,-0.06768099999999999,0.3648060000000001,0.239257,-0.04090299999999997,0.37135000000000007,0.2508350000000001,0.0017890000000000406,0.37716700000000014,0.24619300000000005,-0.04287399999999997,0.40121400000000007,0.264156,-0.016847,0.3922110000000001,0.24089,-0.02216299999999999,0.37721400000000005
287,2.86,0.30035000000000006,0.01264599999999999,0.39051500000000006,0.31846,0.055416999999999994,0.4556720000000001,0.37431600000000004,-0.025399999999999978,0.4050560000000001,0.316992,-0.067017,0.365541,0.2396810000000001,-0.03963700000000003,0.37128099999999997,0.25114700000000006,0.002493000000000023,0.377757,0.246319,-0.042318999999999996,0.40148700000000004,0.264376,-0.01627999999999996,0.39271200000000006,0.24113800000000002,-0.02143199999999995,0.377613
288,2.87,0.30036,0.012884000000000007,0.39100800000000013,0.318053,0.05594100000000002,0.45617600000000014,0.37447400000000003,-0.024743999999999988,0.406,0.317518,-0.06664300000000001,0.366279,0.23997200000000002,-0.039900999999999964,0.371549,0.25129700000000005,0.002929000000000015,0.3780000000000001,0.24629799999999996,-0.04200899999999996,0.40145700000000006,0.26444700000000004,-0.01597299999999996,0.392861,0.241215,-0.020963999999999983,0.37770000000000015
289,2.88,0.300391,0.013325000000000031,0.39150700000000005,0.31775400000000004,0.05652200000000002,0.45673700000000006,0.37457100000000004,-0.02375299999999997,0.4067640000000001,0.31810600000000006,-0.06607299999999999,0.3669760000000001,0.24037300000000011,-0.039949999999999986,0.3717750000000001,0.2516230000000001,0.003517000000000048,0.37852600000000003,0.24646600000000002,-0.04156500000000002,0.40167200000000014,0.26469100000000007,-0.015507999999999966,0.3933040000000001,0.241496,-0.020354999999999956,0.3780380000000001
290,2.89,0.30055100000000007,0.013650000000000051,0.3918630000000001,0.3174550000000001,0.05714700000000006,0.45706500000000005,0.37485000000000007,-0.02314499999999997,0.4075470000000001,0.318595,-0.06586999999999998,0.36758500000000016,0.24078400000000005,-0.039825,0.37207100000000015,0.252036,0.003794999999999993,0.3788520000000001,0.24665999999999993,-0.04140299999999997,0.40171900000000005,0.26501,-0.015380999999999978,0.3935160000000001,0.241798,-0.02002499999999996,0.3782150000000001
291,2.9,0.30055100000000007,0.01392600000000005,0.3923350000000001,0.317285,0.05769000000000002,0.457449,0.37499699999999997,-0.022306999999999966,0.40814300000000014,0.31906799999999996,-0.06552099999999994,0.36818300000000004,0.24115000000000003,-0.040051,0.37264600000000003,0.25157100000000004,0.0037570000000000103,0.37803200000000015,0.24611500000000003,-0.04150799999999999,0.4007480000000001,0.2645460000000001,-0.015549999999999953,0.392521,0.241199,-0.020004999999999995,0.37736900000000007
292,2.91,0.300579,0.014169000000000043,0.39254200000000006,0.317115,0.05826399999999998,0.45757400000000004,0.375219,-0.021741999999999984,0.40853300000000015,0.319424,-0.06518599999999997,0.3685560000000001,0.241396,-0.040224999999999955,0.3729490000000001,0.252261,0.004066999999999987,0.37851,0.24652499999999994,-0.04132000000000002,0.40091200000000016,0.26513000000000003,-0.015443999999999958,0.39282000000000006,0.24170600000000003,-0.019608999999999988,0.37770500000000007
293,2.92,0.30063,0.014432,0.3927450000000001,0.31715,0.05880200000000002,0.457751,0.375399,-0.021131999999999984,0.408829,0.319702,-0.06489799999999996,0.368858,0.241585,-0.040351000000000026,0.373204,0.25199900000000003,0.004499000000000031,0.37841400000000003,0.246145,-0.04100799999999999,0.4005390000000001,0.26485200000000003,-0.015193000000000012,0.3924890000000001,0.24128900000000003,-0.01910400000000001,0.377522
294,2.93,0.300741,0.014807000000000015,0.3928630000000001,0.3171530000000001,0.05942100000000006,0.4577650000000001,0.37556399999999995,-0.020542000000000005,0.40902700000000014,0.31997400000000004,-0.06462699999999993,0.36927200000000004,0.2418160000000001,-0.04011100000000001,0.373463,0.252581,0.004923000000000011,0.37900500000000004,0.24649499999999996,-0.040700000000000014,0.4008250000000001,0.2653400000000001,-0.014940000000000009,0.3929250000000001,0.24173299999999992,-0.01861099999999999,0.37796700000000005
295,2.94,0.30076300000000006,0.014938000000000062,0.3930380000000001,0.31724,0.060104000000000046,0.45768600000000015,0.37579,-0.019962999999999953,0.40922500000000006,0.3202430000000001,-0.06456399999999995,0.36980500000000005,0.24200000000000005,-0.040453999999999934,0.374097,0.25269199999999997,0.005672999999999984,0.379541,0.246446,-0.04010999999999998,0.40097800000000006,0.2654,-0.014385999999999954,0.39322400000000013,0.24170600000000003,-0.017789,0.37834100000000004
296,2.95,0.30080899999999994,0.01513399999999998,0.3931620000000001,0.317259,0.060740000000000016,0.45751600000000003,0.375948,-0.019521999999999984,0.4095350000000001,0.320437,-0.06443300000000002,0.37023700000000004,0.24215499999999995,-0.04053200000000001,0.3746520000000001,0.252959,0.006066999999999989,0.37974300000000005,0.24652800000000002,-0.039816999999999936,0.40090900000000007,0.2655950000000001,-0.014139999999999986,0.3932740000000001,0.24185299999999993,-0.017332000000000014,0.3784200000000001
297,2.96,0.30089400000000005,0.015325000000000033,0.39316400000000007,0.3171230000000001,0.061321000000000014,0.45738900000000005,0.37614200000000003,-0.019030999999999965,0.4097830000000001,0.32080499999999995,-0.06420399999999998,0.37059700000000007,0.24246099999999998,-0.040715999999999974,0.3747640000000001,0.25298400000000004,0.00679200000000002,0.3801930000000001,0.246396,-0.03923999999999994,0.40098600000000006,0.2655650000000001,-0.013591999999999993,0.3935080000000001,0.24175800000000008,-0.01654,0.378707
298,2.97,0.30098600000000003,0.015508000000000022,0.3931410000000001,0.3169199999999999,0.06168600000000002,0.4573900000000001,0.37635,-0.018510000000000026,0.41001300000000007,0.32124400000000003,-0.063969,0.370671,0.242786,-0.04084799999999994,0.3746250000000001,0.25304200000000004,0.007378000000000051,0.380448,0.24632000000000004,-0.038766999999999996,0.4009440000000001,0.26556300000000005,-0.013127999999999973,0.39363100000000006,0.24174800000000002,-0.015910999999999953,0.37881300000000007
299,2.98,0.30105,0.015690000000000037,0.393116,0.31663,0.06178600000000001,0.457468,0.37652599999999997,-0.018157999999999952,0.4101730000000001,0.321657,-0.06346000000000002,0.370626,0.243079,-0.04095599999999999,0.374267,0.2528970000000001,0.00780300000000006,0.3805470000000001,0.24606699999999998,-0.03843699999999994,0.4007900000000001,0.26537400000000005,-0.012809999999999933,0.39360300000000004,0.24153799999999997,-0.015444999999999987,0.378791
300,2.99,0.30104100000000006,0.01567400000000002,0.39303200000000016,0.316313,0.061792000000000014,0.45749000000000006,0.376542,-0.017984999999999973,0.41034800000000005,0.32187000000000004,-0.06346799999999997,0.3705370000000001,0.24326599999999993,-0.041099,0.37393600000000016,0.25267200000000006,0.00852200000000003,0.38085400000000014,0.24576000000000003,-0.037845999999999935,0.40077700000000016,0.26511599999999996,-0.012209999999999999,0.3937550000000001,0.24126200000000003,-0.01468999999999998,0.37894400000000006
301,3.0,0.300982,0.015595999999999999,0.39295900000000006,0.3160140000000001,0.06175600000000003,0.45743200000000006,0.37645600000000007,-0.01804100000000003,0.41054,0.32193299999999997,-0.06353299999999995,0.3706140000000001,0.24325500000000005,-0.041206999999999994,0.37370000000000014,0.25223900000000005,0.009242000000000028,0.38111000000000006,0.24524400000000007,-0.03724499999999997,0.400722,0.264661,-0.01162599999999997,0.39381100000000013,0.24074199999999996,-0.013914999999999955,0.37907500000000016
302,3.01,0.30089099999999996,0.015390000000000015,0.39283200000000007,0.315827,0.061690999999999996,0.457214,0.376279,-0.01832800000000001,0.4106540000000001,0.32179399999999997,-0.06386899999999995,0.37071200000000004,0.24311300000000008,-0.041325999999999974,0.37362700000000004,0.2518010000000001,0.01008500000000001,0.38145600000000013,0.24472600000000005,-0.03653099999999998,0.40073000000000014,0.26420399999999994,-0.010927999999999993,0.3939330000000001,0.24020899999999995,-0.01301399999999997,0.37929100000000004
303,3.02,0.30074300000000004,0.015085000000000015,0.39266800000000013,0.31574699999999994,0.061599000000000015,0.45690300000000006,0.376091,-0.018637999999999988,0.4106160000000001,0.32152,-0.06431300000000001,0.370819,0.24290099999999998,-0.041623999999999994,0.37364700000000006,0.25109600000000004,0.011195000000000066,0.38188200000000005,0.24396299999999999,-0.03557199999999994,0.40076600000000007,0.2635030000000001,-0.009990999999999972,0.3940600000000001,0.23938399999999999,-0.011830000000000007,0.37958800000000004
304,3.03,0.300533,0.01467400000000002,0.39239199999999996,0.31575099999999995,0.06171500000000002,0.45640500000000006,0.375898,-0.01897099999999996,0.41049500000000005,0.32125,-0.06465099999999996,0.37079800000000007,0.242705,-0.042447999999999986,0.3737340000000001,0.25055,0.012006000000000017,0.382093,0.24333600000000005,-0.03486699999999998,0.40068100000000006,0.262947,-0.009328999999999976,0.39401600000000003,0.23871000000000003,-0.010944999999999983,0.3797170000000001
305,3.04,0.300741,0.014857999999999982,0.3918560000000001,0.31570100000000006,0.06204500000000002,0.455719,0.37604300000000007,-0.01871400000000001,0.41029700000000013,0.321518,-0.06460499999999997,0.3706680000000001,0.24298999999999998,-0.04220899999999994,0.37323300000000004,0.249929,0.013005000000000044,0.3822780000000001,0.24258799999999997,-0.03398499999999999,0.40051800000000015,0.26230499999999995,-0.008525999999999978,0.3938670000000001,0.23789999999999994,-0.00983999999999996,0.3798260000000001
306,3.05,0.300857,0.015022000000000035,0.39133000000000007,0.315846,0.06230000000000002,0.4552240000000001,0.37637499999999996,-0.018189999999999984,0.40949900000000006,0.321891,-0.06427699999999997,0.3699990000000001,0.24337099999999995,-0.042420999999999986,0.3728110000000001,0.25078700000000004,0.01304700000000003,0.38180800000000004,0.24310099999999996,-0.03392400000000001,0.39995500000000017,0.26301099999999994,-0.00861099999999998,0.39332200000000006,0.23856700000000003,-0.00969399999999998,0.379329
307,3.06,0.301032,0.015498000000000012,0.390752,0.315884,0.06275400000000003,0.454685,0.37680600000000003,-0.01733399999999996,0.40872300000000006,0.32246400000000003,-0.06362199999999996,0.3692500000000001,0.24379499999999993,-0.04224899999999998,0.372251,0.2506230000000001,0.013552000000000008,0.3815630000000001,0.24278800000000006,-0.03347899999999998,0.3994890000000001,0.2627960000000001,-0.008234999999999992,0.39288500000000004,0.2382680000000001,-0.009108999999999978,0.37902500000000006
308,3.07,0.301232,0.015790000000000026,0.3902350000000001,0.3159880000000001,0.06302000000000002,0.454194,0.37713199999999997,-0.01677099999999998,0.407987,0.32295,-0.06331899999999996,0.36862800000000007,0.24419700000000005,-0.04205399999999998,0.3718110000000001,0.25156799999999996,0.013702000000000047,0.38129100000000005,0.24347400000000002,-0.033333999999999975,0.399089,0.263608,-0.008154999999999968,0.3926210000000001,0.23913599999999996,-0.00890599999999997,0.37865400000000005
309,3.08,0.30130700000000005,0.01607900000000001,0.38978599999999997,0.3160220000000001,0.063278,0.4538080000000001,0.377385,-0.016162999999999983,0.407381,0.3233289999999999,-0.06283799999999995,0.36803600000000003,0.244442,-0.042066999999999966,0.371305,0.25147400000000003,0.014041999999999999,0.38083200000000006,0.24324000000000007,-0.03303299999999998,0.3984620000000001,0.26346200000000003,-0.007919999999999983,0.39201300000000006,0.238925,-0.008496000000000004,0.3781530000000001
310,3.09,0.30147699999999994,0.01634599999999997,0.3892650000000001,0.31595899999999993,0.06349199999999999,0.45336600000000005,0.3776040000000001,-0.01582,0.40692000000000006,0.32367799999999997,-0.06252200000000002,0.367382,0.24478099999999997,-0.04182999999999998,0.370675,0.252014,0.014249999999999985,0.380406,0.243558,-0.032843999999999984,0.39788100000000004,0.26389999999999997,-0.007809999999999928,0.3915040000000001,0.23935100000000004,-0.008215999999999946,0.3776590000000001
311,3.1,0.30161699999999997,0.016629000000000005,0.38886600000000004,0.316011,0.06370599999999998,0.4530310000000001,0.377821,-0.01528999999999997,0.4064270000000001,0.324053,-0.06219899999999995,0.366911,0.24506299999999998,-0.04165799999999997,0.370198,0.25196599999999997,0.014519000000000004,0.37973900000000016,0.24332799999999993,-0.03259699999999999,0.397065,0.263785,-0.007664000000000004,0.39066100000000004,0.23914300000000005,-0.007853999999999972,0.37697900000000006
312,3.11,0.30174400000000007,0.01694800000000002,0.38841000000000003,0.31600900000000004,0.06407300000000005,0.45260500000000015,0.37804200000000004,-0.014859000000000011,0.4059260000000001,0.32430600000000004,-0.06182899999999997,0.3664900000000001,0.24533100000000002,-0.04144399999999998,0.3697220000000001,0.25209299999999996,0.014979999999999993,0.37961900000000015,0.243303,-0.032196,0.39670300000000003,0.263847,-0.007311999999999985,0.3903890000000001,0.23917100000000008,-0.00732499999999997,0.37676600000000005
313,3.12,0.301839,0.01726500000000003,0.38807900000000006,0.316208,0.06453799999999998,0.452137,0.37825400000000003,-0.014285999999999965,0.405439,0.32454999999999995,-0.06147999999999998,0.36623000000000006,0.24550900000000003,-0.04133500000000001,0.3696630000000001,0.25192600000000004,0.015652000000000055,0.3795970000000001,0.24294899999999992,-0.03160400000000002,0.3963610000000001,0.263612,-0.00680499999999995,0.3900950000000001,0.23883500000000008,-0.0065429999999999655,0.3766590000000001
314,3.13,0.301911,0.017520000000000036,0.3877250000000001,0.316281,0.06515400000000005,0.4514800000000001,0.37849400000000005,-0.01378299999999999,0.40504700000000016,0.324784,-0.06125000000000003,0.36617,0.24569100000000005,-0.04130099999999998,0.369804,0.25182200000000005,0.016280000000000017,0.37970800000000005,0.24271500000000007,-0.03105199999999997,0.39618200000000015,0.263457,-0.006298999999999999,0.3900000000000001,0.238624,-0.005836999999999981,0.37667300000000004
315,3.14,0.30190200000000006,0.017734000000000028,0.3875660000000001,0.31636800000000004,0.065612,0.45110800000000006,0.37860299999999997,-0.01334200000000002,0.4046930000000001,0.324931,-0.061051999999999995,0.36626000000000003,0.24573800000000007,-0.04126000000000002,0.370035,0.252114,0.01689700000000005,0.37998900000000013,0.24276999999999999,-0.030503000000000002,0.396131,0.263647,-0.005842999999999987,0.390035,0.238747,-0.005104999999999971,0.37684700000000004
316,3.15,0.301896,0.017853000000000008,0.3874040000000001,0.31625,0.06598700000000002,0.4507540000000001,0.378704,-0.013014999999999999,0.40454100000000004,0.3251230000000001,-0.06096499999999999,0.3663400000000001,0.245875,-0.04128299999999996,0.37017600000000017,0.2520900000000001,0.017732000000000026,0.3804130000000001,0.24259000000000003,-0.02975899999999998,0.396193,0.26356399999999996,-0.005159999999999998,0.39017900000000005,0.238581,-0.004166999999999976,0.37716400000000005
317,3.16,0.30182800000000004,0.01789400000000002,0.38739900000000005,0.31613700000000006,0.06618600000000002,0.45065600000000006,0.3786939999999999,-0.012654999999999972,0.4044960000000001,0.325305,-0.060881999999999936,0.366483,0.24600499999999997,-0.04148499999999994,0.3703130000000001,0.25206600000000007,0.018440000000000067,0.380661,0.242342,-0.029113999999999973,0.39611300000000005,0.26345199999999996,-0.0046319999999999695,0.39010200000000006,0.238346,-0.003318999999999961,0.37735700000000005
318,3.17,0.301811,0.018008999999999997,0.38735300000000006,0.31583500000000003,0.06643399999999999,0.45052900000000007,0.378731,-0.012226000000000015,0.4047750000000001,0.32555799999999996,-0.06075199999999997,0.36656900000000003,0.24620500000000006,-0.04157899999999998,0.3702540000000001,0.252053,0.019179999999999975,0.38109100000000007,0.24211699999999997,-0.028438999999999992,0.3962030000000001,0.26335400000000003,-0.0040639999999999565,0.39020500000000014,0.2381330000000001,-0.002441999999999944,0.3777260000000001
319,3.18,0.30181399999999997,0.018096,0.3873550000000001,0.3156670000000001,0.06664300000000001,0.45050500000000004,0.378886,-0.011823999999999946,0.4048130000000001,0.32585000000000003,-0.06060599999999999,0.3666520000000001,0.24637599999999998,-0.04172999999999999,0.3702780000000001,0.252025,0.01976300000000003,0.3813400000000001,0.24190700000000004,-0.027893999999999974,0.39620900000000003,0.263252,-0.003616000000000008,0.3901970000000001,0.23793499999999995,-0.0017439999999999678,0.3779460000000001
320,3.19,0.301827,0.01810400000000001,0.38733400000000007,0.31553400000000004,0.06684299999999999,0.45040100000000005,0.37903400000000004,-0.011546999999999974,0.404834,0.32610199999999995,-0.060531999999999975,0.36668900000000004,0.24660199999999993,-0.04197200000000001,0.370401,0.2519120000000001,0.020682000000000034,0.38204800000000005,0.24160200000000004,-0.02705099999999999,0.396536,0.263059,-0.002864999999999951,0.39055400000000007,0.23763600000000001,-0.0006900000000000239,0.378579
321,3.2,0.3017910000000001,0.018067,0.3872570000000001,0.315559,0.06693499999999997,0.45025400000000004,0.37914200000000003,-0.011285999999999963,0.40453700000000015,0.326247,-0.06051299999999998,0.36666600000000005,0.246705,-0.042241999999999946,0.37051200000000006,0.2518540000000001,0.021523000000000014,0.38273400000000013,0.2413579999999999,-0.026270000000000016,0.39688600000000007,0.26292,-0.0021719999999999517,0.39092800000000005,0.23740500000000003,0.0002770000000000272,0.37920200000000004
322,3.21,0.30174800000000007,0.01786500000000002,0.387193,0.31560099999999996,0.06688300000000003,0.4500320000000001,0.3791950000000001,-0.011390000000000011,0.40439400000000003,0.32621000000000006,-0.06071900000000002,0.36670400000000003,0.24667600000000006,-0.04253599999999996,0.3707220000000001,0.2514600000000001,0.02263900000000002,0.38365000000000005,0.24084199999999995,-0.025246999999999964,0.39739100000000005,0.262477,-0.0012070000000000136,0.39146500000000006,0.23685299999999992,0.001515000000000044,0.38004099999999996
323,3.22,0.3016330000000001,0.017595000000000027,0.3870640000000001,0.31566,0.06686400000000003,0.4496760000000001,0.37910799999999995,-0.011565999999999965,0.4042000000000001,0.32607100000000006,-0.061099000000000014,0.36683100000000013,0.2464840000000001,-0.042869999999999964,0.370962,0.25116900000000003,0.023726000000000025,0.38456999999999997,0.24040599999999995,-0.02424499999999996,0.39789300000000005,0.26212300000000005,-0.0002729999999999677,0.3919910000000001,0.23638900000000002,0.0027349999999999874,0.380892
324,3.23,0.3015170000000001,0.017264,0.38710100000000003,0.315718,0.06681800000000004,0.449458,0.378997,-0.011898999999999937,0.40421300000000004,0.325872,-0.061531999999999976,0.36711400000000016,0.2462870000000001,-0.043232999999999966,0.37141500000000005,0.25089900000000004,0.024668000000000023,0.3853010000000001,0.240018,-0.023376000000000008,0.39826400000000006,0.26180200000000003,0.0005399999999999849,0.3923730000000001,0.235971,0.0037910000000000443,0.38156999999999996
325,3.24,0.30167700000000003,0.017366000000000048,0.38706600000000013,0.3156609999999999,0.06719600000000003,0.4492490000000001,0.37917300000000004,-0.011570000000000025,0.404435,0.3262190000000001,-0.06147600000000003,0.3674670000000001,0.24659900000000007,-0.043292,0.371517,0.25073299999999993,0.025556000000000023,0.3859520000000001,0.23969600000000008,-0.022547999999999957,0.39855600000000013,0.26156300000000005,0.0012860000000000094,0.3926440000000001,0.235624,0.004815000000000069,0.38219100000000006
326,3.25,0.301935,0.017703999999999998,0.38717,0.315718,0.06771300000000002,0.4492450000000001,0.379592,-0.010832000000000008,0.404478,0.326861,-0.06106699999999998,0.367727,0.2471370000000001,-0.04321799999999998,0.3717990000000001,0.252005,0.02562700000000001,0.38594400000000006,0.24061700000000003,-0.022426999999999975,0.39842200000000005,0.262658,0.0012469999999999981,0.392517,0.23671400000000004,0.005023999999999973,0.38216400000000006
327,3.26,0.3022240000000001,0.01816200000000001,0.38732500000000014,0.315702,0.06831199999999998,0.44937400000000005,0.3800900000000001,-0.00989599999999996,0.40462600000000004,0.32761500000000005,-0.06041299999999994,0.3679310000000001,0.24782299999999996,-0.043154000000000026,0.37199000000000004,0.25266099999999997,0.026173000000000002,0.38637200000000005,0.24103000000000002,-0.021894999999999998,0.3985710000000001,0.26319200000000004,0.0016760000000000108,0.3927020000000001,0.237211,0.00569900000000001,0.3825370000000001
328,3.27,0.302468,0.018518000000000034,0.38750000000000007,0.3157250000000001,0.06879799999999997,0.449539,0.38043200000000005,-0.009267999999999998,0.40490800000000005,0.328111,-0.060013999999999956,0.36816400000000005,0.24827700000000003,-0.043001999999999985,0.37216400000000005,0.253786,0.02613399999999999,0.386151,0.24185000000000006,-0.021881999999999957,0.39826000000000006,0.2641609999999999,0.0015510000000000246,0.39240600000000003,0.23819000000000007,0.005774000000000001,0.38229599999999997
329,3.28,0.30265499999999995,0.018764000000000003,0.38761600000000007,0.315845,0.06915400000000005,0.449616,0.380647,-0.008835999999999955,0.4051290000000001,0.32841800000000004,-0.059743999999999964,0.3684360000000001,0.248531,-0.04292099999999999,0.37226500000000007,0.25379100000000004,0.02672000000000002,0.3864430000000001,0.241736,-0.021332000000000018,0.3982930000000001,0.264105,0.0020549999999999735,0.3924710000000001,0.23809400000000008,0.0064469999999999805,0.3825390000000001
330,3.29,0.302776,0.018897000000000053,0.38777400000000006,0.315953,0.069519,0.44969800000000004,0.3807859999999999,-0.008551999999999949,0.40534500000000007,0.328648,-0.059585,0.368819,0.24871000000000004,-0.042993,0.37250700000000003,0.254226,0.027131000000000016,0.3867710000000001,0.24198599999999998,-0.020928999999999975,0.39839199999999997,0.26444399999999996,0.0023869999999999725,0.392637,0.238427,0.006950999999999985,0.382799
331,3.3,0.302788,0.018591000000000024,0.38819000000000004,0.316093,0.069855,0.44968700000000006,0.38095300000000004,-0.00824899999999995,0.4054320000000001,0.32885400000000004,-0.059392,0.36909100000000006,0.24978399999999995,-0.044193999999999956,0.37385500000000005,0.2544,0.027714000000000072,0.387204,0.241991,-0.020367999999999997,0.39855200000000013,0.26453,0.002880000000000049,0.392838,0.23848200000000003,0.007639000000000007,0.3831770000000001
332,3.31,0.30287500000000006,0.018484,0.3883270000000001,0.31610699999999997,0.07022700000000004,0.4496530000000001,0.38107700000000005,-0.007861000000000007,0.40558400000000006,0.32906300000000005,-0.05918699999999999,0.36934600000000006,0.25067,-0.044991,0.3743000000000001,0.2546420000000001,0.028166000000000024,0.38753800000000005,0.24206,-0.01992299999999997,0.39866500000000005,0.264681,0.003251999999999977,0.3929750000000001,0.238608,0.008191000000000004,0.38347200000000004
333,3.32,0.30297900000000005,0.018720000000000014,0.38849100000000003,0.31610199999999994,0.07057500000000005,0.44974000000000014,0.3811860000000001,-0.007498000000000005,0.405803,0.329366,-0.05906600000000001,0.369641,0.250774,-0.04473499999999997,0.374583,0.25496500000000005,0.028642000000000056,0.388026,0.24216700000000008,-0.019450000000000023,0.39889300000000005,0.26489,0.0036319999999999686,0.3932300000000001,0.23879100000000003,0.008789000000000047,0.38391700000000006
334,3.33,0.3030030000000001,0.018777000000000044,0.388733,0.315977,0.07084700000000005,0.44986400000000015,0.38127099999999997,-0.007141999999999982,0.40608500000000014,0.32961500000000005,-0.058904999999999985,0.370055,0.2510940000000001,-0.04494799999999999,0.3749790000000002,0.25503499999999996,0.029156000000000015,0.3884900000000001,0.24210100000000007,-0.01895399999999997,0.39911300000000005,0.264886,0.004074000000000022,0.393482,0.23876099999999995,0.009395000000000042,0.3843360000000001
335,3.34,0.302989,0.01893699999999998,0.38890800000000014,0.31576999999999994,0.07105600000000001,0.4500390000000001,0.381296,-0.0068270000000000275,0.4063810000000001,0.32981,-0.05877399999999994,0.3703010000000001,0.25114200000000003,-0.044835000000000014,0.37511400000000006,0.25544300000000003,0.029459000000000013,0.388829,0.24230100000000004,-0.018637999999999988,0.39925200000000005,0.265183,0.004296999999999995,0.3936330000000001,0.23904100000000011,0.009809000000000012,0.38464900000000013
336,3.35,0.302997,0.019126000000000032,0.3890270000000001,0.3155259999999999,0.07118100000000005,0.450272,0.381395,-0.0065870000000000095,0.40669600000000006,0.3299750000000001,-0.058635999999999966,0.37051900000000004,0.25101599999999996,-0.04460700000000001,0.3749570000000001,0.255434,0.029830000000000023,0.38896200000000003,0.2421609999999999,-0.018266999999999978,0.39922000000000013,0.265101,0.0046040000000000525,0.393574,0.23892600000000003,0.010268999999999973,0.38478500000000004
337,3.36,0.30298200000000003,0.01927000000000001,0.38904700000000014,0.31529999999999997,0.07127700000000003,0.45038500000000004,0.38138999999999995,-0.006289999999999962,0.40691600000000006,0.330177,-0.058526999999999996,0.3706330000000001,0.25096199999999996,-0.044493000000000005,0.37472000000000005,0.255658,0.030063000000000062,0.38904700000000014,0.2422100000000001,-0.018012000000000028,0.3991760000000001,0.26522799999999996,0.004772000000000054,0.393497,0.23903099999999994,0.010599999999999998,0.3848800000000001
338,3.37,0.302997,0.019372,0.389022,0.3151340000000001,0.071357,0.45043900000000003,0.381465,-0.006113000000000035,0.40698500000000004,0.33034199999999997,-0.05842599999999998,0.3706300000000001,0.25097699999999995,-0.04441099999999998,0.37453800000000004,0.2555760000000001,0.03054900000000005,0.389502,0.24200300000000002,-0.01753599999999994,0.39941700000000013,0.265074,0.005191000000000001,0.3937250000000001,0.23884199999999994,0.011180000000000023,0.38532600000000006
339,3.38,0.302989,0.019523999999999986,0.3888800000000001,0.315062,0.07139200000000007,0.4504030000000001,0.3815,-0.005954999999999988,0.4068370000000001,0.330459,-0.05830999999999997,0.370468,0.2508010000000001,-0.044188000000000005,0.374213,0.255554,0.031055,0.39009000000000016,0.24187300000000006,-0.017042,0.39979700000000007,0.2649890000000001,0.005640000000000034,0.3941040000000001,0.23872900000000002,0.011768999999999974,0.3858980000000001
340,3.39,0.30295500000000003,0.019116999999999995,0.38915200000000016,0.315015,0.07138500000000003,0.450261,0.381534,-0.005767999999999995,0.406574,0.330543,-0.05822299999999997,0.370252,0.252327,-0.04522699999999996,0.3755470000000001,0.255404,0.03167000000000003,0.39082700000000004,0.24162199999999995,-0.01644599999999996,0.40029000000000003,0.26477599999999996,0.006191999999999975,0.3945820000000001,0.23847500000000005,0.012476000000000043,0.386626
341,3.4,0.302897,0.019259000000000026,0.388949,0.31497100000000006,0.071432,0.45009600000000005,0.38161800000000007,-0.005589999999999984,0.40620500000000015,0.330633,-0.058037000000000005,0.36995100000000014,0.25212000000000007,-0.045074999999999976,0.3753320000000001,0.255391,0.03215299999999999,0.391358,0.24149199999999998,-0.015965000000000007,0.400636,0.26469100000000007,0.006616999999999984,0.39489300000000016,0.23835800000000001,0.013050000000000006,0.38716700000000015
342,3.41,0.302831,0.019347999999999976,0.38886600000000004,0.31490599999999996,0.07141999999999998,0.44998800000000005,0.381635,-0.005327999999999999,0.40591,0.3306860000000001,-0.05790000000000001,0.3697210000000001,0.25220899999999996,-0.045001999999999986,0.37536100000000006,0.25520100000000007,0.03268600000000005,0.391795,0.24121600000000004,-0.015441999999999956,0.40089300000000005,0.26444399999999996,0.007099000000000022,0.3951040000000001,0.23807300000000003,0.01366400000000001,0.38762300000000016
343,3.42,0.302776,0.019415000000000016,0.38882800000000006,0.31471600000000005,0.07154500000000003,0.44994200000000006,0.38167600000000007,-0.005153999999999992,0.40590000000000004,0.3307999999999999,-0.05775999999999998,0.3696490000000001,0.25223500000000004,-0.045038999999999996,0.375352,0.255207,0.033118000000000036,0.3921530000000001,0.24112699999999992,-0.015012999999999999,0.40108500000000014,0.264392,0.007489000000000023,0.3952890000000001,0.23800300000000002,0.01416700000000004,0.38797400000000015
344,3.43,0.30272000000000004,0.01958399999999999,0.38884700000000005,0.31455399999999994,0.071685,0.44995300000000005,0.381643,-0.004928999999999961,0.4060910000000001,0.330872,-0.057745999999999964,0.36988600000000005,0.251925,-0.044762000000000024,0.37525600000000003,0.255126,0.03354799999999997,0.392367,0.24098500000000006,-0.014591999999999994,0.4011520000000002,0.264271,0.007888000000000006,0.39536000000000004,0.237867,0.014648999999999968,0.3881760000000001
345,3.44,0.302692,0.019743000000000066,0.3889840000000001,0.31438099999999997,0.07191700000000001,0.4500620000000001,0.381604,-0.0046339999999999715,0.40639000000000003,0.33100999999999997,-0.05764399999999997,0.3703080000000001,0.25185299999999994,-0.044642000000000015,0.37531100000000006,0.25526200000000004,0.03382500000000005,0.3924040000000001,0.24103000000000002,-0.014309999999999934,0.4010760000000001,0.26435400000000003,0.008131999999999973,0.39528300000000005,0.23794299999999996,0.014981999999999995,0.388208
346,3.45,0.30270100000000005,0.019924000000000053,0.3890190000000001,0.314232,0.072239,0.45003000000000004,0.38162599999999997,-0.004426999999999959,0.40669600000000006,0.331107,-0.057558,0.3706360000000001,0.251716,-0.044462,0.3753130000000001,0.25530400000000003,0.03407300000000002,0.39227600000000007,0.24098599999999998,-0.014049999999999951,0.40086600000000006,0.2643400000000001,0.00834600000000002,0.39502500000000007,0.23791200000000007,0.015291000000000055,0.388108
347,3.46,0.30269000000000007,0.02007399999999998,0.38906200000000013,0.314128,0.07248400000000005,0.4500670000000001,0.381658,-0.00410499999999997,0.4067790000000001,0.33122500000000005,-0.05747600000000003,0.3707880000000001,0.25175300000000006,-0.04437799999999997,0.3753590000000001,0.2553790000000001,0.03444600000000003,0.39246800000000004,0.24096900000000004,-0.013673999999999964,0.400919,0.26435400000000003,0.008679000000000048,0.3950380000000001,0.23790499999999998,0.015737,0.38832
348,3.47,0.30270100000000005,0.020453,0.38910100000000003,0.314108,0.07277100000000003,0.44999600000000006,0.3817430000000001,-0.003797999999999968,0.4067940000000001,0.331316,-0.05669999999999997,0.3709720000000001,0.25175300000000006,-0.044157999999999975,0.375397,0.255554,0.03477900000000006,0.392695,0.24101999999999996,-0.013325999999999949,0.40102100000000007,0.26444799999999996,0.008967000000000058,0.39508200000000004,0.23798000000000002,0.01615500000000003,0.38858100000000007
349,3.48,0.3027480000000001,0.020513000000000003,0.38905,0.314088,0.07303700000000002,0.449978,0.381851,-0.00347900000000001,0.40673500000000007,0.33149,-0.056831999999999994,0.37087000000000003,0.25193800000000005,-0.04419099999999998,0.3754320000000001,0.25568399999999997,0.03515900000000005,0.3930990000000001,0.24104799999999998,-0.01294099999999998,0.4012760000000001,0.26450900000000005,0.009306000000000036,0.3952920000000001,0.23802099999999998,0.016614000000000018,0.38900900000000005
350,3.49,0.302777,0.02076300000000003,0.389026,0.31412599999999996,0.073247,0.44991100000000006,0.38195000000000007,-0.00318699999999994,0.40665700000000016,0.3316130000000001,-0.056325000000000014,0.37079400000000007,0.25203000000000003,-0.04410999999999998,0.3754360000000001,0.255821,0.03550800000000004,0.39341400000000004,0.241068,-0.012575999999999976,0.4014740000000001,0.26456700000000005,0.009612999999999983,0.39542600000000017,0.23806200000000005,0.01704600000000006,0.38936400000000015
351,3.5,0.302745,0.020888000000000018,0.38893900000000003,0.31407199999999996,0.07342700000000002,0.44982600000000006,0.38201500000000005,-0.002919000000000005,0.406517,0.331651,-0.05625000000000002,0.3706440000000001,0.252041,-0.044038999999999995,0.37541,0.2557920000000001,0.03595100000000001,0.3937630000000001,0.24096600000000007,-0.012131000000000003,0.40170300000000003,0.264485,0.01002599999999998,0.3956120000000001,0.23796299999999998,0.01755100000000004,0.38973900000000006
352,3.51,0.30272000000000004,0.020936999999999983,0.3889410000000001,0.31403700000000007,0.07357500000000006,0.4497460000000001,0.382028,-0.0027169999999999694,0.40645700000000007,0.331736,-0.056145,0.3706980000000001,0.25214700000000007,-0.04411599999999999,0.37555700000000014,0.2557190000000001,0.03641500000000003,0.39417900000000006,0.24081100000000005,-0.011662000000000006,0.4019910000000001,0.26435400000000003,0.010460000000000025,0.39586299999999996,0.23781899999999995,0.01808000000000004,0.3901760000000001
353,3.52,0.30268,0.02097500000000002,0.3889370000000001,0.31387499999999996,0.07381800000000005,0.44962100000000005,0.381909,-0.0022589999999999555,0.4063810000000001,0.332084,-0.05629899999999999,0.3712310000000001,0.252215,-0.044128999999999974,0.37568200000000007,0.25557,0.03689399999999998,0.39447900000000014,0.24058200000000002,-0.011172999999999933,0.402193,0.2641470000000001,0.010911000000000004,0.3960150000000001,0.2376000000000001,0.018621000000000054,0.3905090000000001
354,3.53,0.302679,0.02105600000000002,0.38897500000000007,0.31372700000000003,0.074042,0.44952400000000003,0.381971,-0.0020479999999999388,0.40657600000000005,0.33219799999999994,-0.05624800000000002,0.37144200000000005,0.25225900000000007,-0.04410599999999998,0.3758600000000001,0.2554990000000001,0.03731800000000002,0.394756,0.24040999999999996,-0.01073099999999999,0.40239100000000005,0.264006,0.011304000000000036,0.39615900000000004,0.23745299999999997,0.019111000000000045,0.3908220000000001
355,3.54,0.302634,0.021208999999999978,0.38898600000000005,0.313495,0.07430600000000004,0.44946300000000006,0.38194600000000006,-0.0016189999999999816,0.40668800000000005,0.33240300000000006,-0.05606500000000003,0.37160400000000016,0.252404,-0.044101999999999975,0.37592400000000004,0.255357,0.037806000000000006,0.39509800000000006,0.2401760000000001,-0.01022799999999996,0.4026440000000001,0.26379499999999995,0.011761999999999995,0.396339,0.23723,0.019669000000000048,0.3912150000000001
356,3.55,0.30257300000000004,0.021297999999999984,0.388996,0.313293,0.07449300000000003,0.44942800000000005,0.38196199999999997,-0.0013579999999999703,0.4067250000000001,0.33251099999999995,-0.055933999999999984,0.37167700000000015,0.252477,-0.044128999999999974,0.3759990000000001,0.25533600000000006,0.03812300000000002,0.39518300000000006,0.24005800000000005,-0.009880999999999973,0.402722,0.26370299999999997,0.012051000000000034,0.3963120000000001,0.23712899999999998,0.020050000000000012,0.3913780000000001
357,3.56,0.3024919999999999,0.021388000000000018,0.388949,0.313081,0.07464500000000002,0.4493260000000001,0.38190700000000005,-0.0011649999999999716,0.4067790000000001,0.332548,-0.05579400000000001,0.371738,0.25247900000000006,-0.04411799999999999,0.37597800000000003,0.255206,0.038656000000000024,0.3957060000000001,0.23985699999999993,-0.009344000000000019,0.40312500000000007,0.263512,0.012556000000000012,0.3966430000000001,0.23692300000000005,0.02065,0.39195000000000013
358,3.57,0.302386,0.021376000000000006,0.38886600000000004,0.3129349999999999,0.07478299999999999,0.449184,0.38180200000000003,-0.0010370000000000101,0.4067250000000001,0.33252200000000004,-0.05583499999999997,0.37175800000000014,0.25247400000000003,-0.04422599999999999,0.375993,0.255237,0.03892900000000005,0.39578599999999997,0.2398010000000001,-0.00904499999999997,0.40319400000000005,0.263472,0.012802000000000036,0.39659600000000006,0.23687400000000008,0.02098600000000006,0.3921190000000001
359,3.58,0.30228499999999997,0.021361999999999992,0.38870899999999997,0.31280899999999995,0.07485200000000003,0.448983,0.38173299999999993,-0.0010619999999999519,0.406593,0.332428,-0.055813999999999975,0.3716830000000001,0.25237000000000004,-0.044292,0.37588600000000005,0.25525400000000004,0.039246,0.39599400000000007,0.23973499999999998,-0.008709999999999996,0.40334400000000004,0.263419,0.013093000000000021,0.39664600000000005,0.23681100000000005,0.02137,0.392401
360,3.59,0.302201,0.02135600000000004,0.388429,0.312746,0.07492300000000002,0.4486070000000001,0.38167100000000004,-0.0009640000000000204,0.40627500000000005,0.332378,-0.055842,0.3714860000000001,0.25233600000000006,-0.04433599999999999,0.3757560000000001,0.255288,0.03945799999999999,0.39602500000000007,0.23970200000000003,-0.008479000000000014,0.40335600000000005,0.263392,0.013284000000000018,0.3965470000000001,0.236775,0.021638000000000046,0.3925160000000001
361,3.6,0.30208700000000005,0.02140599999999998,0.38810900000000015,0.31266600000000005,0.07504299999999997,0.44820800000000005,0.38164800000000004,-0.0008390000000000342,0.4058490000000001,0.332316,-0.05572499999999997,0.371155,0.25226300000000007,-0.04437599999999997,0.3755950000000001,0.25532399999999994,0.039659000000000055,0.39599300000000004,0.23965599999999992,-0.00825300000000001,0.4033120000000001,0.263353,0.013458999999999999,0.3963660000000001,0.236728,0.02190599999999998,0.39258800000000005
362,3.61,0.30198699999999995,0.021488000000000007,0.3877480000000001,0.312634,0.07518600000000003,0.44779800000000003,0.38162199999999996,-0.0006969999999999477,0.40539800000000015,0.33222900000000005,-0.055642000000000025,0.3707690000000001,0.252145,-0.04434699999999997,0.3753550000000001,0.255253,0.03982600000000003,0.3958220000000001,0.23954400000000003,-0.008071999999999968,0.40315100000000004,0.26322799999999996,0.013607000000000036,0.39606200000000014,0.23659100000000005,0.022121000000000002,0.3925280000000001
363,3.62,0.301854,0.02148600000000006,0.387386,0.31255700000000003,0.07535799999999998,0.44729200000000013,0.38156799999999996,-0.0006039999999999934,0.4049220000000001,0.332134,-0.055628999999999984,0.3705280000000001,0.25204999999999994,-0.04444699999999996,0.37525300000000017,0.2554450000000001,0.040046000000000026,0.39586500000000013,0.239651,-0.007830000000000004,0.40315200000000007,0.263341,0.013803000000000065,0.3959440000000001,0.23670200000000002,0.022409000000000012,0.3926630000000001
364,3.63,0.301726,0.021477000000000024,0.387108,0.31254200000000004,0.07543900000000003,0.44689100000000004,0.381495,-0.0004869999999999597,0.40446100000000007,0.3320309999999999,-0.055647999999999975,0.370243,0.25200000000000006,-0.04451099999999997,0.37524000000000013,0.25534000000000007,0.04030100000000003,0.3956780000000001,0.239531,-0.007570999999999994,0.40295800000000004,0.26319600000000004,0.014046000000000058,0.3956210000000001,0.23654499999999995,0.022702000000000055,0.39257700000000006
365,3.64,0.301641,0.021390999999999993,0.38669,0.31241899999999995,0.07554400000000006,0.4463650000000001,0.381495,-0.0004930000000000212,0.40406200000000014,0.33196699999999996,-0.05569899999999994,0.3699340000000001,0.25199199999999994,-0.04472299999999996,0.374993,0.255481,0.04040900000000003,0.3954240000000001,0.23958200000000002,-0.007431999999999994,0.402713,0.26325400000000004,0.014129000000000003,0.39523700000000006,0.23660600000000004,0.022876000000000007,0.39243300000000003
366,3.65,0.30158100000000004,0.02137699999999998,0.38633800000000007,0.3124059999999999,0.07561499999999999,0.4458550000000001,0.38148199999999993,-0.0003829999999999667,0.40364200000000006,0.33196600000000004,-0.05569799999999997,0.3696490000000001,0.25198400000000004,-0.044794,0.3748840000000001,0.255511,0.04067900000000002,0.39537500000000003,0.239558,-0.00714999999999999,0.40262200000000004,0.26322699999999993,0.014384000000000008,0.3950570000000001,0.23658000000000007,0.023195999999999994,0.3924540000000001
367,3.66,0.301525,0.02133299999999999,0.38597100000000006,0.312267,0.07577800000000001,0.4453600000000001,0.381423,-0.000130000000000019,0.40314000000000005,0.33217499999999994,-0.05583199999999999,0.36965500000000007,0.25206100000000004,-0.04490999999999995,0.37471600000000005,0.255611,0.04074300000000003,0.395093,0.23955999999999994,-0.007047999999999943,0.40237600000000007,0.263241,0.014424000000000048,0.3946740000000001,0.23660299999999995,0.02332500000000004,0.39228200000000013
368,3.67,0.30145000000000005,0.021416000000000046,0.385632,0.312285,0.07588500000000004,0.4449790000000001,0.3813490000000001,0.00014500000000000624,0.4026630000000001,0.33220600000000006,-0.05569999999999997,0.36933400000000005,0.25206200000000006,-0.04494999999999999,0.37445800000000007,0.25569899999999995,0.041030999999999984,0.3951840000000001,0.23956300000000003,-0.006738999999999995,0.40241400000000005,0.26325000000000004,0.014691999999999983,0.3946160000000001,0.23662100000000003,0.023678000000000032,0.39244900000000005
369,3.68,0.30134199999999994,0.021398000000000028,0.3853730000000001,0.312163,0.07595000000000002,0.44468600000000014,0.381292,0.000268000000000046,0.40231400000000006,0.332201,-0.05575599999999997,0.36906700000000003,0.25203499999999995,-0.045018999999999976,0.37431800000000004,0.2556570000000001,0.04128700000000002,0.39510600000000007,0.23943399999999998,-0.00645399999999996,0.4023310000000001,0.263114,0.01492600000000005,0.3943730000000001,0.23649500000000007,0.024006000000000027,0.39249900000000015
370,3.69,0.301212,0.02129700000000001,0.385142,0.312092,0.07583200000000007,0.444454,0.381164,0.00011499999999997623,0.40201600000000004,0.33204800000000007,-0.055859999999999965,0.36880999999999997,0.25184500000000004,-0.04508599999999996,0.374112,0.25561000000000006,0.04159900000000005,0.3951840000000001,0.239311,-0.006121999999999961,0.40237500000000004,0.262975,0.01521800000000001,0.39426400000000006,0.23636800000000008,0.024388999999999994,0.392703
371,3.7,0.30104000000000003,0.02107500000000001,0.38485100000000005,0.31190900000000005,0.07566800000000001,0.44411200000000006,0.38102300000000006,-9.499999999995623e-05,0.40177300000000005,0.33187099999999997,-0.05606099999999997,0.36857400000000007,0.25166499999999997,-0.04535299999999998,0.373872,0.25542100000000006,0.04195000000000004,0.39532900000000004,0.23908199999999996,-0.005763999999999936,0.4024730000000001,0.262711,0.015556000000000014,0.3942070000000001,0.23611100000000002,0.024799000000000015,0.3929750000000001
372,3.71,0.300876,0.020868000000000053,0.38460400000000017,0.31177000000000005,0.07548500000000002,0.4438510000000001,0.380867,-0.0003009999999999957,0.401516,0.331717,-0.05632599999999999,0.368387,0.25141300000000005,-0.04553299999999999,0.37364300000000006,0.25535900000000006,0.042329000000000006,0.3955480000000001,0.238952,-0.005371999999999988,0.40262600000000004,0.26255600000000007,0.015919000000000016,0.39421700000000004,0.23597299999999993,0.02524700000000002,0.393313
373,3.72,0.30075500000000005,0.020695999999999992,0.3842850000000001,0.3115750000000001,0.07541400000000004,0.4434030000000001,0.380774,-0.00036999999999998145,0.4012650000000001,0.331678,-0.056489999999999985,0.36824800000000013,0.25133600000000006,-0.045750999999999986,0.37345700000000004,0.25531700000000007,0.042681000000000024,0.395868,0.238852,-0.0050120000000000164,0.4028640000000001,0.26243200000000005,0.016259000000000023,0.39434100000000005,0.23586599999999996,0.025660000000000016,0.39373000000000014
374,3.73,0.3006760000000001,0.020612999999999992,0.3841390000000001,0.3114400000000001,0.07549100000000003,0.4431520000000001,0.3807089999999999,-0.00021099999999996122,0.40107800000000005,0.33174600000000004,-0.05651499999999998,0.36823800000000007,0.25148199999999993,-0.046009999999999995,0.3734670000000001,0.25553,0.043088000000000015,0.3962970000000001,0.23894500000000002,-0.004580999999999946,0.40317500000000006,0.26253,0.016647999999999996,0.394559,0.23599600000000004,0.026153000000000037,0.394238
375,3.74,0.30068200000000006,0.020619,0.3839370000000001,0.311267,0.07570899999999997,0.4428930000000001,0.38074100000000005,0.00017200000000000548,0.400861,0.33208699999999997,-0.05675599999999997,0.3683740000000001,0.25154100000000007,-0.04602299999999998,0.3733660000000001,0.255631,0.043439000000000005,0.396645,0.23897400000000008,-0.004217999999999944,0.4034320000000001,0.26255100000000003,0.016990000000000005,0.39474300000000007,0.23603999999999997,0.02656200000000003,0.39465000000000006
376,3.75,0.3006670000000001,0.020683000000000062,0.38385900000000006,0.31105600000000005,0.075961,0.4426970000000001,0.380789,0.0005399999999999849,0.4008370000000001,0.332316,-0.056678000000000006,0.3684940000000001,0.25174500000000005,-0.04611399999999999,0.3734390000000001,0.255754,0.04366700000000001,0.3967280000000001,0.2390130000000001,-0.003964999999999996,0.4034810000000001,0.26258200000000004,0.017205000000000026,0.394679,0.236099,0.026854000000000045,0.3948300000000001
377,3.76,0.300615,0.020735000000000003,0.38388100000000003,0.3109199999999999,0.07618100000000005,0.442612,0.38078399999999996,0.0007570000000000077,0.4009020000000001,0.332366,-0.056582999999999994,0.36872400000000016,0.25179999999999997,-0.04620799999999997,0.37357300000000004,0.25595300000000004,0.043811000000000044,0.39668100000000006,0.23912099999999997,-0.00378999999999996,0.4034270000000001,0.262685,0.017334000000000016,0.3945010000000001,0.23623199999999994,0.027061999999999975,0.39488800000000013
378,3.77,0.300553,0.02079000000000003,0.38391300000000006,0.31076599999999993,0.07628099999999999,0.44256400000000007,0.38071400000000005,0.0008290000000000242,0.401122,0.332305,-0.05654100000000001,0.368954,0.25169899999999995,-0.046153,0.3736020000000001,0.2559679999999999,0.044106000000000034,0.396737,0.23907899999999999,-0.003481999999999985,0.4034310000000001,0.26260900000000004,0.017623000000000055,0.3943700000000001,0.23618699999999998,0.027417000000000025,0.39506300000000005
379,3.78,0.30048500000000006,0.020775000000000043,0.3839530000000001,0.310625,0.07646800000000004,0.442493,0.380658,0.0008780000000000454,0.40133600000000014,0.33222100000000004,-0.05657000000000001,0.3692440000000001,0.2516570000000001,-0.04626899999999995,0.3737210000000001,0.256241,0.04403299999999999,0.39634800000000003,0.23925500000000005,-0.003512000000000015,0.40310100000000004,0.262769,0.017532000000000048,0.3938630000000001,0.23638900000000002,0.02741400000000005,0.3948260000000001
380,3.79,0.30042300000000005,0.020878000000000008,0.38388500000000003,0.310499,0.07660600000000006,0.44237400000000004,0.38064000000000003,0.0009730000000000016,0.401459,0.33218700000000007,-0.056584999999999996,0.3694470000000001,0.25130899999999995,-0.046099,0.3735870000000001,0.25639400000000007,0.044277999999999984,0.39643700000000004,0.23932100000000006,-0.0032449999999999424,0.4031300000000001,0.26280300000000006,0.01776899999999998,0.39373900000000006,0.2364690000000001,0.02773500000000001,0.39505
381,3.8,0.30049600000000004,0.020847000000000004,0.38391700000000006,0.31034500000000004,0.076762,0.44230800000000003,0.380789,0.0007130000000000192,0.4018710000000001,0.33218700000000007,-0.05648900000000001,0.36962700000000004,0.25131299999999995,-0.04619699999999993,0.37363900000000005,0.25666700000000003,0.044347000000000025,0.3964150000000001,0.2395,-0.003145000000000009,0.40307800000000005,0.262962,0.017828999999999984,0.39355000000000007,0.2366749999999999,0.027874999999999983,0.39515100000000003
382,3.81,0.300367,0.020886000000000016,0.3839380000000001,0.310139,0.07685600000000004,0.44228100000000004,0.380739,0.0009820000000000384,0.40178800000000003,0.332201,-0.056476000000000026,0.3697560000000001,0.25131,-0.04621599999999998,0.37375400000000014,0.256824,0.044574,0.3966700000000001,0.23958000000000007,-0.002902999999999989,0.40324800000000016,0.26301,0.018052000000000012,0.3936010000000001,0.236771,0.02816799999999997,0.39551400000000003
383,3.82,0.300251,0.02088200000000001,0.383996,0.3099199999999999,0.07687100000000002,0.44231300000000007,0.38066399999999995,0.0009670000000000512,0.40190100000000006,0.33212500000000006,-0.05634699999999998,0.3698650000000001,0.25126,-0.046294,0.3738030000000001,0.25713800000000003,0.04468,0.3970140000000001,0.239805,-0.002775999999999945,0.4035040000000001,0.263225,0.018155000000000032,0.39378100000000005,0.237029,0.028337000000000057,0.39593
384,3.83,0.30000199999999994,0.020739000000000007,0.38413300000000017,0.309669,0.07677500000000004,0.44234600000000013,0.3803490000000001,0.0010280000000000289,0.40201300000000006,0.33195100000000005,-0.05654899999999996,0.3700530000000001,0.251207,-0.04645299999999997,0.3741030000000001,0.257418,0.044784000000000046,0.39756900000000006,0.24002399999999996,-0.0026660000000000017,0.403938,0.26342499999999996,0.01826300000000003,0.394165,0.23726700000000006,0.028490000000000015,0.39653700000000014
385,3.84,0.299838,0.020467999999999986,0.38427900000000004,0.309367,0.07654299999999997,0.442492,0.380242,0.0006269999999999887,0.40242500000000003,0.33172799999999997,-0.056753,0.37030700000000005,0.25092,-0.04675699999999994,0.37412600000000007,0.25773299999999993,0.045018999999999976,0.398339,0.2402680000000001,-0.0024279999999999857,0.404536,0.263658,0.01850500000000005,0.3947440000000001,0.23753799999999997,0.028777000000000053,0.39733300000000005
386,3.85,0.2996269999999999,0.020145000000000024,0.3844550000000001,0.30911099999999997,0.07644400000000001,0.4424870000000001,0.37999599999999994,0.00021999999999999797,0.4027980000000001,0.33142999999999995,-0.05718499999999993,0.37070000000000014,0.2506749999999999,-0.04702799999999996,0.374517,0.257661,0.04522999999999999,0.3988450000000001,0.24017800000000006,-0.002224999999999977,0.40492700000000015,0.26352099999999995,0.01872700000000005,0.3950640000000001,0.23743600000000004,0.029022000000000048,0.3979100000000001
387,3.86,0.29941,0.019811999999999996,0.38468500000000005,0.30885199999999996,0.07630200000000004,0.4425810000000001,0.37976000000000004,-0.00013899999999994472,0.40320900000000004,0.33120600000000006,-0.057486999999999955,0.37114100000000005,0.25042499999999995,-0.04743999999999998,0.37486300000000006,0.25764099999999995,0.045503000000000016,0.39940700000000007,0.240145,-0.0019620000000000193,0.4053690000000001,0.26344399999999996,0.019013000000000002,0.395452,0.2373920000000001,0.029323000000000043,0.39853000000000005
388,3.87,0.29922200000000004,0.019570000000000032,0.38480000000000003,0.308603,0.07624200000000003,0.4425300000000001,0.37952900000000006,-0.0004190000000000027,0.40349400000000013,0.33095100000000005,-0.05789599999999995,0.3716300000000001,0.25015000000000004,-0.04757899999999998,0.3751230000000001,0.25769899999999996,0.04561400000000004,0.399737,0.240164,-0.0018459999999999588,0.40563000000000005,0.2634260000000001,0.01913100000000001,0.3956280000000001,0.237415,0.029473000000000027,0.39894300000000005
389,3.88,0.29901800000000006,0.01929900000000001,0.3849290000000001,0.308417,0.07609300000000002,0.4425620000000001,0.379318,-0.0006349999999999967,0.403671,0.33073,-0.05821799999999999,0.3719760000000001,0.24991000000000002,-0.047877999999999976,0.375339,0.25780600000000004,0.04586499999999999,0.40051400000000004,0.24023299999999997,-0.0015999999999999903,0.4062450000000001,0.26346200000000003,0.019397000000000053,0.3962110000000001,0.23749099999999995,0.029761000000000037,0.3997600000000001
390,3.89,0.29882000000000003,0.01905000000000001,0.38500900000000005,0.30823000000000006,0.07592100000000002,0.44256400000000007,0.37907799999999997,-0.0009219999999999784,0.4038370000000001,0.330486,-0.058516999999999986,0.37223300000000004,0.24964099999999995,-0.04809599999999997,0.3754710000000001,0.2579890000000001,0.04602200000000006,0.4011110000000001,0.24037400000000003,-0.001442999999999972,0.4067240000000001,0.26357899999999995,0.019565000000000055,0.396656,0.23764499999999994,0.029952000000000034,0.40039800000000014
391,3.9,0.2985689999999999,0.018713000000000035,0.3851570000000001,0.307985,0.07565900000000003,0.44262400000000013,0.378809,-0.0012360000000000149,0.4040330000000001,0.33023299999999994,-0.05885099999999999,0.3724660000000001,0.2494070000000001,-0.04845700000000003,0.375718,0.25808500000000006,0.04635700000000004,0.402073,0.240435,-0.0011169999999999791,0.407486,0.263608,0.019921999999999995,0.39741000000000004,0.237713,0.030322000000000016,0.401382
392,3.91,0.29836599999999996,0.01843699999999998,0.38525700000000007,0.3077480000000001,0.07550200000000001,0.44266300000000014,0.37857100000000005,-0.001456999999999986,0.40421700000000005,0.33004399999999995,-0.05917100000000003,0.37270800000000004,0.249237,-0.048767000000000005,0.37587500000000007,0.25861800000000007,0.04650900000000002,0.40294300000000005,0.240886,-0.0009559999999999569,0.40817000000000003,0.26406500000000005,0.020087999999999995,0.398116,0.23820899999999995,0.030523000000000022,0.402247
393,3.92,0.29822200000000004,0.018206,0.385348,0.30749,0.07541900000000001,0.442616,0.37839800000000007,-0.0017039999999999833,0.40456500000000006,0.32988,-0.05946400000000002,0.37305600000000017,0.24904600000000005,-0.048978999999999995,0.37604400000000004,0.25900400000000007,0.046611000000000014,0.4034190000000001,0.2412140000000001,-0.0008429999999999827,0.40854,0.2643769999999999,0.020201000000000024,0.3984510000000001,0.238562,0.030664000000000025,0.40276500000000004
394,3.93,0.298097,0.018089999999999995,0.38544200000000006,0.30735799999999996,0.07550100000000004,0.4424990000000001,0.37817700000000004,-0.001744999999999941,0.40472300000000005,0.329753,-0.059750000000000025,0.3735860000000001,0.24891200000000008,-0.04901,0.3763620000000001,0.259391,0.04663800000000001,0.403829,0.24154100000000006,-0.0008039999999999714,0.4088560000000001,0.264678,0.02023999999999998,0.39870700000000003,0.238913,0.03073400000000004,0.403238
395,3.94,0.2979500000000001,0.01778599999999997,0.38567000000000007,0.307248,0.07561499999999999,0.442357,0.378121,-0.00189499999999998,0.40503900000000004,0.3296090000000001,-0.05999199999999999,0.3741310000000001,0.2488390000000001,-0.049534999999999996,0.3770850000000001,0.259631,0.04670200000000002,0.40412100000000006,0.24173699999999992,-0.0007319999999999549,0.409077,0.264823,0.020318000000000058,0.3988260000000001,0.23911900000000003,0.030838000000000032,0.40363400000000005
396,3.95,0.29788,0.017642000000000047,0.38581,0.30727599999999994,0.075793,0.44215300000000013,0.37801999999999997,-0.0020959999999999313,0.40526000000000006,0.32939999999999997,-0.06030599999999997,0.3748110000000001,0.2486,-0.04958299999999999,0.37762400000000007,0.26002300000000006,0.046614000000000044,0.40443000000000007,0.24206899999999992,-0.0008049999999999446,0.40930100000000014,0.26511999999999997,0.020245000000000013,0.3989720000000001,0.23947500000000005,0.030795000000000017,0.40402700000000014
397,3.96,0.29770199999999997,0.01733900000000005,0.38614800000000005,0.307279,0.075932,0.4420630000000001,0.37786900000000007,-0.002320999999999962,0.4055710000000001,0.329146,-0.06063299999999999,0.3754890000000001,0.24844100000000008,-0.05000399999999999,0.3785860000000001,0.260117,0.04657800000000001,0.40460300000000005,0.242145,-0.0008409999999999807,0.4094030000000001,0.26512600000000003,0.020231000000000054,0.39896300000000007,0.23954499999999995,0.03078900000000001,0.404315
398,3.97,0.29755499999999996,0.017174000000000023,0.386429,0.30718700000000004,0.076129,0.44194900000000004,0.37768700000000005,-0.0024640000000000217,0.405945,0.328911,-0.06095399999999995,0.3763310000000001,0.24822400000000006,-0.050099000000000005,0.37933700000000004,0.2604410000000001,0.046648999999999996,0.40525100000000003,0.242419,-0.0007699999999999929,0.409872,0.265361,0.020330999999999988,0.39940200000000015,0.23983900000000008,0.030898000000000037,0.405011
399,3.98,0.297448,0.016979000000000022,0.38684399999999997,0.307038,0.076316,0.44206,0.37749499999999997,-0.0026539999999999897,0.4066200000000001,0.328736,-0.061272999999999966,0.3772630000000001,0.24807799999999997,-0.050292,0.3800490000000001,0.260704,0.046660000000000035,0.40572600000000003,0.24265799999999998,-0.0007639999999999869,0.4101960000000001,0.26555600000000007,0.02037,0.3996970000000001,0.24008199999999996,0.030933000000000044,0.40553000000000006
400,3.99,0.29727700000000007,0.016859999999999986,0.38733700000000004,0.306804,0.07646599999999998,0.442203,0.377303,-0.0026349999999999985,0.4073160000000001,0.32854,-0.06142399999999998,0.37817,0.2479980000000001,-0.05044099999999996,0.38090800000000014,0.26106500000000005,0.046614000000000044,0.4062260000000001,0.24297699999999994,-0.0008079999999999754,0.4105390000000001,0.26584500000000005,0.020350000000000035,0.400026,0.24042000000000002,0.030917000000000028,0.4060610000000001
401,4.0,0.29716000000000004,0.016822000000000004,0.38782700000000003,0.30650800000000006,0.07671200000000006,0.4425230000000001,0.37707299999999994,-0.00256099999999998,0.40811200000000003,0.32848800000000006,-0.06148899999999996,0.37902900000000006,0.24801099999999993,-0.05057299999999998,0.3815010000000001,0.26128900000000005,0.046587000000000045,0.40668400000000005,0.24318800000000002,-0.0008449999999999847,0.41083800000000004,0.2660120000000001,0.020355000000000012,0.4003120000000001,0.24063099999999998,0.03090799999999999,0.4065500000000001
402,4.01,0.297054,0.016773000000000038,0.38826400000000005,0.30614499999999994,0.07690000000000002,0.442805,0.376914,-0.0024879999999999902,0.40896200000000005,0.32842999999999994,-0.06157099999999999,0.38004099999999996,0.24787399999999998,-0.05069399999999996,0.38189000000000006,0.2614389999999999,0.046406,0.40681600000000007,0.24333699999999997,-0.0010329999999999506,0.4108740000000001,0.26611500000000005,0.02019800000000005,0.4003110000000001,0.24077300000000007,0.030737999999999988,0.40673000000000015
403,4.02,0.2969589999999999,0.01679900000000001,0.3887450000000001,0.30588599999999994,0.07714899999999997,0.4430520000000001,0.376701,-0.002320999999999962,0.4097050000000001,0.328429,-0.06160999999999994,0.38087400000000005,0.247909,-0.05066900000000002,0.38257700000000006,0.26186099999999995,0.04633200000000004,0.4073270000000001,0.24374800000000002,-0.0011169999999999791,0.41121300000000005,0.26649800000000007,0.020155000000000034,0.40067300000000006,0.24118600000000007,0.030675000000000008,0.40723900000000013
404,4.03,0.296889,0.016749000000000014,0.389058,0.30564300000000005,0.07742900000000003,0.443098,0.37658299999999995,-0.002363000000000004,0.41041800000000006,0.32831899999999997,-0.06179600000000002,0.38186300000000006,0.24765700000000007,-0.05067100000000002,0.383007,0.262102,0.04617500000000002,0.4074880000000001,0.24398199999999998,-0.0012809999999999766,0.411266,0.266685,0.020025000000000015,0.40069,0.24141700000000005,0.030530999999999975,0.40744800000000003
405,4.04,0.296731,0.016527000000000014,0.389425,0.305568,0.07760600000000006,0.4430750000000001,0.3763790000000001,-0.002350999999999992,0.410895,0.328216,-0.062116000000000005,0.38271500000000014,0.247473,-0.05099199999999998,0.38382700000000003,0.2622590000000001,0.04610100000000006,0.40772700000000006,0.244168,-0.0013739999999999863,0.41139100000000006,0.266809,0.019982,0.40078800000000003,0.241577,0.030453000000000008,0.40773000000000015
406,4.05,0.296606,0.01634800000000003,0.3896520000000001,0.30560500000000007,0.077907,0.44282600000000005,0.376269,-0.0025089999999999835,0.41120500000000015,0.32795199999999997,-0.062448000000000004,0.383675,0.2470940000000001,-0.05114000000000002,0.3845780000000001,0.26250100000000004,0.045957000000000026,0.40793500000000005,0.2444070000000001,-0.0015259999999999718,0.4114890000000001,0.26699900000000004,0.019868000000000052,0.400853,0.24181199999999997,0.030320000000000014,0.40798500000000004
407,4.06,0.296452,0.016039000000000025,0.3898370000000001,0.305715,0.07800600000000002,0.44249400000000005,0.3761180000000001,-0.00273299999999993,0.41133700000000006,0.32768899999999995,-0.062863,0.3843730000000001,0.246817,-0.051427,0.38543800000000006,0.26288800000000007,0.04591700000000004,0.40833200000000003,0.24478899999999998,-0.001574999999999993,0.411733,0.2673440000000001,0.01985999999999999,0.40110500000000004,0.24219200000000002,0.03028799999999998,0.40839400000000003
408,4.07,0.296352,0.015834000000000015,0.38985400000000014,0.305719,0.07808799999999999,0.4420710000000001,0.3759740000000001,-0.003001999999999949,0.41141099999999997,0.3275120000000001,-0.06291299999999994,0.38496700000000006,0.246647,-0.05166099999999996,0.3859100000000001,0.263175,0.045819,0.40870400000000007,0.24507000000000007,-0.001680999999999988,0.411957,0.26758600000000005,0.019796000000000036,0.4013300000000001,0.24247199999999997,0.030198999999999976,0.40878500000000006
409,4.08,0.296185,0.015627000000000002,0.38986200000000004,0.3057680000000001,0.07805499999999999,0.44164400000000004,0.375808,-0.0033139999999999836,0.41134100000000007,0.327266,-0.06303199999999998,0.38537900000000014,0.246311,-0.051780999999999966,0.38644900000000004,0.2633830000000001,0.04576400000000003,0.409154,0.24526700000000007,-0.0017429999999999946,0.4122500000000001,0.267742,0.019777000000000045,0.40162200000000003,0.24267200000000005,0.030155000000000043,0.409257
410,4.09,0.29596799999999995,0.015320000000000056,0.38986300000000007,0.305769,0.07799400000000001,0.4414230000000001,0.37557199999999996,-0.00361800000000001,0.4110950000000001,0.32704700000000003,-0.06323199999999995,0.38583200000000006,0.246021,-0.052190000000000014,0.38673400000000013,0.26352800000000004,0.04564700000000005,0.4092920000000001,0.24543399999999999,-0.0018739999999999868,0.41229000000000005,0.2678650000000001,0.01968700000000001,0.40165400000000007,0.242821,0.030033000000000032,0.40941800000000006
411,4.1,0.2958490000000001,0.014975000000000016,0.3898990000000001,0.30581700000000006,0.07791700000000001,0.4411020000000001,0.375399,-0.0040779999999999705,0.4112100000000001,0.32673100000000005,-0.06383099999999997,0.386228,0.24569899999999995,-0.052287999999999946,0.387219,0.2637150000000001,0.045626,0.40956800000000004,0.24560500000000002,-0.0018959999999999533,0.412463,0.26799599999999996,0.019695000000000018,0.4018020000000001,0.2429980000000001,0.030023999999999995,0.40973500000000007
412,4.11,0.29562800000000006,0.014580000000000037,0.38996600000000003,0.30572000000000005,0.077826,0.4408540000000001,0.3751710000000001,-0.004426999999999959,0.411223,0.32646500000000006,-0.06421900000000003,0.38665800000000006,0.2454840000000001,-0.052724999999999966,0.38769200000000004,0.263661,0.04564099999999999,0.4096630000000001,0.2456230000000001,-0.0019119999999999693,0.4124890000000001,0.26796400000000004,0.019733,0.401833,0.242967,0.030010000000000037,0.40983500000000006
413,4.12,0.295495,0.014285999999999965,0.38996200000000003,0.3057140000000001,0.07766200000000001,0.4406000000000001,0.37498500000000007,-0.004751000000000005,0.4113030000000001,0.326154,-0.06461099999999997,0.3870420000000001,0.24520899999999995,-0.052898,0.387911,0.26365,0.04561400000000004,0.4096430000000001,0.24565700000000007,-0.0019579999999999598,0.4124430000000001,0.26796500000000006,0.019718000000000013,0.40178,0.24297000000000007,0.02996500000000002,0.40982600000000013
414,4.13,0.295325,0.014171000000000045,0.3899250000000001,0.305634,0.07770700000000003,0.4404760000000001,0.374843,-0.005061999999999955,0.4114890000000001,0.32586699999999996,-0.06492599999999998,0.3871500000000001,0.24458399999999997,-0.05287399999999998,0.38792000000000004,0.263682,0.04555999999999999,0.409602,0.24579200000000007,-0.002053000000000027,0.4123610000000001,0.26809900000000003,0.019666000000000017,0.4017870000000001,0.24303899999999995,0.029859999999999998,0.4096970000000001
415,4.14,0.29515700000000006,0.013597999999999999,0.3899480000000001,0.30556600000000006,0.07754100000000003,0.44012000000000007,0.374631,-0.005390999999999979,0.411666,0.32565800000000006,-0.06581199999999998,0.3878650000000001,0.24420100000000006,-0.05337599999999998,0.38829400000000003,0.263851,0.04548200000000002,0.40964600000000007,0.24598000000000003,-0.0021399999999999753,0.41237800000000013,0.26831600000000005,0.01958399999999999,0.401872,0.243218,0.02976899999999999,0.4096740000000001
416,4.15,0.294935,0.01315700000000003,0.39002900000000007,0.30548900000000007,0.07734700000000005,0.43981100000000006,0.374314,-0.005895999999999957,0.41197000000000006,0.3252190000000001,-0.06643699999999997,0.3882200000000001,0.24387300000000006,-0.05363199999999996,0.38882400000000006,0.26438199999999995,0.04517600000000005,0.40940200000000015,0.24650199999999994,-0.0024399999999999977,0.41216700000000006,0.2689160000000001,0.019251000000000018,0.40176100000000003,0.24375400000000008,0.02945800000000004,0.4093230000000001
417,4.16,0.29455499999999996,0.012498000000000065,0.39016300000000004,0.3051559999999999,0.07711400000000002,0.439469,0.37401200000000007,-0.006506999999999985,0.41203900000000004,0.3247010000000001,-0.06713399999999997,0.3889560000000001,0.24356799999999995,-0.05423899999999998,0.38954600000000006,0.26506500000000005,0.04501700000000003,0.40961400000000014,0.24708100000000005,-0.002562999999999982,0.41234100000000007,0.2695800000000001,0.019077000000000066,0.402011,0.2444070000000001,0.02933800000000003,0.4094620000000001
418,4.17,0.294333,0.01217600000000002,0.3898950000000001,0.305266,0.07719100000000001,0.4387010000000001,0.37367900000000004,-0.006954999999999989,0.412073,0.324182,-0.06778400000000001,0.38936000000000004,0.24277900000000002,-0.05429499999999998,0.38973900000000006,0.26571799999999995,0.044719000000000064,0.4094550000000001,0.24765200000000004,-0.002827000000000024,0.41221600000000014,0.2702290000000001,0.018753999999999993,0.40193600000000007,0.245037,0.029071000000000013,0.4092460000000001
419,4.18,0.29404499999999995,0.011707999999999996,0.389767,0.305062,0.07705000000000001,0.4380010000000001,0.373443,-0.007412999999999947,0.4120370000000001,0.3236470000000001,-0.06823800000000002,0.38973000000000013,0.24256899999999998,-0.054657999999999984,0.39027500000000004,0.265862,0.044661000000000006,0.4094420000000001,0.247755,-0.002868999999999955,0.41222000000000014,0.270342,0.018691999999999986,0.4019180000000001,0.24516600000000005,0.029030999999999973,0.4092530000000001
420,4.19,0.2938410000000001,0.011311000000000015,0.38961200000000007,0.305078,0.07701500000000006,0.43746700000000005,0.37325900000000006,-0.007755000000000012,0.4118510000000001,0.32328399999999996,-0.06871599999999994,0.389714,0.242431,-0.05508299999999999,0.3906820000000001,0.266253,0.04456199999999999,0.40965300000000004,0.24813599999999997,-0.0029669999999999974,0.4123880000000001,0.270761,0.018589000000000022,0.40215900000000004,0.24555900000000003,0.028932000000000013,0.409396
421,4.2,0.293681,0.01094000000000006,0.38942,0.30499800000000005,0.07695099999999999,0.43683000000000016,0.373067,-0.008122999999999991,0.4116590000000001,0.323016,-0.06907999999999997,0.3899,0.24239800000000006,-0.05537399999999998,0.39104800000000006,0.265986,0.044457000000000024,0.40945200000000004,0.247925,-0.0030890000000000084,0.412242,0.270527,0.018479999999999996,0.40199300000000004,0.24530999999999997,0.028801999999999994,0.4092070000000001
422,4.21,0.29352700000000004,0.010697000000000012,0.3892920000000001,0.304888,0.07694000000000006,0.4364570000000001,0.372928,-0.008191000000000004,0.411512,0.32285900000000006,-0.06935999999999998,0.38999400000000006,0.24235599999999996,-0.055674999999999975,0.39123300000000005,0.2660620000000001,0.04435600000000006,0.4095270000000001,0.2480750000000001,-0.0032190000000000274,0.41229800000000005,0.27070500000000003,0.018372,0.4021570000000001,0.245419,0.028660999999999992,0.40917500000000007
423,4.22,0.293382,0.01047600000000004,0.3892120000000001,0.30467800000000006,0.07695300000000005,0.43608100000000005,0.3727430000000001,-0.008272999999999975,0.41157,0.322726,-0.06956899999999999,0.39026800000000006,0.24232100000000006,-0.05590999999999996,0.39144,0.2658920000000001,0.044189000000000034,0.40925900000000004,0.24799599999999994,-0.00341600000000003,0.41211700000000007,0.270643,0.018184000000000033,0.402031,0.245288,0.028444000000000025,0.40883900000000006
424,4.23,0.293055,0.01045700000000005,0.38940600000000003,0.3039990000000001,0.07666400000000001,0.436651,0.37250500000000003,-0.008263999999999938,0.41181999999999996,0.32267300000000004,-0.06972299999999998,0.390618,0.24169600000000008,-0.05577900000000002,0.3910140000000001,0.26595700000000005,0.043974999999999986,0.4091680000000001,0.248141,-0.003655999999999937,0.41208900000000004,0.27083799999999997,0.017945000000000044,0.4021190000000001,0.24539300000000003,0.028179999999999983,0.4086240000000001
425,4.24,0.292989,0.01024400000000003,0.38927900000000004,0.304024,0.07679799999999998,0.4360780000000001,0.37221200000000004,-0.008301999999999976,0.4121110000000001,0.32254999999999995,-0.07001099999999999,0.3912310000000001,0.241427,-0.05598399999999998,0.39116000000000006,0.2663189999999999,0.043662000000000034,0.4090560000000001,0.248477,-0.0039539999999999575,0.412073,0.27125099999999996,0.017598000000000003,0.40217,0.245759,0.027866000000000057,0.4084340000000001
426,4.25,0.292712,0.009999000000000036,0.3894430000000001,0.303472,0.07678800000000002,0.4360050000000001,0.37191899999999994,-0.008498000000000006,0.412555,0.322336,-0.070212,0.39191200000000015,0.24117399999999994,-0.056194999999999995,0.3914320000000001,0.26592999999999994,0.04325300000000004,0.40842,0.248245,-0.0044059999999999655,0.41165200000000013,0.2710080000000001,0.01716000000000001,0.40175700000000003,0.24543399999999999,0.02737600000000001,0.40776500000000004
427,4.26,0.292592,0.009742000000000028,0.389483,0.30348800000000004,0.07681700000000002,0.435546,0.371586,-0.00875300000000001,0.41284200000000004,0.32212599999999997,-0.07056599999999996,0.39266800000000013,0.24083900000000008,-0.056240999999999985,0.39188500000000004,0.26645,0.04311400000000004,0.40850200000000003,0.24870299999999995,-0.00451899999999994,0.41178900000000007,0.27153599999999994,0.016994999999999982,0.40194200000000013,0.24594200000000005,0.027254,0.4077940000000001
428,4.27,0.29242399999999996,0.009521000000000002,0.38941500000000007,0.303456,0.076982,0.43507700000000005,0.371338,-0.008993000000000029,0.412852,0.3218250000000001,-0.07087199999999999,0.39316400000000007,0.24056799999999995,-0.05636800000000003,0.392228,0.266816,0.04237200000000002,0.407791,0.249079,-0.005247999999999975,0.4113160000000001,0.2719500000000001,0.01621200000000006,0.4014380000000001,0.24632100000000007,0.02649600000000002,0.40708600000000006
429,4.28,0.29221100000000005,0.009359000000000006,0.3893010000000001,0.3034740000000001,0.07700300000000004,0.43451300000000015,0.3711950000000001,-0.009234999999999993,0.41259100000000004,0.32146100000000005,-0.07108900000000001,0.393483,0.24018,-0.05628999999999995,0.39266800000000013,0.26742800000000005,0.04197200000000001,0.40787700000000005,0.24958200000000003,-0.005601999999999996,0.4114700000000001,0.272514,0.015788000000000024,0.40158400000000005,0.24689900000000004,0.026139000000000023,0.4071730000000001
430,4.29,0.29192499999999993,0.009263000000000021,0.38904400000000006,0.30364399999999997,0.07702900000000007,0.4338900000000001,0.371129,-0.009419999999999984,0.4121410000000001,0.32054,-0.07087399999999999,0.3931110000000001,0.24012499999999998,-0.056611999999999996,0.3929910000000001,0.26820799999999995,0.04140400000000005,0.40763400000000005,0.25028,-0.0061289999999999956,0.41135600000000005,0.27327399999999996,0.015189000000000008,0.40145700000000006,0.247658,0.02559900000000004,0.4069290000000001
431,4.3,0.29177800000000004,0.009114999999999984,0.38875400000000004,0.30375900000000006,0.07706600000000002,0.4332060000000001,0.3711130000000001,-0.00959099999999996,0.41163700000000003,0.32014899999999996,-0.07101099999999999,0.3931260000000001,0.23995500000000008,-0.056665999999999994,0.3932340000000001,0.268971,0.04089799999999999,0.40769200000000005,0.25093399999999993,-0.006587999999999983,0.41148400000000007,0.27399500000000004,0.014658000000000004,0.401587,0.24838900000000003,0.02513399999999999,0.40697700000000003
432,4.31,0.291661,0.008900999999999992,0.38860400000000017,0.30390999999999996,0.07701400000000003,0.43280300000000005,0.371048,-0.009938000000000002,0.41124000000000005,0.31985900000000006,-0.07116699999999998,0.3931000000000001,0.23983700000000002,-0.05683900000000003,0.3934900000000001,0.27018899999999996,0.040071999999999997,0.40746000000000016,0.25200000000000006,-0.007345999999999964,0.41138700000000006,0.2751860000000001,0.013784999999999992,0.40153400000000006,0.24957100000000004,0.02435900000000002,0.40669
433,4.32,0.29157799999999995,0.00863400000000003,0.38844100000000015,0.30402200000000007,0.07688500000000004,0.43232100000000007,0.37090800000000007,-0.010234999999999939,0.410972,0.31975800000000004,-0.071513,0.3932350000000001,0.23963700000000004,-0.05691499999999999,0.393726,0.271284,0.03923600000000005,0.40721300000000005,0.2529310000000001,-0.008104999999999973,0.4112880000000001,0.27623900000000007,0.012902000000000025,0.401463,0.25062500000000004,0.023579000000000017,0.406401
434,4.33,0.291456,0.008311999999999986,0.3884700000000001,0.304171,0.07668300000000006,0.432022,0.37080399999999997,-0.010660000000000003,0.41089600000000004,0.31944200000000006,-0.07184299999999999,0.3935130000000001,0.23937999999999998,-0.05709500000000001,0.394165,0.27246699999999996,0.03834900000000002,0.40709000000000006,0.253956,-0.008919999999999983,0.4112950000000001,0.277392,0.011970000000000036,0.4015230000000001,0.251771,0.02274300000000007,0.40621600000000013
435,4.34,0.291352,0.007964000000000027,0.3884660000000001,0.304266,0.07657500000000006,0.4316780000000001,0.370654,-0.011067999999999967,0.41087000000000007,0.319178,-0.07227599999999995,0.3940270000000001,0.239099,-0.057277999999999996,0.394497,0.273504,0.03759299999999999,0.4072310000000001,0.25484599999999996,-0.00961099999999998,0.41151100000000007,0.27838,0.011183000000000054,0.40177000000000007,0.25277,0.022041000000000033,0.406319
436,4.35,0.29119899999999993,0.007703999999999989,0.3885010000000001,0.30432299999999995,0.07647300000000001,0.4313070000000001,0.370508,-0.011434,0.410945,0.31886699999999996,-0.07263700000000001,0.3945930000000001,0.238593,-0.05725000000000002,0.39491600000000004,0.273944,0.037029000000000034,0.4073890000000001,0.255245,-0.010152999999999968,0.4117350000000001,0.27879800000000005,0.010607000000000033,0.40196600000000005,0.25319600000000003,0.02149300000000004,0.40649800000000014
437,4.36,0.29114200000000007,0.007633000000000056,0.38856900000000005,0.3045560000000001,0.076675,0.431118,0.370427,-0.011705999999999994,0.41103200000000006,0.31862699999999994,-0.07289999999999996,0.39504000000000006,0.23810900000000007,-0.057116,0.39524400000000015,0.274557,0.03646000000000005,0.4077550000000001,0.255794,-0.010693999999999981,0.412127,0.279361,0.010032000000000041,0.40232,0.25378399999999995,0.02095700000000006,0.4068980000000001
438,4.37,0.291043,0.007359999999999978,0.38863400000000015,0.304572,0.07661100000000004,0.43078300000000014,0.370361,-0.011977999999999989,0.4111450000000001,0.318459,-0.07314999999999999,0.3954270000000001,0.23791600000000007,-0.05729299999999998,0.39574700000000007,0.275272,0.03599300000000005,0.40828700000000007,0.256396,-0.011118000000000017,0.4126280000000001,0.27998000000000006,0.009565000000000046,0.402771,0.25445199999999996,0.020550000000000013,0.40748000000000006
439,4.38,0.29103399999999996,0.007189000000000001,0.3887010000000001,0.30469399999999996,0.076598,0.430555,0.37031200000000003,-0.012178999999999995,0.4112260000000001,0.31837199999999993,-0.07342399999999999,0.395934,0.23771799999999993,-0.05725999999999998,0.396084,0.2757899999999999,0.035434999999999994,0.408521,0.256836,-0.011640999999999957,0.41290700000000014,0.280415,0.00900200000000001,0.4029560000000001,0.25493399999999994,0.020035999999999998,0.4078010000000001
440,4.39,0.29100699999999996,0.0069370000000000265,0.38879200000000014,0.30472799999999994,0.07650100000000004,0.4303290000000001,0.37029300000000004,-0.012378999999999973,0.41130600000000017,0.318328,-0.07365599999999994,0.3963010000000001,0.23771500000000007,-0.057433999999999985,0.39653400000000005,0.27660100000000004,0.034862000000000004,0.408891,0.25750999999999996,-0.012156999999999973,0.41329300000000013,0.28112300000000007,0.008419999999999983,0.403285,0.255693,0.01953100000000002,0.408223
441,4.4,0.29099,0.006707999999999992,0.38887300000000014,0.304803,0.076372,0.4302110000000001,0.3702809999999999,-0.012624999999999997,0.41133700000000006,0.31826899999999997,-0.073878,0.39654600000000007,0.237674,-0.05759700000000001,0.39685400000000015,0.27723900000000007,0.034338000000000035,0.409131,0.258048,-0.01263599999999998,0.4135810000000001,0.2816910000000001,0.007884000000000002,0.40352600000000005,0.256295,0.01905499999999999,0.4085050000000001
442,4.41,0.29099099999999994,0.006474000000000035,0.38895100000000005,0.304957,0.07631800000000005,0.43014300000000005,0.37026,-0.012928999999999968,0.4113380000000001,0.318197,-0.07417999999999997,0.3967400000000001,0.23762500000000003,-0.05778,0.3971450000000001,0.277908,0.03370000000000006,0.40926700000000005,0.25864099999999995,-0.013236000000000026,0.413791,0.28233100000000005,0.007226000000000066,0.40373000000000014,0.256944,0.018445000000000045,0.4086390000000001
443,4.42,0.29098299999999994,0.0061370000000000036,0.388958,0.30510200000000004,0.07600000000000001,0.429906,0.370245,-0.013292999999999944,0.41136300000000003,0.318078,-0.07447999999999999,0.3969520000000001,0.23750300000000008,-0.05801299999999998,0.3973960000000001,0.27843100000000004,0.03312100000000001,0.40936400000000006,0.259132,-0.013793999999999973,0.4139670000000001,0.2828690000000001,0.006628000000000023,0.4039330000000001,0.257465,0.017871000000000026,0.40870300000000004
444,4.43,0.290912,0.005796000000000023,0.38902800000000015,0.30524500000000004,0.07572099999999998,0.4297970000000001,0.37012400000000006,-0.013722999999999985,0.4113730000000001,0.31784400000000007,-0.074903,0.3972120000000001,0.23731600000000003,-0.05819599999999997,0.3976740000000001,0.2787140000000001,0.032557,0.40939000000000003,0.259434,-0.01435599999999998,0.4140950000000001,0.28320000000000006,0.006045000000000023,0.40409000000000006,0.25776400000000005,0.017284999999999995,0.40869200000000006
445,4.44,0.290881,0.005363000000000007,0.38906600000000013,0.3053740000000001,0.07538899999999998,0.429597,0.3700069999999999,-0.014356999999999953,0.4115660000000001,0.3175940000000001,-0.07536699999999996,0.39754600000000007,0.23706100000000002,-0.058421999999999974,0.3978940000000001,0.2790270000000001,0.03206700000000001,0.40956800000000004,0.25976099999999996,-0.014844000000000024,0.41434000000000015,0.283569,0.005539000000000016,0.40439800000000015,0.25809600000000005,0.01677400000000001,0.40880400000000006
446,4.45,0.2907910000000001,0.004910999999999999,0.3891350000000001,0.30552700000000005,0.07499600000000001,0.42943200000000015,0.369847,-0.014977999999999936,0.41165300000000005,0.31725,-0.075876,0.397857,0.23679999999999995,-0.05865999999999999,0.3981960000000001,0.27948,0.03160799999999997,0.4099800000000001,0.260202,-0.015295999999999976,0.41478100000000007,0.28406500000000007,0.005066000000000015,0.4049260000000001,0.25855999999999996,0.016303000000000067,0.409131
447,4.46,0.290704,0.004487000000000019,0.38917500000000005,0.30564399999999997,0.07467400000000002,0.42928200000000016,0.3696960000000001,-0.015483999999999998,0.4117290000000001,0.31696699999999994,-0.07633599999999996,0.3980800000000001,0.23660799999999998,-0.05899399999999999,0.39842900000000003,0.27984400000000004,0.031123000000000012,0.4103270000000001,0.2605610000000001,-0.01577299999999998,0.4151790000000001,0.28447000000000006,0.0045660000000000145,0.4053890000000001,0.258936,0.015806000000000042,0.40941300000000014
448,4.47,0.290592,0.0041300000000000225,0.3892110000000001,0.30568,0.07429200000000002,0.429246,0.369562,-0.01593899999999998,0.4117160000000001,0.316745,-0.076737,0.39814300000000014,0.2364,-0.05923400000000001,0.39856500000000006,0.280484,0.030626000000000042,0.41096600000000005,0.261141,-0.016246999999999956,0.415818,0.2851130000000001,0.004054999999999975,0.406103,0.25956799999999997,0.015322000000000002,0.40998100000000004
449,4.48,0.2905410000000001,0.0037890000000000423,0.38918700000000006,0.30566999999999994,0.07392700000000002,0.42913100000000004,0.3694990000000001,-0.016322999999999976,0.41172300000000006,0.316587,-0.07703599999999994,0.3981690000000001,0.23637099999999994,-0.05951799999999996,0.39863100000000007,0.2809500000000001,0.030166000000000026,0.4116930000000001,0.261539,-0.016678000000000026,0.41654100000000005,0.28555499999999995,0.003585999999999978,0.4068600000000001,0.2600170000000001,0.014888000000000012,0.4106780000000001
450,4.49,0.29049699999999995,0.0035530000000000284,0.38911400000000007,0.305664,0.07366600000000006,0.42912300000000014,0.36942100000000005,-0.016652999999999973,0.41170300000000004,0.31649199999999994,-0.07733200000000001,0.3981370000000001,0.236165,-0.05968599999999996,0.398439,0.28158299999999997,0.029715000000000047,0.41261000000000014,0.262095,-0.01710299999999998,0.4174040000000001,0.2861620000000001,0.0031300000000000217,0.40778100000000006,0.260631,0.014467000000000008,0.411544
451,4.5,0.29046200000000005,0.003371000000000013,0.38908700000000007,0.30577800000000005,0.07371000000000005,0.42900800000000017,0.36937900000000007,-0.01695399999999997,0.411608,0.31636099999999995,-0.07755699999999999,0.39816000000000007,0.23608500000000004,-0.05988899999999997,0.39856800000000003,0.28227399999999997,0.029162999999999994,0.41348000000000007,0.26270200000000005,-0.017623,0.418242,0.28681799999999996,0.0025700000000000167,0.40866,0.2612999999999999,0.01394899999999999,0.41237800000000013
452,4.51,0.29038900000000006,0.003078000000000025,0.38892300000000013,0.30589800000000006,0.07355400000000001,0.42850900000000014,0.369288,-0.017273999999999956,0.4113690000000001,0.316162,-0.07786999999999994,0.39829500000000007,0.23596900000000004,-0.06002999999999997,0.39878900000000006,0.28281300000000004,0.028754000000000002,0.4144040000000001,0.26316600000000007,-0.018005999999999966,0.4191060000000001,0.2873200000000001,0.002159000000000022,0.4095620000000001,0.261816,0.013573000000000002,0.413272
453,4.52,0.29025400000000007,0.0028910000000000324,0.3888450000000001,0.30609100000000006,0.07350300000000004,0.42815400000000003,0.36921200000000004,-0.01755899999999999,0.4110800000000001,0.31587000000000004,-0.07813399999999998,0.39845300000000006,0.23562599999999995,-0.06006199999999995,0.39908200000000005,0.28350099999999995,0.028249999999999997,0.41541000000000006,0.263781,-0.018486000000000002,0.420049,0.287986,0.0016500000000000403,0.41057200000000005,0.2624880000000001,0.013097000000000025,0.414219
454,4.53,0.2901559999999999,0.0025770000000000515,0.388656,0.30631100000000006,0.07330500000000001,0.427473,0.3690940000000001,-0.017957,0.41082300000000005,0.315491,-0.07839399999999996,0.39867300000000006,0.23545699999999997,-0.06015900000000002,0.39943300000000004,0.283947,0.027753000000000028,0.41612800000000016,0.26420000000000005,-0.01897199999999999,0.42076100000000005,0.28843899999999995,0.0011459999999999804,0.411334,0.26293300000000003,0.01260400000000006,0.41489200000000004
455,4.54,0.290017,0.0023070000000000035,0.3885620000000001,0.306486,0.07313199999999997,0.4270870000000001,0.368922,-0.01841699999999996,0.4106280000000001,0.315169,-0.07875500000000002,0.39886500000000014,0.23506100000000002,-0.06016199999999999,0.39967300000000006,0.2842050000000001,0.027193000000000023,0.4167200000000001,0.26448199999999994,-0.019539999999999946,0.4213760000000001,0.28874000000000005,0.0005800000000000249,0.41200100000000006,0.26321,0.012022000000000033,0.41543300000000005
456,4.55,0.289874,0.0020150000000000445,0.38847300000000007,0.30650099999999997,0.072882,0.42671899999999996,0.36875699999999995,-0.018773999999999957,0.4105620000000001,0.314792,-0.07896999999999998,0.39901600000000004,0.23492300000000005,-0.06034200000000001,0.39986200000000005,0.284538,0.026670000000000027,0.417377,0.2648110000000001,-0.020060999999999996,0.42203599999999997,0.2891000000000001,5.100000000002325e-05,0.41272200000000003,0.263553,0.011491000000000029,0.416034
457,4.56,0.28973299999999996,0.0017920000000000158,0.3883740000000001,0.306456,0.07262300000000005,0.42663300000000015,0.36852599999999996,-0.019154000000000004,0.41053300000000004,0.31453099999999995,-0.07922400000000002,0.39889600000000003,0.23468100000000008,-0.06046299999999999,0.3997320000000001,0.284808,0.026148000000000005,0.41807700000000003,0.2650940000000001,-0.020589999999999997,0.42272300000000007,0.289406,-0.0004749999999999477,0.413478,0.26383799999999996,0.010953000000000046,0.41667200000000015
458,4.57,0.28953200000000007,0.001580999999999999,0.3883350000000001,0.3061380000000001,0.07231100000000001,0.4268160000000001,0.368299,-0.01939099999999999,0.41057600000000005,0.314332,-0.07946099999999995,0.398632,0.23454499999999995,-0.060722,0.39944500000000005,0.28514599999999996,0.02561000000000002,0.41876100000000005,0.26540099999999994,-0.021115999999999968,0.4233950000000001,0.28974400000000006,-0.0010179999999999634,0.414195,0.26417300000000005,0.010422000000000042,0.417315
459,4.58,0.28935700000000003,0.0014620000000000188,0.38830700000000007,0.30580100000000005,0.07202700000000001,0.4270830000000001,0.3680410000000001,-0.019484,0.41068499999999997,0.31418700000000005,-0.07959,0.3983960000000001,0.2344500000000001,-0.060921,0.39904000000000006,0.28567899999999996,0.02508100000000002,0.41976100000000005,0.26588700000000004,-0.021633000000000013,0.424308,0.290278,-0.001548999999999967,0.4152070000000001,0.26470200000000005,0.009907000000000055,0.4182300000000001
460,4.59,0.289155,0.0013579999999999703,0.38835700000000006,0.30535000000000007,0.071857,0.4273880000000001,0.36779999999999996,-0.019565999999999972,0.41091600000000006,0.31402900000000006,-0.079683,0.3983,0.23436699999999994,-0.06113000000000002,0.3987400000000001,0.2862390000000001,0.02426600000000001,0.42013100000000003,0.26637000000000005,-0.022411999999999987,0.42472600000000005,0.29081300000000004,-0.0023809999999999665,0.4156440000000001,0.265245,0.009118000000000015,0.41858000000000006
461,4.6,0.288954,0.0013160000000000394,0.38841100000000006,0.30502599999999996,0.07172400000000001,0.4275470000000001,0.3675399999999999,-0.019558999999999993,0.411122,0.313833,-0.07968699999999995,0.39829900000000007,0.23424300000000003,-0.06122099999999997,0.3986120000000001,0.2868390000000001,0.02361000000000002,0.42088900000000007,0.266905,-0.02304400000000001,0.42544100000000007,0.29140400000000005,-0.003043999999999991,0.41644100000000006,0.265836,0.008481000000000016,0.4192650000000001
462,4.61,0.288762,0.0012920000000000154,0.38842,0.30471699999999996,0.071776,0.42755,0.36732899999999996,-0.01954699999999998,0.41129700000000013,0.3136370000000001,-0.079712,0.3984080000000001,0.23406699999999997,-0.061270999999999964,0.39855300000000005,0.2873550000000001,0.02285200000000004,0.42125900000000005,0.267352,-0.023768999999999985,0.42584500000000014,0.2919009999999999,-0.003815999999999986,0.41687700000000005,0.26633900000000005,0.007746000000000031,0.4196050000000001
463,4.62,0.2885520000000001,0.0012290000000000356,0.38845600000000013,0.304525,0.07174600000000003,0.42749100000000007,0.367083,-0.01952499999999996,0.4113380000000001,0.3134210000000001,-0.07972200000000002,0.39849100000000004,0.23397799999999996,-0.061382999999999965,0.39869600000000005,0.28794800000000004,0.022118000000000027,0.4217080000000001,0.26787599999999995,-0.024470999999999965,0.426308,0.2924790000000001,-0.004562999999999984,0.417392,0.266921,0.007032000000000038,0.4200050000000001
464,4.63,0.288375,0.0011599999999999944,0.388421,0.304367,0.07169900000000001,0.427392,0.3668890000000001,-0.019606999999999986,0.41132,0.3131939999999999,-0.07976,0.3984960000000001,0.23384299999999997,-0.06144399999999994,0.39873000000000014,0.2884729999999999,0.021494999999999986,0.42224300000000003,0.268338,-0.02506999999999998,0.4268170000000001,0.2929880000000001,-0.005193999999999976,0.4179560000000001,0.2674349999999999,0.00643100000000002,0.42049100000000006
465,4.64,0.28814,0.0012380000000000169,0.388147,0.30425699999999994,0.07161000000000001,0.42729800000000007,0.366712,-0.019718999999999987,0.411204,0.31300500000000003,-0.079849,0.39839199999999997,0.23275800000000008,-0.061151999999999984,0.3980770000000001,0.288866,0.02088200000000001,0.42273000000000005,0.268697,-0.025671,0.42729000000000006,0.29337699999999994,-0.005813000000000013,0.418473,0.267824,0.005825999999999998,0.42094
466,4.65,0.287996,0.0011269999999999891,0.3880100000000001,0.30408799999999997,0.07139500000000004,0.4272340000000001,0.36657,-0.019880999999999982,0.4110210000000001,0.31281,-0.07994000000000001,0.3981140000000001,0.23272200000000004,-0.06124299999999999,0.39790000000000003,0.289305,0.020232000000000028,0.42313600000000007,0.269102,-0.026305999999999996,0.42768300000000004,0.2938150000000001,-0.0064690000000000025,0.41891600000000007,0.268261,0.005184999999999995,0.42130100000000015
467,4.66,0.2878,0.0011599999999999944,0.38772400000000007,0.30387900000000007,0.07120399999999999,0.42726300000000006,0.36643600000000004,-0.01994899999999994,0.4108130000000001,0.312692,-0.07999899999999999,0.3975350000000001,0.232165,-0.06118800000000002,0.397238,0.28982100000000005,0.019501000000000046,0.42358300000000004,0.269577,-0.02702099999999996,0.42811200000000005,0.29433100000000006,-0.00720599999999999,0.4194070000000001,0.26877500000000004,0.0044640000000000235,0.421694
468,4.67,0.2877380000000001,0.0010680000000000134,0.3876140000000001,0.30365400000000003,0.07097000000000003,0.4274620000000001,0.3663150000000001,-0.02004699999999998,0.4107250000000001,0.312692,-0.08009099999999997,0.3970100000000001,0.232346,-0.061398999999999926,0.39684300000000006,0.290201,0.018857000000000013,0.4240140000000001,0.26992999999999995,-0.02765599999999996,0.4285150000000001,0.29471299999999995,-0.007853999999999972,0.4198640000000001,0.269155,0.003825999999999996,0.422079
469,4.68,0.287649,0.0010479999999999934,0.387478,0.3033160000000001,0.07079400000000002,0.4277590000000001,0.36617700000000003,-0.020062999999999998,0.410752,0.3126900000000001,-0.08015099999999997,0.396671,0.23224899999999998,-0.06153499999999995,0.3961260000000001,0.29088300000000006,0.018065000000000053,0.4244660000000001,0.27052400000000004,-0.028412999999999966,0.4289320000000001,0.2953630000000001,-0.008655999999999942,0.4203410000000001,0.269819,0.003066000000000013,0.422478
470,4.69,0.2875560000000001,0.0009860000000000424,0.3874270000000001,0.30302099999999993,0.07069800000000004,0.4279330000000001,0.36599600000000004,-0.02007199999999998,0.41085800000000006,0.31264,-0.08019500000000002,0.3965040000000001,0.23232000000000003,-0.06173099999999998,0.39576100000000003,0.29148999999999997,0.01741200000000004,0.4249550000000001,0.27104999999999996,-0.02903599999999995,0.42936799999999997,0.29593700000000006,-0.009313999999999989,0.4208320000000001,0.270407,0.002446999999999977,0.422921
471,4.7,0.287433,0.0009620000000000184,0.387416,0.30282000000000003,0.07063000000000003,0.42796100000000004,0.3658440000000001,-0.020067999999999975,0.41096100000000013,0.31254600000000005,-0.080239,0.396529,0.23215499999999994,-0.06172799999999995,0.3956440000000001,0.29214200000000007,0.016695000000000015,0.42531200000000013,0.27159099999999997,-0.029705999999999955,0.4297010000000001,0.296533,-0.010041000000000022,0.421195,0.2710270000000001,0.0017770000000000286,0.4232520000000001
472,4.71,0.28733100000000006,0.0008560000000000234,0.38739200000000007,0.30273599999999995,0.07067200000000001,0.427779,0.36567900000000003,-0.020148,0.4110060000000001,0.312367,-0.08030699999999996,0.3966860000000001,0.23215499999999994,-0.06185499999999999,0.3957640000000001,0.29296700000000003,0.015871000000000024,0.425582,0.27228499999999994,-0.030472,0.429964,0.29729600000000006,-0.010878999999999972,0.421493,0.27181700000000003,0.0010089999999999821,0.4234920000000001
473,4.72,0.28708300000000003,0.0006710000000000327,0.3873930000000001,0.3027659999999999,0.07064399999999998,0.42740500000000003,0.365574,-0.020363999999999993,0.41106700000000007,0.31218300000000004,-0.08049099999999998,0.3969070000000001,0.23135299999999998,-0.061950000000000005,0.39616700000000016,0.293726,0.015090000000000048,0.42580300000000004,0.2729160000000001,-0.031196999999999975,0.43017400000000006,0.29799099999999995,-0.011673999999999962,0.421733,0.27253999999999995,0.0002809999999999757,0.42368700000000004
474,4.73,0.28707299999999997,0.0005669999999999842,0.38725900000000013,0.30287500000000006,0.070633,0.4271250000000001,0.365442,-0.02056399999999997,0.41097300000000003,0.311949,-0.08060799999999996,0.3969760000000001,0.23139800000000005,-0.061955999999999956,0.39616300000000004,0.29448100000000005,0.01442300000000002,0.4262250000000001,0.273546,-0.03181399999999995,0.4305300000000001,0.29868600000000006,-0.012348999999999999,0.42214700000000005,0.27326200000000006,-0.0003309999999999702,0.42406100000000013
475,4.74,0.2869589999999999,0.00042999999999998595,0.3871340000000001,0.30290599999999995,0.07058599999999998,0.42684100000000014,0.36538,-0.02080399999999999,0.4108400000000001,0.311738,-0.08078999999999997,0.39694200000000013,0.23110400000000003,-0.061985999999999986,0.3962350000000001,0.295225,0.013669000000000042,0.42654900000000007,0.27417700000000006,-0.03252099999999997,0.430809,0.299379,-0.013112999999999986,0.4224810000000001,0.273978,-0.0010370000000000101,0.424339
476,4.75,0.28697900000000004,0.00029000000000001247,0.38694700000000004,0.303038,0.07048200000000004,0.42650900000000014,0.36529399999999995,-0.021017000000000008,0.41066500000000006,0.311645,-0.08097799999999994,0.39696600000000004,0.23107700000000003,-0.06196299999999999,0.3961770000000001,0.2959030000000001,0.013030000000000042,0.42706200000000005,0.27474099999999996,-0.03311599999999998,0.431223,0.300001,-0.013755000000000017,0.42296200000000006,0.27462500000000006,-0.0016229999999999856,0.4247980000000001
477,4.76,0.28697900000000004,0.00015799999999999148,0.3868650000000001,0.30308000000000007,0.07045000000000001,0.4263410000000001,0.365269,-0.021206999999999976,0.41058800000000006,0.3115510000000001,-0.08114899999999997,0.396945,0.23111699999999996,-0.062041999999999986,0.39620500000000014,0.29644600000000004,0.012363000000000013,0.4274180000000001,0.27519600000000005,-0.033748,0.43151800000000007,0.300499,-0.014425999999999994,0.4232990000000001,0.275144,-0.002249000000000001,0.42512000000000005
478,4.77,0.2869840000000001,2.8000000000028002e-05,0.3867870000000001,0.30312900000000004,0.07039200000000007,0.42612400000000006,0.3652,-0.021304999999999963,0.4106000000000001,0.31150800000000006,-0.08132399999999995,0.39707900000000007,0.23107700000000003,-0.06208999999999998,0.396219,0.29687,0.011820000000000053,0.42789600000000005,0.27555100000000005,-0.034267999999999965,0.4319020000000001,0.300885,-0.014967000000000008,0.423728,0.27554700000000004,-0.002756999999999954,0.425563
479,4.78,0.286986,-6.60000000000105e-05,0.38682400000000006,0.30316099999999996,0.07044899999999998,0.4259630000000001,0.36513999999999996,-0.021392999999999995,0.41075700000000004,0.3114160000000001,-0.08143099999999998,0.39743300000000004,0.23103800000000002,-0.06210999999999994,0.3963890000000001,0.297275,0.011248000000000036,0.428285,0.2758920000000001,-0.03481599999999996,0.43222000000000005,0.301255,-0.01553899999999997,0.42408100000000004,0.27593300000000004,-0.0032969999999999944,0.4259240000000001
480,4.79,0.286963,-0.00019000000000002348,0.38685500000000006,0.30310299999999996,0.07050600000000001,0.42562500000000003,0.36502399999999996,-0.02140599999999998,0.411022,0.31136199999999997,-0.08158299999999996,0.39800100000000005,0.23096299999999997,-0.06206299999999998,0.39666800000000013,0.297552,0.010680000000000023,0.4284760000000001,0.27613499999999996,-0.035370999999999986,0.4323800000000001,0.3015170000000001,-0.016107999999999956,0.4242640000000001,0.276202,-0.0038489999999999913,0.42609700000000006
481,4.8,0.286932,-0.00025999999999998247,0.3869530000000001,0.30316800000000005,0.07070399999999999,0.425296,0.3648780000000001,-0.021364999999999967,0.41128600000000004,0.3111749999999999,-0.08158499999999996,0.3987780000000001,0.230906,-0.06206600000000001,0.3970680000000001,0.298039,0.010078000000000031,0.42872500000000013,0.2765520000000001,-0.035945000000000005,0.4325850000000001,0.30197199999999996,-0.01671499999999998,0.42451000000000005,0.27667100000000006,-0.004421000000000008,0.42631300000000005
482,4.81,0.2868730000000001,-0.00031999999999998696,0.3869870000000001,0.30308000000000007,0.07091000000000003,0.42476400000000014,0.3647670000000001,-0.02138399999999996,0.4116630000000001,0.310992,-0.08159899999999998,0.39947100000000013,0.230752,-0.06188899999999997,0.3975320000000001,0.298518,0.009445000000000037,0.4287810000000001,0.2769500000000001,-0.03653999999999996,0.4326350000000001,0.302414,-0.017356999999999956,0.424589,0.27713099999999996,-0.005020999999999942,0.4263420000000001
483,4.82,0.286858,-0.00047600000000003195,0.3870000000000001,0.30314599999999997,0.07109900000000002,0.42421700000000007,0.36465700000000006,-0.021376000000000006,0.41187000000000007,0.3108640000000001,-0.08167399999999997,0.40025200000000005,0.23071400000000003,-0.06195799999999996,0.39797800000000005,0.299202,0.008728000000000014,0.4288320000000001,0.27751599999999993,-0.03720200000000001,0.4326810000000001,0.3030460000000001,-0.01808700000000002,0.4246820000000001,0.27778700000000006,-0.005689,0.426353
484,4.83,0.28677499999999995,-0.0005809999999999427,0.38700900000000005,0.30314099999999994,0.07117800000000002,0.4237810000000001,0.3645570000000001,-0.02142999999999995,0.412022,0.310702,-0.08174799999999999,0.40069100000000013,0.23055300000000006,-0.06189599999999995,0.3983880000000001,0.29988599999999993,0.007973000000000008,0.4287500000000001,0.27807600000000005,-0.037897000000000014,0.43261800000000006,0.30367399999999994,-0.018859000000000015,0.424651,0.278442,-0.006395999999999957,0.4262410000000001
485,4.84,0.28674400000000005,-0.0007569999999999522,0.38698900000000014,0.3031810000000001,0.07126300000000002,0.42334400000000005,0.36452,-0.021541000000000032,0.41215,0.31052700000000005,-0.08187699999999998,0.4011520000000002,0.230485,-0.06198799999999999,0.39871900000000005,0.30054999999999993,0.0072710000000000274,0.42874500000000004,0.278612,-0.03853699999999999,0.4326150000000001,0.304271,-0.019573000000000007,0.42467,0.279071,-0.0070410000000000195,0.42621600000000004
486,4.85,0.286653,-0.0010419999999999874,0.386891,0.30311400000000005,0.07121300000000003,0.422767,0.364381,-0.02176,0.41219000000000006,0.31034,-0.08209999999999995,0.4016350000000001,0.2304009999999999,-0.06209599999999993,0.39901700000000007,0.30110200000000004,0.006669000000000036,0.4288040000000001,0.279058,-0.039088999999999985,0.432659,0.304761,-0.020181999999999978,0.4247210000000001,0.27958900000000003,-0.007592999999999961,0.42627000000000004
487,4.86,0.28655800000000003,-0.0013479999999999603,0.3866520000000001,0.30314900000000006,0.07105800000000007,0.4219180000000001,0.364233,-0.021975999999999996,0.41220100000000015,0.31007,-0.08234599999999997,0.4021000000000001,0.23011500000000001,-0.06210399999999999,0.399247,0.30158,0.006083000000000005,0.42887600000000003,0.2794360000000001,-0.03962899999999997,0.43271400000000004,0.30517200000000005,-0.020772999999999986,0.42476100000000006,0.280032,-0.008127999999999969,0.42635500000000004
488,4.87,0.2863379999999999,-0.0016719999999999513,0.3866210000000001,0.30315200000000003,0.07106500000000004,0.421366,0.36403899999999995,-0.022307999999999995,0.4121410000000001,0.30954600000000004,-0.082571,0.40269900000000003,0.22989900000000002,-0.062319999999999987,0.39970800000000006,0.302039,0.005559000000000036,0.429017,0.2798,-0.04010999999999998,0.43281800000000004,0.305563,-0.021297999999999928,0.42484900000000014,0.2804539999999999,-0.008599000000000023,0.42651300000000014
489,4.88,0.286179,-0.002134999999999998,0.38640700000000017,0.303333,0.07085100000000005,0.4202990000000001,0.36383100000000007,-0.022743000000000013,0.41209000000000007,0.309043,-0.08287299999999997,0.4033780000000001,0.229539,-0.06243599999999999,0.400238,0.30244299999999996,0.004975000000000007,0.42901500000000004,0.28011199999999997,-0.040648999999999935,0.4328130000000001,0.3059,-0.021884999999999988,0.42481100000000016,0.28082199999999996,-0.009133000000000002,0.42654100000000006
490,4.89,0.285923,-0.0025129999999999875,0.38621800000000006,0.30326900000000007,0.07079400000000002,0.41942,0.363605,-0.023164000000000018,0.4120100000000001,0.308525,-0.08315699999999998,0.40390100000000007,0.229165,-0.06252200000000002,0.40066800000000014,0.3028640000000001,0.004431000000000018,0.42909200000000003,0.280441,-0.041149999999999964,0.432871,0.306259,-0.022431999999999952,0.4248550000000001,0.28121,-0.009628999999999999,0.4266310000000001
491,4.9,0.28576700000000005,-0.0032019999999999826,0.3859950000000001,0.303351,0.07040099999999999,0.4182600000000001,0.36335100000000004,-0.023656999999999984,0.41188500000000006,0.308193,-0.08361199999999996,0.4046010000000001,0.22907000000000005,-0.06293599999999999,0.40130100000000013,0.303174,0.003914000000000029,0.42900300000000013,0.2806910000000001,-0.04163599999999995,0.4327930000000001,0.306533,-0.022953999999999974,0.424771,0.28150099999999995,-0.010116999999999987,0.426546
492,4.91,0.2855130000000001,-0.003652999999999962,0.38580400000000004,0.30324999999999996,0.07040200000000002,0.41742900000000005,0.363092,-0.024065000000000003,0.41183000000000014,0.30780499999999994,-0.08411599999999997,0.4051990000000001,0.228609,-0.06311699999999998,0.401621,0.303536,0.003332000000000057,0.428852,0.28099,-0.04218499999999997,0.43266400000000005,0.306865,-0.023544999999999983,0.424651,0.28184799999999993,-0.010672999999999933,0.42638600000000004
493,4.92,0.28486300000000003,-0.0040639999999999565,0.385463,0.30302099999999993,0.06974200000000003,0.4165660000000001,0.362709,-0.024561,0.41165000000000007,0.307039,-0.084291,0.4049170000000001,0.22725100000000004,-0.06325699999999995,0.4018320000000001,0.30372400000000005,0.002821999999999991,0.4285690000000001,0.281151,-0.042677999999999994,0.43243,0.3070420000000001,-0.024063,0.4244120000000001,0.282031,-0.011176999999999992,0.42610500000000007
494,4.93,0.284584,-0.004705999999999988,0.385228,0.302861,0.06943800000000006,0.4158280000000001,0.36238300000000007,-0.025221999999999967,0.411574,0.30664300000000005,-0.08490500000000001,0.4052840000000001,0.226813,-0.06369000000000002,0.4019800000000001,0.304035,0.0022619999999999862,0.42825000000000013,0.28141999999999995,-0.043210999999999944,0.43217099999999997,0.307336,-0.024633000000000016,0.4241480000000001,0.282333,-0.01172200000000001,0.42578800000000006
495,4.94,0.28412599999999993,-0.005394999999999983,0.38492000000000004,0.30251900000000004,0.068749,0.41512800000000016,0.361971,-0.02588199999999996,0.41135600000000005,0.306198,-0.08563300000000001,0.40542200000000006,0.2259980000000001,-0.06401499999999999,0.40196600000000005,0.304355,0.0016129999999999756,0.4277740000000001,0.28167499999999995,-0.043820000000000026,0.4317930000000001,0.307614,-0.025294999999999956,0.4237210000000001,0.282631,-0.012344000000000022,0.4253500000000001
496,4.95,0.2838110000000001,-0.0061229999999999896,0.384671,0.30230399999999996,0.06820399999999999,0.4145500000000001,0.36158000000000007,-0.026621000000000006,0.411154,0.30575099999999994,-0.08627099999999999,0.40568000000000004,0.2256470000000001,-0.06460799999999994,0.40194200000000013,0.3048300000000001,0.0010430000000000161,0.42757500000000015,0.2820599999999999,-0.044340999999999964,0.431632,0.308035,-0.025875000000000037,0.42354400000000003,0.2830789999999999,-0.012873000000000023,0.42516300000000007
497,4.96,0.283472,-0.00690799999999997,0.3844310000000001,0.302093,0.06755300000000003,0.41371900000000006,0.361199,-0.027397000000000005,0.4110030000000001,0.305263,-0.087001,0.4059870000000001,0.225285,-0.06501499999999999,0.4022220000000001,0.3054700000000001,0.0003790000000000182,0.427478,0.282576,-0.04494100000000001,0.4315530000000001,0.30860400000000004,-0.02654899999999999,0.42346400000000006,0.28368200000000005,-0.013479999999999992,0.42506600000000005
498,4.97,0.2831470000000001,-0.007679999999999965,0.384074,0.301981,0.06704700000000002,0.41283100000000006,0.36082200000000003,-0.028094000000000008,0.4106930000000001,0.30487000000000003,-0.08773399999999998,0.4063570000000001,0.22471799999999992,-0.06555300000000003,0.40225600000000006,0.306135,-0.000248000000000026,0.4275850000000001,0.28311800000000004,-0.04550799999999999,0.4316280000000001,0.30920600000000004,-0.027183999999999986,0.4235770000000001,0.28431500000000004,-0.014049999999999951,0.425141
499,4.98,0.28285199999999994,-0.008323999999999943,0.38382800000000006,0.30193700000000007,0.06646099999999999,0.4119170000000001,0.360528,-0.028745999999999994,0.41030200000000006,0.304417,-0.08835399999999999,0.40675400000000006,0.224389,-0.06567400000000001,0.40266,0.3069,-0.0009259999999999824,0.42779100000000003,0.28375,-0.046123000000000025,0.43178800000000006,0.30990499999999993,-0.02787099999999998,0.42379200000000006,0.285047,-0.014668999999999988,0.42530100000000015
500,4.99,0.28252499999999997,-0.009138999999999953,0.383397,0.30179800000000007,0.06597700000000001,0.4107700000000001,0.360231,-0.029469999999999996,0.40993100000000016,0.3040120000000001,-0.08893399999999996,0.40701300000000007,0.22397000000000006,-0.06634299999999999,0.40285000000000015,0.307494,-0.001597000000000015,0.427886,0.284236,-0.04674099999999998,0.43186100000000005,0.310445,-0.028550999999999993,0.4239020000000001,0.2856140000000001,-0.015291999999999972,0.4253650000000001
501,5.0,0.28229300000000007,-0.009767999999999999,0.38317600000000007,0.30182100000000006,0.065386,0.410011,0.35997000000000007,-0.030117999999999978,0.4095670000000001,0.3036330000000001,-0.08960400000000002,0.4072840000000001,0.22371500000000005,-0.06650199999999995,0.40316700000000005,0.30814,-0.0020319999999999783,0.42830999999999997,0.28478599999999993,-0.04713299999999998,0.43220000000000014,0.31104499999999996,-0.028986999999999985,0.42430500000000004,0.28623800000000005,-0.015681,0.4257360000000001
502,5.01,0.28192999999999996,-0.010565999999999964,0.3828030000000001,0.30156,0.064699,0.40901900000000013,0.359632,-0.03078599999999998,0.409257,0.30321400000000004,-0.090165,0.40749900000000006,0.22332500000000005,-0.067075,0.40331800000000007,0.308398,-0.002605999999999997,0.4282210000000001,0.2849930000000001,-0.047678,0.4321400000000001,0.31127200000000005,-0.029566999999999954,0.4242300000000001,0.28648,-0.01623199999999997,0.4256580000000001
503,5.02,0.2816910000000001,-0.011155999999999944,0.3826330000000001,0.30148,0.06433900000000004,0.40853300000000015,0.35928999999999994,-0.031435999999999964,0.40908900000000004,0.30287099999999995,-0.09079699999999996,0.40760300000000005,0.22311200000000003,-0.06750299999999998,0.40344,0.30861199999999994,-0.0030549999999999744,0.42822800000000005,0.28517200000000004,-0.048107999999999984,0.4321570000000001,0.31146199999999996,-0.03001799999999999,0.42423500000000014,0.28668200000000005,-0.01666200000000001,0.4256770000000001
504,5.03,0.28136900000000004,-0.011876999999999971,0.3823620000000001,0.30107600000000007,0.06354600000000005,0.40807400000000005,0.35900499999999996,-0.03207599999999999,0.40894200000000014,0.302545,-0.09138599999999997,0.40753400000000006,0.22277700000000006,-0.06810699999999997,0.403281,0.30877000000000004,-0.0035339999999999816,0.4282250000000001,0.285305,-0.04857299999999998,0.432165,0.311602,-0.030499,0.4242300000000001,0.286831,-0.017127999999999977,0.42568300000000003
505,5.04,0.281136,-0.012427999999999995,0.38206400000000007,0.3007830000000001,0.06301400000000001,0.40793100000000015,0.35872699999999996,-0.03258599999999995,0.40873500000000007,0.30232699999999996,-0.09198400000000001,0.407315,0.22243399999999997,-0.06873400000000002,0.4027290000000001,0.308958,-0.004023999999999972,0.42826200000000003,0.2854640000000001,-0.04904900000000001,0.4321980000000001,0.311773,-0.030989999999999962,0.4242680000000001,0.28701000000000004,-0.01760400000000001,0.425717
506,5.05,0.280866,-0.012890999999999986,0.3817980000000001,0.300364,0.06248200000000004,0.40800800000000015,0.35846300000000003,-0.033030000000000004,0.408486,0.30216099999999996,-0.09248099999999998,0.40661400000000014,0.222292,-0.06945799999999996,0.4021990000000001,0.30936500000000006,-0.004529000000000005,0.42851000000000006,0.28580900000000004,-0.049524999999999986,0.4323950000000001,0.31215300000000007,-0.03149699999999994,0.424512,0.28740499999999997,-0.018080999999999958,0.42592700000000006
507,5.06,0.28062099999999995,-0.013434999999999975,0.3814430000000001,0.29981399999999997,0.06189500000000003,0.40803100000000003,0.35822000000000004,-0.03345099999999995,0.4082770000000001,0.302096,-0.09309,0.406131,0.222034,-0.07021499999999997,0.4013700000000001,0.3096130000000001,-0.0049919999999999964,0.42864500000000005,0.28601099999999996,-0.049966999999999984,0.4324960000000001,0.312382,-0.031962999999999964,0.42464800000000014,0.28764400000000007,-0.01852399999999993,0.42603100000000005
508,5.07,0.2804400000000001,-0.013988999999999974,0.38118700000000005,0.29943899999999996,0.06129100000000004,0.408127,0.3580320000000001,-0.03394699999999995,0.408065,0.3020650000000001,-0.09365399999999996,0.40545300000000006,0.22200400000000003,-0.071075,0.4008210000000001,0.3100399999999999,-0.005550999999999973,0.428786,0.2863550000000001,-0.050485999999999975,0.432597,0.31277000000000005,-0.03252699999999997,0.42479500000000003,0.28805200000000003,-0.019046000000000007,0.4261340000000001
509,5.08,0.2802630000000001,-0.014274999999999982,0.380819,0.29905299999999996,0.06090500000000004,0.4080530000000001,0.35787699999999995,-0.034284999999999954,0.4076820000000001,0.30199500000000007,-0.09401999999999999,0.404795,0.22194500000000011,-0.07141700000000001,0.4001990000000001,0.31035799999999997,-0.0060909999999999576,0.42874800000000013,0.28660599999999997,-0.05099100000000001,0.4325580000000001,0.3130549999999999,-0.033072999999999964,0.42477700000000007,0.28835400000000005,-0.01955699999999999,0.426079
510,5.09,0.280125,-0.014815000000000023,0.38042200000000015,0.298846,0.06046600000000002,0.4077020000000001,0.35776800000000003,-0.03455899999999995,0.407204,0.302062,-0.09452899999999997,0.4044650000000001,0.22186100000000003,-0.07222,0.3997470000000001,0.310899,-0.0066890000000000005,0.42874500000000004,0.28703300000000004,-0.051529999999999965,0.4325430000000001,0.313533,-0.033677999999999986,0.42478000000000005,0.28886400000000007,-0.020101000000000036,0.42606
511,5.1,0.28001899999999996,-0.015063999999999966,0.38003700000000007,0.298789,0.060243000000000047,0.40713600000000005,0.357709,-0.034804,0.40665300000000004,0.30200699999999997,-0.09477799999999997,0.4041060000000001,0.22186699999999998,-0.07236499999999996,0.39963800000000016,0.311275,-0.007282000000000011,0.42854800000000004,0.287333,-0.052078999999999986,0.43237400000000015,0.31386600000000003,-0.034277999999999975,0.42460700000000007,0.2892200000000001,-0.020658999999999983,0.42586400000000013
512,5.11,0.2799310000000001,-0.01539299999999999,0.37963100000000005,0.29878,0.06001000000000006,0.40639500000000006,0.35771900000000006,-0.034992999999999996,0.40610400000000013,0.30198600000000003,-0.09496699999999997,0.4040020000000001,0.22179300000000007,-0.07266499999999998,0.399583,0.31169399999999997,-0.007866999999999957,0.4284070000000001,0.287673,-0.05262099999999997,0.43225,0.3142380000000001,-0.03486999999999996,0.4244810000000001,0.28961600000000004,-0.021208000000000005,0.42572600000000005
513,5.12,0.279819,-0.01575099999999996,0.3791350000000001,0.298777,0.05970800000000004,0.405324,0.35772299999999996,-0.03523399999999999,0.40540300000000007,0.301935,-0.09520999999999996,0.403876,0.22178099999999995,-0.072743,0.3997290000000001,0.311981,-0.008353999999999973,0.42823100000000003,0.287905,-0.053076999999999985,0.4320900000000001,0.3144890000000001,-0.035360999999999976,0.424304,0.289884,-0.02166600000000002,0.425563
514,5.13,0.2797899999999999,-0.015876999999999974,0.37883500000000014,0.2989629999999999,0.059728,0.404861,0.35773800000000006,-0.035428000000000015,0.404829,0.30187800000000004,-0.09529699999999997,0.4035820000000001,0.22182799999999997,-0.07291299999999995,0.3997240000000001,0.31234199999999995,-0.008894999999999986,0.42806500000000003,0.28819200000000006,-0.053576999999999986,0.4319390000000001,0.31479799999999997,-0.035904999999999965,0.42412700000000003,0.2902179999999999,-0.022168999999999994,0.4254190000000001
515,5.14,0.279699,-0.01618799999999998,0.3783900000000001,0.2989180000000001,0.059307,0.4041690000000001,0.35771500000000006,-0.03564099999999998,0.40419800000000006,0.3018880000000001,-0.09553800000000001,0.40329800000000005,0.22179,-0.07304100000000002,0.39958400000000005,0.31272700000000003,-0.009413999999999978,0.4278660000000001,0.28851200000000005,-0.05405899999999997,0.4317540000000001,0.3151380000000001,-0.03642699999999999,0.42392300000000005,0.29058100000000003,-0.022652000000000005,0.4252370000000001
516,5.15,0.27968299999999996,-0.016337999999999964,0.3781190000000001,0.29895600000000006,0.059305,0.403921,0.35770299999999994,-0.03575199999999995,0.40373500000000007,0.30196000000000006,-0.09577699999999995,0.40298200000000006,0.22186199999999995,-0.07330499999999995,0.3993660000000001,0.31307199999999996,-0.010002999999999984,0.427435,0.28878599999999993,-0.05460299999999996,0.431392,0.31542999999999993,-0.03702299999999997,0.42350600000000005,0.29089899999999996,-0.023204999999999976,0.42485000000000006
517,5.16,0.2795990000000001,-0.01648999999999995,0.3778030000000001,0.2987659999999999,0.05902600000000002,0.40368100000000007,0.3576660000000001,-0.03588399999999997,0.4033380000000001,0.30195600000000006,-0.09590100000000001,0.40255600000000014,0.22189599999999993,-0.07344399999999995,0.3990230000000001,0.31358100000000005,-0.010668999999999984,0.42701500000000003,0.28919600000000006,-0.05520899999999995,0.43103900000000006,0.315876,-0.03769800000000001,0.423118,0.29137699999999994,-0.023822999999999983,0.424458
518,5.17,0.279533,-0.016715999999999953,0.37753100000000006,0.298545,0.05876199999999998,0.40344800000000003,0.35769600000000007,-0.036044999999999994,0.403142,0.3019990000000001,-0.096055,0.40205900000000006,0.22191500000000003,-0.07378599999999996,0.3987630000000001,0.313972,-0.011268,0.426578,0.28950800000000004,-0.055759999999999976,0.430666,0.3162190000000001,-0.03830800000000001,0.4227200000000001,0.291745,-0.024387999999999965,0.42403900000000005
519,5.18,0.27954300000000004,-0.016861000000000015,0.37720700000000007,0.29846100000000003,0.05866300000000002,0.40329000000000004,0.357682,-0.036113000000000006,0.402861,0.30208000000000007,-0.09622399999999998,0.4017400000000001,0.22190700000000002,-0.07408900000000002,0.39821700000000004,0.314618,-0.011990999999999974,0.426203,0.29003700000000004,-0.05641400000000002,0.4303370000000001,0.316807,-0.03904499999999994,0.422411,0.292364,-0.025061999999999973,0.42364400000000013
520,5.19,0.27953500000000003,-0.01695399999999997,0.376977,0.298375,0.058564000000000005,0.4030830000000001,0.35771000000000003,-0.036179999999999934,0.40260300000000004,0.30214,-0.09631,0.4014470000000001,0.221972,-0.07420700000000002,0.397992,0.31503300000000006,-0.012544999999999973,0.42593400000000003,0.29038099999999994,-0.05692599999999998,0.4300910000000001,0.3171960000000001,-0.03960799999999998,0.42220100000000005,0.292769,-0.02559,0.42334400000000005
521,5.2,0.2795410000000001,-0.016923999999999995,0.37675100000000006,0.29843800000000004,0.058697,0.40290100000000006,0.3577350000000001,-0.036156999999999995,0.40219499999999997,0.30221500000000007,-0.09633999999999998,0.40113600000000005,0.22204399999999996,-0.07427499999999998,0.3978060000000001,0.315436,-0.013092999999999966,0.4257230000000001,0.29073,-0.05744199999999994,0.4298940000000001,0.317587,-0.04016700000000001,0.4220570000000001,0.29316899999999996,-0.02612399999999998,0.42308500000000016
522,5.21,0.279514,-0.016993999999999954,0.37653800000000004,0.298398,0.058640000000000025,0.402529,0.35778099999999996,-0.03612899999999997,0.4018360000000001,0.30230399999999996,-0.09633399999999998,0.40092000000000005,0.22216399999999997,-0.07435399999999998,0.3978370000000001,0.31564200000000003,-0.013546999999999976,0.4255270000000001,0.29089899999999996,-0.05787399999999998,0.429713,0.31778,-0.040625999999999995,0.42189600000000005,0.29336999999999996,-0.02656599999999998,0.4228710000000001
523,5.22,0.2795220000000001,-0.017079999999999984,0.3761780000000001,0.29839,0.058553999999999995,0.401868,0.35785400000000006,-0.03609499999999999,0.401444,0.3023930000000001,-0.09631099999999998,0.4007170000000001,0.222246,-0.07433399999999996,0.397799,0.315784,-0.013940000000000008,0.42539300000000013,0.29101099999999996,-0.058250000000000024,0.42958600000000013,0.31790599999999997,-0.041022999999999976,0.42177300000000006,0.29350400000000004,-0.02694599999999997,0.422733
524,5.23,0.279542,-0.01710600000000001,0.37589700000000004,0.29835699999999993,0.05856899999999998,0.40145300000000006,0.35796900000000004,-0.036022,0.40103900000000003,0.302522,-0.09628299999999995,0.4004620000000001,0.22239499999999995,-0.074376,0.397714,0.315711,-0.014285999999999965,0.425156,0.290935,-0.05859099999999995,0.42938900000000013,0.317823,-0.04136999999999996,0.4215380000000001,0.293425,-0.027289000000000008,0.4225270000000001
525,5.24,0.279622,-0.01707599999999998,0.375618,0.29848900000000006,0.058740000000000014,0.4011450000000001,0.35805800000000004,-0.035970999999999975,0.40060700000000005,0.30264700000000005,-0.09630099999999997,0.4002110000000001,0.222543,-0.07441599999999998,0.397512,0.315706,-0.014602000000000004,0.42508100000000004,0.2909260000000001,-0.05890299999999998,0.4293220000000001,0.31781,-0.04168499999999997,0.42145200000000005,0.29341600000000007,-0.027598999999999985,0.422469
526,5.25,0.2797140000000001,-0.017073999999999978,0.3752630000000001,0.2984790000000001,0.058719999999999994,0.400891,0.358196,-0.035904999999999965,0.4002610000000001,0.302853,-0.096302,0.399911,0.22254200000000007,-0.07446199999999997,0.39700500000000005,0.31563599999999997,-0.014912999999999954,0.42496600000000007,0.290861,-0.05921499999999996,0.42922800000000005,0.317737,-0.04199499999999995,0.42133300000000007,0.2933440000000001,-0.027910999999999964,0.42237500000000006
527,5.26,0.27981799999999996,-0.01699099999999998,0.374993,0.29861,0.05874400000000002,0.400795,0.35829800000000006,-0.03584799999999999,0.39988400000000013,0.30296700000000004,-0.096223,0.39939,0.22273900000000008,-0.07451399999999997,0.39665400000000006,0.31565499999999996,-0.015199999999999991,0.42505800000000005,0.29086400000000007,-0.059494999999999965,0.429295,0.31774300000000005,-0.042279999999999984,0.421401,0.293356,-0.02818599999999999,0.4224660000000001
528,5.27,0.279927,-0.016952000000000023,0.37463900000000006,0.298591,0.05875400000000003,0.40061800000000003,0.358446,-0.03573799999999999,0.39951900000000007,0.30321500000000007,-0.09623399999999999,0.398872,0.222875,-0.07459199999999999,0.39614300000000013,0.315768,-0.015566999999999942,0.425122,0.29094500000000006,-0.059845999999999955,0.42934300000000003,0.31783900000000004,-0.042647999999999964,0.4214620000000001,0.293461,-0.02853699999999998,0.42252
529,5.28,0.2800850000000001,-0.016893999999999965,0.3743620000000001,0.29869000000000007,0.05872500000000003,0.4005000000000001,0.35862199999999994,-0.03566999999999998,0.3991230000000001,0.30344600000000005,-0.09618899999999997,0.398409,0.2231570000000001,-0.07460499999999998,0.39578,0.315903,-0.01589999999999997,0.4252690000000001,0.29104,-0.06015999999999999,0.429458,0.317953,-0.04298099999999999,0.4216000000000001,0.293587,-0.028849999999999987,0.42264800000000013
530,5.29,0.28024199999999994,-0.016893999999999965,0.3739610000000001,0.29873600000000006,0.05880300000000005,0.40029000000000003,0.35879200000000006,-0.03555799999999998,0.398664,0.303776,-0.09625699999999998,0.3978940000000001,0.22336099999999998,-0.07481099999999996,0.3952030000000001,0.31615,-0.016313000000000022,0.4254190000000001,0.2912329999999999,-0.06054499999999996,0.4295810000000001,0.318174,-0.04339700000000002,0.4217550000000001,0.293823,-0.02923899999999996,0.42277300000000007
531,5.3,0.28041,-0.01674899999999996,0.3736140000000001,0.298885,0.05879100000000004,0.39994600000000013,0.359021,-0.03538199999999997,0.398135,0.304024,-0.09608899999999998,0.39735700000000007,0.223702,-0.074625,0.39498200000000006,0.3163500000000001,-0.01675500000000002,0.42540100000000003,0.291386,-0.06095899999999993,0.4295800000000001,0.318352,-0.04384499999999997,0.42176500000000006,0.294013,-0.029661999999999966,0.4227440000000001
532,5.31,0.28059400000000007,-0.016739999999999977,0.37314800000000015,0.299024,0.058919000000000055,0.3994460000000001,0.35925999999999997,-0.03529100000000002,0.3975670000000001,0.30436500000000005,-0.09606100000000001,0.3969070000000001,0.22393100000000005,-0.07472499999999999,0.3945860000000001,0.316564,-0.017191999999999985,0.42547500000000005,0.29155499999999995,-0.06136999999999998,0.4296540000000001,0.3185470000000001,-0.04428499999999996,0.42186100000000004,0.29421900000000006,-0.03008099999999997,0.4227980000000001
533,5.32,0.280747,-0.016786999999999996,0.3726980000000001,0.299139,0.05874499999999999,0.3987250000000001,0.35955700000000007,-0.03519800000000001,0.39696600000000004,0.30462800000000007,-0.09597399999999995,0.3965000000000001,0.22422999999999998,-0.07464700000000002,0.3944980000000001,0.31677700000000003,-0.01760400000000001,0.42551000000000005,0.291726,-0.06175799999999998,0.4296960000000001,0.318742,-0.04470299999999999,0.4219240000000001,0.294425,-0.03047799999999995,0.42281500000000005
534,5.33,0.280954,-0.016647999999999996,0.37238300000000013,0.299499,0.05907600000000002,0.39832500000000015,0.35981899999999994,-0.035116999999999954,0.396425,0.304866,-0.09585499999999997,0.396127,0.22446799999999995,-0.07460499999999998,0.39438300000000015,0.31700999999999996,-0.01804899999999998,0.42551700000000003,0.2919260000000001,-0.06218199999999996,0.4297200000000001,0.31896699999999995,-0.04515400000000003,0.4219750000000001,0.294656,-0.03091299999999997,0.4227970000000001
535,5.34,0.281074,-0.01666200000000001,0.3719800000000001,0.29961600000000005,0.05912300000000004,0.39775000000000005,0.36001200000000005,-0.035049,0.39582400000000006,0.3051190000000001,-0.09580299999999997,0.39571500000000015,0.224763,-0.07464099999999996,0.39425600000000005,0.3172430000000001,-0.01854699999999998,0.42542100000000005,0.29210299999999995,-0.062645,0.42967,0.31916800000000006,-0.04565999999999998,0.42191600000000007,0.294874,-0.03138799999999997,0.42270700000000005
536,5.35,0.281251,-0.016619999999999968,0.37154600000000004,0.299881,0.059143,0.39742900000000003,0.3601710000000001,-0.034963999999999995,0.3952220000000001,0.3053780000000001,-0.09585299999999997,0.3953650000000001,0.22480799999999995,-0.07461899999999999,0.39370400000000005,0.31739,-0.019017000000000006,0.4252690000000001,0.2922179999999999,-0.06308999999999998,0.4295810000000001,0.319297,-0.046135999999999955,0.4218060000000001,0.295013,-0.03184599999999993,0.42257100000000014
537,5.36,0.28137000000000006,-0.016604000000000008,0.37122200000000005,0.299938,0.059141,0.39710900000000016,0.36032100000000006,-0.034945000000000004,0.3947100000000001,0.305572,-0.09583699999999995,0.3949560000000001,0.22515499999999994,-0.07458599999999999,0.39346800000000004,0.31760700000000003,-0.01958299999999996,0.42507700000000004,0.2923780000000001,-0.063616,0.4294610000000001,0.319475,-0.046708999999999945,0.42164800000000013,0.29521100000000006,-0.032385,0.42240900000000003
538,5.37,0.28145000000000003,-0.016699999999999993,0.3708560000000001,0.29990900000000004,0.058885999999999994,0.396722,0.3604930000000001,-0.03493199999999996,0.3943610000000001,0.30571699999999996,-0.09582199999999996,0.39440700000000006,0.22536800000000007,-0.07471599999999995,0.39318700000000006,0.31773900000000005,-0.02010400000000001,0.42492200000000013,0.2924790000000001,-0.064112,0.42937800000000015,0.31958500000000006,-0.047236,0.42152900000000004,0.295332,-0.032893000000000006,0.42228200000000016
539,5.38,0.281569,-0.016618999999999995,0.3707020000000001,0.300055,0.05906600000000001,0.39673100000000006,0.36057100000000003,-0.034916999999999976,0.39401600000000003,0.3059,-0.095866,0.39400000000000013,0.22565300000000005,-0.07475500000000002,0.392988,0.317914,-0.02064399999999994,0.4248620000000001,0.292607,-0.06462099999999998,0.42936300000000005,0.31972799999999996,-0.04778099999999996,0.421488,0.295491,-0.033409999999999995,0.42224300000000003
540,5.39,0.28160999999999997,-0.01675199999999999,0.37036100000000005,0.2998880000000001,0.058775999999999995,0.396382,0.36072,-0.03488999999999998,0.39371600000000007,0.3060270000000001,-0.09581499999999998,0.3936400000000001,0.22583399999999992,-0.07494699999999993,0.39264699999999997,0.31800100000000003,-0.021140999999999965,0.42484500000000014,0.29266200000000003,-0.06509499999999996,0.429385,0.319792,-0.04828099999999996,0.42148700000000006,0.29556699999999997,-0.03389099999999995,0.42224400000000006
541,5.4,0.2817469999999999,-0.01667499999999994,0.3702360000000001,0.30010200000000004,0.058999000000000024,0.3964460000000001,0.36081899999999995,-0.03484799999999999,0.39339199999999996,0.30623800000000007,-0.095916,0.39331700000000014,0.22603,-0.07502500000000001,0.3924280000000001,0.318247,-0.021635000000000015,0.4250950000000001,0.292866,-0.06556699999999999,0.42961800000000006,0.32002,-0.04877799999999999,0.42174600000000007,0.29580600000000007,-0.03436800000000001,0.42247100000000004
542,5.41,0.2818049999999999,-0.016707000000000027,0.37005100000000013,0.300031,0.05889899999999998,0.39626300000000014,0.36094200000000004,-0.03483200000000003,0.3931110000000001,0.30636800000000003,-0.09587800000000002,0.39301700000000006,0.22631700000000005,-0.075075,0.392313,0.31831399999999993,-0.02206999999999998,0.42533600000000005,0.29290900000000003,-0.06598999999999994,0.42985000000000007,0.32007500000000005,-0.049214000000000035,0.4219910000000001,0.29586699999999994,-0.03479199999999999,0.42270300000000005
543,5.42,0.2818840000000001,-0.016767000000000032,0.36993700000000007,0.3001190000000001,0.05889300000000003,0.3961840000000001,0.36101599999999995,-0.03483799999999998,0.39289700000000005,0.30652300000000005,-0.09595699999999996,0.39280100000000007,0.22649199999999997,-0.07524199999999998,0.39222400000000013,0.31849599999999995,-0.02266600000000002,0.42551400000000006,0.2930460000000001,-0.066558,0.43004200000000015,0.3202340000000001,-0.04981399999999997,0.4221910000000001,0.29604,-0.035368999999999984,0.42287300000000017
544,5.43,0.28192999999999996,-0.016818999999999973,0.369862,0.300186,0.058879000000000015,0.39603200000000016,0.36105499999999996,-0.034916,0.392772,0.30654,-0.09598499999999999,0.392718,0.22664800000000002,-0.07527899999999998,0.39226000000000005,0.318633,-0.023167999999999966,0.425814,0.29313400000000006,-0.06703199999999998,0.4303220000000001,0.320343,-0.05031599999999997,0.4224840000000001,0.29616400000000004,-0.03584499999999996,0.42316200000000015
545,5.44,0.28194800000000003,-0.01697399999999999,0.3698570000000001,0.300189,0.05877500000000002,0.395983,0.36106699999999997,-0.03499399999999997,0.392756,0.30659200000000003,-0.096169,0.39281100000000013,0.22667999999999994,-0.075434,0.3922780000000001,0.31890099999999993,-0.023768999999999985,0.4260910000000001,0.293337,-0.06759599999999993,0.4305960000000001,0.320576,-0.050920999999999994,0.42277700000000007,0.2964170000000001,-0.036416000000000004,0.4234230000000001
546,5.45,0.281977,-0.01709999999999995,0.36975100000000005,0.300252,0.05866500000000002,0.395857,0.361072,-0.03516399999999997,0.3927820000000001,0.306503,-0.09626499999999999,0.39278900000000005,0.226617,-0.07555099999999998,0.392127,0.31913300000000006,-0.024358999999999964,0.426315,0.293499,-0.06814500000000001,0.430829,0.32076599999999994,-0.05151599999999995,0.4230090000000001,0.296629,-0.036972000000000005,0.423647
547,5.46,0.28203300000000003,-0.017232999999999943,0.369834,0.300324,0.058445000000000025,0.39601700000000006,0.36111,-0.03534499999999996,0.3928400000000001,0.30651200000000006,-0.09645799999999999,0.39275000000000004,0.226713,-0.075631,0.39216800000000007,0.31947200000000003,-0.02499399999999996,0.42657200000000006,0.293758,-0.06873099999999999,0.4311020000000001,0.32105899999999993,-0.05215599999999998,0.42328600000000005,0.29694800000000005,-0.03756799999999999,0.4239010000000001
548,5.47,0.282078,-0.017368999999999968,0.369742,0.30041,0.058279000000000025,0.3960380000000001,0.36113900000000004,-0.03552299999999997,0.3928090000000001,0.3065130000000001,-0.09658699999999998,0.3925820000000001,0.22664900000000004,-0.07584200000000002,0.39194400000000007,0.319533,-0.025544999999999984,0.42676900000000006,0.29378,-0.06925500000000001,0.43133900000000003,0.321092,-0.05270999999999998,0.42349800000000015,0.29699500000000006,-0.038098999999999994,0.424118
549,5.48,0.28217,-0.017478999999999967,0.36965400000000004,0.30048199999999997,0.058094000000000035,0.396103,0.36125900000000005,-0.035663999999999974,0.392675,0.30664300000000005,-0.09676299999999999,0.39235700000000007,0.22669500000000004,-0.07596299999999995,0.3917320000000001,0.319865,-0.026106000000000018,0.4273110000000001,0.294044,-0.06977899999999998,0.431839,0.32138800000000006,-0.053271999999999986,0.4240320000000001,0.2973120000000001,-0.03862699999999997,0.4246310000000001
550,5.49,0.2822970000000001,-0.017590999999999968,0.36948000000000014,0.300561,0.05801600000000001,0.3960830000000001,0.36139800000000005,-0.035748999999999975,0.39246000000000014,0.30685599999999996,-0.09686299999999998,0.39213700000000007,0.22680100000000009,-0.076231,0.3914000000000001,0.320015,-0.026598999999999984,0.4278700000000001,0.294155,-0.07025500000000001,0.43235200000000007,0.3215170000000001,-0.05376399999999998,0.42457200000000006,0.297453,-0.039098999999999995,0.42517000000000005
551,5.5,0.2824539999999999,-0.017714000000000008,0.3692820000000001,0.30060500000000007,0.05784300000000003,0.3958560000000001,0.36161099999999996,-0.035779000000000005,0.3922340000000001,0.307158,-0.09697899999999998,0.39187300000000014,0.22703499999999993,-0.07633399999999996,0.39126700000000003,0.3202000000000001,-0.027218999999999993,0.428411,0.294287,-0.07084599999999996,0.43286000000000013,0.32167300000000004,-0.05438399999999999,0.425103,0.297625,-0.03969199999999995,0.42569100000000015
552,5.51,0.2826370000000001,-0.017678000000000027,0.3691920000000001,0.30087,0.057928000000000035,0.395876,0.361825,-0.03577399999999997,0.3919520000000001,0.307414,-0.09695399999999998,0.391622,0.22722400000000004,-0.07645000000000002,0.39116000000000006,0.3202730000000001,-0.02789999999999998,0.4288780000000001,0.29433399999999993,-0.071513,0.43332000000000004,0.321734,-0.05506699999999998,0.4255770000000001,0.29769300000000004,-0.040361999999999953,0.426146
553,5.52,0.28282199999999996,-0.017813999999999997,0.36899000000000004,0.30099800000000004,0.05781400000000003,0.39561900000000005,0.362079,-0.035854,0.391737,0.30766600000000005,-0.09698099999999998,0.3913470000000001,0.227497,-0.07668699999999995,0.39105600000000007,0.32043499999999997,-0.02857599999999999,0.4296000000000001,0.29445899999999997,-0.07217199999999996,0.4339860000000001,0.32188,-0.05574199999999996,0.42628600000000005,0.2978490000000001,-0.04101899999999997,0.4268350000000001
554,5.53,0.28303399999999995,-0.01792699999999997,0.36887500000000006,0.30128499999999997,0.05766400000000005,0.39552300000000007,0.362289,-0.035955000000000015,0.3914890000000001,0.307915,-0.09715299999999999,0.39123300000000005,0.22767700000000007,-0.07676299999999997,0.3909570000000001,0.320614,-0.02930100000000002,0.4302300000000001,0.29459799999999997,-0.07287699999999997,0.4345800000000001,0.32203999999999994,-0.05646699999999999,0.42691100000000004,0.2980209999999999,-0.041725999999999985,0.427439
555,5.54,0.28324900000000003,-0.018110999999999988,0.3687530000000001,0.30151500000000003,0.05748500000000001,0.39532100000000014,0.362531,-0.03619699999999998,0.3913230000000001,0.308113,-0.09737399999999996,0.391108,0.227914,-0.07683399999999996,0.3909480000000001,0.32092400000000004,-0.030034000000000005,0.43106100000000014,0.29481799999999997,-0.07356399999999996,0.43533200000000005,0.322294,-0.05719699999999994,0.427694,0.298306,-0.04240699999999997,0.428246
556,5.55,0.28342399999999995,-0.018372999999999973,0.3686680000000001,0.3018,0.05722100000000002,0.39529500000000006,0.36271100000000006,-0.03648199999999996,0.391151,0.3082369999999999,-0.097609,0.39094300000000004,0.22807500000000008,-0.07720399999999994,0.39084300000000005,0.32125300000000007,-0.03095099999999995,0.43170600000000015,0.29508299999999993,-0.07444499999999998,0.43595700000000004,0.32259200000000005,-0.058116999999999974,0.428353,0.298622,-0.04329499999999997,0.428863
557,5.56,0.2835750000000001,-0.018623999999999974,0.3685440000000001,0.302004,0.05695300000000003,0.3951960000000001,0.362902,-0.03689099999999995,0.390973,0.30829200000000007,-0.09788599999999997,0.39069600000000015,0.22823,-0.07739599999999996,0.39075400000000005,0.32164700000000007,-0.031820000000000015,0.432589,0.295376,-0.07525799999999999,0.4367780000000001,0.3229260000000001,-0.05898599999999998,0.4292060000000001,0.29899000000000003,-0.04410900000000001,0.42972100000000013
558,5.57,0.28361200000000003,-0.01876899999999998,0.3683700000000001,0.30222699999999997,0.05667,0.39518,0.36286199999999996,-0.036970999999999976,0.39068,0.30826900000000007,-0.097972,0.390236,0.22835900000000003,-0.07776700000000003,0.39051500000000006,0.32202400000000003,-0.03285799999999994,0.433223,0.295664,-0.076243,0.437411,0.32325599999999993,-0.060029,0.42986500000000005,0.299348,-0.04510699999999995,0.43033200000000005
559,5.58,0.28379499999999996,-0.018984,0.36818000000000006,0.302387,0.05637500000000001,0.39512,0.36310799999999993,-0.03725899999999999,0.39059600000000005,0.30833399999999994,-0.098157,0.38985400000000014,0.22849900000000006,-0.07804999999999995,0.39020200000000005,0.322409,-0.03386600000000001,0.43403900000000006,0.295947,-0.07719300000000001,0.4381830000000001,0.3235839999999999,-0.06103900000000001,0.4306730000000001,0.29970800000000003,-0.04606300000000002,0.43111900000000014
560,5.59,0.283878,-0.019171999999999967,0.36810300000000007,0.30251100000000003,0.056174999999999975,0.39517,0.36315099999999995,-0.03737199999999996,0.3904620000000001,0.30844699999999997,-0.09831599999999996,0.38963800000000015,0.22864500000000004,-0.07843199999999995,0.39003200000000016,0.3228210000000001,-0.03492600000000001,0.4349510000000001,0.2962540000000001,-0.07819300000000001,0.4390470000000001,0.323942,-0.06210100000000002,0.43159100000000006,0.30009900000000006,-0.04707199999999995,0.43198800000000004
561,5.6,0.2840460000000001,-0.019337999999999966,0.36804500000000007,0.30259699999999995,0.05593600000000004,0.39512400000000014,0.36332500000000006,-0.037592000000000014,0.3904390000000001,0.308599,-0.09850300000000001,0.389598,0.22883799999999993,-0.07847099999999996,0.38994400000000007,0.323182,-0.035914,0.43601500000000004,0.29652300000000004,-0.07913300000000001,0.4400280000000001,0.324259,-0.06308999999999998,0.4326430000000001,0.300444,-0.04801599999999995,0.43299299999999996
562,5.61,0.28415300000000004,-0.019491999999999954,0.3679800000000001,0.302733,0.055833999999999995,0.39510900000000015,0.36348600000000003,-0.03766600000000003,0.39029500000000006,0.308742,-0.098609,0.3894470000000001,0.22897299999999993,-0.07882199999999995,0.38987000000000005,0.32351500000000005,-0.03706799999999999,0.4369820000000001,0.29676300000000005,-0.08023299999999994,0.4409500000000002,0.32454299999999997,-0.06424599999999997,0.433613,0.300758,-0.049124,0.433921
563,5.62,0.284298,-0.019628999999999952,0.3679020000000002,0.3028870000000001,0.05565700000000001,0.39498600000000006,0.36363300000000004,-0.03783199999999998,0.3901350000000001,0.308908,-0.09872799999999998,0.389397,0.229161,-0.07888199999999995,0.38986200000000004,0.323914,-0.03815200000000002,0.43820000000000014,0.29705200000000004,-0.08125899999999997,0.44206,0.32488100000000003,-0.06532700000000002,0.43478700000000015,0.301132,-0.05014799999999997,0.43508900000000006
564,5.63,0.284394,-0.019791999999999976,0.3678410000000001,0.30299800000000005,0.05559200000000003,0.394911,0.36379,-0.037929999999999964,0.38997500000000007,0.30906700000000004,-0.098912,0.38931499999999997,0.229273,-0.07914499999999997,0.38985500000000006,0.32420200000000005,-0.03923999999999994,0.439469,0.29727599999999993,-0.08231500000000003,0.44322800000000007,0.3251359999999999,-0.06641099999999994,0.4360180000000001,0.30140800000000006,-0.05120000000000002,0.4363070000000001
565,5.64,0.28450000000000003,-0.01991499999999996,0.367823,0.303135,0.055450000000000055,0.39483200000000007,0.3639160000000001,-0.038098999999999994,0.3898560000000001,0.309163,-0.09897800000000001,0.3893080000000001,0.22944199999999998,-0.079231,0.38993900000000004,0.3245700000000001,-0.04041,0.440747,0.297549,-0.08343600000000001,0.44438900000000003,0.32544899999999993,-0.06757599999999997,0.43723600000000007,0.3017530000000001,-0.052315,0.43754100000000007
566,5.65,0.28457899999999997,-0.02010400000000001,0.36781200000000014,0.303231,0.05526800000000004,0.394784,0.36399600000000004,-0.03826499999999999,0.38986500000000013,0.30923699999999993,-0.099223,0.3893190000000001,0.229485,-0.07936899999999997,0.38995900000000006,0.3249969999999999,-0.041735999999999995,0.44190700000000016,0.297874,-0.08470399999999995,0.44547800000000004,0.325815,-0.06889899999999993,0.4383610000000001,0.302154,-0.053583999999999965,0.4386730000000001
567,5.66,0.284623,-0.02027399999999996,0.3678910000000001,0.303244,0.05509799999999998,0.394844,0.36403,-0.03849199999999997,0.3899650000000001,0.3092519999999999,-0.09935299999999997,0.38944,0.22956100000000007,-0.07950199999999996,0.3900420000000001,0.32548800000000006,-0.04310499999999995,0.4431490000000001,0.29824999999999996,-0.08600799999999997,0.44662500000000005,0.3262380000000001,-0.07026399999999994,0.4395580000000001,0.30261699999999997,-0.05488700000000002,0.43987600000000004
568,5.67,0.2847100000000001,-0.020491999999999955,0.36795200000000006,0.30336199999999997,0.05484400000000006,0.39492000000000005,0.3640750000000001,-0.038719,0.39007500000000017,0.309275,-0.09958699999999998,0.38950700000000005,0.22963400000000006,-0.07969500000000002,0.39006700000000005,0.326266,-0.04469099999999998,0.44435100000000005,0.298853,-0.08748800000000001,0.44774800000000015,0.32691200000000004,-0.071849,0.440732,0.30335299999999993,-0.056377999999999984,0.4410370000000001
569,5.68,0.28472400000000003,-0.020679999999999976,0.3680390000000001,0.30335000000000006,0.05466900000000002,0.3950490000000001,0.364092,-0.03894799999999998,0.3901730000000001,0.309298,-0.09978599999999999,0.3895510000000001,0.22964599999999996,-0.07989000000000002,0.390116,0.32702800000000004,-0.046263,0.44560900000000014,0.29944200000000004,-0.08895700000000001,0.44890700000000017,0.32757200000000003,-0.07341799999999998,0.4419510000000001,0.304073,-0.05785499999999999,0.4422480000000001
570,5.69,0.284784,-0.020909999999999984,0.368108,0.30342300000000005,0.05435200000000001,0.395147,0.3641180000000001,-0.03917299999999996,0.39022200000000007,0.309309,-0.10003299999999996,0.38955700000000004,0.22978700000000002,-0.08008399999999993,0.390174,0.3279969999999999,-0.04803400000000002,0.44681400000000004,0.300202,-0.09059799999999996,0.45003400000000005,0.32841899999999996,-0.07518899999999995,0.443141,0.30499400000000004,-0.059514999999999985,0.4434020000000001
571,5.7,0.28484500000000007,-0.02102599999999999,0.36821400000000004,0.30342600000000003,0.05415900000000001,0.39527900000000005,0.364145,-0.03936600000000001,0.39024400000000015,0.3093310000000001,-0.10027299999999997,0.3895670000000001,0.230045,-0.08000799999999997,0.3903110000000001,0.329119,-0.04989599999999994,0.44796800000000003,0.301105,-0.09232199999999996,0.4511090000000001,0.329417,-0.07705199999999995,0.444295,0.306069,-0.06126199999999998,0.4444910000000001
572,5.71,0.2848730000000001,-0.021220999999999934,0.36830200000000013,0.30351,0.054001999999999994,0.3953270000000001,0.364156,-0.03959699999999999,0.39028200000000013,0.309344,-0.10042399999999999,0.3895930000000001,0.230142,-0.08024799999999999,0.3904850000000001,0.33014899999999997,-0.05177399999999993,0.44927800000000007,0.301919,-0.09406399999999998,0.4523170000000001,0.33032100000000003,-0.07892899999999997,0.44558200000000003,0.307051,-0.06302399999999997,0.44573799999999997
573,5.72,0.28489400000000004,-0.021418999999999966,0.36829100000000004,0.30351500000000003,0.05378700000000003,0.39532600000000007,0.36418899999999993,-0.03975000000000001,0.39028200000000013,0.309374,-0.10061299999999998,0.38971500000000014,0.23009000000000007,-0.08043800000000001,0.39041000000000003,0.330946,-0.053622999999999976,0.45028900000000005,0.302533,-0.09579399999999999,0.45328800000000014,0.331007,-0.08077699999999999,0.446589,0.307804,-0.06477399999999994,0.44672100000000003
574,5.73,0.28493700000000005,-0.02152499999999996,0.36835400000000007,0.30358900000000005,0.05372600000000005,0.395328,0.36421699999999996,-0.039897000000000016,0.39028200000000013,0.30939599999999995,-0.10069799999999998,0.38982700000000003,0.230188,-0.08052099999999995,0.39054900000000004,0.331876,-0.05547400000000002,0.4516920000000001,0.303278,-0.09752899999999998,0.4545640000000001,0.33183199999999996,-0.08262399999999998,0.44795600000000013,0.308696,-0.066523,0.4480510000000001
575,5.74,0.28490599999999994,-0.021729,0.36838100000000007,0.303591,0.05355500000000002,0.3953120000000001,0.364234,-0.04003899999999999,0.39032,0.30939999999999995,-0.10085599999999997,0.389958,0.23002700000000004,-0.080785,0.39058899999999996,0.332505,-0.05730299999999999,0.45268700000000006,0.303769,-0.09926599999999997,0.45551700000000006,0.33237900000000004,-0.08445200000000003,0.448948,0.30929499999999993,-0.06827799999999995,0.44901500000000005
576,5.75,0.28493300000000005,-0.021864999999999968,0.368449,0.303626,0.053385000000000016,0.3952930000000001,0.364241,-0.040212000000000026,0.39035700000000007,0.309413,-0.10100299999999998,0.390065,0.23010500000000006,-0.08078999999999997,0.39075800000000016,0.33348400000000006,-0.05926500000000001,0.4539980000000001,0.30456,-0.10110599999999997,0.4567200000000001,0.3332530000000001,-0.08641099999999996,0.45024200000000003,0.31023800000000007,-0.070137,0.450252
577,5.76,0.28492999999999996,-0.022054999999999936,0.3685330000000001,0.3036609999999999,0.053183000000000036,0.39549500000000004,0.36424800000000007,-0.04046899999999998,0.390421,0.30936500000000006,-0.101209,0.3901350000000001,0.23000400000000004,-0.08101799999999998,0.39071100000000014,0.334054,-0.06116499999999997,0.4548780000000001,0.30499500000000007,-0.10291199999999998,0.4575910000000001,0.33373900000000006,-0.08831099999999997,0.451132,0.310777,-0.071965,0.4511160000000001
578,5.77,0.28491800000000006,-0.022272999999999987,0.3685720000000001,0.303676,0.052932000000000035,0.395512,0.364215,-0.040744999999999976,0.39051500000000006,0.309289,-0.10145099999999999,0.39014400000000005,0.22997499999999998,-0.08116099999999993,0.390771,0.3349450000000001,-0.06329699999999999,0.45589,0.305702,-0.10491799999999998,0.4585680000000001,0.334521,-0.09044399999999997,0.45215800000000006,0.311629,-0.07399899999999998,0.45208800000000005
579,5.78,0.2848819999999999,-0.022512000000000032,0.3686760000000001,0.30363999999999997,0.05262499999999998,0.3957590000000001,0.36415099999999995,-0.04106399999999999,0.3906550000000001,0.309205,-0.10174,0.39019499999999996,0.22985799999999995,-0.08137500000000003,0.39070800000000006,0.33585500000000007,-0.06534599999999996,0.45706100000000016,0.306406,-0.10682699999999998,0.4596530000000001,0.33530200000000004,-0.09248600000000001,0.453291,0.312491,-0.07592899999999997,0.453222
580,5.79,0.28485600000000005,-0.02278199999999997,0.36877700000000013,0.303675,0.052366000000000024,0.395919,0.364072,-0.04137799999999997,0.390795,0.309146,-0.102134,0.39028000000000007,0.22972200000000004,-0.08159599999999995,0.39073000000000013,0.33677700000000005,-0.06756299999999998,0.45803800000000006,0.307116,-0.10889399999999999,0.46059300000000003,0.33608699999999997,-0.094696,0.4542490000000001,0.31336,-0.07802299999999995,0.45418400000000003
581,5.8,0.28479800000000005,-0.02304299999999998,0.368834,0.30359200000000003,0.05204100000000006,0.3960370000000001,0.363987,-0.04169099999999998,0.39095900000000006,0.30904499999999996,-0.10240299999999997,0.390421,0.229535,-0.08178400000000002,0.390649,0.3376130000000001,-0.06971099999999997,0.45908800000000005,0.30774699999999994,-0.1109,0.46157400000000004,0.336786,-0.096833,0.4552450000000001,0.314143,-0.08004699999999998,0.4552250000000001
582,5.81,0.2847680000000001,-0.023239999999999983,0.3689610000000001,0.30359600000000003,0.05183300000000002,0.39615,0.363918,-0.04196099999999997,0.39112500000000006,0.308985,-0.10266499999999998,0.3904890000000001,0.22948000000000007,-0.08189099999999999,0.3908060000000001,0.33834000000000003,-0.07176399999999994,0.46016,0.30831100000000006,-0.11283799999999997,0.46257800000000004,0.337404,-0.09887599999999996,0.45626900000000004,0.31482799999999994,-0.08199899999999999,0.4562820000000001
583,5.82,0.284703,-0.023467000000000016,0.36902400000000013,0.30350499999999997,0.05169800000000002,0.39620200000000005,0.36383399999999994,-0.04217299999999996,0.3912530000000001,0.3089840000000001,-0.10295799999999997,0.390617,0.229327,-0.08210899999999999,0.390842,0.33917400000000003,-0.07411299999999998,0.461025,0.30894799999999994,-0.11504299999999998,0.4634180000000001,0.3381079999999999,-0.101217,0.457117,0.3156130000000001,-0.08423299999999995,0.45714200000000005
584,5.83,0.28467499999999996,-0.023652000000000006,0.36907600000000007,0.30345700000000003,0.051537,0.39624100000000007,0.363774,-0.04234199999999999,0.39135600000000004,0.30901300000000004,-0.10320499999999999,0.3907450000000001,0.22921699999999995,-0.08223499999999995,0.390868,0.339949,-0.07629299999999994,0.4618930000000001,0.309553,-0.11709999999999998,0.4642480000000001,0.338771,-0.10338899999999998,0.45796100000000006,0.316347,-0.08631099999999997,0.45799900000000004
585,5.84,0.28460100000000005,-0.023897999999999975,0.369074,0.30330799999999997,0.05121300000000001,0.3960770000000001,0.36371500000000007,-0.04252499999999998,0.3914550000000001,0.30895200000000006,-0.10335799999999998,0.39086200000000004,0.22917499999999996,-0.08236499999999997,0.39098900000000014,0.34086500000000003,-0.07871999999999996,0.46271000000000007,0.31026499999999996,-0.11937599999999998,0.4650390000000001,0.339555,-0.10580999999999999,0.4587730000000001,0.317216,-0.088621,0.45879900000000007
586,5.85,0.284569,-0.02396799999999999,0.36919,0.30340700000000004,0.051244999999999985,0.3962770000000001,0.36366400000000004,-0.042677999999999994,0.391463,0.30888199999999993,-0.10355099999999998,0.3909420000000001,0.22904999999999992,-0.08247499999999997,0.39105,0.34157600000000005,-0.08099399999999995,0.46347700000000003,0.3107910000000001,-0.12151099999999998,0.465781,0.340138,-0.10807299999999997,0.45951200000000003,0.3178790000000001,-0.09078099999999995,0.45957000000000003
587,5.86,0.28445500000000007,-0.024116999999999944,0.369185,0.30327,0.05102000000000001,0.39618300000000006,0.3635850000000001,-0.042861999999999956,0.39145600000000014,0.308691,-0.103604,0.39100100000000004,0.22900900000000007,-0.08253599999999994,0.39113200000000004,0.342531,-0.08343399999999995,0.46429600000000004,0.311537,-0.12379299999999999,0.46656300000000006,0.34095799999999993,-0.11050399999999996,0.4603220000000001,0.318788,-0.09309799999999996,0.4603670000000001
588,5.87,0.2843630000000001,-0.02416400000000002,0.3692510000000001,0.303355,0.05094000000000004,0.396223,0.36352200000000007,-0.043044999999999944,0.3914430000000001,0.3084489999999999,-0.103543,0.39090100000000005,0.228925,-0.08265,0.39131000000000005,0.34342200000000006,-0.08588899999999994,0.46508000000000016,0.31221100000000007,-0.12608299999999997,0.46730400000000005,0.3417050000000001,-0.11294699999999999,0.4610820000000001,0.3196280000000001,-0.09542199999999995,0.461136
589,5.88,0.28426200000000007,-0.02425299999999997,0.3693080000000001,0.303309,0.050839999999999996,0.39620900000000003,0.363439,-0.04313499999999998,0.39148700000000003,0.30828300000000003,-0.10365999999999997,0.39101300000000005,0.22879500000000003,-0.08266799999999996,0.3914390000000001,0.344423,-0.08847699999999997,0.46578700000000006,0.3129990000000001,-0.12850699999999998,0.46798400000000007,0.342571,-0.11552899999999997,0.4618040000000001,0.320586,-0.097889,0.461809
590,5.89,0.284183,-0.02433099999999999,0.3693700000000001,0.30326499999999995,0.05079499999999998,0.39618600000000015,0.363393,-0.04322599999999999,0.391568,0.308174,-0.10369799999999998,0.39108200000000004,0.228694,-0.08274999999999999,0.39159500000000014,0.34518299999999996,-0.09096199999999999,0.466376,0.31355700000000003,-0.13083399999999998,0.46856,0.34319399999999994,-0.118002,0.46238100000000004,0.32129800000000003,-0.10025199999999998,0.46239700000000006
591,5.9,0.284106,-0.024392000000000025,0.369425,0.30318300000000004,0.05070600000000003,0.3962540000000001,0.3633239999999999,-0.04330600000000001,0.391632,0.3080549999999999,-0.10383499999999998,0.3911720000000001,0.228582,-0.08271999999999996,0.3916210000000001,0.34617400000000004,-0.09362500000000001,0.466997,0.31434199999999995,-0.13333299999999998,0.46916800000000003,0.3440560000000001,-0.12065999999999999,0.46303400000000006,0.322251,-0.10279899999999997,0.4629810000000001
592,5.91,0.284059,-0.02448100000000003,0.36950800000000017,0.303143,0.050676000000000054,0.3962970000000001,0.36328599999999994,-0.04344699999999996,0.391756,0.308011,-0.10392399999999999,0.3911920000000001,0.22852200000000006,-0.08281099999999997,0.39176500000000003,0.34705499999999995,-0.09627999999999998,0.46744700000000006,0.31501400000000007,-0.135817,0.46964000000000006,0.3447970000000001,-0.12330699999999997,0.46350800000000014,0.32308600000000004,-0.10533099999999998,0.4634290000000001
593,5.92,0.283978,-0.024565999999999977,0.36953500000000006,0.3030270000000001,0.05060500000000001,0.39635900000000013,0.36325500000000005,-0.04351299999999997,0.39180100000000007,0.307934,-0.10407499999999997,0.3912300000000001,0.22838199999999992,-0.08288399999999996,0.3917410000000001,0.34822500000000006,-0.09914199999999995,0.467963,0.315931,-0.13847299999999998,0.4701630000000001,0.345802,-0.12615999999999997,0.464059,0.324205,-0.10804799999999998,0.46392
594,5.93,0.283915,-0.024671,0.36962800000000007,0.303004,0.050543000000000005,0.396421,0.36322000000000004,-0.043686,0.3918710000000001,0.307835,-0.10412999999999997,0.391266,0.22833200000000003,-0.08302799999999999,0.3918990000000001,0.34917899999999996,-0.10185599999999997,0.4685680000000001,0.3166609999999999,-0.141003,0.47075600000000006,0.346606,-0.12886,0.4646680000000001,0.325112,-0.11062599999999997,0.46451300000000006
595,5.94,0.28382199999999996,-0.024685999999999986,0.36967300000000003,0.30294100000000007,0.05043500000000001,0.39645300000000006,0.36318600000000006,-0.043837000000000015,0.39196300000000006,0.30756200000000006,-0.10396799999999998,0.39135300000000006,0.22819399999999995,-0.08303299999999997,0.39193,0.35036699999999993,-0.10471399999999997,0.46939700000000006,0.317586,-0.143644,0.4715210000000001,0.34761900000000007,-0.13169799999999998,0.4654790000000001,0.326247,-0.11332099999999998,0.46530400000000005
596,5.95,0.283726,-0.024791000000000007,0.3697300000000001,0.302919,0.05041800000000002,0.39645300000000006,0.36310500000000007,-0.04397699999999999,0.3919950000000001,0.30742600000000003,-0.104187,0.3913740000000001,0.22807000000000005,-0.08308900000000002,0.3920810000000001,0.351389,-0.10758799999999996,0.4701120000000001,0.31836900000000007,-0.14631899999999998,0.4721810000000001,0.34848000000000007,-0.13455299999999998,0.466175,0.32722100000000004,-0.11604599999999998,0.46599100000000004
597,5.96,0.28367400000000004,-0.02483799999999997,0.369718,0.30290500000000004,0.050351000000000035,0.3963890000000001,0.363029,-0.044065999999999994,0.391996,0.307294,-0.104265,0.39154,0.227945,-0.08299899999999999,0.39206600000000014,0.35237599999999997,-0.11039199999999999,0.4708840000000001,0.319124,-0.14892799999999998,0.47287100000000004,0.349307,-0.13733199999999998,0.46689800000000015,0.32815900000000003,-0.118697,0.466738
598,5.97,0.28360599999999997,-0.024924999999999975,0.36975400000000014,0.30290500000000004,0.050321000000000005,0.3963040000000001,0.362956,-0.04413599999999995,0.39196600000000004,0.30728300000000003,-0.10439699999999996,0.391598,0.22786500000000004,-0.083032,0.392262,0.35336300000000004,-0.11335299999999998,0.47153500000000004,0.31988900000000003,-0.151698,0.4734790000000001,0.3501420000000001,-0.14027299999999998,0.4675340000000001,0.32910199999999995,-0.12151699999999999,0.467368
599,5.98,0.28345799999999993,-0.024961999999999984,0.3698020000000001,0.30289400000000005,0.05030100000000004,0.39629800000000004,0.36271100000000006,-0.04402699999999998,0.39185800000000004,0.307231,-0.10460699999999998,0.3916630000000001,0.22775099999999998,-0.08302299999999996,0.3924130000000001,0.3542680000000001,-0.11615399999999998,0.47222200000000003,0.32058500000000006,-0.15431899999999996,0.474106,0.35089999999999993,-0.14304899999999998,0.4681780000000001,0.32996299999999995,-0.12417899999999998,0.46804200000000007
600,5.99,0.28341,-0.025171999999999972,0.3699310000000001,0.30284000000000005,0.050241000000000036,0.3963190000000001,0.36251400000000006,-0.043972999999999984,0.3918790000000001,0.307366,-0.10515199999999997,0.3922650000000001,0.22767200000000004,-0.08302499999999996,0.39254,0.35527499999999995,-0.11916299999999999,0.47264300000000015,0.32137,-0.157132,0.4745210000000001,0.35175000000000006,-0.146038,0.4685910000000001,0.330923,-0.12704499999999996,0.46846600000000005
