Frame,Time,Bowl_center X,Bowl_center Y,Bowl_center Z,Bowl_rim_1 X,Bowl_rim_1 Y,Bowl_rim_1 Z,Bowl_rim_2 X,Bowl_rim_2 Y,Bowl_rim_2 Z,Bowl_rim_3 X,Bowl_rim_3 Y,Bowl_rim_3 Z,Bowl_rim_4 X,Bowl_rim_4 Y,Bowl_rim_4 Z,Spoon_front X,Spoon_front Y,Spoon_front Z,Spoon_back X,Spoon_back Y,Spoon_back Z,Spoon_right X,Spoon_right Y,Spoon_right Z,Spoon_left X,Spoon_left Y,Spoon_left Z
1,0.0,0.3,0.0,0.4,0.33039900000000005,0.04188400000000003,0.46146300000000007,0.370419,-0.04612099999999997,0.4080870000000001,0.304757,-0.08102500000000001,0.3758950000000001,0.231439,-0.04592199999999996,0.388815,0.342212,-0.07860799999999996,0.46316500000000005,0.30994399999999994,-0.117871,0.4666150000000001,0.340112,-0.10515,0.46965900000000005,0.321996,-0.091333,0.45306500000000005
2,0.016,0.30008299999999993,-1.8999999999935735e-05,0.4000380000000001,0.33045299999999994,0.04177200000000003,0.461554,0.37043,-0.046279000000000015,0.40815800000000013,0.30475900000000006,-0.081044,0.37588699999999997,0.23145299999999996,-0.045791000000000026,0.38877000000000006,0.341509,-0.07684799999999997,0.4625380000000001,0.30963,-0.11638499999999996,0.46643200000000007,0.339659,-0.10331899999999997,0.4693860000000001,0.321451,-0.08991199999999999,0.45255600000000007
3,0.032,0.300143,-0.00011699999999997823,0.40016700000000016,0.330555,0.041739000000000026,0.4616190000000001,0.37041300000000005,-0.04633900000000002,0.408319,0.30470899999999995,-0.08117399999999997,0.37612500000000004,0.23165399999999997,-0.045922999999999936,0.388977,0.340764,-0.07497799999999993,0.46191100000000007,0.3093010000000001,-0.11480499999999999,0.466222,0.33917800000000004,-0.101378,0.46909500000000015,0.32087800000000005,-0.08838599999999996,0.452041
4,0.048,0.300171,-0.00023800000000001598,0.40039800000000014,0.330694,0.041710000000000025,0.4616580000000001,0.37039300000000003,-0.04655100000000001,0.4084880000000001,0.30463900000000005,-0.08133200000000002,0.37638400000000005,0.231717,-0.045972999999999986,0.38956100000000016,0.339829,-0.07301799999999997,0.460796,0.308799,-0.113128,0.46558600000000006,0.33852599999999994,-0.09934199999999999,0.46830700000000014,0.32009799999999994,-0.08676299999999998,0.451083
5,0.064,0.30011000000000004,-0.0004129999999999412,0.4006290000000001,0.3308360000000001,0.04170500000000005,0.461689,0.370319,-0.04666099999999995,0.4086240000000001,0.30450800000000006,-0.08148100000000003,0.3766980000000001,0.23177399999999998,-0.046308000000000016,0.39012900000000006,0.33912800000000004,-0.071326,0.45980200000000004,0.30851900000000004,-0.11169599999999999,0.4650900000000001,0.33808900000000003,-0.097553,0.4676840000000001,0.3195700000000001,-0.08541899999999997,0.45023900000000006
6,0.08000000000000002,0.3000570000000001,-0.0006319999999999659,0.400876,0.330981,0.041644000000000014,0.46177900000000005,0.370277,-0.04679899999999998,0.40871000000000013,0.304394,-0.081652,0.37690100000000004,0.23190300000000003,-0.04673100000000002,0.3907100000000001,0.33830600000000005,-0.06943899999999997,0.458809,0.308128,-0.11007099999999997,0.46455100000000016,0.33754,-0.095578,0.4670080000000001,0.318914,-0.08385900000000002,0.4493950000000001
7,0.096,0.30006700000000003,-0.0008440000000000114,0.4009480000000001,0.33105100000000004,0.041554000000000035,0.4618880000000001,0.370218,-0.04696599999999995,0.40878500000000006,0.304275,-0.08177200000000001,0.37702500000000005,0.23214300000000004,-0.047159000000000006,0.39073400000000014,0.337725,-0.06794299999999998,0.45770900000000003,0.307942,-0.10878999999999997,0.463967,0.33720600000000006,-0.09397399999999995,0.46626500000000004,0.31849,-0.08268199999999998,0.4484680000000001
8,0.11200000000000002,0.30003799999999997,-0.0008889999999999731,0.400996,0.33109000000000005,0.041376000000000024,0.46204500000000004,0.370157,-0.04705499999999996,0.4087790000000001,0.30422600000000005,-0.08176800000000001,0.3765630000000001,0.23212000000000005,-0.04720000000000002,0.3907550000000001,0.3370520000000001,-0.06630599999999998,0.456554,0.30764300000000006,-0.107348,0.4632870000000001,0.336775,-0.092246,0.465391,0.31794000000000006,-0.081316,0.44749400000000006
9,0.128,0.30004100000000006,-0.0010489999999999666,0.401069,0.33109400000000005,0.041186,0.46217300000000006,0.3701330000000001,-0.047181999999999946,0.40878000000000003,0.30422299999999997,-0.08175300000000002,0.37656600000000007,0.23230100000000004,-0.047539,0.39073800000000003,0.33642900000000003,-0.06476099999999996,0.455353,0.30740700000000004,-0.10599199999999998,0.462588,0.33639900000000006,-0.09059799999999996,0.46449000000000007,0.31745000000000007,-0.08005099999999998,0.44648500000000013
10,0.144,0.30007100000000003,-0.0011079999999999424,0.401118,0.33108299999999996,0.040966,0.4623640000000001,0.37011199999999994,-0.047304999999999986,0.40877600000000003,0.30423400000000006,-0.08189000000000002,0.37639200000000006,0.232277,-0.047416000000000014,0.3906550000000001,0.33594700000000005,-0.063355,0.45437800000000017,0.3072540000000001,-0.10473699999999997,0.46205300000000005,0.336126,-0.08909699999999998,0.4637770000000001,0.31708299999999995,-0.07888199999999995,0.4456800000000001
11,0.16000000000000003,0.3000700000000001,-0.0011719999999999509,0.401118,0.331034,0.040771,0.4624720000000001,0.37008,-0.04742099999999999,0.4087780000000001,0.30421500000000007,-0.081874,0.37629599999999996,0.232261,-0.04744899999999996,0.3904660000000001,0.33553700000000003,-0.061861,0.4533830000000001,0.307186,-0.10340299999999997,0.4614520000000001,0.33593100000000004,-0.08751500000000001,0.46301500000000007,0.316795,-0.07761999999999997,0.444839
12,0.17600000000000002,0.30007200000000006,-0.0012979999999999658,0.4011880000000001,0.331026,0.04058800000000001,0.46265,0.37003400000000003,-0.04762500000000003,0.4088320000000001,0.304174,-0.08199899999999999,0.37626400000000004,0.23223199999999994,-0.04751299999999997,0.39042,0.335273,-0.060628000000000015,0.45269499999999996,0.3072240000000001,-0.102299,0.461147,0.335845,-0.08617800000000003,0.46259000000000006,0.316664,-0.07661499999999999,0.4442840000000001
13,0.192,0.300023,-0.001422999999999952,0.40118700000000007,0.331011,0.040395000000000014,0.46272800000000003,0.3699360000000001,-0.04778099999999996,0.4088250000000001,0.304039,-0.08211800000000002,0.37626400000000004,0.23214200000000002,-0.047597999999999974,0.39028300000000005,0.3350330000000001,-0.05922299999999997,0.45196800000000004,0.30729900000000004,-0.10103699999999999,0.46074400000000015,0.335794,-0.08468499999999995,0.46207600000000015,0.316555,-0.07542199999999999,0.4436770000000001
14,0.20800000000000002,0.29994799999999994,-0.0015410000000000146,0.4012650000000001,0.33100999999999997,0.040215,0.4628190000000001,0.369802,-0.04800899999999997,0.4088400000000001,0.30385100000000004,-0.08224399999999998,0.3762970000000001,0.231999,-0.04760399999999998,0.390377,0.334841,-0.058244999999999936,0.45069800000000004,0.307386,-0.10014599999999996,0.45992900000000003,0.335776,-0.08359699999999998,0.4610670000000001,0.31646100000000005,-0.07464799999999999,0.44259000000000015
15,0.22400000000000003,0.299807,-0.0017149999999999666,0.40137500000000004,0.3310030000000001,0.040013999999999994,0.462832,0.369659,-0.04822499999999996,0.4088750000000001,0.30363599999999996,-0.08238099999999998,0.3763700000000001,0.23179900000000003,-0.04776200000000003,0.39063800000000015,0.3346240000000001,-0.057006999999999974,0.449603,0.307468,-0.099018,0.459209,0.335744,-0.08226599999999995,0.4601780000000001,0.316348,-0.073602,0.44165200000000016
16,0.24,0.299727,-0.001852999999999938,0.40141700000000013,0.331027,0.03980100000000003,0.46289100000000005,0.369497,-0.048485999999999974,0.4088830000000001,0.3033890000000001,-0.08253499999999997,0.3763550000000001,0.23162900000000003,-0.04776899999999995,0.3906830000000001,0.33473900000000006,-0.055964000000000014,0.44882900000000003,0.30782399999999993,-0.09805399999999997,0.45876400000000006,0.33600199999999997,-0.08112899999999995,0.459608,0.316564,-0.07272899999999999,0.44100400000000006
17,0.256,0.299638,-0.0019640000000000213,0.401397,0.33099300000000004,0.039571999999999996,0.462901,0.36932500000000007,-0.04874499999999998,0.408799,0.303171,-0.082623,0.37629100000000004,0.231462,-0.047729999999999995,0.39063000000000003,0.33474699999999996,-0.054869999999999974,0.4479740000000001,0.308112,-0.097049,0.4582820000000001,0.33617100000000005,-0.07992100000000002,0.458997,0.316699,-0.07183499999999998,0.44029000000000007
18,0.272,0.29958,-0.0020560000000000023,0.4013610000000001,0.330976,0.03932600000000003,0.46295200000000003,0.36921200000000004,-0.04894399999999999,0.40868100000000007,0.3029589999999999,-0.08271,0.3760570000000001,0.23137999999999997,-0.047684000000000004,0.39052300000000006,0.334733,-0.05391499999999999,0.446871,0.30837,-0.09616999999999998,0.4575570000000001,0.3363150000000001,-0.07885299999999995,0.4581250000000001,0.316799,-0.07106800000000002,0.4393370000000001
19,0.288,0.299552,-0.00210699999999997,0.4012920000000001,0.3309349999999999,0.03906800000000005,0.46301900000000007,0.36909299999999995,-0.04917299999999997,0.408512,0.30281399999999997,-0.08273199999999997,0.3757920000000001,0.231292,-0.04753200000000002,0.390309,0.334316,-0.05289499999999997,0.44533100000000014,0.30831899999999995,-0.095244,0.45652400000000004,0.336112,-0.077679,0.4568890000000001,0.316536,-0.07029399999999997,0.4380010000000001
20,0.30400000000000005,0.29953099999999994,-0.002104999999999968,0.4011880000000001,0.33092399999999994,0.03878400000000004,0.46305300000000005,0.368987,-0.04929499999999998,0.4083110000000001,0.30269700000000005,-0.08275500000000002,0.37552700000000017,0.23111900000000002,-0.047262000000000026,0.390012,0.33389300000000005,-0.051919999999999966,0.443766,0.30826400000000004,-0.09437000000000001,0.4554180000000001,0.335903,-0.07655999999999996,0.4555950000000001,0.316267,-0.06955300000000003,0.43662500000000004
21,0.32000000000000006,0.299491,-0.0021609999999999685,0.4011150000000001,0.330903,0.03857000000000005,0.46314900000000003,0.36888000000000004,-0.04948199999999997,0.40813200000000005,0.30253899999999995,-0.082758,0.375262,0.23103900000000005,-0.04721299999999995,0.389752,0.33333299999999993,-0.05064599999999997,0.442449,0.308154,-0.09323499999999996,0.454565,0.33559100000000003,-0.07511399999999996,0.454584,0.315923,-0.06856199999999996,0.4354850000000001
22,0.336,0.299425,-0.002212999999999965,0.40108200000000005,0.33090099999999995,0.03838600000000003,0.46309600000000006,0.36874500000000004,-0.04962099999999997,0.408046,0.30236199999999996,-0.08285100000000001,0.3753080000000001,0.23084299999999996,-0.04707199999999995,0.3897060000000001,0.33273199999999997,-0.04972099999999996,0.44075600000000004,0.30797,-0.092412,0.45336500000000013,0.33522900000000005,-0.07402500000000001,0.45317200000000013,0.31549699999999997,-0.06788499999999997,0.434002
23,0.35200000000000004,0.2993350000000001,-0.0023110000000000075,0.401118,0.33091999999999994,0.03827599999999998,0.46311000000000013,0.368577,-0.049821000000000004,0.408041,0.30210200000000004,-0.08296900000000001,0.375406,0.23070200000000002,-0.04707499999999998,0.3897900000000001,0.3323390000000001,-0.04892399999999997,0.43920100000000006,0.30796400000000007,-0.09168100000000001,0.4523300000000001,0.33504700000000004,-0.07304,0.4519360000000001,0.31528800000000007,-0.06733899999999998,0.432659
24,0.36800000000000005,0.299221,-0.0024020000000000152,0.40120600000000006,0.33096600000000004,0.03817600000000004,0.46306500000000006,0.36840599999999996,-0.049978999999999996,0.408046,0.301865,-0.08305600000000002,0.3756290000000001,0.23051099999999997,-0.047099,0.39005100000000015,0.33216799999999996,-0.04855300000000001,0.43740500000000004,0.30809500000000006,-0.09131499999999998,0.451064,0.335046,-0.07248999999999994,0.4504370000000001,0.315247,-0.06716699999999998,0.43109300000000006
25,0.384,0.299121,-0.0024640000000000217,0.4012920000000001,0.3310180000000001,0.03808200000000006,0.46310300000000004,0.368234,-0.050238000000000005,0.4080910000000001,0.301598,-0.08307700000000001,0.37553500000000006,0.2303,-0.04704999999999998,0.390286,0.3316799999999999,-0.04795499999999997,0.435372,0.307985,-0.09073699999999996,0.4496150000000001,0.33476599999999995,-0.07167999999999997,0.44873799999999997,0.31493200000000005,-0.06680599999999998,0.42931200000000014
26,0.4,0.29903300000000005,-0.0025179999999999647,0.4013500000000001,0.331038,0.03795000000000004,0.463136,0.36810099999999996,-0.05035799999999996,0.4080800000000001,0.3013780000000001,-0.08308399999999994,0.37564600000000004,0.23014700000000005,-0.04705199999999998,0.39034500000000005,0.33127,-0.04741400000000001,0.43350600000000006,0.30793299999999996,-0.09020899999999993,0.448291,0.334544,-0.07092799999999999,0.44719700000000007,0.31470000000000004,-0.06649499999999997,0.4276770000000001
27,0.41600000000000004,0.29897599999999996,-0.0025700000000000167,0.40139100000000005,0.331053,0.037829,0.4632240000000001,0.367983,-0.05052599999999996,0.40808100000000014,0.30112599999999995,-0.08316899999999999,0.375594,0.230049,-0.046967999999999954,0.3903730000000001,0.3309410000000001,-0.04647099999999993,0.432126,0.3079589999999999,-0.08930999999999994,0.44733500000000015,0.334394,-0.069795,0.44609500000000013,0.31456600000000007,-0.06577,0.4264700000000001
28,0.43200000000000005,0.298935,-0.0026359999999999717,0.40148800000000007,0.3310220000000001,0.037665000000000004,0.4633520000000001,0.36789,-0.05068299999999998,0.40815,0.301038,-0.08319500000000002,0.375656,0.22994900000000001,-0.04694699999999996,0.39041100000000006,0.33133000000000007,-0.045889999999999986,0.4313910000000001,0.308563,-0.08873699999999995,0.446897,0.3348630000000001,-0.06904299999999997,0.4456220000000001,0.3151319999999999,-0.06536599999999998,0.42583100000000007
29,0.44800000000000006,0.29884400000000005,-0.002705000000000013,0.4015810000000001,0.3309450000000001,0.03749600000000003,0.4634940000000001,0.36773800000000006,-0.050789999999999946,0.408208,0.30087400000000003,-0.08327399999999996,0.37568900000000005,0.22985299999999992,-0.04692499999999994,0.39044,0.331273,-0.04489299999999996,0.43063300000000015,0.30881200000000003,-0.08779799999999993,0.44642099999999996,0.33493899999999993,-0.06787899999999997,0.445098,0.315281,-0.06456599999999996,0.4251720000000001
30,0.46399999999999997,0.298788,-0.002758999999999956,0.4017590000000001,0.330969,0.03734900000000002,0.4637000000000001,0.36765,-0.05094399999999999,0.408366,0.30072400000000005,-0.08330399999999999,0.37577800000000006,0.229659,-0.04688500000000001,0.39058100000000007,0.33141899999999996,-0.04405100000000001,0.42999900000000013,0.309236,-0.08699800000000002,0.4460670000000001,0.335189,-0.06685399999999997,0.44472600000000007,0.3156459999999999,-0.06392499999999995,0.424627
31,0.48,0.29875999999999997,-0.002813999999999983,0.40188100000000004,0.3309349999999999,0.03721200000000002,0.4639270000000001,0.36753700000000006,-0.05107799999999996,0.40847600000000006,0.30056200000000005,-0.08336899999999997,0.37584400000000007,0.229655,-0.04684299999999997,0.3905710000000001,0.331081,-0.04306599999999999,0.4289560000000001,0.30922,-0.08607700000000001,0.4452900000000001,0.335004,-0.06572299999999998,0.443867,0.315494,-0.063114,0.42369200000000007
32,0.496,0.298734,-0.002817999999999987,0.4020190000000001,0.330973,0.037121000000000015,0.46409500000000015,0.367466,-0.05118199999999995,0.40857600000000005,0.300487,-0.08334099999999994,0.375819,0.22953300000000004,-0.04676399999999997,0.3907060000000001,0.331023,-0.042073999999999945,0.42827400000000004,0.30945700000000004,-0.08514099999999997,0.4448500000000001,0.3350650000000001,-0.06456800000000001,0.44339800000000007,0.31564700000000007,-0.06230599999999997,0.42309300000000005
33,0.512,0.298665,-0.002894999999999981,0.4021640000000001,0.330987,0.03702500000000003,0.4642060000000001,0.36737400000000003,-0.051321000000000006,0.40864900000000004,0.30035400000000007,-0.08339899999999995,0.3759100000000001,0.22943300000000005,-0.04680699999999999,0.39093900000000004,0.33086699999999997,-0.04099899999999995,0.42743600000000015,0.309567,-0.084113,0.44423500000000005,0.33502099999999996,-0.06335299999999994,0.44273700000000005,0.315668,-0.061385999999999996,0.422339
34,0.528,0.298622,-0.002935999999999994,0.40234400000000003,0.331007,0.036887,0.4644220000000001,0.36727000000000004,-0.05147799999999997,0.40875700000000004,0.30019100000000004,-0.083424,0.375997,0.229327,-0.04672599999999999,0.39110500000000015,0.330942,-0.04003899999999999,0.4269940000000001,0.30992400000000003,-0.08318499999999995,0.4440630000000001,0.335184,-0.06218800000000002,0.44256700000000004,0.31599099999999997,-0.06063000000000002,0.4219820000000001
35,0.544,0.2985860000000001,-0.003010999999999986,0.402559,0.331046,0.03677800000000003,0.4646230000000001,0.36713500000000004,-0.05166499999999996,0.40901300000000007,0.29998299999999994,-0.08354499999999998,0.37627900000000003,0.229203,-0.04665799999999998,0.39132200000000006,0.330764,-0.039034999999999986,0.4263030000000001,0.31004499999999996,-0.08221899999999999,0.44364100000000006,0.335107,-0.06098699999999996,0.4421250000000001,0.31605600000000006,-0.05982199999999993,0.4213840000000001
36,0.5599999999999999,0.29851599999999995,-0.0030919999999999837,0.4028410000000001,0.33108699999999996,0.036694000000000004,0.464843,0.366994,-0.051844999999999974,0.409296,0.2997680000000001,-0.08361299999999999,0.37655800000000006,0.229091,-0.046679999999999944,0.3917050000000001,0.330783,-0.03814599999999996,0.42578000000000005,0.31036100000000005,-0.08134400000000003,0.4434290000000001,0.335201,-0.05985400000000002,0.44191500000000006,0.316359,-0.059153999999999984,0.4209630000000001
37,0.576,0.298502,-0.003137000000000001,0.40312100000000006,0.331154,0.03668300000000002,0.46517600000000014,0.36690300000000003,-0.051970999999999934,0.40955600000000014,0.29962800000000006,-0.08373199999999997,0.37697000000000014,0.22898400000000002,-0.046630000000000005,0.39192700000000014,0.330367,-0.037117999999999984,0.42504300000000006,0.31029,-0.08035900000000001,0.4429820000000001,0.334903,-0.05860999999999994,0.44143,0.31621000000000005,-0.058331999999999995,0.4203350000000001
38,0.592,0.29853900000000005,-0.003132999999999997,0.40335600000000005,0.331297,0.03672000000000003,0.465449,0.366847,-0.052064,0.4098020000000001,0.29952400000000007,-0.08376699999999998,0.37724000000000013,0.22894399999999998,-0.046560999999999964,0.3921410000000001,0.33002099999999995,-0.03656699999999996,0.4237580000000001,0.310285,-0.079768,0.44216600000000006,0.334668,-0.05777199999999999,0.4404870000000001,0.31613600000000003,-0.05800299999999997,0.4192490000000001
39,0.6080000000000001,0.29853499999999994,-0.003161999999999998,0.40346100000000007,0.331269,0.036704000000000014,0.465473,0.366867,-0.052075999999999956,0.4099950000000001,0.299518,-0.08378199999999997,0.3774550000000001,0.228929,-0.046601000000000004,0.39228300000000005,0.329347,-0.035354,0.4229900000000001,0.31001800000000007,-0.07859999999999995,0.44172100000000003,0.334138,-0.05632199999999993,0.4399740000000001,0.31575900000000007,-0.057006999999999974,0.41861500000000007
40,0.6240000000000001,0.298526,-0.0031859999999999666,0.40375000000000005,0.33123299999999994,0.036557000000000006,0.46572400000000014,0.366882,-0.052080000000000015,0.41018,0.299564,-0.08373900000000001,0.37755400000000006,0.228999,-0.04661599999999999,0.3926520000000001,0.32933700000000005,-0.03503999999999996,0.4218660000000001,0.310208,-0.07822400000000002,0.44094200000000006,0.33418600000000004,-0.05580099999999999,0.4390870000000001,0.315919,-0.05682899999999996,0.41764500000000004
41,0.6400000000000001,0.298602,-0.0031059999999999977,0.4037160000000001,0.33118700000000006,0.03645799999999999,0.46578700000000006,0.366948,-0.05207299999999998,0.41027500000000006,0.2996269999999999,-0.08367999999999998,0.37751800000000013,0.22891200000000006,-0.04633999999999999,0.39237600000000006,0.329452,-0.03422999999999998,0.42173800000000006,0.31051999999999996,-0.07739799999999997,0.4410470000000001,0.334319,-0.054784,0.43920000000000015,0.3162620000000001,-0.056174,0.4176010000000001
42,0.656,0.29872400000000005,-0.003010999999999986,0.40380000000000005,0.33125,0.03638000000000002,0.46605200000000013,0.36698000000000003,-0.05212099999999997,0.41033600000000003,0.29966700000000007,-0.08361099999999999,0.377502,0.2289299999999999,-0.04602899999999999,0.39221300000000003,0.330346657295465,-0.033978638472522305,0.42116837627732673,0.3114405150393426,-0.0771034674594153,0.44059724406311973,0.33378847882643614,-0.054646528901192176,0.43807533845342045,0.3161243453754956,-0.0567533803151099,0.4162110628451466
43,0.672,0.29877899999999996,-0.002917999999999976,0.403857,0.33132100000000003,0.03634400000000004,0.46617300000000006,0.367025,-0.052086999999999994,0.4103300000000001,0.2996710000000001,-0.08354600000000001,0.37750400000000006,0.228864,-0.045791000000000026,0.392185,0.3301743278581779,-0.03273978550969672,0.42125043068345724,0.31156797610661036,-0.07588323892086736,0.4409257984271721,0.33366968730652513,-0.05318229280606268,0.4384184112872236,0.31628799513240236,-0.05573874189959466,0.41637644389491174
44,0.6880000000000001,0.298811,-0.002842000000000011,0.40398200000000006,0.331421,0.036392000000000035,0.46622300000000005,0.367018,-0.05214399999999997,0.4104300000000001,0.29960400000000004,-0.08350099999999999,0.37763100000000005,0.22879,-0.04555799999999999,0.392444,0.33012189387917007,-0.032453121778783706,0.420378313117822,0.31173026011864235,-0.07553312895719093,0.4403916782202311,0.3336690989560205,-0.05268617313639232,0.4377821681261115,0.31644671114640144,-0.0556107319019723,0.41566106292114313
45,0.7040000000000001,0.298839,-0.0027699999999999947,0.40408600000000006,0.331575,0.03650800000000004,0.4662480000000001,0.36703,-0.052124000000000004,0.4105280000000001,0.299549,-0.08350099999999999,0.377772,0.22869299999999998,-0.045406999999999975,0.392694,0.3300040778137947,-0.03177315452724058,0.420078685569778,0.31185731170298897,-0.07482592242107657,0.4403722325735555,0.33358735803429357,-0.051783983692570396,0.4377303149343379,0.31661117374009723,-0.05511828143667016,0.41547725656721235
46,0.7200000000000001,0.2989220000000001,-0.0026169999999999805,0.40416200000000013,0.3317140000000001,0.03669800000000001,0.46626200000000007,0.36704200000000003,-0.05210499999999996,0.41066400000000003,0.299467,-0.083395,0.3780270000000001,0.228686,-0.04511799999999999,0.3928300000000001,0.33000641243099665,-0.0314157944610404,0.41949456627061427,0.3120526467094331,-0.07440604672358433,0.44009006336132256,0.33361550367951437,-0.05121576440250075,0.437377207320626,0.31683827935560527,-0.054915072141520443,0.41503113725081764
47,0.7360000000000001,0.2990209999999999,-0.0025149999999999895,0.4042310000000001,0.33185900000000007,0.03686699999999998,0.4662640000000001,0.3670900000000001,-0.05204900000000001,0.41078100000000006,0.29948900000000006,-0.08338399999999996,0.3783170000000001,0.22870799999999997,-0.04491999999999996,0.39296600000000004,0.33028660128231635,-0.03134675128396602,0.4189385919797733,0.31246813245556815,-0.07424350272165957,0.4398442103240908,0.3338861140272797,-0.05092740038424279,0.43706301994473545,0.31732585913150557,-0.05498759442352727,0.41461798121726
48,0.752,0.2990890000000001,-0.0023759999999999892,0.404315,0.33196600000000004,0.037055000000000005,0.4663520000000001,0.367145,-0.05192199999999997,0.4108410000000001,0.29956200000000005,-0.08329499999999995,0.378483,0.228717,-0.04475299999999999,0.39306300000000005,0.3306541358003437,-0.03154839886195138,0.4183543058903303,0.3128722254476059,-0.07433347237642418,0.43951831170595235,0.3342295018362894,-0.05097209045540499,0.4366515778956821,0.31778862067594427,-0.0552642358696703,0.4141619826182714
49,0.768,0.299205,-0.0021839999999999637,0.40439900000000006,0.33208600000000005,0.037242,0.466526,0.367269,-0.051748000000000016,0.41083800000000004,0.2997250000000001,-0.08310699999999999,0.3784710000000001,0.22880700000000004,-0.04456399999999999,0.3930910000000001,0.33106252255015045,-0.031315296706738716,0.4181993367296976,0.3133628337127401,-0.07401548144079395,0.4396023559637154,0.3346143547689473,-0.05056408978447846,0.4366850515707931,0.3183534101187883,-0.05513488423024043,0.41411966882317325
50,0.784,0.299348,-0.0019939999999999958,0.404424,0.33224900000000007,0.03742100000000004,0.46667100000000006,0.36740200000000006,-0.05154499999999995,0.41078400000000004,0.299885,-0.08295599999999997,0.37842200000000015,0.22892700000000005,-0.044369999999999965,0.39300900000000005,0.331430086256504,-0.031345148161137454,0.41795548615286604,0.31377529895825834,-0.0739598544140293,0.4395649583821633,0.33496621322362663,-0.05046211752259125,0.43658048249520254,0.3188109449773268,-0.0552301009692413,0.41398002623719543
51,0.8,0.299486,-0.0017619999999999858,0.4044190000000001,0.332363,0.03756300000000001,0.46682900000000005,0.367554,-0.05130299999999999,0.41069100000000014,0.30008399999999996,-0.08268499999999995,0.37817500000000004,0.22906100000000001,-0.04416299999999995,0.3928360000000001,0.33159941439427226,-0.03071895056965246,0.41841345634454996,0.3140686968917893,-0.07333182893219475,0.4401272891499907,0.3351335085041026,-0.04971906081742439,0.43715803395093517,0.31915302384064664,-0.05470124697672685,0.4144796541075111
52,0.8160000000000001,0.2995940000000001,-0.001554999999999973,0.404386,0.33242600000000005,0.037723000000000007,0.46689400000000003,0.367682,-0.051092999999999944,0.41062300000000007,0.30022299999999996,-0.08248499999999998,0.37799800000000017,0.22917700000000002,-0.04394100000000001,0.392714,0.33195569141830755,-0.030591181237349968,0.4186072068838698,0.31447317901956306,-0.07314932199490431,0.4404667679289426,0.3354691237752948,-0.04947890642512756,0.4374688831230139,0.319611274312053,-0.05463756083816532,0.4147439215966321
53,0.8320000000000001,0.299634,-0.001346999999999987,0.40416200000000013,0.33241400000000004,0.037880000000000025,0.4664910000000001,0.367759,-0.05084299999999997,0.410531,0.30034,-0.082177,0.3778070000000001,0.22924000000000005,-0.04378099999999996,0.39261100000000004,0.3320032047713122,-0.030276728222985688,0.4186083486993113,0.3146514862911737,-0.07280076226893391,0.4406378377501355,0.3355415636892404,-0.049043802429576344,0.4375854438969084,0.3197909933249254,-0.05440438447884685,0.4148326270466957
54,0.8480000000000001,0.29964700000000005,-0.0011439999999999784,0.4041600000000001,0.33238700000000004,0.03802700000000003,0.46653100000000003,0.3678160000000001,-0.05064799999999997,0.41041099999999997,0.30033399999999993,-0.08199699999999999,0.3777450000000001,0.22928999999999994,-0.043518,0.39260300000000004,0.33202552533673635,-0.029920433001366625,0.41867587553577634,0.31482840143686547,-0.07240883001329171,0.44089453981887067,0.3355822385555262,-0.0485387677842152,0.4377955146861233,0.31998813077263094,-0.05415045776911373,0.4149955208419058
55,0.8640000000000001,0.29964399999999997,-0.0010029999999999761,0.403988,0.3324890000000001,0.03816600000000003,0.46617700000000006,0.36779900000000004,-0.05050699999999997,0.4102730000000001,0.30025300000000005,-0.081818,0.3776550000000001,0.22927099999999995,-0.04338399999999998,0.39262700000000006,0.3321496379370865,-0.02982609605199707,0.418546090395581,0.3150427502299499,-0.07225249484591098,0.44095209566092286,0.33571167910397165,-0.048317439809113794,0.4377875890125802,0.32022307054311455,-0.05412568833988693,0.41496491968620997
56,0.8800000000000001,0.299606,-0.0008059999999999734,0.40393999999999997,0.33258399999999994,0.038378999999999996,0.46608800000000006,0.36777,-0.05035999999999996,0.41008600000000006,0.300096,-0.08160499999999998,0.37758800000000003,0.22921799999999998,-0.04318199999999994,0.39270400000000005,0.3322077599850786,-0.0296391693131747,0.41850225944033753,0.31523286051121835,-0.07200470960978264,0.44112277616352846,0.3357709746111375,-0.047964867853221266,0.4379013695950431,0.3204537795568012,-0.05403877428357026,0.4150322161854762
57,0.8960000000000001,0.29959299999999994,-0.0006649999999999712,0.4038280000000001,0.33267300000000005,0.03846000000000005,0.46592100000000003,0.3676920000000001,-0.05031399999999997,0.40993900000000005,0.299935,-0.08147799999999994,0.37751500000000004,0.22912099999999996,-0.04291400000000001,0.39266600000000007,0.33201974762207587,-0.029212010571573077,0.41836727853984684,0.31521665419208017,-0.07154940872080212,0.44116804086771255,0.3356093129465933,-0.04739264696752954,0.43789758015721747,0.32044644454413856,-0.0537110548018766,0.4149918576063739
58,0.9119999999999999,0.299525,-0.00047399999999997444,0.40373000000000014,0.33266,0.03855000000000003,0.46580100000000013,0.3676,-0.05022199999999999,0.4097630000000001,0.299784,-0.08131199999999994,0.37740700000000016,0.228933,-0.04255399999999998,0.392613,0.33196563258562684,-0.02896525598010563,0.41837147038133526,0.3152974452558166,-0.07127155502464896,0.44132844287091566,0.3355605195696787,-0.04701030567663472,0.4380261433439697,0.32055935904120525,-0.053553505420015995,0.4150770975850562
59,0.9279999999999999,0.299441,-0.00043999999999999595,0.40362600000000004,0.33264900000000003,0.038578,0.46572500000000006,0.36747,-0.05018800000000001,0.40960700000000005,0.29965899999999995,-0.081183,0.377309,0.22888700000000012,-0.04261699999999996,0.39245600000000014,0.3314815135231722,-0.028243338312738925,0.4183794268004849,0.31505386436060356,-0.07057246895183353,0.4414673248409162,0.33513011626808104,-0.0461595552933039,0.4381417664231506,0.3202967321508946,-0.05294212510387902,0.4151531943986816
60,0.944,0.29941600000000007,-0.00025599999999997847,0.40349100000000004,0.3325660000000001,0.038524,0.465697,0.36736300000000005,-0.050144999999999995,0.4094120000000001,0.29955499999999996,-0.08106999999999998,0.37705,0.228732,-0.04211100000000001,0.39218600000000015,0.3311048898194132,-0.027834656510644817,0.4181373606056429,0.3148823551015644,-0.07014728143578865,0.4413998869703268,0.33480363099022464,-0.04561632655440809,0.4380115832181754,0.32010061506400345,-0.052626765684384735,0.41500762601064906
61,0.96,0.29931800000000003,-0.0002609999999999557,0.4033530000000001,0.3325270000000001,0.03842100000000004,0.465618,0.36726700000000007,-0.05018600000000001,0.40919300000000003,0.299414,-0.08096599999999998,0.376765,0.22860699999999995,-0.042148999999999937,0.39197400000000016,0.3304878095097661,-0.02725215987973223,0.41783199918225056,0.31452387761578204,-0.06956528150971483,0.4412718500778059,0.3342653627660245,-0.04489949809944929,0.43781085664211217,0.3196840808411718,-0.052144677647513876,0.4148021502014668
62,0.976,0.299206,-0.00022699999999997722,0.4032000000000001,0.33245399999999997,0.03829500000000002,0.465545,0.3671609999999999,-0.050202000000000024,0.408911,0.29927700000000007,-0.08084199999999997,0.3762540000000001,0.22848800000000008,-0.04208999999999996,0.39179200000000014,0.3302752534345995,-0.026639745161120387,0.417755315994997,0.31450454433076525,-0.06893286802382395,0.44136146956727185,0.33407516505774654,-0.044136729726977325,0.43786176777060526,0.3196804654635416,-0.051632715436380344,0.41481594812441897
63,0.992,0.299151,-0.00021799999999999597,0.40303100000000003,0.33251900000000006,0.03817600000000004,0.46543100000000015,0.367076,-0.050238000000000005,0.4085510000000001,0.2990979999999999,-0.08078799999999997,0.3759270000000001,0.22841700000000004,-0.042030999999999985,0.3916090000000001,0.3299785693501539,-0.02610185875608334,0.41767814509367374,0.31435504454447183,-0.06840225434127083,0.44136898719728446,0.3338191506303069,-0.04352662462233339,0.43783951087536943,0.31950359652881066,-0.051150831895159204,0.4147864556428054
64,1.008,0.2991000000000001,-0.00022699999999997722,0.402919,0.33259600000000006,0.03803200000000001,0.4654670000000001,0.366968,-0.05030499999999993,0.40818200000000004,0.298957,-0.08074499999999996,0.375618,0.22833600000000004,-0.04199899999999995,0.391397,0.32985467636456867,-0.02552434510408394,0.417473143732676,0.3143593666897728,-0.06779382124273615,0.4413029729104402,0.3337111328612943,-0.042837222303545974,0.4377276549983579,0.31951542549125794,-0.05063853775488855,0.41465974761991414
65,1.024,0.299109,-0.000248000000000026,0.40274500000000013,0.332829,0.03801300000000002,0.46525700000000003,0.366905,-0.050414000000000014,0.4078510000000001,0.29880100000000004,-0.08075300000000002,0.37545700000000004,0.22825999999999996,-0.04198299999999994,0.39134000000000013,0.32964625674789927,-0.025253188543560262,0.41674900719464,0.3142560933880385,-0.06744125416488078,0.4407903046738377,0.33354225667044946,-0.04245163183807951,0.4370932430636796,0.3193751194417027,-0.050409042017075606,0.41406111708033644
66,1.04,0.299078,-0.00029600000000001847,0.40272300000000005,0.33298900000000003,0.03786400000000001,0.465353,0.36684600000000006,-0.05050399999999999,0.40758000000000016,0.298656,-0.08076299999999997,0.37532600000000005,0.22812300000000002,-0.04200999999999999,0.3912340000000001,0.32977892700328926,-0.024865504081956424,0.41647471359044236,0.31442785774648063,-0.06698333560908969,0.44066369731692434,0.33365204780281166,-0.041953514701966566,0.43691614281075747,0.31959359920369035,-0.0500650831503065,0.41387119842763337
67,1.056,0.299062,-0.0003429999999999822,0.402594,0.333173,0.03784599999999999,0.46513400000000005,0.3667620000000001,-0.050621999999999945,0.4073930000000001,0.29850400000000005,-0.08081099999999997,0.37521000000000015,0.22802300000000003,-0.04202699999999998,0.39127200000000006,0.32983027002566323,-0.024484139796737137,0.4160475494313619,0.31452187212676913,-0.0665253586991188,0.44039632477154045,0.3336801539395475,-0.041453626377897734,0.43659184594567096,0.3197354392865778,-0.04972944639525442,0.41353620200291596
68,1.072,0.29904000000000003,-0.0003909999999999747,0.402555,0.333323,0.03777900000000006,0.465102,0.366697,-0.050734,0.407238,0.29832600000000004,-0.080851,0.37512800000000013,0.22793400000000003,-0.04203899999999999,0.391281,0.32974706008881316,-0.024047806807770078,0.41560411640456696,0.314511947710605,-0.0660181450759103,0.4401205608873336,0.33357814183073436,-0.040884760303229795,0.43626066524324936,0.3197732936729099,-0.049350639249718636,0.41318986026530524
69,1.088,0.2989030000000001,-0.0004989999999999717,0.402358,0.333173,0.03765299999999999,0.46458600000000005,0.366573,-0.05087899999999995,0.40717100000000006,0.298143,-0.08088399999999996,0.375084,0.22783199999999998,-0.04211199999999998,0.39139900000000005,0.3298090104394754,-0.02381713319783041,0.41525491566980205,0.3145988475099275,-0.06569780234529712,0.43993961718738905,0.3335883024585431,-0.04051329348577673,0.43603491527808497,0.31994812168068903,-0.04917327218469747,0.4129382224713383
70,1.1039999999999999,0.298831,-0.0005539999999999989,0.40234000000000014,0.33308699999999997,0.037536000000000014,0.46458100000000013,0.366454,-0.05105399999999999,0.407146,0.2979629999999999,-0.08095899999999995,0.37512600000000007,0.22769600000000007,-0.042010999999999965,0.3913500000000001,0.3293319109541406,-0.023307540410875655,0.4146344295722911,0.3143003246101218,-0.06510771299454726,0.4395637492090742,0.3331113405472051,-0.03980288052989095,0.4355741732802617,0.31969046939836915,-0.0487607085507632,0.41246260656395406
71,1.1199999999999999,0.29872400000000005,-0.0006539999999999879,0.40225900000000014,0.333015,0.037395999999999985,0.4643560000000001,0.36630899999999994,-0.051234999999999975,0.4071540000000001,0.2977659999999999,-0.08100399999999996,0.375127,0.227543,-0.04204399999999997,0.39138800000000007,0.3290256877333142,-0.023053798361652666,0.41410975806085176,0.31406509318391357,-0.0647821975622705,0.4392014958340242,0.3327978029517088,-0.03943011389374476,0.4351440309653032,0.3194825245074346,-0.04855210982123764,0.4120356010840288
72,1.136,0.2986910000000001,-0.0006799999999999584,0.4023110000000001,0.33304700000000004,0.03732500000000005,0.46449700000000005,0.36620100000000005,-0.05139499999999997,0.40710000000000013,0.29761300000000007,-0.08105999999999997,0.3751110000000001,0.227435,-0.04193399999999997,0.391401,0.32827868867426185,-0.022666388639790147,0.41316507631635174,0.3135498687551303,-0.06427586768208444,0.43858922057361227,0.3320688770598808,-0.0387901602123191,0.43439033632712315,0.31898960948850896,-0.048273915072029355,0.4112927577768745
73,1.152,0.29860500000000006,-0.0007500000000000284,0.4022760000000001,0.33303900000000003,0.03716200000000003,0.464464,0.36613,-0.051481,0.407011,0.2974640000000001,-0.08103599999999994,0.37494400000000006,0.22731399999999996,-0.04202899999999998,0.39135700000000007,0.32777515185009076,-0.02253375566195956,0.4124607817264715,0.31315947655260057,-0.06404213512927787,0.43811444546463496,0.3315721074883844,-0.038497839451073934,0.43380520387609617,0.3186125809537334,-0.04819672208159792,0.4107294735724954
74,1.168,0.29859600000000003,-0.0007889999999999842,0.402165,0.33305200000000007,0.03706100000000001,0.46436600000000006,0.366087,-0.05155999999999994,0.4068490000000001,0.29741200000000007,-0.08111600000000002,0.3748180000000001,0.22725599999999996,-0.04196,0.39124900000000007,0.3272190307631959,-0.022304688592763577,0.41162857022466603,0.31275854314687535,-0.06369362222441925,0.4375616468706787,0.33101532733972616,-0.038058822522112234,0.43312853758942255,0.3182443516210347,-0.048045021268844496,0.4100702420082032
75,1.184,0.298607,-0.0008150000000000102,0.40207100000000007,0.333076,0.03693200000000002,0.46431,0.36606600000000006,-0.05158799999999997,0.406683,0.297459,-0.08113399999999998,0.3746530000000001,0.22722000000000003,-0.04192699999999999,0.391103,0.3267547206537582,-0.02214791472576369,0.41107965733924506,0.31241420447844,-0.06342355742080688,0.4372587503245242,0.33053146797211275,-0.037707653509957834,0.4327241464509652,0.31795332998533854,-0.04795685030124683,0.40967525512737607
76,1.2000000000000002,0.298625,-0.0007969999999999922,0.40199000000000007,0.3331570000000001,0.03684700000000002,0.46438100000000004,0.36603499999999994,-0.05163799999999996,0.4065190000000001,0.29732600000000003,-0.08113599999999999,0.37445400000000006,0.2271760000000001,-0.04180699999999998,0.39086200000000004,0.32654271265780505,-0.021947530577152485,0.4107358278495863,0.31226281800219735,-0.06312067930024341,0.43710873869473776,0.33026109405371806,-0.03733173641965945,0.4325154754738323,0.3179012478347288,-0.04781684712562295,0.40945460740139955
77,1.2160000000000002,0.298622,-0.0007999999999999674,0.4019710000000001,0.33326800000000006,0.03679500000000002,0.46439600000000003,0.36597799999999997,-0.05169099999999999,0.4063800000000001,0.29723700000000003,-0.08115099999999997,0.37438400000000005,0.22711300000000006,-0.041746000000000005,0.39085400000000015,0.32624681598648225,-0.021725058081685233,0.41040041604208843,0.3120418310411455,-0.06280848636526833,0.43695308665665694,0.3299178022571394,-0.03694470085447238,0.43230337323776913,0.3177647506230959,-0.04765253800498309,0.40923494154278955
78,1.2320000000000002,0.29863100000000004,-0.0008099999999999774,0.40198600000000007,0.33336800000000005,0.03674700000000003,0.46449700000000005,0.36590700000000004,-0.05178299999999997,0.40631300000000004,0.297112,-0.081202,0.37437200000000004,0.22705400000000003,-0.041652999999999996,0.39080400000000004,0.32607624514746614,-0.021550790773835538,0.41017716385998626,0.31190583967889235,-0.06254543065576208,0.43688508596940356,0.32968399585961694,-0.03662194290687071,0.43219301515918224,0.3177285215631543,-0.047526198279184695,0.4091133524569349
79,1.2480000000000002,0.298638,-0.0007909999999999862,0.401988,0.333485,0.03676099999999999,0.4644480000000001,0.36582699999999996,-0.05186499999999994,0.40627500000000005,0.29697199999999996,-0.08123199999999997,0.3744470000000001,0.226991,-0.04150199999999998,0.39090500000000006,0.32577002878033245,-0.021324252462586207,0.41004272081686943,0.3116867666496688,-0.0622367411006544,0.4369221552378963,0.32932405224685557,-0.03622585406980014,0.43218237725019526,0.31760335995522004,-0.047361555558391444,0.40909280155272293
80,1.2640000000000002,0.2984790000000001,-0.0008759999999999879,0.4020960000000001,0.333617,0.03681400000000001,0.46447400000000016,0.36572699999999997,-0.05190299999999998,0.40622800000000003,0.296784,-0.081291,0.3745670000000001,0.226717,-0.041762999999999995,0.39120900000000003,0.32516724654950846,-0.02111688366024647,0.40963253517331955,0.31122855173810365,-0.061951645163975916,0.4367048279000795,0.32872828739769877,-0.03586475794010602,0.4318737669860902,0.31715898267334236,-0.047207628748101665,0.4088086970456884
81,1.2800000000000002,0.29856600000000005,-0.0007829999999999782,0.4020920000000001,0.333736,0.03690500000000002,0.4643860000000001,0.365643,-0.051993999999999985,0.40620500000000015,0.29663900000000004,-0.08132,0.37467400000000006,0.226837,-0.04139399999999993,0.3913850000000001,0.3250045471040277,-0.020829667445396355,0.4099653767686319,0.31112504471815217,-0.06166194169116099,0.4370718111898992,0.3285181513906695,-0.035499212409853986,0.432265875321334,0.31713377738036536,-0.0469630587341911,0.4091686192684385
82,1.2960000000000003,0.29850400000000005,-0.0007709999999999662,0.40209400000000006,0.33382799999999996,0.03694500000000006,0.464361,0.365551,-0.051993999999999985,0.4061490000000001,0.29646199999999995,-0.08134599999999997,0.3747480000000001,0.22670099999999999,-0.04136400000000001,0.39144500000000004,0.3239934913623585,-0.020262096385992773,0.40960027123880305,0.3103751478899782,-0.06109260558081156,0.4368414942942282,0.3275821835643266,-0.0348207977793073,0.43196136920527733,0.3163165578403766,-0.04645561012924854,0.4088913930467059
83,1.312,0.29849300000000006,-0.0007360000000000144,0.4020490000000001,0.333869,0.036966,0.464271,0.36548600000000003,-0.05204199999999998,0.4060750000000001,0.296356,-0.081351,0.37473100000000004,0.22664999999999996,-0.04120999999999997,0.39149100000000003,0.32380310178377997,-0.020888034676776357,0.40898318732409056,0.3102314327293029,-0.06158968986971711,0.43643968122309446,0.3274008019189096,-0.03531841219015083,0.43142586895542884,0.3161670692025126,-0.04709689254913875,0.40841331518543167
84,1.328,0.2984510000000001,-0.0007039999999999824,0.4020610000000001,0.3338830000000001,0.03692000000000001,0.464372,0.36540200000000006,-0.05201800000000001,0.4059790000000001,0.296286,-0.08131199999999994,0.37467300000000003,0.22657299999999997,-0.041148999999999936,0.39141100000000006,0.32312003613711116,-0.020975532055756307,0.4084003718106522,0.3097348667539713,-0.0615887279789865,0.43607851392823843,0.3267810925823084,-0.03526473969246663,0.4309229917973785,0.31560791964725393,-0.04722289460770547,0.4079737059933706
85,1.344,0.298429,-0.0007070000000000132,0.40202300000000013,0.3338590000000001,0.036856000000000055,0.46446300000000007,0.365354,-0.052003999999999995,0.4058820000000001,0.29623400000000005,-0.08124199999999998,0.3745050000000001,0.22662699999999997,-0.04122199999999998,0.3912110000000001,0.3225787359838332,-0.021369098531706737,0.4075341568363561,0.3093441133235089,-0.061852022310473265,0.4354743006970583,0.3262898106350783,-0.035496669273877374,0.4301503649646934,0.3151680417894573,-0.04764748670203961,0.40727743609890177
86,1.36,0.29845700000000003,-0.0006079999999999419,0.40197800000000006,0.3338210000000001,0.03684799999999999,0.4645680000000001,0.365331,-0.05196200000000001,0.405829,0.29624500000000004,-0.081152,0.3743780000000001,0.22661500000000007,-0.041017000000000026,0.3909610000000001,0.32212328244872274,-0.02144698377136861,0.4071001974412821,0.3090341525107968,-0.06184130644804468,0.4352364261607817,0.32586298022942073,-0.03543435458102237,0.4297986845844534,0.314838529474293,-0.04776150800309349,0.4069730464688605
87,1.3760000000000001,0.29843100000000006,-0.0005779999999999674,0.4019290000000001,0.33375400000000005,0.036831,0.4646190000000001,0.36529700000000004,-0.05190899999999998,0.40581,0.29621100000000006,-0.08110400000000001,0.37429100000000004,0.22660400000000008,-0.04100300000000001,0.39074700000000007,0.3217370088358841,-0.021453869080926308,0.40661942304472,0.30879724329020575,-0.06175122788712127,0.4349630172850944,0.32548764378742784,-0.0352794323019871,0.42941503094025846,0.31460736774209824,-0.04781114601416192,0.40663164387992345
88,1.3920000000000001,0.29840400000000006,-0.0005089999999999817,0.40190900000000007,0.33370000000000005,0.036878999999999995,0.4645950000000001,0.365277,-0.05184599999999995,0.4057750000000001,0.2962050000000001,-0.081046,0.37423800000000007,0.226582,-0.040901999999999994,0.39074600000000004,0.32131158840533,-0.021429911381334737,0.40606842559619627,0.3085160204576611,-0.061644582863292524,0.4345943371870662,0.3250811110407814,-0.03511552587723868,0.42894522290737486,0.3143194009901166,-0.04782364378746648,0.406203272302981
89,1.4080000000000001,0.2983870000000001,-0.0004529999999999812,0.4018900000000001,0.33368499999999995,0.03691,0.464603,0.36525,-0.05179299999999998,0.40576100000000004,0.296151,-0.08100299999999999,0.3742350000000001,0.22655200000000003,-0.04082000000000002,0.3906780000000001,0.320960089889174,-0.02135831001991298,0.40549900832220825,0.3083049214048679,-0.061488346695187907,0.4342061652812358,0.32473985252035453,-0.034899233962320086,0.42846006172757933,0.3141127884527884,-0.04778908428049701,0.4057571048847722
90,1.4240000000000002,0.298324,-0.00041199999999996795,0.40192300000000003,0.333691,0.03693400000000002,0.464546,0.36516999999999994,-0.05177799999999999,0.40573400000000015,0.29603399999999996,-0.08098899999999998,0.37425600000000003,0.226478,-0.040713,0.39086900000000013,0.3208030984360748,-0.021178215694571845,0.40522897086501686,0.3082390521457922,-0.06126267626461018,0.4340396417218366,0.324573844685656,-0.034621627328492,0.42824873099862104,0.3140714947872347,-0.047637883138652665,0.4055598634062728
91,1.4400000000000002,0.298232,-0.0004349999999999632,0.40195900000000007,0.333683,0.036966,0.46452700000000013,0.36507799999999996,-0.05184599999999995,0.40573800000000004,0.29591700000000004,-0.08100899999999994,0.37431000000000003,0.22632800000000003,-0.04073999999999994,0.3910150000000001,0.3208838245909559,-0.021108026399572544,0.4049297716672838,0.3083700603483394,-0.06110791976718277,0.43387952518359807,0.3246049746623816,-0.034417514155553885,0.42803526404606107,0.3142780852746902,-0.04759795906103373,0.4053606480846932
92,1.4560000000000002,0.298112,-0.00046200000000001795,0.40201600000000004,0.33365400000000006,0.03695100000000001,0.46449700000000005,0.36493100000000006,-0.05190299999999998,0.4057590000000001,0.2957039999999999,-0.08102799999999999,0.37438300000000013,0.22621699999999995,-0.04075399999999996,0.3912120000000001,0.32069240074851973,-0.020825282575539228,0.4044384510593039,0.3082836036333455,-0.06078111243055699,0.4334940427474221,0.3244212972073476,-0.034043881100690315,0.4275948148601393,0.3141938536980584,-0.047340417492979084,0.40494291647257885
93,1.4720000000000002,0.298023,-0.00045799999999995844,0.4020420000000001,0.333651,0.036918000000000006,0.4645190000000001,0.36476000000000003,-0.05199999999999999,0.4057870000000001,0.295472,-0.081063,0.37443100000000007,0.22603499999999993,-0.04061399999999998,0.39125600000000005,0.32082914015231845,-0.02090291462607166,0.403937661036335,0.30844975777864636,-0.06074993767885968,0.433154773136478,0.3245091329832394,-0.03398216107174773,0.4271808141232994,0.3144311920864743,-0.047440065619281685,0.40455722259148696
94,1.4880000000000002,0.297938,-0.0005009999999999737,0.4020640000000001,0.33364,0.03689800000000004,0.46451300000000006,0.36462599999999995,-0.05211100000000002,0.40581100000000014,0.29528099999999996,-0.08109599999999995,0.37446500000000016,0.22593499999999994,-0.040632999999999975,0.3913350000000001,0.3209406286142771,-0.020925768448644994,0.4033584419502795,0.3085999538237569,-0.06066052871666598,0.432744332540031,0.3245762172046091,-0.03386136387519986,0.4266888098601253,0.31464704730609505,-0.04748477999748371,0.4040985221325849
95,1.504,0.2978920000000001,-0.0005239999999999689,0.40214400000000006,0.333598,0.036799000000000026,0.46464800000000006,0.3644589999999999,-0.052258999999999944,0.4059020000000001,0.29517600000000005,-0.08109499999999997,0.37451200000000007,0.22583100000000006,-0.040534000000000014,0.391339,0.3210389220472002,-0.020779949991627022,0.40299093025706595,0.308759330952307,-0.0604109569630738,0.4325420541369911,0.32460662937599205,-0.03354974699440469,0.4264228945189531,0.3149062054730026,-0.04737284284464015,0.4038545366135796
96,1.52,0.29787800000000003,-0.0004429999999999712,0.40196600000000005,0.33369600000000005,0.036775999999999975,0.4644440000000001,0.36458700000000005,-0.05206099999999997,0.4054040000000001,0.2952200000000001,-0.08094199999999996,0.3741820000000001,0.22582799999999997,-0.04055399999999998,0.3912610000000001,0.3213874332444554,-0.020861175777119906,0.4026354004597277,0.30908661347897903,-0.060405538765812505,0.43229357273165153,0.3248747218518044,-0.03351708729602926,0.4261411427802973,0.3153405482640558,-0.04747088089761198,0.4035823715493408
97,1.536,0.2979070000000001,-0.00034400000000001096,0.40179700000000007,0.33375000000000005,0.03677900000000006,0.46436500000000014,0.364605,-0.05195499999999997,0.405069,0.295263,-0.08083099999999999,0.373892,0.22585500000000008,-0.04042499999999999,0.3910270000000001,0.32137850158010633,-0.020628993894842712,0.4023245543514903,0.3091697715224224,-0.06006407571244726,0.43216572098439476,0.3247803588790123,-0.03308709505206309,0.4259481925708834,0.31554860866623097,-0.04728164404720228,0.4034138510415436
98,1.552,0.297981,-0.00024299999999999322,0.40160000000000007,0.333848,0.036724000000000034,0.464195,0.36469500000000005,-0.051804999999999934,0.4047440000000001,0.29534900000000003,-0.08062699999999995,0.3735140000000001,0.225972,-0.040364999999999984,0.3907870000000001,0.32151504940912234,-0.020848204397418607,0.4017693568480972,0.30929103842621464,-0.06019839935242423,0.4317161380789429,0.32488659788236496,-0.03322647085389846,0.425439261382577,0.31570904899796454,-0.04750286208957727,0.4029345011952789
99,1.568,0.298066,-0.00010799999999994148,0.40144100000000016,0.3339260000000001,0.03681400000000001,0.4640670000000001,0.364793,-0.05170899999999995,0.40453300000000014,0.29540400000000006,-0.08054299999999998,0.3733160000000001,0.226003,-0.04012399999999999,0.3906250000000001,0.32136039987822157,-0.020591825025360916,0.4016312336566812,0.30924333704616996,-0.05984146696759314,0.431752926659001,0.324653404913511,-0.03277817023641369,0.42541152609561117,0.3157765423199067,-0.047287486611563456,0.4029351378148486
100,1.584,0.29800699999999997,-5.8000000000002494e-05,0.40099300000000004,0.333687,0.03692400000000001,0.4631520000000001,0.364843,-0.051602999999999954,0.40437100000000004,0.295444,-0.08045200000000002,0.37319,0.226068,-0.04008799999999996,0.39059900000000014,0.3211305249120998,-0.020452153733850037,0.40140032235861645,0.3090786343666094,-0.059673094949504374,0.4315854792744424,0.3244411097400304,-0.03259273973880056,0.4252015702208589,0.3155945047869621,-0.047155608583221015,0.40274789762254937
101,1.6,0.29801099999999997,4.6000000000046004e-05,0.40095900000000007,0.33368499999999995,0.037076,0.463113,0.36491099999999993,-0.05149100000000001,0.4042500000000001,0.2954790000000001,-0.080368,0.3731380000000001,0.226095,-0.04000300000000001,0.39063400000000004,0.32068027220792616,-0.02039796599092014,0.401097333379523,0.3087765661114422,-0.059511754690535795,0.4314796853017439,0.32397461734470523,-0.032364083733638804,0.4249890163787091,0.31532723211989605,-0.047130938252837845,0.4025910316990536
102,1.616,0.298039,0.00017400000000000748,0.40069600000000005,0.33370700000000003,0.03717400000000004,0.4625680000000001,0.364952,-0.05132599999999998,0.4041110000000001,0.295453,-0.08023599999999997,0.373097,0.22615499999999994,-0.039827999999999975,0.39061400000000013,0.32020586451807476,-0.020337034139429472,0.40086700441782064,0.3084129802983856,-0.05942768762223645,0.43132226152826786,0.32355666298830166,-0.03226438118546815,0.4247702205675713,0.3148987660104643,-0.04707658094249122,0.402406264307403
103,1.6320000000000001,0.29805700000000007,0.00030000000000002247,0.40074900000000013,0.33384600000000003,0.03743800000000003,0.46268600000000015,0.36498100000000006,-0.051171999999999995,0.4040370000000001,0.29546500000000003,-0.08016400000000001,0.373127,0.22617499999999996,-0.039796,0.3907050000000001,0.3196295093179331,-0.020365359601420968,0.40052700301217753,0.307991687178788,-0.05937509172683686,0.43114523106273994,0.3230112724248473,-0.03216864865793523,0.424487371247735,0.314449920086001,-0.047123054921650906,0.402180960493035
104,1.6480000000000001,0.29805299999999996,0.00042800000000003946,0.40073800000000004,0.33390899999999996,0.03755700000000001,0.46260500000000004,0.364983,-0.05104599999999998,0.40398500000000004,0.295437,-0.080013,0.3731310000000001,0.22614800000000007,-0.03967499999999996,0.39078500000000005,0.31907760981710553,-0.02041195125407727,0.40027615714283676,0.3075570181871473,-0.05937980246858973,0.4309918947021838,0.32251004871671507,-0.03215521961816617,0.42425880110833525,0.3139583790528994,-0.04717722719824728,0.40199413817460805
105,1.6640000000000001,0.29804899999999995,0.0005610000000000337,0.40076200000000006,0.333946,0.037742,0.4626720000000001,0.36497699999999994,-0.050929999999999975,0.40396300000000007,0.295422,-0.079897,0.373155,0.226122,-0.03956100000000001,0.3908010000000002,0.31832420456104144,-0.02033520239164882,0.4001302901729642,0.3069767005232466,-0.05926060249572315,0.43096406017348937,0.32179936406760123,-0.03198424602962932,0.4241527015625566,0.31333613634310364,-0.04711978679540757,0.4019311767827787
106,1.6800000000000002,0.29807100000000003,0.0007020000000000359,0.40078900000000006,0.33405499999999994,0.03788400000000003,0.46273300000000006,0.364933,-0.05080800000000002,0.403938,0.295367,-0.07979799999999998,0.373236,0.226107,-0.039379,0.39080000000000004,0.3176016133624942,-0.020460784671061466,0.3999779303056784,0.3064048182110572,-0.059321286779072294,0.43094835406521664,0.32110166027484205,-0.031998666018019234,0.4240503245754912,0.3127436205863867,-0.04726250467659815,0.4018767956885819
107,1.6960000000000002,0.29806799999999994,0.0008340000000000014,0.4008600000000001,0.33413,0.038055000000000005,0.46283700000000005,0.364894,-0.050707999999999975,0.403925,0.2953200000000001,-0.07967099999999999,0.37328800000000006,0.22610199999999997,-0.03926000000000002,0.390891,0.31671965075112146,-0.020471391586115745,0.3997863322808111,0.30571060260412436,-0.05927913042193364,0.4308899375210944,0.32024974582482657,-0.031893093213767765,0.4239096894465524,0.31202451383289587,-0.04729508746083426,0.40178207969719687
108,1.7120000000000002,0.298082,0.0009600000000000164,0.40090900000000007,0.33425599999999994,0.03820600000000002,0.462843,0.364868,-0.050595999999999974,0.4039440000000001,0.295266,-0.07957199999999998,0.37340700000000016,0.226061,-0.039114999999999955,0.39100800000000013,0.3156967050487842,-0.020500089505352287,0.3995967926521058,0.3049082629825482,-0.05925965809683689,0.43083746092249964,0.3192644778597675,-0.03179896883511682,0.4237723903346255,0.3111892360257262,-0.047348330974383124,0.4016926532956292
109,1.7280000000000002,0.29809199999999997,0.0010549999999999726,0.40093,0.334324,0.038383000000000056,0.46286700000000003,0.3648740000000001,-0.050495999999999985,0.40397800000000006,0.2952620000000001,-0.07951899999999995,0.37351900000000005,0.22602400000000006,-0.039041999999999966,0.391035,0.31478243147161905,-0.02030037377312152,0.39972836489732344,0.3042159476058585,-0.05897567558076584,0.4311488111449115,0.3182892534715928,-0.031387759838729046,0.424010565578874,0.3105903901751976,-0.0471875625989871,0.4019742156540819
110,1.7440000000000002,0.298174,0.0012410000000000476,0.40095800000000004,0.334432,0.03856800000000005,0.46291000000000004,0.3649210000000001,-0.050371,0.40402000000000005,0.295259,-0.079376,0.37355000000000005,0.22606200000000004,-0.03877199999999997,0.3910640000000001,0.31372261852674405,-0.020669376201855605,0.3992016199919543,0.3033576918981325,-0.0592662263917967,0.43078524620862024,0.31729031624613235,-0.03163772587013494,0.4235289716518422,0.3096665845788385,-0.04756775723524241,0.40156036228530934
111,1.7600000000000002,0.29822600000000005,0.0013420000000000099,0.4009870000000001,0.33451400000000003,0.038732000000000044,0.46297200000000005,0.36496100000000004,-0.05021700000000001,0.404054,0.29534,-0.079285,0.373645,0.22613100000000003,-0.038754999999999984,0.3910420000000001,0.31284735667805685,-0.02078600487146698,0.39900443163322585,0.3026731108983792,-0.059254078904813656,0.43080641264974434,0.31635169039005084,-0.031527422288375434,0.42344200101639373,0.30907363745749195,-0.04770934317522475,0.40154034894970836
112,1.7760000000000002,0.2982970000000001,0.001477000000000006,0.4010490000000001,0.334582,0.038893999999999984,0.4630240000000001,0.36503599999999997,-0.05008299999999999,0.40411300000000006,0.29546900000000004,-0.07915799999999995,0.37366600000000005,0.22619000000000006,-0.03862899999999997,0.391147,0.3120677677389765,-0.02136918806932664,0.3984021762976955,0.30202678470933547,-0.05969856565673047,0.4304132910417342,0.3155703280445953,-0.03194193947044355,0.42291344308181145,0.3084365275677117,-0.048297069251156524,0.4010931405646699
113,1.7920000000000003,0.2983590000000001,0.0015870000000000606,0.4010830000000001,0.33464200000000005,0.03899600000000003,0.46311400000000014,0.365111,-0.04992299999999994,0.40413699999999997,0.29555400000000004,-0.079034,0.37363500000000005,0.22628200000000004,-0.038580999999999976,0.39111000000000007,0.3114016527299493,-0.021830174673619834,0.3981198467755303,0.30146699045261716,-0.06002963070950455,0.43031888461198115,0.3148541001463156,-0.03222577443571262,0.42271385646630716,0.30794498128913284,-0.04876564336715228,0.40096060857833327
114,1.8079999999999998,0.29835000000000006,0.0016960000000000308,0.4007900000000001,0.334355,0.03913500000000003,0.46249300000000004,0.36519799999999997,-0.04978599999999994,0.404189,0.295656,-0.07893699999999998,0.373594,0.22637400000000002,-0.038403999999999994,0.3910680000000001,0.31040615303207897,-0.022202724149431308,0.3974598307881173,0.30065641680612865,-0.06026452866547974,0.4298776603592319,0.313861391728015,-0.032412690414426154,0.42213109169363644,0.3071391644153166,-0.04914393439506766,0.4004658172632448
115,1.8239999999999998,0.298355,0.0017910000000000426,0.40090400000000004,0.33423200000000003,0.039205000000000045,0.4626960000000001,0.3652910000000001,-0.049634999999999985,0.4042300000000001,0.2957530000000001,-0.07886699999999996,0.3736440000000001,0.22644800000000004,-0.03831800000000002,0.3910950000000001,0.3097385228888417,-0.022893638074877765,0.39690379323352876,0.3000843986722294,-0.06078738277790682,0.4295463420247492,0.31316675949137124,-0.032918434519582845,0.4216546285787395,0.3066047097300553,-0.04983099379515875,0.4000812231218426
116,1.8399999999999999,0.2983970000000001,0.0019020000000000148,0.400776,0.334158,0.03930100000000003,0.46239300000000005,0.36537099999999995,-0.04953400000000002,0.40426000000000006,0.295847,-0.078683,0.373611,0.22654000000000002,-0.03820699999999999,0.391089,0.30884979960311326,-0.023488558899090628,0.3961164126311643,0.29934920258753184,-0.061204323558543466,0.4290091739335484,0.3122851202178346,-0.03331634802515482,0.4209451527001672,0.30586658077698603,-0.05042043117344415,0.39947983946159094
117,1.8559999999999999,0.298437,0.0019939999999999958,0.400891,0.33425900000000003,0.03941500000000003,0.4625950000000001,0.365397,-0.04944099999999996,0.40428600000000003,0.295912,-0.078563,0.3736480000000001,0.22656300000000001,-0.038183999999999996,0.39114100000000007,0.3081726757018336,-0.024348704718736403,0.3953495778336654,0.2987716699310325,-0.061863291413184626,0.42850000572287095,0.3116187643619591,-0.03398853823070461,0.4202504067968649,0.30527929550639415,-0.0512662459081792,0.3989009587157415
118,1.8719999999999999,0.29850099999999996,0.002059000000000033,0.400988,0.33435299999999996,0.03941600000000006,0.462766,0.365396,-0.049431999999999976,0.40436800000000006,0.29590999999999995,-0.07846900000000001,0.373688,0.22659800000000002,-0.038076,0.3911390000000001,0.30761848400462916,-0.02517444404041541,0.39468353090861075,0.2982885676875829,-0.06249168871090818,0.4280758938875139,0.31105521886697235,-0.034630945099462185,0.4196558484112501,0.30481014921275845,-0.052076568962700465,0.39841540834132805
119,1.888,0.298506,0.0020549999999999735,0.40098200000000006,0.3343200000000001,0.03945000000000004,0.4627070000000001,0.36537900000000006,-0.04949300000000001,0.40448400000000007,0.29587500000000005,-0.07846199999999998,0.37375,0.22661099999999995,-0.03805699999999995,0.391165,0.30706001831998403,-0.02612959795383832,0.39384332981482356,0.29780714650189166,-0.06324117627322358,0.4274854033442214,0.3105183254899173,-0.035412414844524676,0.4188777585548368,0.30430468012978906,-0.05301163368572771,0.3977551382428224
120,1.904,0.29848,0.0020479999999999943,0.40116300000000005,0.334342,0.03943200000000002,0.46299500000000005,0.36534000000000005,-0.04955999999999994,0.40458800000000006,0.295789,-0.07845799999999997,0.37383600000000006,0.22653800000000007,-0.03804999999999997,0.39126300000000014,0.306613632631372,-0.026886859725629347,0.3934316416439324,0.29740814437005564,-0.06381277295496599,0.4272903172182309,0.31003106455568935,-0.03598898507059245,0.4185379291730288,0.3039573694174571,-0.053753611538285756,0.3975132946896741
121,1.92,0.298487,0.0020050000000000345,0.401223,0.33442299999999997,0.03939900000000002,0.46302600000000005,0.365273,-0.04964899999999994,0.4046740000000001,0.295719,-0.07852099999999995,0.3740040000000001,0.22648800000000008,-0.03803999999999996,0.39134100000000005,0.30645364466810643,-0.027982503535043196,0.39274052030918255,0.29725829101775897,-0.0646927007221329,0.42683569426863555,0.3098296894638366,-0.0368976445109451,0.4179193960418963,0.3038584956992138,-0.05482676939060897,0.3970053264378649
122,1.936,0.29848800000000003,0.0019830000000000125,0.4013570000000001,0.33454999999999996,0.039378000000000024,0.463233,0.3652,-0.04975199999999996,0.4047600000000001,0.2955560000000001,-0.07859099999999997,0.37412600000000007,0.22640300000000008,-0.03798099999999999,0.39143000000000006,0.30633693246798266,-0.028725252875405255,0.3923565606243198,0.29716976001788076,-0.06522744553808477,0.4266818701448769,0.3096191435298123,-0.037423380611758206,0.4176235918047754,0.30388510872451185,-0.055551527188533734,0.3968149847425507
123,1.952,0.29845799999999995,0.0018739999999999868,0.401482,0.33466900000000005,0.039258000000000015,0.4633560000000001,0.365107,-0.049902999999999975,0.40481999999999996,0.29541900000000004,-0.07867399999999997,0.37424500000000005,0.22632000000000002,-0.038088999999999984,0.39158100000000007,0.30673426489050126,-0.029996344998916208,0.39173713373044855,0.2974992843292175,-0.06629178534442887,0.42626292318924836,0.3099378192011042,-0.03852662292565734,0.4170713950877093,0.3043084806997382,-0.0567972991831088,0.3963590818788965
124,1.968,0.298441,0.0018150000000000666,0.4015480000000001,0.3347200000000001,0.03911600000000004,0.463473,0.36500000000000005,-0.050065000000000026,0.4048750000000001,0.29526099999999994,-0.07874999999999999,0.37431400000000004,0.2262,-0.03800199999999998,0.3915750000000001,0.30671316426112266,-0.030355791954292194,0.3917747357906741,0.2974653432387553,-0.06654520244910234,0.4264082220138615,0.30980429869281334,-0.03875187668161656,0.41716772398472546,0.3044101103957625,-0.05714874551980213,0.3965045942388695
125,1.984,0.298383,0.001697000000000004,0.40166100000000005,0.33472799999999997,0.03890100000000002,0.4636520000000002,0.36486500000000005,-0.05026999999999998,0.40492300000000003,0.29511400000000004,-0.07884099999999994,0.3743320000000001,0.226072,-0.03803000000000001,0.39162300000000017,0.30724391626559167,-0.031343729530529496,0.3912945053213994,0.29789811249459397,-0.06733861621620636,0.4261039591802955,0.3102395201888822,-0.03958444012584225,0.41674976501886646,0.3049559164464523,-0.05811109001372612,0.3961742028940477
126,2.0,0.298321,0.0015760000000000218,0.40173900000000007,0.334744,0.038656000000000024,0.4638310000000001,0.364732,-0.05044199999999999,0.40491200000000016,0.294978,-0.07891699999999996,0.37427200000000005,0.225949,-0.03809999999999997,0.39158500000000007,0.3075659301564171,-0.031769588575482816,0.3912801381722775,0.298136642583055,-0.0676317483719023,0.4262038840222037,0.3104554565188359,-0.039888861403832354,0.41678663237250296,0.3053201530563762,-0.058520506440777054,0.3962684101567927
127,2.016,0.29829600000000006,0.0014410000000000256,0.40183800000000003,0.334745,0.03839500000000001,0.4640270000000001,0.36462500000000003,-0.05065599999999998,0.40495000000000014,0.294865,-0.07901399999999997,0.37425300000000017,0.225891,-0.03814200000000001,0.3915670000000001,0.30812555496626315,-0.032444995463772996,0.39116646615489414,0.2985624560641386,-0.06817081594175017,0.42619341127088817,0.31092920067138713,-0.04047114386503503,0.41671198851885216,0.3058464295078818,-0.0591757038914343,0.39624709533941466
128,2.032,0.2982430000000001,0.0012730000000000241,0.401919,0.334749,0.03814899999999999,0.46424500000000013,0.364509,-0.05082199999999998,0.40495000000000014,0.294731,-0.07923999999999998,0.3742350000000001,0.22580899999999998,-0.03823599999999999,0.39151400000000014,0.3086413519329937,-0.032929522700299,0.3911527878647596,0.29895880474817194,-0.06854404940431945,0.42626016260650923,0.31137202631016403,-0.040882202793262795,0.4167291733996874,0.30632795584185846,-0.05964329245112358,0.3963064936223419
129,2.048,0.2982580000000001,0.0011060000000000514,0.40200100000000005,0.334818,0.03791800000000001,0.46438900000000005,0.3644690000000001,-0.051049999999999984,0.40499300000000005,0.29463500000000004,-0.07940900000000001,0.374262,0.225783,-0.03832599999999997,0.39153300000000013,0.30895774560548844,-0.033255864502025334,0.3912215100227317,0.299203561969577,-0.06878958420632031,0.42639088106016765,0.3116413335935361,-0.04115246507930104,0.41682024544227536,0.30662772396300564,-0.059957467810734494,0.39643047908581713
130,2.064,0.298182,0.0008970000000000367,0.40202700000000013,0.33480800000000005,0.03768900000000003,0.46441200000000016,0.36435199999999995,-0.05127599999999999,0.4049910000000001,0.29448199999999997,-0.079677,0.374324,0.2256559999999999,-0.03845299999999996,0.391579,0.30922887853813036,-0.03375453709618256,0.3911735123563669,0.29941554776271495,-0.0691898315097645,0.426425639136327,0.3118833524774651,-0.04158713212696155,0.4167949374423302,0.3068734588297225,-0.06044079971676454,0.3964492458743583
131,2.08,0.2981230000000001,0.0006590000000000207,0.4018830000000001,0.334732,0.037409000000000026,0.4639470000000001,0.3642830000000001,-0.051520999999999983,0.40504300000000004,0.294321,-0.07990299999999995,0.37439900000000004,0.22562199999999993,-0.038598999999999994,0.3917060000000001,0.3091668499489332,-0.033972728776023614,0.3911567769179354,0.29937670803973726,-0.06933589115738925,0.42648769625754923,0.31182017456947053,-0.04174311916410822,0.4167972547200598,0.3068363744480305,-0.060649019087094885,0.3964936672099898
132,2.096,0.2981000000000001,0.0004550000000000387,0.40201700000000007,0.33478,0.037188000000000054,0.46419600000000005,0.364192,-0.05177399999999993,0.4050910000000001,0.2942179999999999,-0.08020099999999997,0.374459,0.22553700000000004,-0.03869399999999995,0.39177800000000007,0.3091070742369002,-0.03416445959421019,0.3912446930688337,0.29933694123319265,-0.06947716748175446,0.4266315713761125,0.31176458578388455,-0.041892624513684085,0.41689749602682413,0.30679194067815274,-0.060833589901207116,0.39662387740141297
133,2.112,0.2980700000000001,0.00020200000000003548,0.40200900000000006,0.3347670000000001,0.03689800000000004,0.46404500000000004,0.36409299999999994,-0.05204399999999998,0.405127,0.29411400000000004,-0.08052999999999999,0.37465700000000013,0.22548299999999993,-0.03879699999999997,0.3918980000000001,0.3093278665383079,-0.035094372512963073,0.3908317893632657,0.2995110151303612,-0.07021054105650743,0.42640085076290074,0.3119573482217483,-0.04268345933105247,0.41652896406381157,0.30699866743493426,-0.06173304238692999,0.3963539336653406
134,2.128,0.29808399999999996,4.799999999999249e-05,0.40202000000000004,0.33478800000000003,0.03675200000000001,0.464151,0.36405499999999996,-0.05221799999999999,0.40518200000000004,0.29409,-0.08077699999999999,0.37462400000000007,0.225447,-0.03887099999999999,0.39181900000000003,0.30924082825742627,-0.03550978115236131,0.3905655079048824,0.29943957656515735,-0.07049122376260099,0.4262713636118477,0.31185360229759995,-0.04298638139800147,0.41629733762661636,0.306947367976153,-0.06212859005398488,0.39619729549030797
135,2.144,0.29805600000000004,-0.00015199999999998548,0.40209700000000004,0.334722,0.03638400000000003,0.464348,0.363987,-0.052453999999999945,0.4052030000000001,0.294005,-0.08090099999999995,0.37456600000000007,0.22543200000000002,-0.03901899999999997,0.39171200000000006,0.3092911267368278,-0.035764289550031636,0.39039557850659723,0.299478007399824,-0.07059392433826854,0.4262462859332449,0.31184342835841233,-0.04310335323778987,0.4161730318498953,0.3070574746929878,-0.062360991784963515,0.3961544158531201
136,2.16,0.298031,-0.00036199999999997345,0.40209700000000004,0.334583,0.03605400000000003,0.46441200000000016,0.36389,-0.05275000000000002,0.405285,0.29398699999999994,-0.08110600000000001,0.37444200000000005,0.2253880000000001,-0.03908399999999995,0.39160300000000003,0.3092164798657586,-0.03620898311684023,0.3900129832423661,0.2994041453775158,-0.07086378790009365,0.42603293036782375,0.3117237377709546,-0.0433978229643765,0.4158371471144014,0.3070369885447975,-0.06277890626550237,0.3959144220725438
137,2.176,0.29798699999999995,-0.0005580000000000029,0.40218700000000007,0.33448400000000006,0.03568600000000005,0.464666,0.36380700000000005,-0.053003999999999996,0.405328,0.293923,-0.08123999999999998,0.37431900000000007,0.22532000000000002,-0.03920000000000001,0.391478,0.3092229181425559,-0.03654234036167903,0.38973493168953954,0.29938784119038847,-0.07102807016322214,0.42591060991393825,0.3116627285834784,-0.04358253704807183,0.4156064634546998,0.30710010767534524,-0.06308582576229686,0.3957743883967092
138,2.192,0.29791399999999996,-0.0007889999999999842,0.40232200000000007,0.33440300000000006,0.03531000000000001,0.4649580000000001,0.3636470000000001,-0.05333599999999994,0.4054230000000001,0.293777,-0.08139200000000002,0.3742780000000001,0.22521299999999994,-0.03935499999999997,0.39141000000000004,0.3090909746943473,-0.03709665508891044,0.3892727746361935,0.2992602023202558,-0.07136798375360343,0.4256527957972747,0.311469167692188,-0.04394912356426468,0.4152003868306421,0.3070450594035468,-0.06360548377221906,0.3954884171027573
139,2.2079999999999997,0.297876,-0.0009469999999999756,0.4023080000000001,0.33429899999999996,0.035053000000000056,0.4649310000000001,0.3635120000000001,-0.05360699999999996,0.40556500000000006,0.2936330000000001,-0.08156399999999997,0.374286,0.22512300000000002,-0.03932399999999997,0.3913420000000001,0.3089938760794412,-0.03744919817672013,0.3889139053042826,0.2991683015439137,-0.07154034256972037,0.4254642261321184,0.31131767196045657,-0.044142504969232624,0.41488798502101376,0.3070170329190654,-0.06392799281181313,0.3952781416765532
140,2.2239999999999998,0.297777,-0.0011829999999999896,0.40242500000000003,0.334323,0.034744,0.46507,0.363372,-0.053929000000000005,0.40556500000000006,0.29342300000000004,-0.08171499999999998,0.3742540000000001,0.22498100000000004,-0.03954299999999994,0.391483,0.30901456714672415,-0.037832038378149274,0.38868325235268675,0.2991732746941034,-0.07169333889398255,0.4254424047345596,0.31122008051121847,-0.04430576764173372,0.4147232166473488,0.30716008936378736,-0.0642714178871602,0.39524511962819403
141,2.2399999999999998,0.2977530000000001,-0.0012689999999999646,0.40221600000000013,0.33445299999999994,0.03451500000000002,0.46485600000000005,0.363311,-0.054037999999999975,0.405165,0.29324599999999995,-0.08176499999999998,0.37395100000000014,0.22491999999999995,-0.039558999999999955,0.3913160000000001,0.309339917425316,-0.038526097797505376,0.3883805886588255,0.299410375746823,-0.07219541032545868,0.42529204473340215,0.31146259087669304,-0.044853309460159196,0.41446341538909426,0.3074932841216582,-0.0649309953290701,0.39508202959340627
142,2.256,0.29775100000000004,-0.001371000000000011,0.40207400000000004,0.33454,0.03433200000000003,0.4647350000000001,0.36325599999999997,-0.054213999999999984,0.40486900000000015,0.293148,-0.081878,0.37373500000000004,0.224871,-0.039546000000000026,0.39121700000000004,0.30949615919417245,-0.03894797389337737,0.38821141905604134,0.2995118172259439,-0.07237773748597477,0.4253252684279381,0.31148148514891466,-0.04505483808294651,0.4143575065428913,0.3077537677006702,-0.06530865696305062,0.39511188561953536
143,2.272,0.29775500000000005,-0.0015009999999999746,0.4019290000000001,0.334625,0.03409099999999998,0.4645960000000001,0.36326300000000006,-0.054352999999999985,0.40464600000000006,0.2931040000000001,-0.08192899999999997,0.37345000000000017,0.224833,-0.039680999999999966,0.391065,0.3093598339697785,-0.039194012209688434,0.3879898191411935,0.2993886328127911,-0.07250437166979612,0.4252143956158914,0.31130481114283703,-0.045191269588307104,0.4141642946464889,0.30767710585905317,-0.06553192935668956,0.39499128507865017
144,2.288,0.2977809999999999,-0.0015199999999999658,0.40182000000000007,0.334672,0.03393499999999999,0.464588,0.363241,-0.054417999999999966,0.40439500000000006,0.29305200000000003,-0.081953,0.3732460000000001,0.22483000000000003,-0.039578999999999975,0.39085900000000007,0.30948292995927124,-0.04011377683657523,0.387428210299512,0.2994548752556597,-0.07311176253802984,0.42491480859948183,0.3113422956231782,-0.045868446063581425,0.41366329638021804,0.30784196305372036,-0.06639153564873018,0.3946617846742859
145,2.304,0.29777800000000004,-0.0015560000000000018,0.40161800000000003,0.334683,0.03380600000000006,0.46441200000000016,0.36322099999999996,-0.05442999999999998,0.4041060000000001,0.29305700000000007,-0.08193899999999998,0.3729680000000001,0.224856,-0.03962399999999999,0.39061900000000005,0.30917559024364066,-0.04064813699865129,0.38688436818946254,0.29919695778128164,-0.0734380910987882,0.42456619136572876,0.3110368404661507,-0.046240807796881125,0.4131543316686579,0.30758169429458915,-0.06688479988387326,0.394275917090816
146,2.32,0.2978,-0.001568999999999987,0.40147100000000013,0.3346900000000001,0.033660999999999996,0.464391,0.363234,-0.05448699999999995,0.403895,0.293043,-0.08190099999999995,0.37266200000000016,0.224833,-0.03957700000000003,0.3903110000000001,0.30908585349826545,-0.04127532331662302,0.3864572995334724,0.2991089371696654,-0.0738188229285479,0.424352625989067,0.3109031465894643,-0.04667351270903966,0.41277098793610245,0.30754402230485756,-0.06746210395067034,0.39403445304951024
147,2.336,0.29783600000000005,-0.0015390000000000126,0.40132200000000007,0.33474199999999993,0.03362800000000005,0.464286,0.3632530000000001,-0.054493000000000014,0.40369200000000005,0.293055,-0.08185100000000001,0.37246500000000016,0.224829,-0.03950199999999998,0.390112,0.30896356472671815,-0.042134679744002465,0.38579132547065476,0.29899655714565027,-0.07441997120271233,0.42390946693768344,0.31079467342293293,-0.04735752388798273,0.4121394210420003,0.3074157766484162,-0.06826957469135173,0.3935443633891723
148,2.352,0.2977870000000001,-0.0015519999999999978,0.40124400000000016,0.334771,0.03362700000000002,0.4642050000000001,0.36326200000000003,-0.05444899999999997,0.403467,0.293062,-0.081818,0.3722240000000001,0.22481600000000007,-0.03962899999999997,0.3901220000000001,0.3090026355109191,-0.04266774390065062,0.3855870586934891,0.29900375605883966,-0.07471496476752429,0.42389726670660133,0.31076114580728115,-0.04770056563966747,0.4119770482184452,0.3075061498909468,-0.0687522233352479,0.39351791250790125
149,2.368,0.29784099999999997,-0.001464999999999994,0.40107100000000007,0.3348060000000001,0.03367600000000004,0.463997,0.36332100000000006,-0.05431399999999997,0.4032500000000001,0.2931190000000001,-0.08177299999999998,0.37211700000000003,0.22490400000000005,-0.03950500000000001,0.3899790000000001,0.30775146503482215,-0.0398725064309418,0.3860578074332548,0.29810939705337547,-0.07170408707436085,0.4246383075904326,0.3092943435617118,-0.04453075800162712,0.4125299327427553,0.30685075943075396,-0.06588828533070529,0.3942983144846265
150,2.384,0.29784099999999997,-0.0014049999999999896,0.4009260000000001,0.33481200000000005,0.03373400000000004,0.46382,0.363376,-0.05423499999999998,0.4030720000000001,0.29313800000000007,-0.08168699999999995,0.37189800000000006,0.224922,-0.03948199999999996,0.3898980000000001,0.30829840923661084,-0.04157697308174223,0.3854040412326558,0.2984762619611842,-0.07323718781742818,0.42408000559536313,0.3098498934046869,-0.0461811153424356,0.41188512827918633,0.30721110979378075,-0.06756445365242524,0.3937110631009477
151,2.4000000000000004,0.2978490000000001,-0.0014009999999999856,0.400791,0.33483900000000005,0.03371700000000005,0.46366200000000013,0.36339400000000005,-0.054232999999999976,0.40287800000000007,0.2931470000000001,-0.08162399999999997,0.37169700000000006,0.224968,-0.03951899999999997,0.38980900000000007,0.3081557485722842,-0.041996331531312714,0.3847350115450602,0.29836646877611495,-0.07343326984863138,0.42360097228065424,0.30968892568409245,-0.04642816504831554,0.41124654525904625,0.3071213371500023,-0.06793296301565345,0.39320608698240844
152,2.4160000000000004,0.297803,-0.0013689999999999536,0.400598,0.334853,0.03365800000000002,0.46352300000000013,0.363307,-0.05423699999999998,0.4025670000000001,0.293054,-0.08159699999999998,0.37141599999999997,0.22486900000000004,-0.03940699999999997,0.38958899999999996,0.307946131356358,-0.04204897948066927,0.38451304122479246,0.2981828955792813,-0.07340747881031655,0.42344885687759526,0.30943928102414775,-0.04639956535656933,0.41104031222752513,0.3069821484894032,-0.06796458948430252,0.39305645236918246
153,2.4320000000000004,0.29772100000000007,-0.0013529999999999376,0.40037200000000006,0.334872,0.03353800000000001,0.463338,0.363192,-0.05425799999999997,0.402189,0.2929,-0.08152799999999999,0.3710850000000001,0.22471199999999997,-0.039327999999999974,0.38932900000000004,0.30784859785394675,-0.04285291641186653,0.3838701812997034,0.298094460098294,-0.07403746253503407,0.42294773077931014,0.3093444222824146,-0.04708347581313256,0.41041670794026375,0.3068905533405902,-0.06872991931985711,0.3925304844133687
154,2.4480000000000004,0.2975900000000001,-0.0013679999999999803,0.4001220000000001,0.3349020000000001,0.03339500000000001,0.46304500000000004,0.363026,-0.054308999999999996,0.4017400000000001,0.2926520000000001,-0.08146299999999995,0.37064300000000006,0.22457100000000002,-0.03931399999999996,0.3892030000000001,0.30778176140364527,-0.04346161894085662,0.38340005312112735,0.29802479905793067,-0.07454725244441965,0.4225556283188153,0.30930856651960037,-0.047640848633877464,0.40995294572357827,0.3067862566226137,-0.06931896660666352,0.3921146684729844
155,2.4640000000000004,0.29748500000000005,-0.0013440000000000119,0.3998410000000001,0.334941,0.03331300000000004,0.462738,0.36286100000000004,-0.054378999999999955,0.4013110000000001,0.29237300000000005,-0.08144000000000001,0.3703310000000001,0.22437500000000005,-0.03914699999999999,0.3890000000000001,0.3074845583101306,-0.043542665903064784,0.3830837359718004,0.2977931217605117,-0.07446279387195291,0.42238635341119773,0.30895970340252166,-0.04756384914070867,0.40966393974400855,0.30661111110693107,-0.06935587820696246,0.39194111365074213
156,2.4800000000000004,0.297409,-0.0013979999999999548,0.39958000000000016,0.3350330000000001,0.03323799999999999,0.46238400000000013,0.362702,-0.05453099999999994,0.40093,0.292144,-0.08147699999999997,0.37010900000000013,0.22424800000000006,-0.03911999999999993,0.3889100000000001,0.30732994836628413,-0.044356021306375976,0.3823715763365172,0.2976455937914798,-0.07515317647013728,0.4217723695250306,0.3089081038427199,-0.04834121626835994,0.40895128375878953,0.3063482167875403,-0.07014882259903485,0.3912769445711833
157,2.4960000000000004,0.297317,-0.0014059999999999628,0.3993340000000001,0.335127,0.03322999999999998,0.4620660000000001,0.3625890000000001,-0.05459599999999998,0.4005040000000001,0.291943,-0.08149399999999996,0.3698950000000001,0.22406700000000007,-0.03907399999999994,0.388834,0.3069832529770705,-0.0443015310892306,0.38212989223391336,0.2973682796283128,-0.0749596005024746,0.4216559477030684,0.3085338144122016,-0.04815728221532026,0.4087303084474986,0.30610053154151207,-0.0700571599709959,0.39115243968916513
158,2.5120000000000005,0.297275,-0.0014099999999999668,0.399108,0.3352000000000001,0.03320700000000004,0.4617730000000001,0.36255299999999996,-0.054601999999999984,0.4001260000000001,0.2918239999999999,-0.08150099999999999,0.36973100000000003,0.22400099999999995,-0.03905799999999998,0.3887280000000001,0.3068535761830843,-0.044688069777712905,0.38175114327141346,0.29723708453420783,-0.07524239438481614,0.4213570813333529,0.30848047830207304,-0.04851129651516313,0.40835169452614695,0.3058838378742905,-0.07042586353937497,0.3908155549293698
159,2.5280000000000005,0.297228,-0.0014139999999999708,0.39887800000000007,0.335273,0.03329100000000007,0.461453,0.36255,-0.05457099999999998,0.39981200000000006,0.29175999999999996,-0.081511,0.36955700000000014,0.22394799999999998,-0.03914699999999999,0.38865800000000006,0.3053212626609966,-0.04124284497670033,0.3823988526158827,0.2960953712282156,-0.07163566691028539,0.4222213750846974,0.30675032767717003,-0.04474273557580273,0.4090552165693608,0.30495298956004435,-0.06690177539835716,0.3917273918021634
160,2.5440000000000005,0.2972540000000001,-0.0013659999999999783,0.398651,0.33529499999999995,0.033358,0.4611780000000001,0.36258299999999993,-0.054518999999999984,0.399579,0.291784,-0.08152500000000001,0.36936900000000006,0.22397299999999992,-0.039046000000000025,0.388517,0.3057535989962346,-0.042896449977139345,0.3816175133334526,0.29637746170021145,-0.0731820053538634,0.421486638963755,0.3073260006060631,-0.04643685416765837,0.4082604540793911,0.3050803355566568,-0.06855434869347607,0.3909318532785814
161,2.5600000000000005,0.2972240000000001,-0.0013699999999999823,0.39847500000000013,0.3353070000000001,0.033418,0.4609360000000001,0.36261099999999996,-0.05445099999999997,0.399315,0.291784,-0.08154899999999998,0.36921899999999996,0.22400400000000004,-0.03913299999999997,0.38846800000000004,0.3053678116006417,-0.04261290134585212,0.38132555549910596,0.29606813000714816,-0.07276045155667873,0.4213169937345665,0.3069455178588024,-0.04603980122565876,0.40798301975254103,0.30476332583559285,-0.06823417453327381,0.39074484082367533
162,2.5760000000000005,0.297193,-0.0013499999999999623,0.39831400000000006,0.335313,0.033501,0.460766,0.36259500000000006,-0.05438700000000002,0.3990920000000001,0.29179399999999994,-0.08158900000000002,0.36908700000000005,0.2239790000000001,-0.03913899999999998,0.388371,0.305357339618859,-0.04292006562041492,0.381102265769404,0.29600696106245983,-0.07294372618391594,0.4211750023968796,0.3069473872110986,-0.046286051661741656,0.4077667568928143,0.30468961049068904,-0.06851642770085484,0.3905847952246019
163,2.5920000000000005,0.29713800000000007,-0.0013420000000000099,0.39820200000000006,0.33535200000000004,0.033530000000000004,0.46067800000000003,0.3625460000000001,-0.05438700000000002,0.3988050000000001,0.29170199999999996,-0.081592,0.3688760000000001,0.22394000000000008,-0.03914699999999999,0.38834100000000005,0.30535158407333096,-0.04357558787414691,0.3806377420492556,0.2959602084330038,-0.07345581561678693,0.4208079803759766,0.30697145259999026,-0.04687320714340554,0.40730897999123683,0.30461051820729473,-0.06914315052204377,0.390192245722307
164,2.608,0.297035,-0.001350999999999991,0.39804000000000006,0.33537199999999995,0.033577000000000023,0.4605380000000001,0.36242100000000005,-0.05444099999999996,0.3985050000000001,0.291506,-0.08163599999999999,0.368695,0.22381800000000002,-0.03914200000000001,0.388255,0.30530101974188484,-0.04435231599598537,0.38004619480294133,0.2958737724136456,-0.07405313998893537,0.42034088496861133,0.30695653682051083,-0.047559354643330984,0.4067262878793014,0.3044849745217104,-0.0698823482901245,0.38969448481045726
165,2.624,0.2968859999999999,-0.0014310000000000156,0.3978840000000001,0.33535699999999996,0.033433000000000046,0.4603950000000001,0.362223,-0.05460699999999996,0.39818300000000006,0.29123800000000005,-0.08165999999999995,0.3684820000000001,0.22361400000000003,-0.03917799999999999,0.3881340000000001,0.3049921794964951,-0.04431677608413949,0.3797936468751916,0.2955945287044024,-0.07388283731737402,0.4201942183604792,0.30663206853622055,-0.04741782638128357,0.40648723133360404,0.30422261272558676,-0.06981127504316037,0.3895392237500557
166,2.64,0.296749,-0.001530999999999949,0.39773000000000014,0.335393,0.03318600000000005,0.4602100000000001,0.36198800000000003,-0.054782,0.3979330000000001,0.290927,-0.08172499999999999,0.368262,0.22336699999999993,-0.03915400000000002,0.388026,0.30368565047164786,-0.042119779854046455,0.3800072912725021,0.29458013024730373,-0.07149501059778138,0.42061343999152884,0.3051949084577979,-0.04494432818361635,0.40673924345171253,0.303345948089452,-0.06753450353222899,0.38998298179814717
167,2.656,0.296606,-0.0016149999999999776,0.397579,0.335448,0.03287699999999999,0.46005600000000013,0.36170399999999997,-0.05495800000000001,0.3976280000000001,0.2905560000000001,-0.08175300000000002,0.3679990000000001,0.223122,-0.03907199999999994,0.3878830000000001,0.30338243775486007,-0.04243777803800017,0.3796430678622369,0.29429701547974474,-0.07165316044427163,0.4203688646811266,0.30490374211540056,-0.04515669843707429,0.4063852873877834,0.30304897718100954,-0.06781295740581944,0.38971913132506664
168,2.672,0.296503,-0.0017349999999999866,0.3973540000000001,0.33537,0.03264000000000006,0.4597760000000001,0.361477,-0.05525899999999995,0.39745600000000014,0.290287,-0.08183399999999996,0.367819,0.22292499999999998,-0.03898399999999996,0.3876820000000001,0.3027168585210915,-0.04218640663832966,0.37928528463789735,0.2937488967225713,-0.0712286092248868,0.42016070663812854,0.30426131474252216,-0.044767395369146895,0.40603984223838674,0.30247189418561765,-0.06751215188906096,0.38948747061834754
169,2.688,0.29643899999999995,-0.0018019999999999703,0.39720600000000006,0.33541099999999996,0.032457000000000014,0.45965100000000003,0.3613450000000001,-0.05534799999999995,0.39722000000000013,0.2901230000000001,-0.08186199999999999,0.36759600000000003,0.22281600000000007,-0.03899799999999998,0.38750300000000015,0.3026006914285234,-0.04331705547371449,0.37866945533368257,0.2935968627508943,-0.07221096440560607,0.4196419716022105,0.3042313638621372,-0.04585105405862944,0.40542338885442536,0.3022257703370918,-0.06861869405488624,0.3889273546358422
170,2.704,0.29638099999999995,-0.0017979999999999663,0.397011,0.3353,0.03251800000000005,0.45942000000000005,0.36134000000000005,-0.05531799999999998,0.397088,0.29014500000000004,-0.081866,0.367406,0.22277300000000005,-0.039041999999999966,0.38735200000000003,0.3018708298771164,-0.04289718425251751,0.3785172020202896,0.29299396155447843,-0.07164173247585683,0.4196222643583277,0.3035085232134463,-0.04529914821052858,0.4052828839642824,0.30161152523160106,-0.06815231578721617,0.38889260905212075
171,2.72,0.29642799999999997,-0.001776999999999973,0.39685000000000015,0.33529499999999995,0.032606000000000024,0.45928100000000005,0.361443,-0.05522499999999997,0.3969990000000001,0.29026900000000005,-0.08185499999999996,0.367271,0.22285400000000005,-0.03911699999999996,0.3871380000000001,0.3016992353589352,-0.04495807067471892,0.37752637449014104,0.2927899340339197,-0.07357736374376389,0.4187117409171077,0.3035437367127006,-0.047384180283740765,0.40427642135304187,0.30117887177199276,-0.0702076187395333,0.38790556150407907
172,2.736,0.296565,-0.0017659999999999898,0.3969330000000001,0.33551499999999995,0.03243600000000002,0.459588,0.36157200000000006,-0.05505100000000002,0.39686900000000014,0.29046500000000003,-0.08180199999999999,0.36713400000000007,0.22297400000000006,-0.03919199999999995,0.38693,0.30103731836624026,-0.0451478600070377,0.3772473999486703,0.29222477703761307,-0.07365836384102782,0.4185289246305252,0.30294834923079317,-0.04750516536054017,0.40399892836765033,0.3005371960788956,-0.07037033791914808,0.3876931868736029
173,2.7520000000000002,0.2966180000000001,-0.0017289999999999806,0.39682300000000004,0.33547299999999997,0.032526,0.45950400000000013,0.361693,-0.054934999999999956,0.396776,0.290645,-0.08178400000000002,0.367031,0.22309600000000002,-0.03923599999999999,0.38678500000000005,0.29919079410451394,-0.04234184554688389,0.37780827328177624,0.29076040099989625,-0.07069311957476251,0.41927883786309195,0.30096896990506083,-0.04442172728313544,0.4045919508304622,0.29920941022024006,-0.06747767910608694,0.3884725830829103
174,2.7680000000000002,0.2966079999999999,-0.0017530000000000046,0.39661500000000005,0.335362,0.032358,0.4592050000000001,0.361708,-0.054852999999999985,0.39665000000000006,0.290696,-0.081762,0.3668270000000001,0.2231570000000001,-0.03926200000000002,0.38656100000000015,0.2983780433909576,-0.04305396435824908,0.3771359384187084,0.29005579957414085,-0.07128164637133798,0.4187125210057456,0.30030014333455035,-0.0450873653426294,0.4039132424743819,0.29834275365796975,-0.0681678219116484,0.38785185612241446
175,2.7840000000000003,0.296598,-0.001788999999999985,0.39642,0.33524000000000004,0.032330000000000025,0.45905700000000005,0.361659,-0.05505899999999997,0.3966200000000001,0.29063999999999995,-0.08174899999999996,0.36664300000000005,0.2230990000000001,-0.03920699999999999,0.3862700000000001,0.2972640032635809,-0.04267814233326815,0.37680015581793386,0.2891180667424747,-0.07075333291424668,0.4185146782966962,0.2992492029928597,-0.04459089442055365,0.4035817457956383,0.29732981949231163,-0.06774588118797498,0.3876233769533697
176,2.8000000000000003,0.29648900000000006,-0.001827000000000023,0.3961580000000001,0.33508699999999997,0.032131999999999994,0.4588120000000001,0.3614840000000001,-0.05514899999999995,0.39640700000000006,0.29047000000000006,-0.081756,0.36630000000000007,0.22296600000000005,-0.039114999999999955,0.38593200000000005,0.29640172505798035,-0.042908090184988645,0.3763549927534131,0.28835640995269207,-0.07081815439304882,0.4181996484976525,0.2984672633676846,-0.04472209688162214,0.4031373774762517,0.29647622583333855,-0.06793500994558646,0.387272213816548
177,2.8160000000000003,0.29632600000000003,-0.0018519999999999648,0.3959170000000001,0.33488500000000004,0.03208000000000005,0.4585800000000001,0.36125,-0.055273999999999934,0.3961300000000001,0.2902329999999999,-0.081789,0.3660580000000001,0.222848,-0.03902899999999998,0.385714,0.29567860309302035,-0.04308572027321653,0.3760370766924275,0.2876926785262821,-0.07083221800645352,0.41800171497216443,0.2977942886563363,-0.04480066938708484,0.40282207294742894,0.29575516036277716,-0.06807149644215524,0.3870481214671266
178,2.8320000000000003,0.296158,-0.001902999999999988,0.395694,0.33473400000000003,0.03189900000000001,0.45845900000000006,0.361021,-0.055435999999999985,0.3959070000000001,0.28999099999999994,-0.08180499999999996,0.36567800000000006,0.222559,-0.03894599999999998,0.38536800000000004,0.29489289688259074,-0.043688315023967556,0.37539623474964,0.28698731751400225,-0.0712121504064282,0.41752240588210204,0.29708856417267604,-0.04527444013861259,0.40218273232805374,0.29495870218038517,-0.06861935770187383,0.3865307198955946
179,2.8480000000000003,0.2959840000000001,-0.0019910000000000205,0.39547900000000014,0.334485,0.03180900000000003,0.45823800000000003,0.36086599999999996,-0.05553999999999998,0.395699,0.289858,-0.08190099999999995,0.3654600000000001,0.2224160000000001,-0.039005999999999985,0.38516700000000015,0.2941965081179912,-0.04463650008652005,0.37471414218058796,0.2863279515672192,-0.071983237071589,0.4169624059043446,0.2964939456070898,-0.046145958639409915,0.40149653408473307,0.2941851049302859,-0.06953106710980889,0.3859301299436241
180,2.8640000000000003,0.295869,-0.0020519999999999983,0.395324,0.334351,0.03175500000000003,0.45812300000000017,0.36073400000000005,-0.055589,0.395536,0.289792,-0.08198100000000003,0.365267,0.222304,-0.039065000000000016,0.3849800000000001,0.29348769836353317,-0.045207446926056674,0.37417059863722824,0.2856668410607295,-0.07234157520405424,0.4165645518291362,0.2958287370613447,-0.046588536691673815,0.4009561419231331,0.2934740502773,-0.07004712863645425,0.3855076178692032
181,2.8800000000000003,0.295834,-0.0020850000000000035,0.39519800000000005,0.334224,0.031694,0.458029,0.360728,-0.05557000000000001,0.3954190000000001,0.2898150000000001,-0.08204299999999998,0.3651280000000001,0.222323,-0.03909099999999999,0.38480000000000003,0.29280345796186436,-0.04597023411997608,0.37356321326703346,0.2850160387455331,-0.07287963160422506,0.4161063022778133,0.295192924768909,-0.047222244853365916,0.40035082454067883,0.2927682639778995,-0.07075319571072451,0.385023647594984
182,2.8960000000000004,0.2957830000000001,-0.0020589999999999775,0.3949170000000001,0.3339450000000001,0.031811000000000034,0.45765,0.36076900000000006,-0.05553999999999998,0.39534500000000006,0.289865,-0.08202099999999996,0.3649530000000001,0.222389,-0.03909699999999999,0.38457700000000006,0.2922658034130302,-0.04638210593108716,0.3732521631872233,0.2844680867380784,-0.07311590046657637,0.4159039373353962,0.2946689751143969,-0.04753308077798335,0.4000430799860562,0.2922052662985939,-0.07112027513048148,0.38480886248807045
183,2.9120000000000004,0.29577000000000003,-0.0020779999999999688,0.3947750000000001,0.333799,0.03183900000000006,0.457453,0.360875,-0.055481,0.3952610000000001,0.2899030000000001,-0.08205699999999999,0.36502100000000004,0.22245699999999996,-0.03917100000000001,0.384421,0.2914770890241747,-0.04555295848795787,0.37339089509979556,0.28375935405942126,-0.07211960421023071,0.4161614912573942,0.29381440674616766,-0.04654539860707986,0.4001939771748637,0.2915677511696525,-0.07022988272438838,0.3850776041923987
184,2.9280000000000004,0.295785,-0.0020779999999999688,0.394559,0.33372000000000007,0.03191900000000003,0.4571970000000001,0.360953,-0.05546400000000001,0.39520100000000014,0.289973,-0.08204899999999998,0.36488900000000013,0.22249599999999997,-0.03923299999999996,0.3841970000000001,0.2909651254794704,-0.04633248647903729,0.3728775475438547,0.2832430823754036,-0.07268856746261367,0.41577744310411713,0.29337027932247683,-0.04722570815662358,0.3996781182518188,0.2909759967730489,-0.0709614989698933,0.38466523622105175
185,2.9440000000000004,0.29583600000000004,-0.002104999999999968,0.3944320000000001,0.33376999999999996,0.031864,0.4571050000000001,0.36098900000000006,-0.05549699999999996,0.3951340000000001,0.28999900000000006,-0.08203999999999995,0.364746,0.222528,-0.039275000000000004,0.38398200000000005,0.2905204009025958,-0.04774269315247709,0.3721824196324995,0.2827900786610659,-0.0739224530458606,0.41518865503577823,0.2930807931324312,-0.04860144730528973,0.3989697325470277,0.29034915193350097,-0.07234435392230741,0.38402585409920137
186,2.9600000000000004,0.29587,-0.0022340000000000138,0.39426400000000006,0.33366499999999993,0.031781000000000004,0.45696800000000004,0.360968,-0.05583199999999999,0.3952530000000001,0.28999099999999994,-0.08208299999999996,0.36451100000000003,0.222532,-0.03934499999999996,0.3837360000000001,0.28952549973060304,-0.04724361089965676,0.3720240900824129,0.2819142060998799,-0.07322242284501791,0.41517317504107454,0.2920983446695621,-0.047948137024838786,0.3988147099353657,0.2894563980006209,-0.07178173733516552,0.3839996299364732
187,2.9760000000000004,0.29591300000000004,-0.002304999999999946,0.39423300000000006,0.3336090000000001,0.031679999999999986,0.45687600000000006,0.360925,-0.05594699999999997,0.3951570000000001,0.28992999999999997,-0.08207899999999996,0.364337,0.22291600000000006,-0.03943199999999997,0.38385000000000014,0.2882156421061883,-0.044555081276948974,0.3727915349355529,0.2808491644865104,-0.07031394931721727,0.41611462021763035,0.2906057845406987,-0.044969311794168104,0.3996051291084306,0.288587814581003,-0.06898322682653149,0.3849843677264875
188,2.9920000000000004,0.29590999999999995,-0.002354999999999996,0.3940020000000001,0.333575,0.031594000000000066,0.4568,0.36094600000000004,-0.05610499999999996,0.39515100000000003,0.289947,-0.08210400000000001,0.3641010000000001,0.22260699999999994,-0.03939999999999999,0.3833150000000001,0.2874350116226343,-0.04516666364935609,0.37223363193502534,0.280154796252133,-0.07072523514984759,0.4156897233447312,0.28995192889289767,-0.04549025389370992,0.39903687086346146,0.2877500478391494,-0.06954974555218743,0.38451793280696717
189,3.008,0.2959070000000001,-0.002412999999999943,0.39387700000000003,0.33356899999999995,0.03156700000000001,0.4566990000000001,0.36098100000000005,-0.056125000000000036,0.39502400000000004,0.28995600000000005,-0.08210899999999999,0.36391700000000016,0.22266800000000003,-0.03957099999999997,0.38316400000000006,0.2864371045009384,-0.04467763365345569,0.37207829468917863,0.2793084211434185,-0.0700649021791052,0.4156597410166023,0.2889975564181118,-0.044873212704737445,0.3988786498185602,0.28685039260769307,-0.06900438079347647,0.3844708951159088
190,3.024,0.29593200000000003,-0.0024059999999999637,0.39374200000000004,0.333559,0.03156600000000004,0.456589,0.3610410000000001,-0.056054999999999966,0.394891,0.29004499999999994,-0.082119,0.363757,0.22270700000000004,-0.03959400000000002,0.3829870000000001,0.28578615107815786,-0.045402884245654626,0.3715636374830394,0.27871905365221084,-0.0706320627448093,0.41524679991234725,0.28849602208179864,-0.04555217174609896,0.3983495948605957,0.2860927377773134,-0.06970191314496757,0.3840135843888114
191,3.04,0.295955,-0.0023839999999999417,0.3936330000000001,0.33355399999999996,0.03157700000000002,0.45649700000000004,0.36111600000000005,-0.05595799999999995,0.3947400000000001,0.290108,-0.08205999999999997,0.36361900000000014,0.22281200000000007,-0.03966700000000001,0.3828410000000001,0.28503133921093615,-0.04593565667098724,0.37109747306585905,0.278044950236474,-0.07101716783902286,0.41487854386387113,0.2878966746791497,-0.04604374986066059,0.3978674444659813,0.28524216888835746,-0.07020827070099415,0.3836008221295186
192,3.056,0.29598699999999994,-0.0024009999999999865,0.3935310000000001,0.33352,0.03158300000000003,0.4564420000000001,0.36116700000000007,-0.05592499999999995,0.3946860000000001,0.2902329999999999,-0.08208299999999996,0.36354200000000014,0.22286100000000003,-0.03973299999999996,0.38265000000000005,0.284080407549916,-0.044509012330814,0.37144899582600877,0.27725178884553126,-0.06947031819801823,0.41532355758552186,0.2869392381070284,-0.044495870389771375,0.39821987768263667,0.2844517585127716,-0.06873188701780698,0.3840447260220279
193,3.072,0.29602999999999996,-0.002398999999999929,0.393448,0.33349500000000004,0.03163199999999999,0.4563800000000001,0.361226,-0.05588399999999999,0.39466500000000004,0.2903529999999999,-0.08213099999999995,0.363502,0.222918,-0.039746000000000004,0.38252600000000003,0.28340737121531945,-0.04488161848090219,0.37092972298992716,0.2766694520659929,-0.06965427604653768,0.41492506224612824,0.28641616281546195,-0.044797601722681435,0.39768403693249865,0.28369853020949803,-0.06906446353889839,0.383604233242846
194,3.088,0.296039,-0.0023759999999999892,0.39338400000000007,0.33346100000000006,0.031696999999999975,0.4563210000000001,0.361257,-0.05579899999999999,0.3946480000000001,0.290484,-0.082119,0.36346200000000006,0.22293899999999994,-0.03978999999999999,0.3824360000000001,0.28297304076622737,-0.04533803474440666,0.37068527642016136,0.27626870543030296,-0.06998424947304505,0.4147566955129096,0.28612455361833194,-0.045235231119110195,0.397423088567083,0.28313577831029146,-0.06950196128272107,0.38339811046898714
195,3.104,0.296139,-0.002344999999999986,0.3933230000000001,0.33345600000000003,0.031823000000000046,0.4562640000000001,0.361366,-0.055686999999999987,0.39472300000000005,0.290718,-0.082208,0.3634950000000001,0.22306299999999996,-0.039764999999999995,0.3823500000000001,0.28227081071531857,-0.04526689076940493,0.37042884397387127,0.275669319928373,-0.06985196343778688,0.414549910539352,0.2855774838945129,-0.04517190489688819,0.39714793996188036,0.2823577645915576,-0.06942581309755028,0.38315192888973715
196,3.12,0.296283,-0.002230999999999983,0.39324000000000003,0.33342999999999995,0.03206700000000001,0.4562020000000001,0.36151300000000003,-0.05548499999999995,0.39483100000000004,0.2910420000000001,-0.08222400000000002,0.3636640000000001,0.22324000000000005,-0.03967100000000001,0.38216000000000006,0.28173161961479937,-0.04462505743005572,0.37068706641210647,0.2751960783297082,-0.06916038450373377,0.41484562638742534,0.28512460403616274,-0.04452267999354202,0.3973953118771927,0.2817846588130695,-0.06877572374584039,0.38342600208811006
197,3.136,0.29636199999999996,-0.0022070000000000145,0.3933550000000001,0.33341899999999997,0.032362999999999975,0.45616100000000004,0.36166400000000004,-0.05529099999999998,0.395035,0.291248,-0.082198,0.36385600000000007,0.22367700000000007,-0.03996299999999997,0.382517,0.2810245452798049,-0.04476675684680127,0.37038741096414773,0.2746156232681632,-0.06922352315338502,0.4146080655733818,0.2845931442933779,-0.044666081900860743,0.3970727658593334,0.28100050772910506,-0.06890727576005261,0.38314565330411754
198,3.152,0.296518,-0.0019219999999999793,0.3931690000000001,0.33337900000000004,0.032755000000000034,0.45605600000000013,0.36185000000000006,-0.05506299999999997,0.39521800000000007,0.29148,-0.08213099999999995,0.3640000000000001,0.22358399999999995,-0.03947200000000001,0.382097,0.2808138598900906,-0.04602529152989132,0.3699658671786082,0.2743777587363578,-0.07049284065831579,0.4141766083529244,0.284628534861687,-0.04606542772449208,0.3966173182496734,0.2804781246640987,-0.07019853404240453,0.38265758129056093
199,3.168,0.296641,-0.001866999999999952,0.3931540000000001,0.3334059999999999,0.03311200000000003,0.45596900000000007,0.362034,-0.055006,0.395555,0.2917039999999999,-0.08203799999999994,0.3641620000000001,0.22375499999999998,-0.039650999999999936,0.38210200000000005,0.2800981734459169,-0.044240800047334314,0.37063664562137444,0.2738199824003207,-0.0686920050580849,0.41487912390088055,0.28389749609172227,-0.044213794545875026,0.3972903061276236,0.27993635289361435,-0.06839750916744579,0.38336320043426325
200,3.184,0.29672100000000007,-0.0016089999999999716,0.3932110000000001,0.333363,0.03348100000000004,0.4559740000000001,0.36220199999999997,-0.05473100000000003,0.3957280000000001,0.292005,-0.081727,0.36426400000000003,0.22383599999999998,-0.03951500000000002,0.382189,0.279611343473275,-0.04323308292587849,0.3710564311667015,0.27342870274034264,-0.06772330466456011,0.4152907841782808,0.2834744581406598,-0.04323278484320807,0.3977009342625411,0.2794697509506347,-0.06740169894648275,0.38376060095525555
201,3.2,0.296826,-0.0014679999999999693,0.3932270000000001,0.33337199999999995,0.033889,0.4559000000000001,0.362365,-0.05450699999999997,0.3959600000000001,0.292302,-0.08161600000000002,0.36453,0.224007,-0.03957199999999994,0.38226800000000005,0.2788703137774065,-0.04432236574448471,0.3701783500487791,0.27286810671953815,-0.06844585734597622,0.41463849688819665,0.2829395574896342,-0.04415264592291565,0.3967916108606203,0.27866681266027427,-0.06839574327751402,0.38306124802469477
202,3.2159999999999997,0.296853,-0.0011880000000000224,0.393204,0.3333390000000001,0.03440599999999999,0.4556570000000001,0.3625209999999999,-0.05416599999999999,0.396131,0.292463,-0.08121899999999999,0.36482100000000006,0.22411200000000003,-0.039569999999999994,0.38241,0.278449405499274,-0.0439770861012659,0.37054544806979084,0.27251495015411226,-0.06818905597668931,0.4149665775928365,0.28266435544242985,-0.04391595910180017,0.39713649281634134,0.2781421538692531,-0.06808664359781211,0.38335844196532004
203,3.232,0.2967720000000001,-0.001348999999999989,0.393435,0.33334,0.03473700000000002,0.455631,0.36264499999999994,-0.053862999999999994,0.39627100000000004,0.29259799999999997,-0.08133299999999999,0.3651390000000001,0.22463499999999997,-0.040488000000000024,0.3830950000000001,0.2780523007415209,-0.04363022446558665,0.3707220202928738,0.2721937275978495,-0.0678964914254285,0.4151235901091457,0.2824011053550465,-0.043649142581624126,0.3972915656556512,0.27766255638470266,-0.06776363342044846,0.3834877811540215
204,3.2479999999999998,0.296831,-0.0010759999999999659,0.39339,0.333328,0.03520200000000007,0.45549800000000007,0.36280700000000005,-0.053510999999999975,0.3963650000000001,0.29277499999999995,-0.081013,0.3652200000000001,0.22479700000000008,-0.04043399999999997,0.38312400000000013,0.2770054484859884,-0.043482336717562325,0.370723897142593,0.2713434180424824,-0.06765747005021816,0.4152006138964234,0.28150869625109476,-0.04346690431080909,0.39726770473783657,0.27662842117204745,-0.0675927780958987,0.3835333641789937
205,3.2640000000000002,0.296904,-0.0009190000000000031,0.39343700000000004,0.333359,0.03563500000000003,0.45542700000000014,0.36297799999999997,-0.053195999999999966,0.3964890000000001,0.29305700000000007,-0.08085699999999996,0.3653470000000001,0.225053,-0.04057700000000003,0.3833590000000001,0.2766327924436912,-0.04293347784196515,0.3710936467300021,0.2710455598042519,-0.06726378003879366,0.4154951469303232,0.281334649900793,-0.04309575442765863,0.3976025019110403,0.27609359779735726,-0.06710080486467265,0.3837896127240162
206,3.28,0.2971150000000001,-0.0005449999999999622,0.39336000000000004,0.33335600000000004,0.03612500000000002,0.4553170000000001,0.36321699999999996,-0.05282899999999996,0.39666500000000005,0.29343499999999995,-0.08072200000000002,0.3655400000000001,0.22513900000000003,-0.040003999999999984,0.3832730000000001,0.27564749457010507,-0.04233843352156122,0.3713457889575128,0.2702599600669753,-0.06671640552177116,0.4157458221413956,0.2805420082809702,-0.04257054985261298,0.3978192295686127,0.27507698906027656,-0.06652456088571937,0.3840045308143587
207,3.2960000000000003,0.297368,-0.00016799999999994597,0.3932030000000001,0.33333700000000005,0.03664400000000001,0.45518900000000007,0.363461,-0.05241999999999997,0.3968830000000001,0.29377899999999996,-0.08059999999999995,0.36574000000000007,0.22536000000000006,-0.03946799999999995,0.3829610000000001,0.2748529239386466,-0.041377901626427294,0.37181189636508627,0.2696315772955248,-0.06597324752923468,0.41611178905963964,0.2799590185391995,-0.04180398279342658,0.3982429283732345,0.27419355882791474,-0.0656327574966728,0.3843340840004259
208,3.312,0.29758900000000005,0.00017400000000000748,0.39313300000000007,0.333278,0.03715299999999999,0.455141,0.363771,-0.05199300000000001,0.3971490000000001,0.2941770000000001,-0.08051200000000003,0.36589800000000006,0.225547,-0.03902899999999998,0.38279200000000013,0.27408756756010977,-0.0412255783106181,0.3719196918197266,0.2690110023968731,-0.06593724928161626,0.41617164994092015,0.2794184027885523,-0.04180180901957806,0.3983034624786691,0.273300192019588,-0.06552031445259182,0.38435688661438794
209,3.3280000000000003,0.2976330000000001,0.0003510000000000457,0.3931150000000001,0.3332300000000001,0.03763300000000003,0.455113,0.36401599999999995,-0.05157099999999998,0.397397,0.29457399999999995,-0.08010400000000001,0.3659220000000001,0.2257329999999999,-0.03947400000000001,0.38266,0.27332857824101425,-0.040619213529259124,0.3722368083965169,0.26840510922158567,-0.06553547577707297,0.41639123424498903,0.2788565799165091,-0.04138047681147684,0.3985752760045099,0.27245384243316934,-0.06497548107983558,0.3845471717981999
210,3.344,0.2977960000000001,0.0007080000000000419,0.39302800000000004,0.333096,0.03809700000000005,0.45505300000000004,0.3642140000000001,-0.05113899999999999,0.3975810000000001,0.294939,-0.07991299999999996,0.3660190000000001,0.22594399999999998,-0.03905399999999998,0.38246000000000013,0.272644666877744,-0.03971730832092249,0.37268554513299923,0.2678464675629974,-0.06485028339780595,0.41673080413684715,0.2783128448936877,-0.040647371233254515,0.3989887757559684,0.27172376819512645,-0.06413585619447049,0.38486850225242986
211,3.3600000000000003,0.2978490000000001,0.0009580000000000144,0.39306300000000005,0.3329640000000001,0.03853800000000002,0.455156,0.364381,-0.05074899999999999,0.3978320000000001,0.29529299999999997,-0.07953599999999994,0.3660960000000001,0.22611199999999992,-0.03916499999999995,0.3823120000000001,0.27225950027917345,-0.040045116144587986,0.37264067644137644,0.2674852735714805,-0.0653040195077905,0.41661644879192505,0.27811814894843534,-0.041158673303689164,0.3988949984945165,0.27112549468566916,-0.06450205862041095,0.38472827235034335
212,3.376,0.2979650000000001,0.0012780000000000014,0.3929870000000001,0.3328060000000001,0.038988999999999996,0.4551200000000001,0.364554,-0.050289999999999946,0.39806700000000006,0.2955990000000001,-0.07938799999999996,0.36621000000000015,0.22629100000000008,-0.038852,0.382084,0.2717604344136083,-0.03756543363758362,0.3736284804336018,0.26715310212272253,-0.06296845512939508,0.41753899149693663,0.27761729090217074,-0.03870234502582666,0.39988220140442976,0.27079920621853804,-0.062060183357944596,0.38565433821191286
213,3.3920000000000003,0.29812900000000003,0.0016280000000000183,0.39292099999999996,0.332663,0.03943200000000002,0.45515000000000005,0.36474100000000004,-0.04987799999999998,0.398296,0.295966,-0.07911800000000002,0.36629500000000004,0.2265080000000001,-0.03851500000000002,0.38177800000000006,0.27139014028006836,-0.037133886496875795,0.3738862452234393,0.26681143729436685,-0.06275155759509288,0.417674878452482,0.27741242906280394,-0.038491137902936054,0.40009202906373886,0.2702507647666563,-0.06168929956637631,0.385772013656146
214,3.408,0.2984109999999999,0.002249000000000001,0.3927630000000001,0.33254600000000006,0.03996500000000003,0.45501500000000006,0.36494699999999997,-0.049412999999999985,0.39850700000000006,0.29629,-0.07892299999999997,0.366425,0.22655399999999998,-0.03723899999999997,0.3814750000000001,0.27125000014808026,-0.036708219953742224,0.3742268645336637,0.2666832372383344,-0.0624505904105012,0.4179435550921733,0.2773726715001675,-0.03819900482775018,0.40040211345741195,0.26999607523152397,-0.06129766741870578,0.3860304540081297
215,3.4240000000000004,0.298483,0.0025440000000000462,0.3926630000000001,0.332467,0.04048600000000002,0.454839,0.365168,-0.04895399999999994,0.398621,0.29668100000000003,-0.07859799999999995,0.3663350000000001,0.22671900000000006,-0.03723299999999996,0.3814430000000001,0.27079003065412244,-0.03617100285708982,0.3745210928622905,0.26630497151791843,-0.062145290158961974,0.4181088736878829,0.2770898128113537,-0.0378830492378221,0.4006407184761479,0.2693949759739205,-0.06082177813987945,0.3861800413228911
216,3.44,0.298579,0.002838000000000007,0.39255700000000004,0.332386,0.04104799999999997,0.4546110000000001,0.36540599999999995,-0.048477999999999966,0.39867300000000006,0.296996,-0.07837300000000003,0.3665090000000001,0.22698599999999997,-0.03714899999999993,0.3814510000000001,0.27053751013337773,-0.03635038454981515,0.37466192583909,0.2660903376845664,-0.06243860454228621,0.4181854990888853,0.2769974704575387,-0.038220875321249834,0.4007315130458463,0.26897608195682865,-0.061028696435498034,0.38624125411549404
217,3.4560000000000004,0.298727,0.003181000000000045,0.39226700000000003,0.33234100000000005,0.04164300000000004,0.45408100000000007,0.36566099999999996,-0.04798399999999997,0.39868800000000004,0.29738900000000007,-0.078121,0.36650000000000005,0.22724099999999997,-0.03692999999999996,0.38138800000000006,0.26975280109929106,-0.036814510930183765,0.37442742411662067,0.2654312914510442,-0.06303924600807183,0.41788155876512134,0.2765005254305568,-0.038910186408224155,0.4004068305934132,0.26794856942034734,-0.061520930676280665,0.3859111321496846
218,3.472,0.298823,0.0034510000000000374,0.3920610000000001,0.332355,0.042215,0.453627,0.3659740000000001,-0.04744799999999999,0.3986080000000001,0.2977100000000001,-0.07786699999999996,0.3666720000000001,0.22749500000000006,-0.03698199999999996,0.38142600000000015,0.26918349366537286,-0.03632144092885327,0.37478079297112216,0.26497416623525394,-0.062781910076785,0.41810283272749477,0.2761071000841803,-0.03863345798506784,0.4006954886385547,0.2672658121284227,-0.06108394018329433,0.3861244743403662
219,3.4880000000000004,0.29897900000000005,0.003809000000000007,0.39190800000000015,0.33239900000000006,0.042866000000000015,0.4533170000000001,0.366312,-0.04685400000000001,0.398536,0.298151,-0.077602,0.36672400000000016,0.22779900000000003,-0.03687099999999999,0.3814980000000001,0.26893187420337555,-0.03633277966247609,0.3749930560923244,0.26473419355597955,-0.06301475176548127,0.41818015874429976,0.276044814597402,-0.0389065351876872,0.40083169115097056,0.2667751203085281,-0.061140239321546545,0.3861946781494614
220,3.504,0.299185,0.004157999999999995,0.3917820000000001,0.332591,0.043511999999999995,0.45303400000000005,0.3666559999999999,-0.046265999999999974,0.3984940000000001,0.29857399999999995,-0.07735199999999998,0.36684400000000006,0.22810100000000005,-0.03676799999999997,0.38158100000000006,0.2688741498095363,-0.034960940572953576,0.3758489466022248,0.2647104841480001,-0.06195765769070526,0.41884330840372563,0.276094488971609,-0.03778613715972213,0.40163146329236143,0.266609548850939,-0.059842168170566944,0.3868641213418451
221,3.5200000000000005,0.2993010000000001,0.0044680000000000275,0.3916740000000001,0.332597,0.04408000000000001,0.45286000000000004,0.3669489999999999,-0.04570000000000002,0.39847500000000013,0.29901300000000003,-0.07704699999999998,0.3668840000000001,0.22834400000000005,-0.03679399999999999,0.3815370000000001,0.2686188092886175,-0.03460087817309667,0.37621940139715665,0.2644602745705774,-0.06193621351212005,0.4189997710133408,0.27604450756379423,-0.03777861528913983,0.4019023566825942,0.2660816662339775,-0.059547829016808794,0.3870245172008856
222,3.536,0.299452,0.004747000000000001,0.391564,0.332587,0.044589000000000045,0.45271000000000017,0.367219,-0.04520000000000002,0.3985090000000001,0.29942700000000005,-0.07683299999999998,0.366911,0.228655,-0.03675099999999998,0.38145700000000005,0.2687266059260441,-0.03477426034051567,0.37654910954850473,0.2645274752586156,-0.06222404238004975,0.41925216284935507,0.2762831824599865,-0.03813855870854421,0.4021700550389424,0.2659664295003551,-0.05973122355956895,0.3872761497643416
223,3.5520000000000005,0.299502,0.0049280000000000435,0.39145300000000005,0.33242900000000003,0.044947000000000015,0.45254400000000006,0.36740900000000004,-0.04479999999999995,0.3985670000000001,0.29973199999999994,-0.07669999999999999,0.36700900000000014,0.22884299999999996,-0.03676499999999999,0.3813360000000001,0.2684901918539673,-0.03456554445688334,0.37697184349778873,0.26429367216037664,-0.06233308827246854,0.4194692166696235,0.27623305041996077,-0.03826462638003926,0.4024908194646888,0.2654743507518378,-0.059575724720908496,0.38750434388553895
224,3.568,0.299518,0.005124999999999991,0.391382,0.332288,0.04517500000000002,0.45254300000000003,0.36750999999999995,-0.044458,0.3985580000000001,0.29997199999999996,-0.07654499999999997,0.36690600000000007,0.22891099999999992,-0.03665799999999997,0.3811530000000001,0.2686925786596728,-0.0349581960558328,0.37735124315018637,0.2644336243036907,-0.0628711742046772,0.41974700888511707,0.276543852533983,-0.03886136308774709,0.40280661558741415,0.2654563988339465,-0.05998078405376316,0.3877884462636493
225,3.5840000000000005,0.29947799999999997,0.005241000000000051,0.39126000000000005,0.33214400000000005,0.04535299999999998,0.45242300000000013,0.367573,-0.04416199999999998,0.39853000000000005,0.30009500000000006,-0.07635999999999998,0.36677100000000007,0.2290069999999999,-0.03678099999999995,0.38096300000000005,0.2686106661225408,-0.03468341395971163,0.37792701867322614,0.2643441918043716,-0.06297570374003592,0.4200698416621277,0.2766344951674033,-0.03895978080894611,0.40326836935301463,0.26512093875002446,-0.0597665015874319,0.388134785164281
226,3.6,0.29940800000000006,0.005359000000000003,0.3911720000000001,0.33193899999999993,0.04555800000000004,0.452411,0.3676040000000001,-0.04390099999999997,0.3985050000000001,0.30026499999999995,-0.07619300000000001,0.366583,0.22904200000000002,-0.036885,0.3807750000000001,0.268623118881131,-0.034533197135567656,0.37856878513466297,0.26434825325702443,-0.0631251955883758,0.42050799282824936,0.2767753654760285,-0.03910197929516168,0.40381794958183986,0.2649393203982631,-0.05966149711250833,0.3885955566896946
227,3.6159999999999997,0.29921400000000004,0.005494999999999972,0.390906,0.33131799999999995,0.045928000000000024,0.452041,0.36763700000000005,-0.043628,0.3984620000000001,0.30038499999999996,-0.07608999999999999,0.36645700000000003,0.22912300000000002,-0.03690099999999996,0.380613,0.26844172802835964,-0.03443827456499885,0.3791218588385058,0.26420634972702284,-0.06332776151023818,0.42086072691468557,0.2767499852299234,-0.03929953577692313,0.4042653311911569,0.264574932856162,-0.05960821924781249,0.3889737499549696
228,3.632,0.299148,0.00555300000000003,0.3908560000000001,0.33109700000000003,0.045989,0.45205800000000007,0.36769,-0.04336899999999999,0.3983880000000001,0.30055100000000007,-0.07599199999999995,0.366401,0.22919300000000004,-0.03703099999999998,0.380433,0.26817434127013406,-0.0346972052008351,0.37949459677718717,0.26399140328299203,-0.06383574882384277,0.4210652871602098,0.27664839964745563,-0.03982597926530277,0.4045293568411425,0.2641222959471509,-0.059893674667605555,0.3892031926551131
229,3.6479999999999997,0.299086,0.005707000000000018,0.390645,0.33075800000000005,0.04629100000000003,0.4518690000000001,0.3677770000000001,-0.043074999999999974,0.3982970000000001,0.300699,-0.075905,0.366271,0.22930899999999993,-0.036988999999999994,0.38017900000000004,0.26782493814010644,-0.03505433539200912,0.37982293329143657,0.26370601429273655,-0.06443362424333132,0.4212302496319756,0.2764743974609543,-0.04045059983516982,0.4047412073842164,0.26358379370683604,-0.060271487791944266,0.38939611967554466
230,3.664,0.299097,0.00579799999999997,0.39051,0.3306860000000001,0.046467000000000036,0.4517460000000001,0.36787600000000004,-0.042796999999999974,0.39820900000000004,0.30088,-0.07583999999999996,0.36615200000000014,0.22942200000000007,-0.03706599999999999,0.3800150000000001,0.2675220771248607,-0.035215933370998175,0.3803294792001349,0.26346986397615263,-0.06487474801721048,0.4215436548679119,0.2763281028463082,-0.04088689415296403,0.4051316427156235,0.263120650247938,-0.06046513102241382,0.38974454362992694
231,3.6799999999999997,0.29910200000000003,0.005962999999999996,0.3903320000000001,0.33062600000000003,0.04672100000000001,0.451616,0.367972,-0.042474999999999985,0.39805900000000005,0.30104499999999995,-0.07570099999999996,0.365973,0.22948400000000008,-0.03705799999999998,0.37977400000000006,0.2671355219687735,-0.034578836705729095,0.38116928153602886,0.26320384835371263,-0.06461404451635985,0.4221217201441531,0.2760853016669187,-0.04054251085214825,0.40585104067666594,0.26265301017700377,-0.05989260616279186,0.39037026750067466
232,3.696,0.299096,0.006073000000000051,0.3902160000000001,0.330555,0.04684400000000005,0.4514980000000002,0.368067,-0.04214799999999996,0.3979410000000001,0.30129999999999996,-0.075544,0.3657100000000001,0.2295850000000001,-0.037162999999999946,0.37966200000000017,0.26687518673736715,-0.03460644137473401,0.38187325834482655,0.2629866762829235,-0.06498042099247317,0.42257921420170547,0.2759610038662187,-0.04087785185918946,0.40642871675803793,0.26223310895491564,-0.05996216928931507,0.39087748816162327
233,3.7119999999999997,0.29913700000000004,0.006224000000000063,0.39007900000000006,0.33048700000000003,0.047087000000000045,0.45138200000000006,0.368187,-0.041821,0.39783100000000005,0.3015689999999999,-0.07544399999999996,0.3656490000000001,0.22969100000000003,-0.03714200000000001,0.3794820000000001,0.266526986300965,-0.034660302551212524,0.38245595293317447,0.26271170428852136,-0.06532193281941663,0.4229526447246875,0.2757466644607825,-0.041190950588888664,0.40689365681639156,0.26176164082847875,-0.06005044870841374,0.39129732949195206
234,3.728,0.299194,0.006359999999999977,0.38991600000000004,0.330421,0.04731800000000003,0.4512410000000001,0.3683600000000001,-0.04146099999999997,0.3976910000000001,0.301853,-0.07534099999999994,0.3655290000000001,0.229875,-0.03719199999999995,0.3792740000000001,0.26622468323675863,-0.03435375157676205,0.3833178342441391,0.2624334097600405,-0.06542159598042771,0.423506007667793,0.27556318428826015,-0.04123091253835389,0.4076149586720603,0.26130073732650855,-0.05979655796070776,0.3919176213805903
235,3.7439999999999998,0.29923800000000006,0.006542000000000048,0.3897750000000001,0.330386,0.04761900000000002,0.45108100000000007,0.368551,-0.041029999999999955,0.39754200000000006,0.302148,-0.075181,0.3654520000000001,0.23002200000000012,-0.03723299999999996,0.37915200000000016,0.26603321384773804,-0.03419388303068517,0.3840350778788149,0.2622744470889537,-0.06557923121263635,0.4239788581899732,0.2754665977549234,-0.04133700839685289,0.4082185480249559,0.2609969462057777,-0.05967764059184795,0.39244650389422453
236,3.7600000000000002,0.2993160000000001,0.006732000000000016,0.38964200000000004,0.330377,0.047918000000000016,0.450921,0.36881100000000006,-0.04057399999999994,0.3973110000000001,0.30250400000000005,-0.074988,0.36524500000000004,0.23028900000000002,-0.037299999999999944,0.37911800000000007,0.26590822201337483,-0.034034463110449525,0.3847902427904887,0.2621112651790132,-0.06580275862362805,0.4244264952947389,0.2754375100285217,-0.04152822971018713,0.4088295716563173,0.26067338224176756,-0.05955424325231508,0.392967971869318
237,3.776,0.29937300000000006,0.006922000000000039,0.389497,0.330362,0.04824800000000001,0.45074500000000006,0.369048,-0.040102999999999944,0.39705900000000005,0.302842,-0.07478299999999999,0.36513300000000015,0.23052599999999995,-0.03740099999999996,0.3790490000000001,0.2652595400068098,-0.03410132741240501,0.3851728944069607,0.2614975597487958,-0.06623393180380335,0.42451774455484564,0.27494976216189754,-0.04195814904231881,0.40903129227243334,0.25980499613004715,-0.05964099277798449,0.39314229983779286
238,3.7920000000000003,0.29941200000000007,0.0071430000000000105,0.389382,0.330358,0.04851500000000003,0.45063700000000007,0.36926200000000003,-0.03960999999999998,0.3967870000000001,0.30312,-0.074571,0.3649760000000001,0.23069200000000006,-0.037392999999999954,0.378969,0.264980057373467,-0.03447964256471082,0.38542551086233073,0.2611728952173251,-0.06689576879207514,0.42453272592967795,0.2747584747520215,-0.042628595600370446,0.40914955601150005,0.25932606129234137,-0.06002841026385978,0.39322491956939476
239,3.808,0.2994640000000001,0.007357999999999976,0.3891960000000001,0.330293,0.04879900000000004,0.4504720000000001,0.36947599999999997,-0.03913700000000003,0.396587,0.303409,-0.07436999999999994,0.364688,0.23091299999999998,-0.037397000000000014,0.37878200000000006,0.2648420787596651,-0.03435080785808149,0.38601874375852746,0.2609852537252924,-0.06710564874259833,0.424837802130409,0.2746540916485016,-0.04277268663308387,0.40963334858721123,0.25907226140561673,-0.0599389799748543,0.3936011335027717
240,3.8240000000000003,0.299467,0.00753100000000001,0.38905200000000006,0.33022,0.049051999999999985,0.4503830000000001,0.36965300000000006,-0.03869299999999998,0.3963550000000001,0.303625,-0.07419799999999999,0.36436500000000005,0.2311140000000001,-0.03748299999999993,0.37864300000000006,0.26503118049671065,-0.03432652144123321,0.38657213503803123,0.2610760048821016,-0.06735022317198544,0.42515277400955737,0.27482090785230173,-0.04295204876321298,0.4101223944201993,0.2591794411654388,-0.05995020691725363,0.39396955811874745
241,3.84,0.299502,0.007695000000000063,0.3888650000000001,0.330119,0.04925500000000005,0.4502480000000001,0.36987600000000004,-0.03829799999999994,0.3961410000000001,0.30387000000000003,-0.07404499999999997,0.36397500000000005,0.231319,-0.03750899999999996,0.37844500000000003,0.2650307738643324,-0.03468396919209721,0.38685201747657116,0.26098094054714804,-0.06795771098675968,0.425207342409108,0.27482020075023283,-0.04352340426592899,0.4103229507572813,0.25906451584656354,-0.06032948504066332,0.3940803825017093
242,3.8560000000000003,0.2995689999999999,0.007987000000000022,0.3887710000000001,0.32995800000000003,0.04942400000000002,0.45020899999999997,0.3700280000000001,-0.03785499999999997,0.395857,0.304494,-0.07333200000000001,0.36400200000000005,0.231516,-0.037575000000000025,0.3781030000000001,0.26507539675263153,-0.034799306879126635,0.3871914424456144,0.2609262324358728,-0.06833430599529826,0.42530787280505683,0.2748681555523922,-0.04386740680253408,0.4105735860409999,0.2589823243413215,-0.06046425685215734,0.3942428813259175
243,3.872,0.29960100000000006,0.008063000000000042,0.388517,0.329787,0.049472000000000016,0.4501630000000001,0.370219,-0.03745999999999999,0.39563400000000004,0.304777,-0.07342699999999996,0.3633560000000001,0.23171000000000003,-0.03759299999999999,0.37767000000000006,0.2647519834582541,-0.0348031131731077,0.3873994796154182,0.2605565435919355,-0.06866095120011191,0.42522432703164154,0.2745961440526001,-0.044155519777215484,0.4106476664941963,0.2585148019328508,-0.06048958038362983,0.3942435243020217
244,3.8880000000000003,0.29965400000000003,0.008337000000000039,0.38839900000000005,0.32954,0.049564,0.45017600000000013,0.37040200000000006,-0.037034999999999985,0.3954240000000001,0.305332,-0.07272400000000001,0.36304900000000007,0.23197000000000007,-0.037673999999999985,0.37724400000000013,0.26490412706588295,-0.035383758127476884,0.38740702638436825,0.2605833650515813,-0.06942100736020597,0.42505633811619387,0.27476798027667004,-0.04495220506719844,0.41055875252399343,0.2584784406875182,-0.06105528917715595,0.39413168451267105
245,3.904,0.2996710000000001,0.008441000000000032,0.3882920000000001,0.32928799999999997,0.049564,0.4502790000000001,0.37054499999999996,-0.03663299999999997,0.39520500000000014,0.305692,-0.07266600000000001,0.3626530000000001,0.23223900000000003,-0.037683999999999995,0.37691600000000003,0.2647535972803084,-0.03532108453287471,0.38765845157472006,0.260374160509176,-0.0696859177637428,0.4250021627477891,0.2746765665744777,-0.04519681828117191,0.41065535927045477,0.2581524193946681,-0.06100213733315387,0.39417350770661125
246,3.9200000000000004,0.29963599999999996,0.008552000000000004,0.38816000000000006,0.3289880000000001,0.049621000000000026,0.45035800000000004,0.3707329999999999,-0.036215,0.39507800000000004,0.30604100000000006,-0.07236599999999999,0.3621690000000001,0.23245699999999997,-0.03794399999999998,0.37648400000000015,0.2649092583390841,-0.035531446755392285,0.38787950048495096,0.2604080446989688,-0.0701640749085275,0.42496041385784444,0.2748648123867024,-0.045693566112251116,0.41073713540259554,0.25809820907457176,-0.06120186796075168,0.3942180383184034
247,3.936,0.299722,0.008784000000000014,0.38796300000000006,0.328753,0.04969300000000004,0.4503670000000001,0.370906,-0.035822999999999994,0.394938,0.30640399999999995,-0.07210100000000003,0.3617650000000001,0.23269100000000004,-0.03775299999999998,0.375954,0.26447899868659275,-0.03532987783092008,0.388170046232152,0.2599839545934534,-0.07029926001761731,0.4249343071614399,0.27451999036853614,-0.045793192290163695,0.41085375705768823,0.2575240204946441,-0.06101232536471826,0.3943001478490511
248,3.9520000000000004,0.299741,0.008896000000000015,0.38793100000000014,0.32857600000000003,0.04972300000000002,0.45047400000000015,0.371072,-0.035496999999999945,0.3948250000000001,0.306757,-0.07188899999999998,0.36146200000000006,0.23286800000000002,-0.037825,0.37575800000000015,0.2636009729894098,-0.035538111081976395,0.3881274408687581,0.259187314621652,-0.07078762409258693,0.42463313146519593,0.2737783361777214,-0.04627443990767362,0.4106220118165696,0.25650436779798025,-0.06121778408816228,0.3941049460224681
249,3.968,0.299723,0.008948999999999985,0.38785900000000006,0.328408,0.049792999999999976,0.45050100000000004,0.37121600000000005,-0.03517100000000001,0.39468000000000003,0.307066,-0.07172499999999998,0.361243,0.23304700000000006,-0.03806599999999999,0.3755590000000001,0.26337989016320923,-0.03532834813867484,0.3886073882096346,0.25893786336771785,-0.07091720157861857,0.4247788673385514,0.2736042259564186,-0.046350003785032075,0.4109420980722507,0.2561613227563556,-0.06102493063881754,0.39436203078900967
250,3.9840000000000004,0.299757,0.009047000000000027,0.38779200000000014,0.32822900000000005,0.04993200000000003,0.4505100000000001,0.37137099999999995,-0.03486699999999998,0.39467200000000013,0.3073970000000001,-0.07157799999999997,0.3611200000000001,0.23323199999999994,-0.03816299999999995,0.3753590000000001,0.2627656729557622,-0.03518707267837901,0.38900051736320096,0.2584147501268047,-0.07105788886734268,0.4249035535867485,0.2730652093774196,-0.04640535054061482,0.41120238646359536,0.25552676374932337,-0.06091671398601876,0.39457920273624547
251,4.0,0.29985,0.009126999999999996,0.38772400000000007,0.3280610000000001,0.05012,0.450526,0.37154899999999996,-0.03456999999999999,0.3948410000000001,0.30775099999999994,-0.07148899999999997,0.3611460000000001,0.23348699999999994,-0.03829499999999997,0.37507100000000015,0.2621412488752259,-0.03479882583646987,0.38963812388613805,0.25786221875620624,-0.07100794281351253,0.42520866988389716,0.27251041100009005,-0.046256310060673156,0.4116848862862466,0.2548670331588249,-0.0605651410899983,0.39499729945494894
252,4.016,0.299927,0.009184999999999999,0.38771900000000004,0.32778900000000005,0.05032300000000001,0.4505800000000001,0.3717240000000001,-0.034353999999999996,0.3951300000000001,0.308116,-0.07144899999999998,0.361228,0.233732,-0.03838899999999995,0.3749040000000001,0.2608794037168999,-0.03408046715741642,0.39030878665891233,0.2568026267834846,-0.07067271578096257,0.42550908813635835,0.27139082012959037,-0.04579550867143687,0.41215188917595935,0.2536039342278814,-0.05989336851153481,0.39543710472697335
253,4.032,0.30004000000000003,0.00925100000000001,0.3876680000000001,0.327595,0.05047400000000002,0.450608,0.37184199999999995,-0.034167,0.3954730000000001,0.30845799999999995,-0.071407,0.36133800000000005,0.23391800000000001,-0.03842499999999999,0.37457300000000004,0.25958601438782936,-0.03351785108430631,0.3909305123495786,0.25566213794766907,-0.07046216492154546,0.4257786810586121,0.27024219418472833,-0.04551082024888946,0.4125515142458817,0.2522389516069927,-0.05935059831009114,0.39585268850179395
254,4.048,0.30007600000000006,0.009243000000000057,0.38765300000000014,0.3273110000000001,0.05058500000000005,0.450704,0.37192300000000006,-0.03402099999999997,0.395752,0.30875,-0.07141499999999995,0.36141900000000005,0.23412099999999997,-0.038598999999999994,0.3743000000000001,0.2582753826698249,-0.03265604419895745,0.39170873347077473,0.2544919533631393,-0.06999964587646265,0.42614439913921315,0.26908800895787716,-0.0449803092016085,0.4130641263528028,0.250815997842213,-0.058500405932423026,0.39639536588581
255,4.064,0.30004499999999995,0.00922700000000004,0.38760400000000017,0.326923,0.05058400000000002,0.4507340000000001,0.37196500000000005,-0.033893000000000006,0.39599400000000007,0.30899800000000005,-0.07136999999999993,0.3613660000000001,0.23425999999999997,-0.03875000000000001,0.374012,0.25750326055735795,-0.03192987643644037,0.3925040245178759,0.2537332582083117,-0.06963785891226616,0.42654178492431755,0.26840888912731836,-0.044583783424565475,0.4136179797057692,0.2498821382966341,-0.05776765927966047,0.3969610921686959
256,4.08,0.300039,0.009249000000000007,0.38763100000000006,0.326556,0.05056500000000003,0.45088700000000004,0.37201500000000004,-0.03375899999999998,0.39619499999999996,0.3092540000000001,-0.07131100000000001,0.36139600000000005,0.234423,-0.03878799999999999,0.37376600000000004,0.2568543902048048,-0.03159507650371457,0.39292558466820166,0.2530243063181138,-0.0696092057886419,0.4266143131352286,0.2678388127674211,-0.04458370123015443,0.41379401270981575,0.2489973537597365,-0.05739332186859769,0.39719822942343747
257,4.096,0.29996799999999996,0.009208999999999967,0.38762300000000016,0.3261720000000001,0.05046099999999998,0.45101900000000006,0.3720259999999999,-0.033642000000000005,0.39641800000000005,0.30942300000000006,-0.07127399999999995,0.36126400000000014,0.2345080000000001,-0.038958999999999966,0.37344900000000003,0.25638129010688293,-0.03137014487230194,0.3933003511863871,0.25252698316868594,-0.06962887276158918,0.4267082552199384,0.26741329067902087,-0.04458993726056429,0.4139978209069596,0.24839616458137956,-0.05715470546485937,0.39741522472040697
258,4.112,0.29995299999999997,0.00919800000000004,0.38772300000000004,0.32591200000000004,0.050346,0.45134300000000005,0.37205399999999994,-0.033555999999999975,0.39658400000000005,0.309645,-0.07120399999999993,0.3611540000000001,0.23461400000000004,-0.039058999999999955,0.37321100000000007,0.2561958861223833,-0.03169179467131049,0.39321595396875175,0.2522095095747893,-0.07012762749079682,0.42640434879418165,0.2672396160884952,-0.04514220416405702,0.4137580014119708,0.24800526065162468,-0.05742958923078022,0.3972181489193479
259,4.128,0.30002200000000007,0.009285000000000043,0.38772300000000004,0.32563000000000003,0.05017700000000003,0.451666,0.37210400000000005,-0.033409999999999995,0.396733,0.30989800000000006,-0.07107799999999997,0.360924,0.23479100000000003,-0.038912,0.372656,0.2560930797608553,-0.031952685261209965,0.3931073347250588,0.252006768969769,-0.07052960302905707,0.4261194154417713,0.267115102440151,-0.04554313321446403,0.4135687115295021,0.2478082905222253,-0.05767712748383573,0.3970000610725633
260,4.144,0.3000420000000001,0.009267000000000025,0.38780000000000003,0.325359,0.050016000000000005,0.4520750000000001,0.37215499999999996,-0.03331599999999996,0.396891,0.31017200000000006,-0.07096099999999994,0.3606880000000001,0.23498900000000006,-0.039068999999999965,0.37223800000000007,0.25657326439883765,-0.03217465968864198,0.39317427573122943,0.2523101056988482,-0.07088452549097793,0.42600788292049774,0.2675120119971146,-0.04588248389292882,0.41360201561629706,0.24821345802996927,-0.05789445115795767,0.39693511912869095
261,4.16,0.300055,0.009260000000000046,0.3877640000000001,0.325034,0.049827000000000066,0.45238100000000003,0.37223900000000004,-0.033152000000000015,0.396938,0.3105109999999999,-0.07083899999999999,0.3602780000000001,0.235207,-0.03922099999999995,0.37168999999999996,0.25654557070342154,-0.03276601789026035,0.39276089103949957,0.25218046965167323,-0.07157582589743958,0.4254628586997068,0.26745739036611993,-0.046584026400764596,0.41312870959473036,0.24809908055046212,-0.05846926537931305,0.39644027297438383
262,4.176,0.30008299999999993,0.009267000000000025,0.38744600000000007,0.324641,0.04953099999999999,0.4520930000000001,0.37233299999999997,-0.033047999999999966,0.3968400000000001,0.310776,-0.07070199999999999,0.3598880000000001,0.23539300000000002,-0.039144999999999985,0.3710850000000001,0.25668723228052415,-0.03299075922769537,0.39279422762104144,0.252231746742268,-0.07193235274421478,0.4253269025280929,0.26756143893589823,-0.046915621727800755,0.4131093213745982,0.24819203901060202,-0.058694209807883924,0.3963582560144135
263,4.192,0.300039,0.009193000000000007,0.3873120000000001,0.324421,0.04926199999999997,0.452276,0.3724410000000001,-0.03294399999999997,0.39653700000000014,0.31104800000000005,-0.07058399999999998,0.3592440000000001,0.23550900000000002,-0.039412999999999976,0.3705900000000001,0.2564661968920879,-0.03335658266573973,0.39256045434563214,0.25199971164720064,-0.07245063247169493,0.42490824828775475,0.2673718912266172,-0.04742724497976416,0.4127578673822795,0.247890368067434,-0.05904675514055425,0.3960257360073163
264,4.208,0.3000120000000001,0.009068999999999994,0.38699400000000006,0.324158,0.04883100000000001,0.4520430000000001,0.37255299999999997,-0.03288599999999997,0.39617500000000005,0.311333,-0.07043300000000002,0.35858200000000007,0.23567100000000002,-0.03966900000000001,0.3700470000000001,0.2562745272798234,-0.033466065909021646,0.3926311321650669,0.25181118850067763,-0.07274494198731543,0.4247546826314138,0.26722611541521507,-0.04771057795913047,0.41268131405983977,0.2476072059423899,-0.05914103143618462,0.39597951458392955
265,4.224,0.300004,0.008960000000000024,0.386853,0.324026,0.04852000000000001,0.45226500000000003,0.3726319999999999,-0.032830999999999944,0.3958400000000001,0.31154,-0.07040599999999997,0.35810300000000006,0.23578300000000002,-0.039914000000000005,0.3694430000000001,0.25627388374614546,-0.03386112264274693,0.39257537340022,0.2517715423151676,-0.07329988477127831,0.4244969485023879,0.2672664362678849,-0.04829340408114244,0.4124682425192327,0.247464407015636,-0.059499643482880366,0.39583073016637366
266,4.24,0.29997100000000004,0.008774000000000004,0.386637,0.32385400000000003,0.04819300000000004,0.45216900000000004,0.372732,-0.03280300000000003,0.3956520000000001,0.31183900000000003,-0.07032099999999997,0.3575360000000001,0.23589200000000005,-0.040381,0.368993,0.25616278389883856,-0.034055960120478096,0.3926590328684207,0.25166512287036863,-0.0736747919069199,0.4243575061241776,0.26721577552071296,-0.04867922104945202,0.412378181335237,0.2472303263128011,-0.05966460343881387,0.39581285082102763
267,4.256,0.299916,0.008626999999999996,0.386497,0.3235750000000001,0.047908000000000006,0.4522280000000001,0.372813,-0.03273799999999999,0.39550300000000016,0.31205900000000003,-0.07023399999999996,0.357078,0.236091,-0.04077599999999998,0.3685400000000001,0.25648971387258046,-0.03432438802559243,0.39289588179137946,0.2519298370796816,-0.07411865606245824,0.424364878417249,0.26755793067029077,-0.04913173582094818,0.4124685726751767,0.24743392608902462,-0.059904034619141025,0.39593106985452226
268,4.272,0.29990999999999995,0.008631,0.3864120000000001,0.32344200000000006,0.04772200000000004,0.45227400000000006,0.37294299999999997,-0.03256500000000001,0.3952740000000001,0.3122620000000001,-0.07003099999999995,0.356785,0.236234,-0.04091699999999998,0.3682310000000001,0.2567087351850323,-0.03462612578096958,0.3930832288330782,0.25209143142032714,-0.07460099882759362,0.4243140473373387,0.26780259085531827,-0.0496321833689217,0.41248935678999826,0.2475124316182119,-0.060169019474156045,0.3960032564520827
269,4.288,0.299884,0.008547000000000027,0.38629500000000005,0.323336,0.047623000000000026,0.4522680000000001,0.37306899999999993,-0.03241799999999995,0.39510200000000006,0.312472,-0.06992199999999998,0.3564760000000001,0.23637900000000006,-0.04130199999999995,0.36795500000000014,0.2568364909847544,-0.03482291121855568,0.3933469926939021,0.2521942766399603,-0.0749850981838818,0.4243328374901071,0.267964357973292,-0.050016022579640794,0.41258739663200866,0.24752746994152525,-0.060338405836116916,0.3961469284874887
270,4.304,0.29988700000000007,0.008679000000000048,0.38619400000000004,0.32329100000000005,0.04764200000000002,0.4523480000000001,0.37318499999999993,-0.03209999999999996,0.39478900000000006,0.312676,-0.06969899999999996,0.3562930000000001,0.23643600000000004,-0.041296,0.36760400000000015,0.2567818307270412,-0.035022416100547224,0.3936223365569407,0.25214191834051963,-0.07537364720099064,0.4243619422037172,0.2679560084395759,-0.05039777580217254,0.4126903534108443,0.24737155808056313,-0.06051330444570434,0.39630549866608844
271,4.32,0.299865,0.008665000000000034,0.38611300000000004,0.323293,0.04768,0.4523410000000001,0.373318,-0.03188799999999997,0.3945000000000001,0.3128579999999999,-0.06955499999999998,0.35604100000000005,0.23658399999999996,-0.04161300000000001,0.367517,0.25684534309796186,-0.03511274040356695,0.39400942716383874,0.2522096944447555,-0.07566162778680817,0.42448847713493487,0.26806373575580056,-0.05067150302171679,0.4129019064138747,0.24734024515686182,-0.06058137506458426,0.39656671878663224
272,4.336,0.299819,0.008777000000000035,0.3860680000000001,0.3232709999999999,0.047788,0.45243500000000003,0.373419,-0.03161999999999998,0.39426300000000014,0.312943,-0.06932399999999994,0.3557530000000001,0.236628,-0.04170799999999997,0.367382,0.2569258378641276,-0.03526304248132727,0.3943326671129022,0.25225203354405207,-0.07600609417633679,0.42454579812163346,0.268177031870543,-0.051025799561414446,0.41303558995695494,0.24728651378383923,-0.06069315666478898,0.3967679705234773
273,4.352,0.299761,0.008916000000000035,0.38602000000000003,0.32317499999999993,0.047850000000000004,0.45250900000000005,0.37342499999999995,-0.03128799999999998,0.3940600000000001,0.31305900000000003,-0.06914399999999998,0.35549600000000003,0.23670700000000006,-0.041669999999999985,0.36723300000000003,0.25711228325946445,-0.035418552618824296,0.39467625402684925,0.2523695250697095,-0.07634822539228084,0.4246252460801156,0.268380384541083,-0.05138658754979295,0.413193947031027,0.24732691933811202,-0.060804200238914065,0.3969900229534304
274,4.368,0.29969799999999996,0.00905900000000004,0.38604300000000014,0.323007,0.048009000000000024,0.4526390000000001,0.3734779999999999,-0.030936999999999937,0.39402100000000007,0.313228,-0.068878,0.35540700000000014,0.23681899999999995,-0.04175800000000002,0.36712100000000003,0.25789130995611026,-0.03571204291181132,0.39496558957129324,0.25283920036975904,-0.07684434512954652,0.4245845682267385,0.2690999182433539,-0.05200901995085014,0.4132310991425754,0.24776491385592891,-0.060975957150272486,0.39714015117865187
275,4.384,0.2997100000000001,0.009340000000000015,0.3861190000000001,0.322717,0.04830800000000002,0.4528190000000001,0.37358600000000003,-0.03047899999999998,0.3942530000000001,0.3135170000000001,-0.06857000000000002,0.3554240000000001,0.23702700000000004,-0.04159799999999997,0.36701000000000006,0.2579797472003011,-0.03563877019366811,0.39543025671475435,0.2527960255041469,-0.07699533241370819,0.4247122953103184,0.26918406252891053,-0.052196654273114054,0.413462255857255,0.24765349678605683,-0.060834393808872664,0.39745190995741353
276,4.4,0.299765,0.009626000000000023,0.3860100000000001,0.32242299999999996,0.04864000000000002,0.45249000000000006,0.37379200000000007,-0.02982299999999999,0.394594,0.31396799999999997,-0.068183,0.3555530000000001,0.237307,-0.04158299999999998,0.36689000000000005,0.25815333956444836,-0.03555306573042806,0.3959290332693468,0.2527689554675917,-0.0771427179710926,0.42484240782150573,0.2693283157512263,-0.05240863727522434,0.4137015630659071,0.24757456327040026,-0.060656322802856696,0.3977875152537456
277,4.4159999999999995,0.29990999999999995,0.01005499999999998,0.3862460000000001,0.322108,0.049238000000000004,0.45287200000000005,0.3740280000000001,-0.029215999999999964,0.39506600000000014,0.314463,-0.06788199999999994,0.35603300000000004,0.23765599999999992,-0.04123199999999999,0.36687400000000014,0.2575165398535959,-0.03465022731628937,0.39701817573821235,0.2521930924858624,-0.07654690757608582,0.4254962916331707,0.2687415334907848,-0.05171551679360329,0.4145575204565013,0.2469090616575528,-0.05975739297857289,0.39864594032113215
278,4.432,0.300097,0.010554999999999981,0.38641000000000003,0.3219450000000001,0.04989500000000002,0.452781,0.37426700000000007,-0.02851999999999999,0.395632,0.314873,-0.067546,0.3566530000000001,0.23800000000000004,-0.040735999999999994,0.36718800000000007,0.2562700990816231,-0.03382987310404389,0.39794944089044443,0.2510409265132891,-0.07604985537514335,0.4259637737376489,0.2675923034618412,-0.051159677230009575,0.4151639341207041,0.24556459014784995,-0.058907646325629164,0.39937609695478876
279,4.4479999999999995,0.30028800000000005,0.011047000000000029,0.38674600000000003,0.32180499999999995,0.05092200000000002,0.4529890000000001,0.374462,-0.027929999999999955,0.396367,0.31527,-0.06739599999999996,0.35755000000000003,0.238327,-0.04030999999999996,0.36772400000000016,0.25527553819402066,-0.03245272638109161,0.39954750148931045,0.2500985206325448,-0.07503704889785799,0.4270147175577715,0.2666610452102641,-0.05005937866566148,0.4164362322160331,0.24448852874825042,-0.05750930681399521,0.4007077527709654
280,4.464,0.300486,0.011440000000000061,0.3870610000000001,0.32160799999999995,0.051710000000000034,0.45305700000000004,0.374631,-0.02749299999999999,0.39730200000000004,0.315506,-0.06736599999999998,0.35854200000000014,0.23862999999999995,-0.03983199999999998,0.3682050000000001,0.25355237088306176,-0.030802682123423283,0.40123514733045956,0.24854097045758494,-0.07377086644202907,0.42812929159520946,0.26506070612660615,-0.04868114588774765,0.4177509565324442,0.24271389930487702,-0.05584765364972648,0.4021378731503143
281,4.4799999999999995,0.30041,0.011602999999999974,0.387506,0.321317,0.05254000000000003,0.4532410000000001,0.3746040000000001,-0.027088,0.39831400000000006,0.315668,-0.06742599999999999,0.3597030000000001,0.23864900000000006,-0.040000000000000036,0.36889400000000006,0.2520587770698968,-0.02899243708131095,0.4031364160929668,0.24715233496360753,-0.07235090821667214,0.42941651883738186,0.2636648163862838,-0.047167856735030364,0.419254951139431,0.2411297751353471,-0.054006408045329204,0.40376582227036556
282,4.496,0.30037600000000003,0.011658000000000002,0.387776,0.3208680000000001,0.05316799999999999,0.4531480000000001,0.37462500000000004,-0.02684299999999995,0.399305,0.3158579999999999,-0.06751599999999996,0.36070800000000003,0.23884299999999997,-0.04020499999999999,0.36943400000000004,0.25078222390391575,-0.027394631710180792,0.40481507308795583,0.2459348120759864,-0.07107487791039042,0.43056798911808436,0.26245318419314245,-0.045817465690408996,0.4206024438098546,0.23977168270829538,-0.052377673285275414,0.4052069851277413
283,4.512,0.3002580000000001,0.011718000000000006,0.3884230000000001,0.32047600000000004,0.05371200000000004,0.453732,0.37449800000000005,-0.026594000000000007,0.4004510000000001,0.31593,-0.06759199999999999,0.3618760000000001,0.23889,-0.04042600000000002,0.37004400000000004,0.24954285992955216,-0.025841300262261443,0.4063943878037708,0.2447247103786347,-0.06984286546036683,0.4315999762439798,0.26126347217364615,-0.044516942106928165,0.4218443344237352,0.23843928390148186,-0.050785794151234936,0.4065386196383712
284,4.5280000000000005,0.3001770000000001,0.011760000000000048,0.3889570000000001,0.3199560000000001,0.05416600000000005,0.4541050000000001,0.37435500000000005,-0.026507999999999976,0.4018130000000001,0.316012,-0.06774599999999997,0.3629660000000001,0.23884100000000003,-0.040453999999999934,0.370521,0.24804523244497725,-0.024275158861036313,0.4079575423384708,0.24331881767441033,-0.0685699420145134,0.4326619383521024,0.2598269232449366,-0.04313916640922954,0.4231296938458308,0.23692738243417572,-0.04921351304350898,0.40785814104493867
285,4.544,0.3000570000000001,0.011795,0.3895290000000001,0.31943499999999997,0.05459599999999998,0.4546150000000001,0.37420899999999996,-0.02623399999999998,0.40296300000000007,0.316193,-0.06778799999999996,0.364031,0.23895300000000003,-0.040702000000000016,0.37097000000000013,0.24729225034930896,-0.022982399273806218,0.40937682758816035,0.24251087112179834,-0.06753062076530131,0.4336104482054506,0.2590625568808411,-0.042041734995765384,0.4243118470470646,0.23610701006875487,-0.04788846077277542,0.40903553696988665
286,4.5600000000000005,0.300024,0.011879000000000028,0.390065,0.318934,0.05498000000000003,0.455132,0.37420100000000006,-0.025960999999999956,0.4040830000000001,0.31639900000000004,-0.06768099999999999,0.3648060000000001,0.239257,-0.04090299999999997,0.37135000000000007,0.24635873303400754,-0.02207244749170136,0.4102468278511891,0.24155880380718922,-0.06682484597359659,0.4340975616581503,0.2581336591791997,-0.04128588452226697,0.4249793820083671,0.23512474461363297,-0.046953232353936385,0.4097157651238654
287,4.576,0.30035000000000006,0.01264599999999999,0.39051500000000006,0.31846,0.055416999999999994,0.4556720000000001,0.37431600000000004,-0.025399999999999978,0.4050560000000001,0.316992,-0.067017,0.365541,0.2396810000000001,-0.03963700000000003,0.37128099999999997,0.24623983887560158,-0.021584747034549934,0.4110349786855461,0.2412539862726717,-0.06648488164955102,0.4345677893755585,0.2579221051504309,-0.04092892989177946,0.42566988369092534,0.2349416363937893,-0.046431344564945826,0.4103034114276808
288,4.5920000000000005,0.30036,0.012884000000000007,0.39100800000000013,0.318053,0.05594100000000002,0.45617600000000014,0.37447400000000003,-0.024743999999999988,0.406,0.317518,-0.06664300000000001,0.366279,0.23997200000000002,-0.039900999999999964,0.371549,0.2463282003864166,-0.02133011753994229,0.41160385499168756,0.24117168950928483,-0.06635366317802305,0.4348625034336115,0.2579305602233534,-0.040796697740626324,0.42613969696079945,0.23495489096157904,-0.04613707362970231,0.41070901361026524
289,4.608,0.300391,0.013325000000000031,0.39150700000000005,0.31775400000000004,0.05652200000000002,0.45673700000000006,0.37457100000000004,-0.02375299999999997,0.4067640000000001,0.31810600000000006,-0.06607299999999999,0.3669760000000001,0.24037300000000011,-0.039949999999999986,0.3717750000000001,0.2466404368847119,-0.021000876183608942,0.4124640880199109,0.24132637125904477,-0.06616614636965946,0.4354103964189211,0.2581606597356935,-0.04058461844662737,0.42690758845040944,0.2352229898918514,-0.04577960220843686,0.4113711014865893
290,4.6240000000000006,0.30055100000000007,0.013650000000000051,0.3918630000000001,0.3174550000000001,0.05714700000000006,0.45706500000000005,0.37485000000000007,-0.02314499999999997,0.4075470000000001,0.318595,-0.06586999999999998,0.36758500000000016,0.24078400000000005,-0.039825,0.37207100000000015,0.24692772200051372,-0.020918471572223256,0.4132187015049296,0.2413943691938681,-0.0661982931073296,0.43588572076334625,0.25835132943985534,-0.04064448508426768,0.42754485884878435,0.23539426075961262,-0.04563605557920369,0.41197038605089403
291,4.64,0.30055100000000007,0.01392600000000005,0.3923350000000001,0.317285,0.05769000000000002,0.457449,0.37499699999999997,-0.022306999999999966,0.40814300000000014,0.31906799999999996,-0.06552099999999994,0.36818300000000004,0.24115000000000003,-0.040051,0.37264600000000003,0.2465627011148241,-0.021237788281627125,0.4128777307597313,0.24094789056695626,-0.06658248037503181,0.43539454214725243,0.2579823770633782,-0.04108536781992093,0.4270381611185707,0.23488683181078052,-0.045887406482993866,0.4116095125876368
292,4.656000000000001,0.300579,0.014169000000000043,0.39254200000000006,0.317115,0.05826399999999998,0.45757400000000004,0.375219,-0.021741999999999984,0.40853300000000015,0.319424,-0.06518599999999997,0.3685560000000001,0.241396,-0.040224999999999955,0.3729490000000001,0.2472733055223183,-0.021224895790429674,0.4139083865923677,0.24137698801218194,-0.06668878978443274,0.4361106787334292,0.25858179748279436,-0.041262036452514875,0.4278899531681876,0.23540547732309597,-0.045774749930042144,0.412495129939179
293,4.672,0.30063,0.014432,0.3927450000000001,0.31715,0.05880200000000002,0.457751,0.375399,-0.021131999999999984,0.408829,0.319702,-0.06489799999999996,0.368858,0.241585,-0.040351000000000026,0.373204,0.24703898220144657,-0.021154620516320277,0.41441415528716674,0.24102245396354835,-0.06673661793442623,0.4363403244220995,0.25832532043469186,-0.04136059086015098,0.4281688102081541,0.2350060725984962,-0.045619059841384285,0.41291806912394846
294,4.688000000000001,0.300741,0.014807000000000015,0.3928630000000001,0.3171530000000001,0.05942100000000006,0.4577650000000001,0.37556399999999995,-0.020542000000000005,0.40902700000000014,0.31997400000000004,-0.06462699999999993,0.36927200000000004,0.2418160000000001,-0.04011100000000001,0.373463,0.24756442904776227,-0.021083202791267013,0.41570985449522163,0.24131502634530683,-0.06677938370230806,0.43733109427473654,0.25875317555933663,-0.041448542157616945,0.42930831412267784,0.23538733078740726,-0.04546652149711885,0.41406363893922576
295,4.704,0.30076300000000006,0.014938000000000062,0.3930380000000001,0.31724,0.060104000000000046,0.45768600000000015,0.37579,-0.019962999999999953,0.40922500000000006,0.3202430000000001,-0.06456399999999995,0.36980500000000005,0.24200000000000005,-0.040453999999999934,0.374097,0.24780292176686158,-0.020644339843503296,0.41711279816165103,0.24139215417057872,-0.06649759411383525,0.4383508565767241,0.2589372038251817,-0.041193933724843215,0.43047674797464386,0.23548067792514726,-0.04494300002285627,0.41530299181732944
296,4.720000000000001,0.30080899999999994,0.01513399999999998,0.3931620000000001,0.317259,0.060740000000000016,0.45751600000000003,0.375948,-0.019521999999999984,0.4095350000000001,0.320437,-0.06443300000000002,0.37023700000000004,0.24215499999999995,-0.04053200000000001,0.3746520000000001,0.24806794252738995,-0.02060000915932636,0.41823381456894587,0.24147151650334459,-0.06655169151167334,0.4392005512318991,0.25912681553078265,-0.0412876700037621,0.43144650607850804,0.23562026307742695,-0.04482501954647125,0.416299356798929
297,4.736,0.30089400000000005,0.015325000000000033,0.39316400000000007,0.3171230000000001,0.061321000000000014,0.45738900000000005,0.37614200000000003,-0.019030999999999965,0.4097830000000001,0.32080499999999995,-0.06420399999999998,0.37059700000000007,0.24246099999999998,-0.040715999999999974,0.3747640000000001,0.24801994318552134,-0.020323667430176745,0.4196147525296446,0.24126577419607062,-0.06642082385633827,0.440208619681767,0.25902004116667526,-0.04117822414276437,0.4326123872749706,0.23544627279604038,-0.04446966260441132,0.4175143457136167
298,4.752000000000001,0.30098600000000003,0.015508000000000022,0.3931410000000001,0.3169199999999999,0.06168600000000002,0.4573900000000001,0.37635,-0.018510000000000026,0.41001300000000007,0.32124400000000003,-0.063969,0.370671,0.242786,-0.04084799999999994,0.3746250000000001,0.24796624763653302,-0.02034126277957223,0.4207670262607551,0.241077849894135,-0.06655018799396485,0.4410638043466613,0.2589056495144414,-0.041311183435067414,0.4336295732286878,0.2353219920976455,-0.044436368155429715,0.4185116598594974
299,4.768,0.30105,0.015690000000000037,0.393116,0.31663,0.06178600000000001,0.457468,0.37652599999999997,-0.018157999999999952,0.4101730000000001,0.321657,-0.06346000000000002,0.370626,0.243079,-0.04095599999999999,0.374267,0.24766522579390143,-0.020667883081510234,0.42171485542449993,0.24066845839731973,-0.06697084678171077,0.44175867722004003,0.2585586334183529,-0.04173935483507301,0.43444984457694025,0.2349530984313207,-0.0447153509320845,0.4193359719251645
300,4.784000000000001,0.30104100000000006,0.01567400000000002,0.39303200000000016,0.316313,0.061792000000000014,0.45749000000000006,0.376542,-0.017984999999999973,0.41034800000000005,0.32187000000000004,-0.06346799999999997,0.3705370000000001,0.24326599999999993,-0.041099,0.37393600000000016,0.24722129652013414,-0.020661373902925162,0.4229353755991333,0.24014226948962292,-0.06708940307163591,0.4426584452741601,0.2580801413072022,-0.04184504493008767,0.4355127669005815,0.2344561788671293,-0.04466449479327375,0.42039767237800146
301,4.800000000000001,0.300982,0.015595999999999999,0.39295900000000006,0.3160140000000001,0.06175600000000003,0.45743200000000006,0.37645600000000007,-0.01804100000000003,0.41054,0.32193299999999997,-0.06353299999999995,0.3706140000000001,0.24325500000000005,-0.041206999999999994,0.37370000000000014,0.24651289865474513,-0.020599083605625162,0.4241541509598082,0.23934928129327432,-0.06714496713827343,0.44356644876452217,0.25734678514807213,-0.04191102634977527,0.4365348294616593,0.23365496254959775,-0.0445390589437895,0.4214916260802401
302,4.816,0.30089099999999996,0.015390000000000015,0.39283200000000007,0.315827,0.061690999999999996,0.457214,0.376279,-0.01832800000000001,0.4106540000000001,0.32179399999999997,-0.06386899999999995,0.37071200000000004,0.24311300000000008,-0.041325999999999974,0.37362700000000004,0.24578871109661737,-0.02031904447793283,0.42552806269313065,0.2385445084368921,-0.06699172603309374,0.44460308085487027,0.25660158885818435,-0.04176799293534172,0.4376885513688069,0.23283106118385036,-0.044190312956858234,0.4227352453422252
303,4.832000000000001,0.30074300000000004,0.015085000000000015,0.39266800000000013,0.31574699999999994,0.061599000000000015,0.45690300000000006,0.376091,-0.018637999999999988,0.4106160000000001,0.32152,-0.06431300000000001,0.370819,0.24290099999999998,-0.041623999999999994,0.37364700000000006,0.24489757532967038,-0.019716460339588605,0.42701115158832653,0.2375933555133768,-0.0665371661971854,0.4456965434618461,0.2557089243213463,-0.041328498644752555,0.43888076546253224,0.23181115174204417,-0.04350233669263621,0.42409300446848547
304,4.848,0.300533,0.01467400000000002,0.39239199999999996,0.31575099999999995,0.06171500000000002,0.45640500000000006,0.375898,-0.01897099999999996,0.41049500000000005,0.32125,-0.06465099999999996,0.37079800000000007,0.242705,-0.042447999999999986,0.3737340000000001,0.24432718060022976,-0.019318707228321456,0.4283233219389717,0.23694056174956024,-0.06624313971341354,0.44671379478504875,0.2551247298726738,-0.04107052083850989,0.43994763846181245,0.23110436356510836,-0.04301941945380965,0.4253281043390991
305,4.864000000000001,0.300741,0.014857999999999982,0.3918560000000001,0.31570100000000006,0.06204500000000002,0.455719,0.37604300000000007,-0.01871400000000001,0.41029700000000013,0.321518,-0.06460499999999997,0.3706680000000001,0.24298999999999998,-0.04220899999999994,0.37323300000000004,0.24340381441476733,-0.01876556755266473,0.42947918223677534,0.2358875561840109,-0.06580379680108606,0.44752315200445325,0.25417449041141976,-0.040698602547344725,0.4407835050711472,0.229979763302068,-0.04234420406533329,0.4264163843757708
306,4.88,0.300857,0.015022000000000035,0.39133000000000007,0.315846,0.06230000000000002,0.4552240000000001,0.37637499999999996,-0.018189999999999984,0.40949900000000006,0.321891,-0.06427699999999997,0.3699990000000001,0.24337099999999995,-0.042420999999999986,0.3728110000000001,0.24446364209578902,-0.019375959353331133,0.42984062969529324,0.236601744183899,-0.06639314739407039,0.44779191331402396,0.2550786194485921,-0.041422104370608136,0.44107196736821064,0.23084166724207916,-0.042837361804107514,0.42675155621965577
307,4.896000000000001,0.301032,0.015498000000000012,0.390752,0.315884,0.06275400000000003,0.454685,0.37680600000000003,-0.01733399999999996,0.40872300000000006,0.32246400000000003,-0.06362199999999996,0.3692500000000001,0.24379499999999993,-0.04224899999999998,0.372251,0.2444725149972685,-0.019523190714537505,0.43032360491705757,0.23646033653914533,-0.06659852049568066,0.44805471644304873,0.25503245888776754,-0.04168860484011752,0.4413705593352435,0.23070792904614829,-0.04289394230180865,0.4271800205535361
308,4.912,0.301232,0.015790000000000026,0.3902350000000001,0.3159880000000001,0.06302000000000002,0.454194,0.37713199999999997,-0.01677099999999998,0.407987,0.32295,-0.06331899999999996,0.36862800000000007,0.24419700000000005,-0.04205399999999998,0.3718110000000001,0.24552964490756574,-0.019931998553643537,0.43073633754869,0.23725908173426838,-0.06701102221836232,0.4483385336948722,0.25595612141824814,-0.04216020737944962,0.4417838947544694,0.23168816031921252,-0.043242792655688096,0.4274870050737421
309,4.928000000000001,0.30130700000000005,0.01607900000000001,0.38978599999999997,0.3160220000000001,0.063278,0.4538080000000001,0.377385,-0.016162999999999983,0.407381,0.3233289999999999,-0.06283799999999995,0.36803600000000003,0.244442,-0.042066999999999966,0.371305,0.24558507933710605,-0.020141895138258124,0.43085627333898663,0.23717335700270323,-0.06725821748338512,0.44829098267508755,0.25595683784974393,-0.04246633399169358,0.44176036685844844,0.23162043818438505,-0.04337364065874302,0.42756799470762846
310,4.944,0.30147699999999994,0.01634599999999997,0.3892650000000001,0.31595899999999993,0.06349199999999999,0.45336600000000005,0.3776040000000001,-0.01582,0.40692000000000006,0.32367799999999997,-0.06252200000000002,0.367382,0.24478099999999997,-0.04182999999999998,0.370675,0.24604645774970943,-0.020406779036447092,0.4309210991198391,0.23741224100381264,-0.0675400775582722,0.44820046442162964,0.2563144169666129,-0.0428197308796449,0.44174153365089786,0.23196412725442442,-0.0435573772672216,0.4275631610338833
311,4.960000000000001,0.30161699999999997,0.016629000000000005,0.38886600000000004,0.316011,0.06370599999999998,0.4530310000000001,0.377821,-0.01528999999999997,0.4064270000000001,0.324053,-0.06219899999999995,0.366911,0.24506299999999998,-0.04165799999999997,0.370198,0.24605765103635582,-0.020557859312193033,0.43068262777983635,0.2372398461112793,-0.06771120643213535,0.44781394895728355,0.25625503061169935,-0.04308253820429914,0.44133652335142426,0.2318067315540703,-0.043604103302859604,0.4273181202910104
312,4.976,0.30174400000000007,0.01694800000000002,0.38841000000000003,0.31600900000000004,0.06407300000000005,0.45260500000000015,0.37804200000000004,-0.014859000000000011,0.4059260000000001,0.32430600000000004,-0.06182899999999997,0.3664900000000001,0.24533100000000002,-0.04144399999999998,0.3697220000000001,0.2461987263815982,-0.020397707655841157,0.43096233126624334,0.23722841104282785,-0.06760938991356892,0.44785210612305243,0.25632904040600946,-0.043023090998270265,0.44146575768914803,0.2318451071855616,-0.04336622164148136,0.42750415832711713
313,4.992000000000001,0.301839,0.01726500000000003,0.38807900000000006,0.316208,0.06453799999999998,0.452137,0.37825400000000003,-0.014285999999999965,0.405439,0.32454999999999995,-0.06147999999999998,0.36623000000000006,0.24550900000000003,-0.04133500000000001,0.3696630000000001,0.24624699009978399,-0.019889660656814776,0.4313564752017897,0.23708818339309243,-0.06717813372879175,0.44792724971071646,0.2563042791206167,-0.04266713477554052,0.44159809668320754,0.23171479078150517,-0.04273348745624914,0.42781914019623146
314,5.008,0.301911,0.017520000000000036,0.3877250000000001,0.316281,0.06515400000000005,0.4514800000000001,0.37849400000000005,-0.01378299999999999,0.40504700000000016,0.324784,-0.06125000000000003,0.36617,0.24569100000000005,-0.04130099999999998,0.369804,0.2463513366585225,-0.019213382516611765,0.4319356707859629,0.2370609092246727,-0.06657665764714109,0.44821701350090765,0.25635464956402465,-0.04210424798721414,0.44197535251238346,0.2317062626422953,-0.041969922335970425,0.4283025342182767
315,5.024000000000001,0.30190200000000006,0.017734000000000028,0.3875660000000001,0.31636800000000004,0.065612,0.45110800000000006,0.37860299999999997,-0.01334200000000002,0.4046930000000001,0.324931,-0.061051999999999995,0.36626000000000003,0.24573800000000007,-0.04126000000000002,0.370035,0.2468819365258344,-0.018584102477639235,0.43257912142202193,0.23735379494021874,-0.06601267052337313,0.44852965259345867,0.2567814560670987,-0.041622987151558086,0.4423802696241673,0.2320615805830103,-0.04121007453441934,0.4288427572770152
316,5.04,0.301896,0.017853000000000008,0.3874040000000001,0.31625,0.06598700000000002,0.4507540000000001,0.378704,-0.013014999999999999,0.40454100000000004,0.3251230000000001,-0.06096499999999999,0.3663400000000001,0.245875,-0.04128299999999996,0.37017600000000017,0.24698066385456222,-0.017702878465282512,0.4333016322531743,0.23729509865465448,-0.06521956272339141,0.4488910048341619,0.25681673750301787,-0.04088272662112466,0.4428305091492562,0.23201062706097328,-0.040212738340930976,0.4294620768638679
317,5.056000000000001,0.30182800000000004,0.01789400000000002,0.38739900000000005,0.31613700000000006,0.06618600000000002,0.45065600000000006,0.3786939999999999,-0.012654999999999972,0.4044960000000001,0.325305,-0.060881999999999936,0.366483,0.24600499999999997,-0.04148499999999994,0.3703130000000001,0.2471260851328512,-0.017015392740047507,0.4337459382055843,0.23721412095361363,-0.06459137680924994,0.4490087262717219,0.2568703129450051,-0.04035915685300261,0.44296395868885385,0.23193383909320645,-0.039367979579426525,0.4298606453377038
318,5.072,0.301811,0.018008999999999997,0.38735300000000006,0.31583500000000003,0.06643399999999999,0.45052900000000007,0.378731,-0.012226000000000015,0.4047750000000001,0.32555799999999996,-0.06075199999999997,0.36656900000000003,0.24620500000000006,-0.04157899999999998,0.3702540000000001,0.24708076509309732,-0.01627355669881386,0.43431524691136947,0.23695484393841043,-0.0639117251925678,0.4492398781270847,0.25673612288968434,-0.03977523299480997,0.44322021616143,0.231678378874615,-0.03847273135486747,0.4303781004603188
319,5.088000000000001,0.30181399999999997,0.018096,0.3873550000000001,0.3156670000000001,0.06664300000000001,0.45050500000000004,0.378886,-0.011823999999999946,0.4048130000000001,0.32585000000000003,-0.06060599999999999,0.3666520000000001,0.24637599999999998,-0.04172999999999999,0.3702780000000001,0.24717559962141855,-0.015718142617599993,0.4346608547949667,0.23686600556910087,-0.06339194742887189,0.44934399474827685,0.25675267453804024,-0.03934311666401478,0.4433207299438397,0.2315951598273454,-0.037789122307670016,0.43070361710257743
320,5.104,0.301827,0.01810400000000001,0.38733400000000007,0.31553400000000004,0.06684299999999999,0.45040100000000005,0.37903400000000004,-0.011546999999999974,0.404834,0.32610199999999995,-0.060531999999999975,0.36668900000000004,0.24660199999999993,-0.04197200000000001,0.370401,0.24721401524615508,-0.014774813491249233,0.4354718629006949,0.2367104674074441,-0.06252145153182412,0.4497759893059518,0.25670770388759817,-0.03855369088718427,0.44379580824018683,0.23143701696997576,-0.03669380111686696,0.4314491417232156
321,5.120000000000001,0.3017910000000001,0.018067,0.3872570000000001,0.315559,0.06693499999999997,0.45025400000000004,0.37914200000000003,-0.011285999999999963,0.40453700000000015,0.326247,-0.06051299999999998,0.36666600000000005,0.246705,-0.042241999999999946,0.37051200000000006,0.2474342659159575,-0.013920480794252777,0.43624109414621054,0.23674312661068322,-0.06172440328148589,0.4502110092778481,0.2568443616982601,-0.03783506701065399,0.44426579748730843,0.23147702447263857,-0.03569859037944277,0.43216453098278884
322,5.136,0.30174800000000007,0.01786500000000002,0.387193,0.31560099999999996,0.06688300000000003,0.4500320000000001,0.3791950000000001,-0.011390000000000011,0.40439400000000003,0.32621000000000006,-0.06071900000000002,0.36670400000000003,0.24667600000000006,-0.04253599999999996,0.3707220000000001,0.24719119792608849,-0.012708254159877187,0.4372607498505858,0.23637561090756704,-0.060601934115721054,0.4508214464155603,0.25654901550284526,-0.03676211290345023,0.4449221028636508,0.23106658799360055,-0.03435018205862596,0.4331180586768732
323,5.152000000000001,0.3016330000000001,0.017595000000000027,0.3870640000000001,0.31566,0.06686400000000003,0.4496760000000001,0.37910799999999995,-0.011565999999999965,0.4042000000000001,0.32607100000000006,-0.061099000000000014,0.36683100000000013,0.2464840000000001,-0.042869999999999964,0.370962,0.24702383514811613,-0.011478456723440115,0.43842956833198005,0.23606148345511976,-0.05945456204525779,0.4515746874681554,0.2563163510144454,-0.03567454785375219,0.4457132159850502,0.23071729875944436,-0.032972356246784885,0.43422871923976436
324,5.168,0.3015170000000001,0.017264,0.38710100000000003,0.315718,0.06681800000000004,0.449458,0.378997,-0.011898999999999937,0.40421300000000004,0.325872,-0.061531999999999976,0.36711400000000016,0.2462870000000001,-0.043232999999999966,0.37141500000000005,0.24682799667457833,-0.010486747691124003,0.4395993423974421,0.23574619026821736,-0.05853214984921467,0.4523863237392053,0.2560659881515208,-0.0348015224713723,0.4465494820438208,0.23036518844991105,-0.03185290573954296,0.43535655859219147
325,5.184000000000001,0.30167700000000003,0.017366000000000048,0.38706600000000013,0.3156609999999999,0.06719600000000003,0.4492490000000001,0.37917300000000004,-0.011570000000000025,0.404435,0.3262190000000001,-0.06147600000000003,0.3674670000000001,0.24659900000000007,-0.043292,0.371517,0.24662692571961142,-0.009398388906167131,0.44038686789021125,0.23538656129917976,-0.05750053055228275,0.4528171603384302,0.2557890815097685,-0.03384232817519479,0.4469748823509878,0.22997394546779462,-0.0306133922773336,0.43612777649599554
326,5.2,0.301935,0.017703999999999998,0.38717,0.315718,0.06771300000000002,0.4492450000000001,0.379592,-0.010832000000000008,0.404478,0.326861,-0.06106699999999998,0.367727,0.2471370000000001,-0.04321799999999998,0.3717990000000001,0.24811346044539642,-0.009365553207580316,0.44062607844904406,0.23652123510391215,-0.05741633653240336,0.45293122075210124,0.257097141308203,-0.03390601820377418,0.4471000460248241,0.23127298712661426,-0.030428910131261953,0.43635156884965526
327,5.216,0.3022240000000001,0.01816200000000001,0.38732500000000014,0.315702,0.06831199999999998,0.44937400000000005,0.3800900000000001,-0.00989599999999996,0.40462600000000004,0.32761500000000005,-0.06041299999999994,0.3679310000000001,0.24782299999999996,-0.043154000000000026,0.37199000000000004,0.249003305969499,-0.00888094550033447,0.44115701145621133,0.2371674426785865,-0.05694265398859219,0.4531844181153333,0.25786310667376294,-0.033526739471378963,0.447397361707918,0.23199744830810123,-0.029800955700793996,0.4368335918347504
328,5.232,0.302468,0.018518000000000034,0.38750000000000007,0.3157250000000001,0.06879799999999997,0.449539,0.38043200000000005,-0.009267999999999998,0.40490800000000005,0.328111,-0.060013999999999956,0.36816400000000005,0.24827700000000003,-0.043001999999999985,0.37216400000000005,0.25018093945926967,-0.009007824397884666,0.44113228877054944,0.23803977628661713,-0.05701567808465141,0.45307013341689784,0.2588839437259436,-0.03372758444112922,0.4473003014476676,0.23302572478667383,-0.029801787310010732,0.4367908955890276
329,5.248,0.30265499999999995,0.018764000000000003,0.38761600000000007,0.315845,0.06915400000000005,0.449616,0.380647,-0.008835999999999955,0.4051290000000001,0.32841800000000004,-0.059743999999999964,0.3684360000000001,0.248531,-0.04292099999999999,0.37226500000000007,0.2501957863531868,-0.008388017320456782,0.4415085523449174,0.23793516362412268,-0.05642896283559838,0.453188393007447,0.25883704315750594,-0.03318284430556119,0.4474582108113312,0.23293497901693314,-0.0290852751899535,0.4371238031394812
330,5.264,0.302776,0.018897000000000053,0.38777400000000006,0.315953,0.069519,0.44969800000000004,0.3807859999999999,-0.008551999999999949,0.40534500000000007,0.328648,-0.059585,0.368819,0.24871000000000004,-0.042993,0.37250700000000003,0.250676972230057,-0.007883260788247476,0.44196800643216616,0.23823031126645924,-0.05593130210826517,0.45341965914094357,0.2592217943308541,-0.03274885829408126,0.44775948950561334,0.2333109943890868,-0.028478245032415087,0.4375174540597407
331,5.28,0.302788,0.018591000000000024,0.38819000000000004,0.316093,0.069855,0.44968700000000006,0.38095300000000004,-0.00824899999999995,0.4054320000000001,0.32885400000000004,-0.059392,0.36909100000000006,0.24978399999999995,-0.044193999999999956,0.37385500000000005,0.25162462772774774,-0.0076783648293839765,0.443572235482843,0.23900810191123778,-0.05574611255682738,0.4547520788774314,0.26008039613253614,-0.03262535676416962,0.4491400693827315,0.23413465701738312,-0.028157339229664326,0.4390721787194746
332,5.296,0.30287500000000006,0.018484,0.3883270000000001,0.31610699999999997,0.07022700000000004,0.4496530000000001,0.38107700000000005,-0.007861000000000007,0.40558400000000006,0.32906300000000005,-0.05918699999999999,0.36934600000000006,0.25067,-0.044991,0.3743000000000001,0.2522171035552193,-0.007245608857218303,0.4443361261676332,0.2394271374015837,-0.055318166017873115,0.45529605351318436,0.2605813385951519,-0.03226481651674978,0.44971497553645084,0.23460757042164707,-0.02761455421505695,0.4398030933376954
333,5.312,0.30297900000000005,0.018720000000000014,0.38849100000000003,0.31610199999999994,0.07057500000000005,0.44974000000000014,0.3811860000000001,-0.007498000000000005,0.405803,0.329366,-0.05906600000000001,0.369641,0.250774,-0.04473499999999997,0.374583,0.2525643735322018,-0.00655117338592983,0.4446756913175278,0.23955760483546878,-0.0546238489554518,0.4553768980369824,0.2608133350136509,-0.03165564229172512,0.44983063803713136,0.23480923739269757,-0.026785050891273053,0.44010586412421715
334,5.328,0.3030030000000001,0.018777000000000044,0.388733,0.315977,0.07084700000000005,0.44986400000000015,0.38127099999999997,-0.007141999999999982,0.40608500000000014,0.32961500000000005,-0.058904999999999985,0.370055,0.2510940000000001,-0.04494799999999999,0.3749790000000002,0.2527814163086948,-0.005928358589645766,0.4452283826003062,0.2396375249482497,-0.05401720777182941,0.45568661848564257,0.2609562429199279,-0.031098050992978486,0.4501793415421995,0.23492253208930475,-0.026061837689616722,0.44061955926026153
335,5.344,0.302989,0.01893699999999998,0.38890800000000014,0.31576999999999994,0.07105600000000001,0.4500390000000001,0.381296,-0.0068270000000000275,0.4063810000000001,0.32981,-0.05877399999999994,0.3703010000000001,0.25114200000000003,-0.044835000000000014,0.37511400000000006,0.2531762208447896,-0.005450436962583145,0.4453241690808358,0.2398239226099902,-0.053524638497504676,0.4555838607050537,0.26123892333562554,-0.030690979282096093,0.4500950235334014,0.23518519846673366,-0.02546123453679307,0.44069501440135367
336,5.36,0.302997,0.019126000000000032,0.3890270000000001,0.3155259999999999,0.07118100000000005,0.450272,0.381395,-0.0065870000000000095,0.40669600000000006,0.3299750000000001,-0.058635999999999966,0.37051900000000004,0.25101599999999996,-0.04460700000000001,0.3749570000000001,0.25300258041570706,-0.004942038663681763,0.44511316547781093,0.23951836063252885,-0.053014084277023595,0.4552091171904061,0.2609916928622399,-0.030239602428390445,0.44970234297858125,0.2349006660204099,-0.02485515704247305,0.44049511497268806
337,5.376,0.30298200000000003,0.01927000000000001,0.38904700000000014,0.31529999999999997,0.07127700000000003,0.45038500000000004,0.38138999999999995,-0.006289999999999962,0.40691600000000006,0.330177,-0.058526999999999996,0.3706330000000001,0.25096199999999996,-0.044493000000000005,0.37472000000000005,0.2531130817926737,-0.004516071887648214,0.4447868344517957,0.23945326824376853,-0.05256512700601307,0.4547553744470409,0.26100529144077594,-0.029871174906827943,0.44922361008322076,0.23488915445973624,-0.0243218415048102,0.4401870582348473
338,5.392,0.302997,0.019372,0.389022,0.3151340000000001,0.071357,0.45043900000000003,0.381465,-0.006113000000000035,0.40698500000000004,0.33034199999999997,-0.05842599999999998,0.3706300000000001,0.25097699999999995,-0.04441099999999998,0.37453800000000004,0.2529987240259179,-0.003761027174394924,0.4447032762430887,0.23921268594681452,-0.05181766341779249,0.45445924163081963,0.2608181868951063,-0.02917552246804967,0.4489237773570095,0.23466333439177064,-0.023463563194509436,0.4401031088384847
339,5.408,0.302989,0.019523999999999986,0.3888800000000001,0.315062,0.07139200000000007,0.4504030000000001,0.3815,-0.005954999999999988,0.4068370000000001,0.330459,-0.05830999999999997,0.370468,0.2508010000000001,-0.044188000000000005,0.374213,0.2529643026946958,-0.002890264359899667,0.444519838836897,0.23906968063991488,-0.05095712131768393,0.45406922278299666,0.26072040915863953,-0.02835642925404949,0.44854108968089623,0.23453363046202552,-0.02250162818372178,0.4399108575143219
340,5.424,0.30295500000000003,0.019116999999999995,0.38915200000000016,0.315015,0.07138500000000003,0.450261,0.381534,-0.005767999999999995,0.406574,0.330543,-0.05822299999999997,0.370252,0.252327,-0.04522699999999996,0.3755470000000001,0.2537347444709843,-0.002471959441218095,0.4458665650878561,0.23973790398442935,-0.0505565829401935,0.4551741659039119,0.26142804752004606,-0.027994797823576455,0.44964161599476266,0.23519659032884654,-0.021982128734324768,0.4412591673443416
341,5.44,0.302897,0.019259000000000026,0.388949,0.31497100000000006,0.071432,0.45009600000000005,0.38161800000000007,-0.005589999999999984,0.40620500000000015,0.330633,-0.058037000000000005,0.36995100000000014,0.25212000000000007,-0.045074999999999976,0.3753320000000001,0.25385634399434953,-0.0016671811857880217,0.4457220183934868,0.2397409752166939,-0.04975228561636436,0.45484633150553405,0.26147772057494756,-0.027241442963690944,0.44928922371115904,0.23520940749578195,-0.021078158404503257,0.4411346769582771
342,5.456,0.302831,0.019347999999999976,0.38886600000000004,0.31490599999999996,0.07141999999999998,0.44998800000000005,0.381635,-0.005327999999999999,0.40591,0.3306860000000001,-0.05790000000000001,0.3697210000000001,0.25220899999999996,-0.045001999999999986,0.37536100000000006,0.2538880943498702,-0.0009619567944161359,0.4457597192666629,0.23968577598233748,-0.049054947733244654,0.4547058004836165,0.2614526511823716,-0.026581881979266066,0.44911383818181394,0.23514198234524605,-0.020284215211282215,0.44120213293262367
343,5.472,0.302776,0.019415000000000016,0.38882800000000006,0.31471600000000005,0.07154500000000003,0.44994200000000006,0.38167600000000007,-0.005153999999999992,0.40590000000000004,0.3307999999999999,-0.05775999999999998,0.3696490000000001,0.25223500000000004,-0.045038999999999996,0.375352,0.253971750368294,-0.0002762878217958708,0.44570733721097755,0.23967384314107087,-0.04837130491271441,0.4544887478915742,0.2614780107219481,-0.025934300814046466,0.4488972627648243,0.23514635326134803,-0.019521303319340936,0.4411497302648571
344,5.488,0.30272000000000004,0.01958399999999999,0.38884700000000005,0.31455399999999994,0.071685,0.44995300000000005,0.381643,-0.004928999999999961,0.4060910000000001,0.330872,-0.057745999999999964,0.36988600000000005,0.251925,-0.044762000000000024,0.37525600000000003,0.25374877229332093,0.0004963647078241346,0.44547112277817,0.239389320579833,-0.047606745934491185,0.4541065664040939,0.26121621880474655,-0.025189631440441253,0.44852399760637995,0.23486736629749347,-0.018692036467864933,0.4409065037631993
345,5.5040000000000004,0.302692,0.019743000000000066,0.3889840000000001,0.31438099999999997,0.07191700000000001,0.4500620000000001,0.381604,-0.0046339999999999715,0.40639000000000003,0.33100999999999997,-0.05764399999999997,0.3703080000000001,0.25185299999999994,-0.044642000000000015,0.37531100000000006,0.25379487466285133,0.0010255058993745383,0.445277176397928,0.2393443892891599,-0.04707039664735526,0.4538001819872449,0.26120850362758574,-0.0246888444126457,0.44822055776132286,0.23485115185127795,-0.018100952814703326,0.44071078592981905
346,5.5200000000000005,0.30270100000000005,0.019924000000000053,0.3890190000000001,0.314232,0.072239,0.45003000000000004,0.38162599999999997,-0.004426999999999959,0.40669600000000006,0.331107,-0.057558,0.3706360000000001,0.251716,-0.044462,0.3753130000000001,0.25367834551614077,0.001582754760610172,0.4449120739112309,0.23914061358442057,-0.04650104887329801,0.453354595570814,0.2610367713535535,-0.024161002494326296,0.44773443672288843,0.234659222768262,-0.017477356944775237,0.44038183214178434
347,5.5360000000000005,0.30269000000000007,0.02007399999999998,0.38906200000000013,0.314128,0.07248400000000005,0.4500670000000001,0.381658,-0.00410499999999997,0.4067790000000001,0.33122500000000005,-0.05747600000000003,0.3707880000000001,0.25175300000000006,-0.04437799999999997,0.3753590000000001,0.25378371215723583,0.0021816407676868463,0.44483831733603274,0.2391528126304565,-0.04589785548515318,0.4531433045549125,0.2610812707659901,-0.023597341709763044,0.44749216379458157,0.2346787079390554,-0.016799248751244607,0.4403369146986638
348,5.5520000000000005,0.30270100000000005,0.020453,0.38910100000000003,0.314108,0.07277100000000003,0.44999600000000006,0.3817430000000001,-0.003797999999999968,0.4067940000000001,0.331316,-0.05669999999999997,0.3709720000000001,0.25175300000000006,-0.044157999999999975,0.375397,0.2540169570519979,0.002768871549761544,0.44465256336951564,0.23926181411149713,-0.045293778212209736,0.452834338742795,0.26123495621799747,-0.023049538641531035,0.4471351796266549,0.2348093904023659,-0.01611872338354273,0.4401954208044129
349,5.5680000000000005,0.3027480000000001,0.020513000000000003,0.38905,0.314088,0.07303700000000002,0.449978,0.381851,-0.00347900000000001,0.40673500000000007,0.33149,-0.056831999999999994,0.37087000000000003,0.25193800000000005,-0.04419099999999998,0.3754320000000001,0.2542622618838409,0.003422767490478567,0.4447065057306896,0.239404431467224,-0.04463310033499099,0.45274095882018983,0.2614116425541108,-0.022431608991490354,0.4470066737694658,0.23496248128070119,-0.01537860372638622,0.4402832842975473
350,5.5840000000000005,0.302777,0.02076300000000003,0.389026,0.31412599999999996,0.073247,0.44991100000000006,0.38195000000000007,-0.00318699999999994,0.40665700000000016,0.3316130000000001,-0.056325000000000014,0.37079400000000007,0.25203000000000003,-0.04410999999999998,0.3754360000000001,0.25452319271591045,0.003975359260034561,0.4446196991676974,0.2395473091541863,-0.04406298692384503,0.4525389289950698,0.2615943030463605,-0.021915007379472273,0.4467507820410123,0.23512422844863629,-0.014735563910689475,0.44024711203116496
351,5.6000000000000005,0.302745,0.020888000000000018,0.38893900000000003,0.31407199999999996,0.07342700000000002,0.44982600000000006,0.38201500000000005,-0.002919000000000005,0.406517,0.331651,-0.05625000000000002,0.3706440000000001,0.252041,-0.044038999999999995,0.37541,0.2545993418050943,0.0046417196630070936,0.44461255693059165,0.23954993183263726,-0.04339305915367507,0.4524131515943761,0.2616178918937439,-0.021275113221805714,0.4465901635952819,0.2351279763356465,-0.01400185315112203,0.4402742279562342
352,5.616,0.30272000000000004,0.020936999999999983,0.3889410000000001,0.31403700000000007,0.07357500000000006,0.4497460000000001,0.382028,-0.0027169999999999694,0.40645700000000007,0.331736,-0.056145,0.3706980000000001,0.25214700000000007,-0.04411599999999999,0.37555700000000014,0.2546577970577067,0.005320488421616902,0.4448052150642756,0.2395258516951814,-0.04270871607025133,0.4524794406942127,0.26161873566994787,-0.020623232325377345,0.44662781970736637,0.23511248204807064,-0.013252382031983662,0.4404962565940468
353,5.632000000000001,0.30268,0.02097500000000002,0.3889370000000001,0.31387499999999996,0.07381800000000005,0.44962100000000005,0.381909,-0.0022589999999999555,0.4063810000000001,0.332084,-0.05629899999999999,0.3712310000000001,0.252215,-0.044128999999999974,0.37568200000000007,0.25458198451873737,0.0061229740140845154,0.44501545791489266,0.2393691553133294,-0.04189598576723855,0.45259327571964963,0.2614856710983839,-0.019845399386214657,0.4466994694347665,0.23496411065728953,-0.012382793124394026,0.4407477200383336
354,5.648,0.302679,0.02105600000000002,0.38897500000000007,0.31372700000000003,0.074042,0.44952400000000003,0.381971,-0.0020479999999999388,0.40657600000000005,0.33219799999999994,-0.05624800000000002,0.37144200000000005,0.25225900000000007,-0.04410599999999998,0.3758600000000001,0.2545066062720251,0.006823817189568921,0.4450923453676849,0.23919232170741614,-0.04117508830990988,0.452592462214882,0.26134211533918045,-0.019170309292345592,0.446652603193011,0.23481111287125708,-0.011609581205537489,0.44086915438006913
355,5.664000000000001,0.302634,0.021208999999999978,0.38898600000000005,0.313495,0.07430600000000004,0.44946300000000006,0.38194600000000006,-0.0016189999999999816,0.40668800000000005,0.33240300000000006,-0.05606500000000003,0.37160400000000016,0.252404,-0.044101999999999975,0.37592400000000004,0.2544179972301567,0.007555979040540973,0.44518632637413935,0.2390111039385398,-0.040426848206800294,0.45259914783751387,0.26118585932889143,-0.018464440197097618,0.4465959453143013,0.23463883891689633,-0.010801588613526678,0.4410242854017794
356,5.68,0.30257300000000004,0.021297999999999984,0.388996,0.313293,0.07449300000000003,0.44942800000000005,0.38196199999999997,-0.0013579999999999703,0.4067250000000001,0.33251099999999995,-0.055933999999999984,0.37167700000000015,0.252477,-0.044128999999999974,0.3759990000000001,0.25446400090294374,0.008008438107980551,0.4451385814552874,0.23895932100642137,-0.039943713858619855,0.452546011284436,0.26116150880443867,-0.01803545455120772,0.44644710860919623,0.23460237886895946,-0.010279768295840843,0.4410648294352618
357,5.696000000000001,0.3024919999999999,0.021388000000000018,0.388949,0.313081,0.07464500000000002,0.4493260000000001,0.38190700000000005,-0.0011649999999999716,0.4067790000000001,0.332548,-0.05579400000000001,0.371738,0.25247900000000006,-0.04411799999999999,0.37597800000000003,0.2543420144270344,0.008850329647039417,0.4452444161037225,0.2387651736590912,-0.03909651355876045,0.4525338778042813,0.26097929961185096,-0.01721732924981833,0.4463743741821089,0.23440111336585692,-0.009364952252262576,0.4412316927133579
358,5.712,0.302386,0.021376000000000006,0.38886600000000004,0.3129349999999999,0.07478299999999999,0.449184,0.38180200000000003,-0.0010370000000000101,0.4067250000000001,0.33252200000000004,-0.05583499999999997,0.37175800000000014,0.25247400000000003,-0.04422599999999999,0.375993,0.2544221947532017,0.00931970877301279,0.4451626448086839,0.23875759915009742,-0.038599938650968627,0.4524428803095344,0.26099054866724974,-0.016770158392132126,0.44617692209390974,0.234398721465522,-0.008826510140256273,0.4412494318756098
359,5.728000000000001,0.30228499999999997,0.021361999999999992,0.38870899999999997,0.31280899999999995,0.07485200000000003,0.448983,0.38173299999999993,-0.0010619999999999519,0.406593,0.332428,-0.055813999999999975,0.3716830000000001,0.25237000000000004,-0.044292,0.37588600000000005,0.25445075659891037,0.009890871121337158,0.44504131994426377,0.23870245850796587,-0.03800982239876807,0.4522654919471323,0.2609506553871593,-0.016221370141460634,0.4459104414676341,0.23434543037686095,-0.008183062219616705,0.4412142100814541
360,5.744,0.302201,0.02135600000000004,0.388429,0.312746,0.07492300000000002,0.4486070000000001,0.38167100000000004,-0.0009640000000000204,0.40627500000000005,0.332378,-0.055842,0.3714860000000001,0.25233600000000006,-0.04433599999999999,0.3757560000000001,0.2545635840400166,0.010364550092231122,0.44478811895723436,0.2387477855480888,-0.03751649085377666,0.45199508985940867,0.26100420881184033,-0.01576602503189713,0.44553951530889224,0.2343861360522444,-0.007648883344936341,0.4410565258234951
361,5.760000000000001,0.30208700000000005,0.02140599999999998,0.38810900000000015,0.31266600000000005,0.07504299999999997,0.44820800000000005,0.38164800000000004,-0.0008390000000000342,0.4058490000000001,0.332316,-0.05572499999999997,0.371155,0.25226300000000007,-0.04437599999999997,0.3755950000000001,0.2547315623205145,0.010777232919122587,0.4444810656142489,0.23883253885148362,-0.0370777238964009,0.45167815909084846,0.2610989662552012,-0.01537479161103913,0.4450983016734523,0.23446834570051364,-0.00716388225690381,0.4408676991421399
362,5.776,0.30198699999999995,0.021488000000000007,0.3877480000000001,0.312634,0.07518600000000003,0.44779800000000003,0.38162199999999996,-0.0006969999999999477,0.40539800000000015,0.33222900000000005,-0.055642000000000025,0.3707690000000001,0.252145,-0.04434699999999997,0.3753550000000001,0.2547615557522019,0.011144616900574703,0.4440321870444273,0.23882047364710476,-0.03669454886599476,0.45124121705355935,0.26107769248823154,-0.015022379140670053,0.4445301179188275,0.23443033673650748,-0.006744105879670911,0.44054318870139597
363,5.792000000000001,0.301854,0.02148600000000006,0.387386,0.31255700000000003,0.07535799999999998,0.44729200000000013,0.38156799999999996,-0.0006039999999999934,0.4049220000000001,0.332134,-0.055628999999999984,0.3705280000000001,0.25204999999999994,-0.04444699999999996,0.37525300000000017,0.2550909569177563,0.011676378166621695,0.44380031064765296,0.23906449757816006,-0.036140216875247384,0.4509696783487476,0.26133112572205375,-0.014511219085254387,0.44415137148829276,0.2346768970916629,-0.00613805490185305,0.4404165088396562
364,5.808,0.301726,0.021477000000000024,0.387108,0.31254200000000004,0.07543900000000003,0.44689100000000004,0.381495,-0.0004869999999999597,0.40446100000000007,0.3320309999999999,-0.055647999999999975,0.370243,0.25200000000000006,-0.04451099999999997,0.37524000000000013,0.2551614052023166,0.012044600191104985,0.4435731401235277,0.23911890122504478,-0.03576736875006742,0.450737474405435,0.26136371580660356,-0.014153346262879559,0.4438014929394351,0.23469345762605073,-0.005729211776212964,0.4403031693322296
365,5.824000000000001,0.301641,0.021390999999999993,0.38669,0.31241899999999995,0.07554400000000006,0.4463650000000001,0.381495,-0.0004930000000000212,0.40406200000000014,0.33196699999999996,-0.05569899999999994,0.3699340000000001,0.25199199999999994,-0.04472299999999996,0.374993,0.2553668424051079,0.012401076647879858,0.44311108724045795,0.23923353363372749,-0.03537865780446904,0.45028655359085284,0.26148858366003125,-0.013816569583955648,0.4432229367666758,0.2348171686328207,-0.0053005071206656115,0.4399642127993611
366,5.84,0.30158100000000004,0.02137699999999998,0.38633800000000007,0.3124059999999999,0.07561499999999999,0.4458550000000001,0.38148199999999993,-0.0003829999999999667,0.40364200000000006,0.33196600000000004,-0.05569799999999997,0.3696490000000001,0.25198400000000004,-0.044794,0.3748840000000001,0.2555160771562886,0.012918027367248305,0.44283911024129985,0.2393279730183661,-0.03484921540876957,0.4499742203029645,0.26158241472556804,-0.013312730977941648,0.4428310245613693,0.2349085342091373,-0.004730323120527523,0.439772699056833
367,5.856000000000001,0.301525,0.02133299999999999,0.38597100000000006,0.312267,0.07577800000000001,0.4453600000000001,0.381423,-0.000130000000000019,0.40314000000000005,0.33217499999999994,-0.05583199999999999,0.36965500000000007,0.25206100000000004,-0.04490999999999995,0.37471600000000005,0.2557272042583352,0.013267503374065733,0.44242185051287924,0.2394405165801591,-0.03446055221071517,0.4495947514716922,0.26171004829992744,-0.01298224537554921,0.442324546851602,0.23504176434966376,-0.004310315796276363,0.43947722357389635
368,5.872,0.30145000000000005,0.021416000000000046,0.385632,0.312285,0.07588500000000004,0.4449790000000001,0.3813490000000001,0.00014500000000000624,0.4026630000000001,0.33220600000000006,-0.05569999999999997,0.36933400000000005,0.25206200000000006,-0.04494999999999999,0.37445800000000007,0.25595386597214587,0.013797254602246742,0.4421348789987347,0.2395814138721923,-0.03390908974726466,0.44925678286188103,0.26185978735108967,-0.012469048838215249,0.4419012200897787,0.2351967976838213,-0.0037105091982724465,0.4392782548391103
369,5.888000000000001,0.30134199999999994,0.021398000000000028,0.3853730000000001,0.312163,0.07595000000000002,0.44468600000000014,0.381292,0.000268000000000046,0.40231400000000006,0.332201,-0.05575599999999997,0.36906700000000003,0.25203499999999995,-0.045018999999999976,0.37431800000000004,0.2560124895424874,0.014209922820324194,0.44185115575232065,0.23955257526228133,-0.033466657615072885,0.4489707690473463,0.26182859940256126,-0.01207468240489808,0.44146958728376945,0.23517033077799285,-0.003219579056312306,0.43913917102186706
370,5.904,0.301212,0.02129700000000001,0.385142,0.312092,0.07583200000000007,0.444454,0.381164,0.00011499999999997623,0.40201600000000004,0.33204800000000007,-0.055859999999999965,0.36880999999999997,0.25184500000000004,-0.04508599999999996,0.374112,0.2559871401404644,0.014693224258597447,0.4416038156109551,0.23945043341504527,-0.032961469700449615,0.4486919372198418,0.2617156775508446,-0.011607575171574243,0.44105153966708294,0.23506301225942614,-0.0026593764185191904,0.43903358197006304
371,5.920000000000001,0.30104000000000003,0.02107500000000001,0.38485100000000005,0.31190900000000005,0.07566800000000001,0.44411200000000006,0.38102300000000006,-9.499999999995623e-05,0.40177300000000005,0.33187099999999997,-0.05606099999999997,0.36857400000000007,0.25166499999999997,-0.04535299999999998,0.373872,0.25579928571844623,0.015288557258323843,0.4414025273973174,0.23922152717871156,-0.032358414423705156,0.44844653228981324,0.26145629784036134,-0.011023219084042468,0.4406664297079984,0.2348057686802891,-0.0020009314663253785,0.43897687267763486
372,5.936,0.300876,0.020868000000000053,0.38460400000000017,0.31177000000000005,0.07548500000000002,0.4438510000000001,0.380867,-0.0003009999999999957,0.401516,0.331717,-0.05632599999999999,0.368387,0.25141300000000005,-0.04553299999999999,0.37364300000000006,0.2557306115637687,0.01590656628961551,0.44124916609850034,0.239084187446732,-0.03172575241856765,0.44823005230249546,0.2612998691187969,-0.010417875076756566,0.4403216116361505,0.23466038245562956,-0.0013080046271431722,0.4389596307105449
373,5.952000000000001,0.30075500000000005,0.020695999999999992,0.3842850000000001,0.3115750000000001,0.07541400000000004,0.4434030000000001,0.380774,-0.00036999999999998145,0.4012650000000001,0.331678,-0.056489999999999985,0.36824800000000013,0.25133600000000006,-0.045750999999999986,0.37345700000000004,0.2557018949659995,0.01665357092787889,0.4410902135877329,0.238996590204309,-0.03096970008206426,0.4479917239099652,0.26119346000729204,-0.009680190540321348,0.43998164668419865,0.23456637412813658,-0.0004953215781640097,0.43891231929765917
374,5.968,0.3006760000000001,0.020612999999999992,0.3841390000000001,0.3114400000000001,0.07549100000000003,0.4431520000000001,0.3807089999999999,-0.00021099999999996122,0.40107800000000005,0.33174600000000004,-0.05651499999999998,0.36823800000000007,0.25148199999999993,-0.046009999999999995,0.3734670000000001,0.2560273449416497,0.01736892705734558,0.44117113525533447,0.23920150656014252,-0.030228502755759945,0.4479571378740506,0.26140762295814235,-0.008978855781739126,0.43986723795258953,0.23480752745808509,0.0003127178929596408,0.4390871358035085
375,5.984000000000001,0.30068200000000006,0.020619,0.3839370000000001,0.311267,0.07570899999999997,0.4428930000000001,0.38074100000000005,0.00017200000000000548,0.400861,0.33208699999999997,-0.05675599999999997,0.3683740000000001,0.25154100000000007,-0.04602299999999998,0.3733660000000001,0.25616653995548266,0.018151313855223117,0.44106163507249996,0.2392684903024188,-0.02943314325379867,0.4477586010390838,0.26147088435462285,-0.008203875613390144,0.4396052289425925,0.23488954450134358,0.0011574353400636006,0.4390527706502871
376,6.0,0.3006670000000001,0.020683000000000062,0.38385900000000006,0.31105600000000005,0.075961,0.4426970000000001,0.380789,0.0005399999999999849,0.4008370000000001,0.332316,-0.056678000000000006,0.3684940000000001,0.25174500000000005,-0.04611399999999999,0.3734390000000001,0.25635925821959454,0.01865675461940422,0.4408973825624665,0.23937642815505147,-0.02890197875770026,0.4475625424374937,0.26157513247164266,-0.007708349119147001,0.439307048984666,0.2350176104694694,0.0017314474676186353,0.4389984281297371
377,6.016,0.300615,0.020735000000000003,0.38388100000000003,0.3109199999999999,0.07618100000000005,0.442612,0.38078399999999996,0.0007570000000000077,0.4009020000000001,0.332366,-0.056582999999999994,0.36872400000000016,0.25179999999999997,-0.04620799999999997,0.37357300000000004,0.25659287762803973,0.019010318436610996,0.4406983656722778,0.23951889263877968,-0.028516425037336424,0.4473588224841975,0.26171625541387245,-0.007365584470588105,0.43899075150623573,0.23518583805614052,0.002154848337905829,0.4389179827558565
378,6.032,0.300553,0.02079000000000003,0.38391300000000006,0.31076599999999993,0.07628099999999999,0.44256400000000007,0.38071400000000005,0.0008290000000000242,0.401122,0.332305,-0.05654100000000001,0.368954,0.25169899999999995,-0.046153,0.3736020000000001,0.2565149108182003,0.019543405097549454,0.4404714781680734,0.2393832059696443,-0.027969471238298932,0.44708247392300104,0.2615521458281713,-0.006837434073699883,0.4385924389664001,0.23504730586994815,0.002751419121555687,0.43882553662047996
379,6.048,0.30048500000000006,0.020775000000000043,0.3839530000000001,0.310625,0.07646800000000004,0.442493,0.380658,0.0008780000000000454,0.40133600000000014,0.33222100000000004,-0.05657000000000001,0.3692440000000001,0.2516570000000001,-0.04626899999999995,0.3737210000000001,0.2567314245732361,0.01964298909730866,0.44003140023761644,0.23950179517516268,-0.027825848852725515,0.4467039775562968,0.2616611792787263,-0.0067506155974452475,0.43804939367678264,0.2351924009190045,0.002927046785496018,0.4385529850520577
380,6.064,0.30042300000000005,0.020878000000000008,0.38388500000000003,0.310499,0.07660600000000006,0.44237400000000004,0.38064000000000003,0.0009730000000000016,0.401459,0.33218700000000007,-0.056584999999999996,0.3694470000000001,0.25130899999999995,-0.046099,0.3735870000000001,0.25674755557799006,0.02023523329265972,0.43964375161264496,0.23943055383418813,-0.027209790204369533,0.44625927801398535,0.26156396648219943,-0.0061640086041158115,0.4374676510810131,0.23513594121516243,0.0036002846459292637,0.43831914338250655
381,6.08,0.30049600000000004,0.020847000000000004,0.38391700000000006,0.31034500000000004,0.076762,0.44230800000000003,0.380789,0.0007130000000000192,0.4018710000000001,0.33218700000000007,-0.05648900000000001,0.36962700000000004,0.25131299999999995,-0.04619699999999993,0.37363900000000005,0.2568539111992771,0.020607266806486474,0.43924747298206945,0.23944255347284807,-0.026806998797856196,0.4458357984839323,0.261561628689833,-0.005798625471495844,0.436919501917144,0.23517548886635606,0.004049006172758912,0.43806088596404397
382,6.096,0.300367,0.020886000000000016,0.3839380000000001,0.310139,0.07685600000000004,0.44228100000000004,0.380739,0.0009820000000000384,0.40178800000000003,0.332201,-0.056476000000000026,0.3697560000000001,0.25131,-0.04621599999999998,0.37375400000000014,0.2571027092583306,0.021062389109533924,0.43918277654699905,0.23961375430302911,-0.026334658097593222,0.4456889554726145,0.261707545993919,-0.005344488075001791,0.4366677186459063,0.23536375781490604,0.00457515244799922,0.4381211757664498
383,6.112,0.300251,0.02088200000000001,0.383996,0.3099199999999999,0.07687100000000002,0.44231300000000007,0.38066399999999995,0.0009670000000000512,0.40190100000000006,0.33212500000000006,-0.05634699999999998,0.3698650000000001,0.25126,-0.046294,0.3738030000000001,0.257412119183167,0.021451211609474274,0.4390245099059306,0.23983394829592133,-0.025924522074146555,0.44544492732170293,0.26192227243685573,-0.004957109494288625,0.43635762139022255,0.23561849222296094,0.005031095516083384,0.43804696696097484
384,6.128,0.30000199999999994,0.020739000000000007,0.38413300000000017,0.309669,0.07677500000000004,0.44234600000000013,0.3803490000000001,0.0010280000000000289,0.40201300000000006,0.33195100000000005,-0.05654899999999996,0.3700530000000001,0.251207,-0.04645299999999997,0.3741030000000001,0.2577670727394223,0.021871744106019636,0.4391321521414349,0.240127770834131,-0.025497254849664808,0.4454334980155858,0.2622017011703176,-0.0045326729355748,0.43630478028405983,0.23593155748331923,0.005503767486947947,0.43821695068366723
385,6.144,0.299838,0.020467999999999986,0.38427900000000004,0.309367,0.07654299999999997,0.442492,0.380242,0.0006269999999999887,0.40242500000000003,0.33172799999999997,-0.056753,0.37030700000000005,0.25092,-0.04675699999999994,0.37412600000000007,0.25794846698243423,0.022503427913182328,0.43920285950809257,0.2402382807086475,-0.024861440511131344,0.4453341346520213,0.26230519382559114,-0.0038940127480143194,0.4361949934872828,0.23607020196819672,0.006190649726360298,0.4383237880635426
386,6.16,0.2996269999999999,0.020145000000000024,0.3844550000000001,0.30911099999999997,0.07644400000000001,0.4424870000000001,0.37999599999999994,0.00021999999999999797,0.4027980000000001,0.33142999999999995,-0.05718499999999993,0.37070000000000014,0.2506749999999999,-0.04702799999999996,0.374517,0.2578043875886344,0.023102800327507722,0.4393147766219122,0.24007533556681665,-0.0242694543004367,0.4453334309123831,0.2621002939925088,-0.003284326625708822,0.4361339088833215,0.23589690534842678,0.006824964725048732,0.4385196233004752
387,6.176,0.29941,0.019811999999999996,0.38468500000000005,0.30885199999999996,0.07630200000000004,0.4425810000000001,0.37976000000000004,-0.00013899999999994472,0.40320900000000004,0.33120600000000006,-0.057486999999999955,0.37114100000000005,0.25042499999999995,-0.04743999999999998,0.37486300000000006,0.25773451953013654,0.023702419540406527,0.43951701368716345,0.23999185999361294,-0.023679570723743326,0.44541777844898434,0.26197747602051635,-0.002673098090511611,0.43617297568374674,0.2358030160814715,0.00745374661957221,0.438790540285568
388,6.192,0.29922200000000004,0.019570000000000032,0.38480000000000003,0.308603,0.07624200000000003,0.4425300000000001,0.37952900000000006,-0.0004190000000000027,0.40349400000000013,0.33095100000000005,-0.05789599999999995,0.3716300000000001,0.25015000000000004,-0.04757899999999998,0.3751230000000001,0.2576949305133702,0.02422903138769633,0.43941424805007023,0.23991333466455578,-0.023146658170276946,0.44524801883501647,0.26186652961337487,-0.0021394682158645817,0.4359281055038922,0.23573009608371237,0.008021461854079925,0.43878280755327603
389,6.208,0.29901800000000006,0.01929900000000001,0.3849290000000001,0.308417,0.07609300000000002,0.4425620000000001,0.379318,-0.0006349999999999967,0.403671,0.33073,-0.05821799999999999,0.3719760000000001,0.24991000000000002,-0.047877999999999976,0.375339,0.2577964759577576,0.02490603491682586,0.4395896935814725,0.23997633161681742,-0.022474552861203728,0.4452638764364584,0.26190147042748624,-0.0014481766208717939,0.4359212123049488,0.23580133918369084,0.00873768746008094,0.4390096266729597
390,6.224,0.29882000000000003,0.01905000000000001,0.38500900000000005,0.30823000000000006,0.07592100000000002,0.44256400000000007,0.37907799999999997,-0.0009219999999999784,0.4038370000000001,0.330486,-0.058516999999999986,0.37223300000000004,0.24964099999999995,-0.04809599999999997,0.3754710000000001,0.25793944318863443,0.02546238520415217,0.43958177122336584,0.24007768750314631,-0.021916334395219117,0.4451395231566037,0.2619827738599572,-0.0008810190523203254,0.4357699829935674,0.23591626151864303,0.009330547946591494,0.439051417910547
391,6.24,0.2985689999999999,0.018713000000000035,0.3851570000000001,0.307985,0.07565900000000003,0.44262400000000013,0.378809,-0.0012360000000000149,0.4040330000000001,0.33023299999999994,-0.05885099999999999,0.3724660000000001,0.2494070000000001,-0.04845700000000003,0.375718,0.25805001658771665,0.026204065356778272,0.4398946862287393,0.2401526883530972,-0.02118401057209962,0.44525471378618,0.26203016528120215,-0.0001196983717153266,0.4358858111008992,0.2359999177988813,0.010108001372347214,0.4393968444647329
392,6.256,0.29836599999999996,0.01843699999999998,0.38525700000000007,0.3077480000000001,0.07550200000000001,0.44266300000000014,0.37857100000000005,-0.001456999999999986,0.40421700000000005,0.33004399999999995,-0.05917100000000003,0.37270800000000004,0.249237,-0.048767000000000005,0.37587500000000007,0.25857696208013226,0.026814566908997223,0.4400333137582734,0.24059746876463092,-0.020562948222121596,0.4452085310207446,0.26248361258729547,0.0005043155500108198,0.4358665457675809,0.2364899217437582,0.010769206298751,0.4395362917498746
393,6.272,0.29822200000000004,0.018206,0.385348,0.30749,0.07541900000000001,0.442616,0.37839800000000007,-0.0017039999999999833,0.40456500000000006,0.32988,-0.05946400000000002,0.37305600000000017,0.24904600000000005,-0.048978999999999995,0.37604400000000004,0.25887557832203,0.02734219778841973,0.4399313656651682,0.24083814647809565,-0.020024553867268813,0.4450024487505726,0.2627120883019124,0.0010429021883300305,0.4356323608547746,0.23675711217820206,0.01133869187711059,0.43948501064804024
394,6.288,0.298097,0.018089999999999995,0.38544200000000006,0.30735799999999996,0.07550100000000004,0.4424990000000001,0.37817700000000004,-0.001744999999999941,0.40472300000000005,0.329753,-0.059750000000000025,0.3735860000000001,0.24891200000000008,-0.04901,0.3763620000000001,0.2592368392574095,0.0278431937328677,0.43980581492138626,0.24113944125432826,-0.01951043398584973,0.44478498362615165,0.2629927502067335,0.001555926922210571,0.4353644258579854,0.23708423386709512,0.011885057352650413,0.43943441688465523
395,6.304,0.2979500000000001,0.01778599999999997,0.38567000000000007,0.307248,0.07561499999999999,0.442357,0.378121,-0.00189499999999998,0.40503900000000004,0.3296090000000001,-0.05999199999999999,0.3741310000000001,0.2488390000000001,-0.049534999999999996,0.3770850000000001,0.2595564831218352,0.028238831134613784,0.4399657019959409,0.2414147869440646,-0.01910498330670296,0.4448765153231769,0.2632238586970568,0.001966434305229109,0.4353651888206494,0.23737157050845029,0.012323315410968289,0.43971273876312744
396,6.32,0.29788,0.017642000000000047,0.38581,0.30727599999999994,0.075793,0.44215300000000013,0.37801999999999997,-0.0020959999999999313,0.40526000000000006,0.32939999999999997,-0.06030599999999997,0.3748110000000001,0.2486,-0.04958299999999999,0.37762400000000007,0.2599179449766628,0.02866602035333421,0.43981191736054936,0.2417157839541695,-0.018663084226798576,0.44464008340465017,0.26349506836151226,0.0024080932500112062,0.43506021737290684,0.2376985933779179,0.012797379730612651,0.4396549519868215
397,6.336,0.29770199999999997,0.01733900000000005,0.38614800000000005,0.307279,0.075932,0.4420630000000001,0.37786900000000007,-0.002320999999999962,0.4055710000000001,0.329146,-0.06063299999999999,0.3754890000000001,0.24844100000000008,-0.05000399999999999,0.3785860000000001,0.26011279460561315,0.028914762972559488,0.4400054167112776,0.24189216890381635,-0.0184141501631912,0.4447653299477679,0.263608514703927,0.002676695481470287,0.43508637660433425,0.23787113755181177,0.013076645665329373,0.4399787619970183
398,6.352,0.29755499999999996,0.017174000000000023,0.386429,0.30718700000000004,0.076129,0.44194900000000004,0.37768700000000005,-0.0024640000000000217,0.405945,0.328911,-0.06095399999999995,0.3763310000000001,0.24822400000000006,-0.050099000000000005,0.37933700000000004,0.2604288801378977,0.029537689432859088,0.44014178085037764,0.24215864852053504,-0.017789552574948242,0.44472487960315255,0.2638412495474927,0.0033264511896899385,0.43502514865539704,0.23815919919159056,0.013739012086379593,0.4401746968314178
399,6.368,0.297448,0.016979000000000022,0.38684399999999997,0.307038,0.076316,0.44206,0.37749499999999997,-0.0026539999999999897,0.4066200000000001,0.328736,-0.061272999999999966,0.3772630000000001,0.24807799999999997,-0.050292,0.3800490000000001,0.2606145820275615,0.029987922345878715,0.4402349516114831,0.2423204391729282,-0.017344257701032206,0.4446692568351234,0.2639640860826862,0.0038022058287975613,0.4349489064623956,0.23832761773964198,0.01421384472296125,0.4403225688783978
400,6.384,0.29727700000000007,0.016859999999999986,0.38733700000000004,0.306804,0.07646599999999998,0.442203,0.377303,-0.0026349999999999985,0.4073160000000001,0.32854,-0.06142399999999998,0.37817,0.2479980000000001,-0.05044099999999996,0.38090800000000014,0.2609644034254669,0.030328348247549958,0.44040326864478385,0.24262780719057225,-0.01700166165737041,0.44468268385178505,0.2642463468873001,0.004167264470742615,0.4349553568445964,0.23865569190485225,0.0145853175954328,0.44053115526168185
401,6.4,0.29716000000000004,0.016822000000000004,0.38782700000000003,0.30650800000000006,0.07671200000000006,0.4425230000000001,0.37707299999999994,-0.00256099999999998,0.40811200000000003,0.32848800000000006,-0.06148899999999996,0.37902900000000006,0.24801099999999993,-0.05057299999999998,0.3815010000000001,0.26111175924739966,0.030657092175874257,0.4404336336964455,0.24276211805307757,-0.016681823232630538,0.4445557386904249,0.2643417026547841,0.004524066539760063,0.43482242732582277,0.2387915877564205,0.014930692236118454,0.44060176566371523
402,6.416,0.297054,0.016773000000000038,0.38826400000000005,0.30614499999999994,0.07690000000000002,0.442805,0.376914,-0.0024879999999999902,0.40896200000000005,0.32842999999999994,-0.06157099999999999,0.38004099999999996,0.24787399999999998,-0.05069399999999996,0.38189000000000006,0.26110810684405683,0.030823905130205748,0.44017111830185207,0.2427569747250164,-0.016522539405182474,0.44419903754164053,0.26429427041308706,0.004712492483661207,0.43443564172534316,0.2387811678513077,0.015107823874479814,0.4403959826782343
403,6.4319999999999995,0.2969589999999999,0.01679900000000001,0.3887450000000001,0.30588599999999994,0.07714899999999997,0.4430520000000001,0.376701,-0.002320999999999962,0.4097050000000001,0.328429,-0.06160999999999994,0.38087400000000005,0.247909,-0.05066900000000002,0.38257700000000006,0.26148763285882226,0.031157019382877044,0.4401505230102302,0.24312574777790166,-0.016199464543785513,0.4440078018404604,0.2646382415613323,0.005073193377505725,0.43427167227461816,0.23915311114364762,0.015451769112710068,0.4403790673518791
404,6.448,0.296889,0.016749000000000014,0.389058,0.30564300000000005,0.07742900000000003,0.443098,0.37658299999999995,-0.002363000000000004,0.41041800000000006,0.32831899999999997,-0.06179600000000002,0.38186300000000006,0.24765700000000007,-0.05067100000000002,0.383007,0.2615816185238064,0.031486592124368745,0.439743801470436,0.24321282775080746,-0.015875745998417623,0.4434948608775862,0.264682373951333,0.005427414919199347,0.4337306658978194,0.2392390596096032,0.01579372725251671,0.4400302139168095
405,6.464,0.296731,0.016527000000000014,0.389425,0.305568,0.07760600000000006,0.4430750000000001,0.3763790000000001,-0.002350999999999992,0.410895,0.328216,-0.062116000000000005,0.38271500000000014,0.247473,-0.05099199999999998,0.38382700000000003,0.2617755861044871,0.03180974052712998,0.4396719112659849,0.24343519596671978,-0.015572339769744703,0.4433109427209646,0.26484786206768,0.0057782882197485175,0.4335255455576225,0.23943747808832472,0.0161115597305084,0.440009592691486
406,6.48,0.296606,0.01634800000000003,0.3896520000000001,0.30560500000000007,0.077907,0.44282600000000005,0.376269,-0.0025089999999999835,0.41120500000000015,0.32795199999999997,-0.062448000000000004,0.383675,0.2470940000000001,-0.05114000000000002,0.3845780000000001,0.2620204600241336,0.03222626672110668,0.43934659531079373,0.2436770908203578,-0.015162862736387478,0.4428772056135824,0.26504469118448465,0.0062211733573126204,0.43306628120435453,0.23967670622142903,0.016537437062015187,0.4397406368599023
407,6.4959999999999996,0.296452,0.016039000000000025,0.3898370000000001,0.305715,0.07800600000000002,0.44249400000000005,0.3761180000000001,-0.00273299999999993,0.41133700000000006,0.32768899999999995,-0.062863,0.3843730000000001,0.246817,-0.051427,0.38543800000000006,0.26250239757285637,0.0327228659922465,0.4391804509367744,0.24415382084627424,-0.014675274711170722,0.4425597975545572,0.2654888198563681,0.006747199578517965,0.43276178779296737,0.24015378321760467,0.01704144823282841,0.4395934306761447
408,6.5120000000000005,0.296352,0.015834000000000015,0.38985400000000014,0.305719,0.07808799999999999,0.4420710000000001,0.3759740000000001,-0.003001999999999949,0.41141099999999997,0.3275120000000001,-0.06291299999999994,0.38496700000000006,0.246647,-0.05166099999999996,0.3859100000000001,0.26282506694426755,0.033233799812270204,0.4386678189041178,0.24447062329352398,-0.014172286324709765,0.44190067971773794,0.2657702115949305,0.0072883907302097595,0.43210923134294055,0.24047145141255039,0.01756022497324841,0.4391070264132093
409,6.5280000000000005,0.296185,0.015627000000000002,0.38986200000000004,0.3057680000000001,0.07805499999999999,0.44164400000000004,0.375808,-0.0033139999999999836,0.41134100000000007,0.327266,-0.06303199999999998,0.38537900000000014,0.246311,-0.051780999999999966,0.38644900000000004,0.26311103345356895,0.03368878630122901,0.4383651993069219,0.24474561748664345,-0.013723382748465102,0.44144281461107415,0.26600827763538737,0.0077763252657847,0.43165673156205464,0.24075084228974264,0.01802547389035114,0.4388347461593962
410,6.5440000000000005,0.29596799999999995,0.015320000000000056,0.38986300000000007,0.305769,0.07799400000000001,0.4414230000000001,0.37557199999999996,-0.00361800000000001,0.4110950000000001,0.32704700000000003,-0.06323199999999995,0.38583200000000006,0.246021,-0.052190000000000014,0.38673400000000013,0.2633494232866691,0.03401514035176825,0.4377701569133124,0.24500563218849475,-0.013411574416272554,0.4407511044225395,0.2662272935241467,0.008126787700066807,0.43096102626955124,0.2409944601067621,0.018345245890673906,0.4382681605412651
411,6.56,0.2958490000000001,0.014975000000000016,0.3898990000000001,0.30581700000000006,0.07791700000000001,0.4411020000000001,0.375399,-0.0040779999999999705,0.4112100000000001,0.32673100000000005,-0.06383099999999997,0.386228,0.24569899999999995,-0.052287999999999946,0.387219,0.263542803694538,0.03448709647755199,0.43727824260372544,0.24518366680740422,-0.012939951009182465,0.4401576962056864,0.2663694286496423,0.008625086754979056,0.43034860735220254,0.2411805178523272,0.018829288652607135,0.4378252387999113
412,6.5760000000000005,0.29562800000000006,0.014580000000000037,0.38996600000000003,0.30572000000000005,0.077826,0.4408540000000001,0.3751710000000001,-0.004426999999999959,0.411223,0.32646500000000006,-0.06421900000000003,0.38665800000000006,0.2454840000000001,-0.052724999999999966,0.38769200000000004,0.263561930598859,0.03498670913806448,0.4365582428070679,0.24527427535539234,-0.012472042424872654,0.4393693919277736,0.2664116012725224,0.00914370231993844,0.42956742197569353,0.24122253340597444,0.019296539905435728,0.43711313137272695
413,6.5920000000000005,0.295495,0.014285999999999965,0.38996200000000003,0.3057140000000001,0.07766200000000001,0.4406000000000001,0.37498500000000007,-0.004751000000000005,0.4113030000000001,0.326154,-0.06461099999999997,0.3870420000000001,0.24520899999999995,-0.052898,0.387911,0.26354790234963366,0.03542467024030713,0.4356698549712149,0.24530516680988956,-0.01205287534489008,0.4384553995908192,0.2664106724474734,0.009591509329942322,0.4286480642457276,0.24122287789876934,0.019714529446828083,0.43623795560285006
414,6.6080000000000005,0.295325,0.014171000000000045,0.3899250000000001,0.305634,0.07770700000000003,0.4404760000000001,0.374843,-0.005061999999999955,0.4114890000000001,0.32586699999999996,-0.06492599999999998,0.3871500000000001,0.24458399999999997,-0.05287399999999998,0.38792000000000004,0.2635371459745497,0.03578987635132014,0.4347073376162439,0.24539718239870553,-0.01172947961288412,0.43745078869282983,0.2664984008648901,0.00995664167905938,0.42772678204460324,0.24124815302318525,0.020025505305524854,0.435179965963684
415,6.624,0.29515700000000006,0.013597999999999999,0.3899480000000001,0.30556600000000006,0.07754100000000003,0.44012000000000007,0.374631,-0.005390999999999979,0.411666,0.32565800000000006,-0.06581199999999998,0.3878650000000001,0.24420100000000006,-0.05337599999999998,0.38829400000000003,0.26370877917205743,0.03626828923833539,0.43385056430122965,0.24558808161444382,-0.01126003855333027,0.43656577533332325,0.26671386233280514,0.010430588493088172,0.42690535763458065,0.2414280355197114,0.020490227649711923,0.43424958010835374
416,6.640000000000001,0.294935,0.01315700000000003,0.39002900000000007,0.30548900000000007,0.07734700000000005,0.43981100000000006,0.374314,-0.005895999999999957,0.41197000000000006,0.3252190000000001,-0.06643699999999997,0.3882200000000001,0.24387300000000006,-0.05363199999999996,0.38882400000000006,0.26425610372497493,0.036465380476172204,0.43266264797519466,0.24612609340154354,-0.011057636240680846,0.4354084814365144,0.2673234068294065,0.010602942713173219,0.4258377549454855,0.24197683303241088,0.020682651458371698,0.43294110976507244
417,6.656000000000001,0.29455499999999996,0.012498000000000065,0.39016300000000004,0.3051559999999999,0.07711400000000002,0.439469,0.37401200000000007,-0.006506999999999985,0.41203900000000004,0.3247010000000001,-0.06713399999999997,0.3889560000000001,0.24356799999999995,-0.05423899999999998,0.38954600000000006,0.26501499124855343,0.03682871881084776,0.43199223059003583,0.2467817352490714,-0.01065702902581997,0.434698911517867,0.2680601513051465,0.010955262980534702,0.42519925746532866,0.24270420209452276,0.02108936668976022,0.4321908783765662
418,6.672000000000001,0.294333,0.01217600000000002,0.3898950000000001,0.305266,0.07719100000000001,0.4387010000000001,0.37367900000000004,-0.006954999999999989,0.412073,0.324182,-0.06778400000000001,0.38936000000000004,0.24277900000000002,-0.05429499999999998,0.38973900000000006,0.26564018880272044,0.03711009917915448,0.4307999681383359,0.24732461280400875,-0.010342074203373491,0.43353947734716325,0.2686782654671299,0.011215567379374736,0.42408457438236075,0.24330550687859015,0.021403992953908768,0.43093483622023127
419,6.688,0.29404499999999995,0.011707999999999996,0.389767,0.305062,0.07705000000000001,0.4380010000000001,0.373443,-0.007412999999999947,0.4120370000000001,0.3236470000000001,-0.06823800000000002,0.38973000000000013,0.24256899999999998,-0.054657999999999984,0.39027500000000004,0.2658484054901659,0.03757743669114874,0.4298006762540676,0.2474925258252819,-0.009858166706921717,0.432557341918342,0.26885642918660946,0.01168028074116953,0.4230818737275371,0.24349964143949648,0.021891575772639393,0.4299571737395848
420,6.704000000000001,0.2938410000000001,0.011311000000000015,0.38961200000000007,0.305078,0.07701500000000006,0.43746700000000005,0.37325900000000006,-0.007755000000000012,0.4118510000000001,0.32328399999999996,-0.06871599999999994,0.389714,0.242431,-0.05508299999999999,0.3906820000000001,0.2663405721202421,0.03793534893481029,0.42900472890183317,0.2479745063849193,-0.009498848942653931,0.43171738345460964,0.2693732425975725,0.01203484478047856,0.4223099552257633,0.24399133188923106,0.022249600005173065,0.4290867070893688
421,6.720000000000001,0.293681,0.01094000000000006,0.38942,0.30499800000000005,0.07695099999999999,0.43683000000000016,0.373067,-0.008122999999999991,0.4116590000000001,0.323016,-0.06907999999999997,0.3899,0.24239800000000006,-0.05537399999999998,0.39104800000000006,0.2661430484556897,0.0382973159678435,0.42779811233567294,0.24783272013865565,-0.009155250660057596,0.4305657450682357,0.2692091801681511,0.012391765020090734,0.4211381974216783,0.2438125552544652,0.02258495808886235,0.4278922509737178
422,6.736000000000001,0.29352700000000004,0.010697000000000012,0.3892920000000001,0.304888,0.07694000000000006,0.4364570000000001,0.372928,-0.008191000000000004,0.411512,0.32285900000000006,-0.06935999999999998,0.38999400000000006,0.24235599999999996,-0.055674999999999975,0.39123300000000005,0.2662877799703091,0.03860417659945731,0.426861697485563,0.24805108034336984,-0.00887795436068542,0.429608335393256,0.2694498767584794,0.012690131038700536,0.4202801637111538,0.24398772644601485,0.02284838415925025,0.426837280175868
423,6.752,0.293382,0.01047600000000004,0.3892120000000001,0.30467800000000006,0.07695300000000005,0.43608100000000005,0.3727430000000001,-0.008272999999999975,0.41157,0.322726,-0.06956899999999999,0.39026800000000006,0.24232100000000006,-0.05590999999999996,0.39144,0.2661501466575796,0.03884676461096395,0.42559369215373116,0.24800477420042574,-0.00866535524600004,0.4284252851124696,0.2694147847008307,0.012912122260709313,0.41914468720278253,0.2438869300365968,0.023039278116742,0.42549105087317657
424,6.768000000000001,0.293055,0.01045700000000005,0.38940600000000003,0.3039990000000001,0.07666400000000001,0.436651,0.37250500000000003,-0.008263999999999938,0.41181999999999996,0.32267300000000004,-0.06972299999999998,0.390618,0.24169600000000008,-0.05577900000000002,0.3910140000000001,0.2661836836758692,0.03890370635971388,0.4244754076832025,0.24811868321716973,-0.008635415187283196,0.42736706370741234,0.269570701349496,0.012944610921026639,0.4181899740839916,0.24395839284441323,0.023044472003014405,0.42423227832099714
425,6.784000000000001,0.292989,0.01024400000000003,0.38927900000000004,0.304024,0.07679799999999998,0.4360780000000001,0.37221200000000004,-0.008301999999999976,0.4121110000000001,0.32254999999999995,-0.07001099999999999,0.3912310000000001,0.241427,-0.05598399999999998,0.39116000000000006,0.2665305101766958,0.039024226040572985,0.42340780131241956,0.24843975498735033,-0.008499318655180721,0.42639297631988576,0.26996224614765313,0.013034883846779616,0.41727343249354554,0.2443061709423242,0.023165306019934745,0.4230740646125198
426,6.800000000000001,0.292712,0.009999000000000036,0.3894430000000001,0.303472,0.07678800000000002,0.4360050000000001,0.37191899999999994,-0.008498000000000006,0.412555,0.322336,-0.070212,0.39191200000000015,0.24117399999999994,-0.056194999999999995,0.3914320000000001,0.26614254623597694,0.03898604606248196,0.4218189891231643,0.24820826803750515,-0.008582952185013426,0.4250168110107821,0.2697149780055557,0.012966586828111581,0.4158962640198805,0.24398046391832484,0.023041230036671023,0.4214409308486327
427,6.816,0.292592,0.009742000000000028,0.389483,0.30348800000000004,0.07681700000000002,0.435546,0.371586,-0.00875300000000001,0.41284200000000004,0.32212599999999997,-0.07056599999999996,0.39266800000000013,0.24083900000000008,-0.056240999999999985,0.39188500000000004,0.2666761981063609,0.039241355332375494,0.42098327575018357,0.24868024446466178,-0.00830071228928611,0.4242346527474724,0.27025242917010933,0.013200925086208598,0.41515577506638934,0.24450077084078536,0.023316681264602845,0.420543775767629
428,6.832,0.29242399999999996,0.009521000000000002,0.38941500000000007,0.303456,0.076982,0.43507700000000005,0.371338,-0.008993000000000029,0.412852,0.3218250000000001,-0.07087199999999999,0.39316400000000007,0.24056799999999995,-0.05636800000000003,0.392228,0.2670826298375819,0.03885767154173203,0.419376380845792,0.24909677655661636,-0.008671489952048611,0.4228637699908444,0.27070361740095367,0.01277966346310147,0.41374795797937447,0.24491872195794268,0.02291709223990593,0.41893242382608714
429,6.848000000000001,0.29221100000000005,0.009359000000000006,0.3893010000000001,0.3034740000000001,0.07700300000000004,0.43451300000000015,0.3711950000000001,-0.009234999999999993,0.41259100000000004,0.32146100000000005,-0.07108900000000001,0.393483,0.24018,-0.05628999999999995,0.39266800000000013,0.2677628565279782,0.0387855760122959,0.4185932516302118,0.2496682615952018,-0.00869728597232955,0.42214817013322736,0.2713354060604333,0.01268859085268026,0.41302212466492183,0.24556494644213706,0.02289242310809389,0.41814776605821724
430,6.864000000000001,0.29192499999999993,0.009263000000000021,0.38904400000000006,0.30364399999999997,0.07702900000000007,0.4338900000000001,0.371129,-0.009419999999999984,0.4121410000000001,0.32054,-0.07087399999999999,0.3931110000000001,0.24012499999999998,-0.056611999999999996,0.3929910000000001,0.2686389197549018,0.03849297083904077,0.4175101818194791,0.25046263949272474,-0.008948933080825422,0.4211929229024639,0.2721891450181438,0.012369471330527432,0.41205015670457656,0.24641868147352972,0.02263121591549866,0.417058827995054
431,6.88,0.29177800000000004,0.009114999999999984,0.38875400000000004,0.30375900000000006,0.07706600000000002,0.4332060000000001,0.3711130000000001,-0.00959099999999996,0.41163700000000003,0.32014899999999996,-0.07101099999999999,0.3931260000000001,0.23995500000000008,-0.056665999999999994,0.3932340000000001,0.2694682017655234,0.03826342450439735,0.4167731297573105,0.2511834627177857,-0.009131345562220256,0.42052520676663635,0.2729754857309156,0.012119845525144807,0.41138189264620956,0.2472155635880931,0.022447538259525,0.4163085705641858
432,6.896,0.291661,0.008900999999999992,0.38860400000000017,0.30390999999999996,0.07701400000000003,0.43280300000000005,0.371048,-0.009938000000000002,0.41124000000000005,0.31985900000000006,-0.07116699999999998,0.3931000000000001,0.23983700000000002,-0.05683900000000003,0.3934900000000001,0.270747257838017,0.03767356282497181,0.41579131697758437,0.25231078074580204,-0.009651687763156308,0.4196760258205272,0.2742218567360959,0.01149168862404143,0.4105673504701735,0.24845624760639193,0.021913926665767303,0.4152596123665769
433,6.912000000000001,0.29157799999999995,0.00863400000000003,0.38844100000000015,0.30402200000000007,0.07688500000000004,0.43232100000000007,0.37090800000000007,-0.010234999999999939,0.410972,0.31975800000000004,-0.071513,0.3932350000000001,0.23963700000000004,-0.05691499999999999,0.393726,0.27188155577607886,0.037065008479633926,0.4148459121110019,0.25328120522771547,-0.010183826249282102,0.4188768635908522,0.27531090470316605,0.01084456277489948,0.40978814647509265,0.24954767818612741,0.02136801675192837,0.4142625243259939
434,6.928000000000001,0.291456,0.008311999999999986,0.3884700000000001,0.304171,0.07668300000000006,0.432022,0.37080399999999997,-0.010660000000000003,0.41089600000000004,0.31944200000000006,-0.07184299999999999,0.3935130000000001,0.23937999999999998,-0.05709500000000001,0.394165,0.2731012219859655,0.03638315037371273,0.4140791132565657,0.2543439298631161,-0.010792532781791486,0.41823758709018466,0.2764958004221925,0.010125837073658356,0.4091920348093221,0.2507295850945348,0.020742980176721992,0.4134211483506413
435,6.944,0.291352,0.007964000000000027,0.3884660000000001,0.304266,0.07657500000000006,0.4316780000000001,0.370654,-0.011067999999999967,0.41087000000000007,0.319178,-0.07227599999999995,0.3940270000000001,0.239099,-0.057277999999999996,0.394497,0.2741580835700923,0.03582220754653598,0.413630600893046,0.25525396383123167,-0.011288265149771659,0.41786281223283084,0.2775012885920111,0.009539909766717175,0.40884343013770696,0.2517466072983395,0.02024110472759358,0.4129285004184042
436,6.96,0.29119899999999993,0.007703999999999989,0.3885010000000001,0.30432299999999995,0.07647300000000001,0.4313070000000001,0.370508,-0.011434,0.410945,0.31886699999999996,-0.07263700000000001,0.3945930000000001,0.238593,-0.05725000000000002,0.39491600000000004,0.27461200930722257,0.03543624443202861,0.4132527708859247,0.25566741195086684,-0.011652005162212709,0.4175507907499222,0.2779330936986185,0.009144314215069754,0.4085032441539001,0.2521872887037148,0.019873289407046912,0.4125713638450909
437,6.976000000000001,0.29114200000000007,0.007633000000000056,0.38856900000000005,0.3045560000000001,0.076675,0.431118,0.370427,-0.011705999999999994,0.41103200000000006,0.31862699999999994,-0.07289999999999996,0.39504000000000006,0.23810900000000007,-0.057116,0.39524400000000015,0.2752367353572536,0.03501627090919507,0.41313482027143067,0.25622779244032623,-0.012043631735320443,0.4174591289867107,0.27850938133601766,0.008719996382804324,0.40837573059200694,0.25278712436517264,0.019487666651058444,0.41249030889937865
438,6.992000000000001,0.291043,0.007359999999999978,0.38863400000000015,0.304572,0.07661100000000004,0.43078300000000014,0.370361,-0.011977999999999989,0.4111450000000001,0.318459,-0.07314999999999999,0.3954270000000001,0.23791600000000007,-0.05729299999999998,0.39574700000000007,0.2759698665182808,0.03468288601271338,0.4132359593863238,0.25684801474882824,-0.012334024409248884,0.41753001491409547,0.2791496762049147,0.008388751235039321,0.4084026906273239,0.2534746612386531,0.019218141153775653,0.4126482650051596
439,7.008,0.29103399999999996,0.007189000000000001,0.3887010000000001,0.30469399999999996,0.076598,0.430555,0.37031200000000003,-0.012178999999999995,0.4112260000000001,0.31837199999999993,-0.07342399999999999,0.395934,0.23771799999999993,-0.05725999999999998,0.396084,0.2764971728847344,0.034238671208065785,0.4130893975021505,0.25729734741220045,-0.012742329729725721,0.4174283197534466,0.2795979645989892,0.007942923852720996,0.4082137475952039,0.25396681286197664,0.018821900253922746,0.4125954041796311
440,7.024,0.29100699999999996,0.0069370000000000265,0.38879200000000014,0.30472799999999994,0.07650100000000004,0.4303290000000001,0.37029300000000004,-0.012378999999999973,0.41130600000000017,0.318328,-0.07365599999999994,0.3963010000000001,0.23771500000000007,-0.057433999999999985,0.39653400000000005,0.2773234253095584,0.0337619369582689,0.4131265051979309,0.25798680614407,-0.013161616009353477,0.4174795879836051,0.28032431514126,0.007461308836893971,0.40821480275523786,0.2547422515987843,0.018417981979720666,0.4126887629559459
441,7.040000000000001,0.29099,0.006707999999999992,0.38887300000000014,0.304803,0.076372,0.4302110000000001,0.3702809999999999,-0.012624999999999997,0.41133700000000006,0.31826899999999997,-0.073878,0.39654600000000007,0.237674,-0.05759700000000001,0.39685400000000015,0.2779745784885975,0.03331554756224889,0.41307646525157854,0.25853803966499983,-0.013562620653411045,0.41747331604486165,0.28090722046132177,0.007006922066496418,0.40816636995408356,0.25535771036059196,0.018023129315215825,0.4126799818994649
442,7.056000000000001,0.29099099999999994,0.006474000000000035,0.38895100000000005,0.304957,0.07631800000000005,0.43014300000000005,0.37026,-0.012928999999999968,0.4113380000000001,0.318197,-0.07417999999999997,0.3967400000000001,0.23762500000000003,-0.05778,0.3971450000000001,0.2786562203968975,0.032743537729881866,0.41296155576580873,0.25914369217302613,-0.01409672906933343,0.4174252584985495,0.28155998109521185,0.00641994028476206,0.4081149495717146,0.25601803426780256,0.017482923625803087,0.41255638325794347
443,7.072,0.29098299999999994,0.0061370000000000036,0.388958,0.30510200000000004,0.07600000000000001,0.429906,0.370245,-0.013292999999999944,0.41136300000000003,0.318078,-0.07447999999999999,0.3969520000000001,0.23750300000000008,-0.05801299999999998,0.3973960000000001,0.2791881590853121,0.03222722260766578,0.41284198990388987,0.25964357149152706,-0.014593108627746432,0.4173740614380202,0.2821044897460976,0.005887439624722185,0.4080918269451251,0.2565474339320135,0.016971657480506358,0.4123911285126859
444,7.088,0.290912,0.005796000000000023,0.38902800000000015,0.30524500000000004,0.07572099999999998,0.4297970000000001,0.37012400000000006,-0.013722999999999985,0.4113730000000001,0.31784400000000007,-0.074903,0.3972120000000001,0.23731600000000003,-0.05819599999999997,0.3976740000000001,0.27947934691591575,0.031717414206608174,0.4126779871924766,0.25995377693510774,-0.015102210006069094,0.4172984740827928,0.28244258424518487,0.0053616475289745835,0.4080470059129862,0.2568546348217593,0.016439740792945967,0.412174920067434
445,7.104000000000001,0.290881,0.005363000000000007,0.38906600000000013,0.3053740000000001,0.07538899999999998,0.429597,0.3700069999999999,-0.014356999999999953,0.4115660000000001,0.3175940000000001,-0.07536699999999996,0.39754600000000007,0.23706100000000002,-0.058421999999999974,0.3978940000000001,0.2797933442743167,0.03128105278962037,0.41268657181482044,0.26028112781839213,-0.015539190141786313,0.4173569309462511,0.28280899527982506,0.004911213184541657,0.40817097567900146,0.25718587347764277,0.015980913967983984,0.41209835839566017
446,7.120000000000001,0.2907910000000001,0.004910999999999999,0.3891350000000001,0.30552700000000005,0.07499600000000001,0.42943200000000015,0.369847,-0.014977999999999936,0.41165300000000005,0.31725,-0.075876,0.397857,0.23679999999999995,-0.05865999999999999,0.3981960000000001,0.2802510526718549,0.03086933955583887,0.41294583100924176,0.26072758185378053,-0.015945388188212395,0.4176244362566933,0.28330819654201445,0.004487481765548362,0.408529423969978,0.25765452122243604,0.015557514480140033,0.41225102303799255
447,7.136,0.290704,0.004487000000000019,0.38917500000000005,0.30564399999999997,0.07467400000000002,0.42928200000000016,0.3696960000000001,-0.015483999999999998,0.4117290000000001,0.31696699999999994,-0.07633599999999996,0.3980800000000001,0.23660799999999998,-0.05899399999999999,0.39842900000000003,0.2806206246843111,0.03042709866432325,0.4131508466417256,0.2610913790282917,-0.01638253932655201,0.4178561998553939,0.28371623507313704,0.004033362206765284,0.4088333158223808,0.25803573421416465,0.015102332274887859,0.41236839129411385
448,7.152,0.290592,0.0041300000000000225,0.3892110000000001,0.30568,0.07429200000000002,0.429246,0.369562,-0.01593899999999998,0.4117160000000001,0.316745,-0.076737,0.39814300000000014,0.2364,-0.05923400000000001,0.39856500000000006,0.2812662655277629,0.029963331441392016,0.4136540706161486,0.26167761574202913,-0.016824259745800485,0.41833168796554226,0.284364698324303,0.003560442148184767,0.4093949214731399,0.25867432209990043,0.014654049776667816,0.4127777339955001
449,7.168000000000001,0.2905410000000001,0.0037890000000000423,0.38918700000000006,0.30566999999999994,0.07392700000000002,0.42913100000000004,0.3694990000000001,-0.016322999999999976,0.41172300000000006,0.316587,-0.07703599999999994,0.3981690000000001,0.23637099999999994,-0.05951799999999996,0.39863100000000007,0.2817361123056313,0.02953714091989132,0.4142492926098888,0.2620784765047581,-0.017224983878587036,0.4188920323879824,0.2848127310340467,0.003129194312998601,0.4100057123462562,0.2591276488339883,0.014255317353118774,0.41332126958447
450,7.184000000000001,0.29049699999999995,0.0035530000000000284,0.38911400000000007,0.305664,0.07366600000000006,0.42912300000000014,0.36942100000000005,-0.016652999999999973,0.41170300000000004,0.31649199999999994,-0.07733200000000001,0.3981370000000001,0.236165,-0.05968599999999996,0.398439,0.2823690574554535,0.029115524509294805,0.41503703584230267,0.26263430536230714,-0.017622834512401375,0.41959108342400536,0.2854212496756685,0.00270642298708737,0.41078301660315686,0.25974230657576436,0.013865486132041416,0.41403481184983737
451,7.2,0.29046200000000005,0.003371000000000013,0.38908700000000007,0.30577800000000005,0.07371000000000005,0.42900800000000017,0.36937900000000007,-0.01695399999999997,0.411608,0.31636099999999995,-0.07755699999999999,0.39816000000000007,0.23608500000000004,-0.05988899999999997,0.39856800000000003,0.28306644277240456,0.028596758833719677,0.41578149020991956,0.2632467929764687,-0.018112529569318636,0.4202645530517247,0.28608664738241185,0.002185065132507824,0.41152073907972203,0.2604179018943552,0.013383252893170716,0.4147180938104068
452,7.216,0.29038900000000006,0.003078000000000025,0.38892300000000013,0.30589800000000006,0.07355400000000001,0.42850900000000014,0.369288,-0.017273999999999956,0.4113690000000001,0.316162,-0.07786999999999994,0.39829500000000007,0.23596900000000004,-0.06002999999999997,0.39878900000000006,0.2836119250450448,0.028227676085909287,0.41658234594476906,0.26371694747092045,-0.018459318934162305,0.4209627976242453,0.2865993155004468,0.0018183268336165737,0.41228409390657683,0.26094252688582,0.0130493484440522,0.4154621959971024
453,7.231999999999999,0.29025400000000007,0.0028910000000000324,0.3888450000000001,0.30609100000000006,0.07350300000000004,0.42815400000000003,0.36921200000000004,-0.01755899999999999,0.4110800000000001,0.31587000000000004,-0.07813399999999998,0.39845300000000006,0.23562599999999995,-0.06006199999999995,0.39908200000000005,0.28430898153904616,0.027760435816542667,0.4174672058763955,0.2643403606557142,-0.018905344462711027,0.4217372321692309,0.28727706670521536,0.001351400338561931,0.41315367880269516,0.26162416964272195,0.012612037245868152,0.4162575328698921
454,7.248000000000001,0.2901559999999999,0.0025770000000000515,0.388656,0.30631100000000006,0.07330500000000001,0.427473,0.3690940000000001,-0.017957,0.41082300000000005,0.315491,-0.07839399999999996,0.39867300000000006,0.23545699999999997,-0.06015900000000002,0.39943300000000004,0.28476176268506415,0.027304797424768046,0.418068177556363,0.26476550166637736,-0.019354568701377778,0.4222785328352144,0.2877393799417569,0.0008935974531084911,0.4137745180710193,0.26207784190677774,0.012161682334204282,0.41677830070617483
455,7.264,0.290017,0.0023070000000000035,0.3885620000000001,0.306486,0.07313199999999997,0.4270870000000001,0.368922,-0.01841699999999996,0.4106280000000001,0.315169,-0.07875500000000002,0.39886500000000014,0.23506100000000002,-0.06016199999999999,0.39967300000000006,0.2850248861873617,0.026781436332625752,0.41854495665646174,0.2650516602025243,-0.019891113484245437,0.42271836425045733,0.28804715092847033,0.0003676784049707893,0.4142984865670438,0.2623612735326178,0.011615774246506366,0.4171660680693529
456,7.28,0.289874,0.0020150000000000445,0.38847300000000007,0.30650099999999997,0.072882,0.42671899999999996,0.36875699999999995,-0.018773999999999957,0.4105620000000001,0.314792,-0.07896999999999998,0.39901600000000004,0.23492300000000005,-0.06034200000000001,0.39986200000000005,0.28536145034780047,0.026292881170667443,0.41908935459464736,0.2653831749755092,-0.020382976352586984,0.4232011463224809,0.2884121761495393,-0.0001229614054497341,0.4148763350928144,0.2627094106468788,0.011119064168508663,0.41761342987327665
457,7.295999999999999,0.28973299999999996,0.0017920000000000158,0.3883740000000001,0.306456,0.07262300000000005,0.42663300000000015,0.36852599999999996,-0.019154000000000004,0.41053300000000004,0.31453099999999995,-0.07922400000000002,0.39889600000000003,0.23468100000000008,-0.06046299999999999,0.3997320000000001,0.28563196192269474,0.025798364236408328,0.41967880716823047,0.26566554888771626,-0.02088970967373907,0.4237087077467286,0.2887209660989396,-0.0006167516971462839,0.4154891886101235,0.26299762146812644,0.010608719372656061,0.418097889741524
458,7.312000000000001,0.28953200000000007,0.001580999999999999,0.3883350000000001,0.3061380000000001,0.07231100000000001,0.4268160000000001,0.368299,-0.01939099999999999,0.41057600000000005,0.314332,-0.07946099999999995,0.398632,0.23454499999999995,-0.060722,0.39944500000000005,0.2859693606776292,0.02528318889091072,0.42025470534472253,0.26597128913457374,-0.02139865255061535,0.4241989172789858,0.28906302403701417,-0.0011316899396613678,0.4160670301386663,0.26333494987817874,0.010102668502768225,0.41858940437576864
459,7.328,0.28935700000000003,0.0014620000000000188,0.38830700000000007,0.30580100000000005,0.07202700000000001,0.4270830000000001,0.3680410000000001,-0.019484,0.41068499999999997,0.31418700000000005,-0.07959,0.3983960000000001,0.2344500000000001,-0.060921,0.39904000000000006,0.28650121979977927,0.02477590954526887,0.42115137011204656,0.2664554027281565,-0.02189883309002058,0.42493391045629425,0.2895987254433077,-0.001635059860223026,0.4169419337962312,0.2638657235965212,0.009611892908101327,0.4193555722753505
460,7.344,0.289155,0.0013579999999999703,0.38835700000000006,0.30535000000000007,0.071857,0.4273880000000001,0.36779999999999996,-0.019565999999999972,0.41091600000000006,0.31402900000000006,-0.079683,0.3983,0.23436699999999994,-0.06113000000000002,0.3987400000000001,0.2870606458343453,0.023982200456205,0.42142836867911504,0.2669362950149983,-0.022661925827829194,0.4251713595813542,0.29013611979641074,-0.0024359284365752243,0.4172478034111718,0.26441047543818624,0.008848577555961995,0.4195625665061916
461,7.359999999999999,0.288954,0.0013160000000000394,0.38841100000000006,0.30502599999999996,0.07172400000000001,0.4275470000000001,0.3675399999999999,-0.019558999999999993,0.411122,0.313833,-0.07968699999999995,0.39829900000000007,0.23424300000000003,-0.06122099999999997,0.3986120000000001,0.287660871923461,0.023349488330455526,0.4220999545757317,0.2674711757414923,-0.023276650296429335,0.42571289775569504,0.29073077863146424,-0.0030691427034251206,0.41791847070678523,0.26500517621197567,0.008239830045626534,0.42011107118182234
462,7.376000000000001,0.288762,0.0012920000000000154,0.38842,0.30471699999999996,0.071776,0.42755,0.36732899999999996,-0.01954699999999998,0.41129700000000013,0.3136370000000001,-0.079712,0.3984080000000001,0.23406699999999997,-0.061270999999999964,0.39855300000000005,0.28817814261808805,0.022615220788837487,0.4223958079531165,0.2679172395085464,-0.023984920695182405,0.42594497862390973,0.2912323449101599,-0.003808642704312526,0.4182359417652564,0.2655120752359305,0.007532530772001528,0.42032220478620713
463,7.392,0.2885520000000001,0.0012290000000000356,0.38845600000000013,0.304525,0.07174600000000003,0.42749100000000007,0.367083,-0.01952499999999996,0.4113380000000001,0.3134210000000001,-0.07972200000000002,0.39849100000000004,0.23397799999999996,-0.061382999999999965,0.39869600000000005,0.288774001050409,0.0219031392895441,0.422780506702964,0.2684422265097078,-0.024672719941914917,0.426242048913126,0.29181695102528427,-0.004525000099977972,0.41863960050928833,0.2661003802562935,0.006846523232310692,0.4206026151078653
464,7.408,0.288375,0.0011599999999999944,0.388421,0.304367,0.07169900000000001,0.427392,0.3668890000000001,-0.019606999999999986,0.41132,0.3131939999999999,-0.07976,0.3984960000000001,0.23384299999999997,-0.06144399999999994,0.39873000000000014,0.2893010406290467,0.02129946985216294,0.4232601789733031,0.26890508691487836,-0.025257760175838,0.4265923551098002,0.29233148013032173,-0.0051275967720759985,0.41910328273769976,0.2666197824928903,0.006269956840948998,0.42097714441003486
465,7.4239999999999995,0.28814,0.0012380000000000169,0.388147,0.30425699999999994,0.07161000000000001,0.42729800000000007,0.366712,-0.019718999999999987,0.411204,0.31300500000000003,-0.079849,0.39839199999999997,0.23275800000000008,-0.061151999999999984,0.3980770000000001,0.28969233974725894,0.020702783753715343,0.423704182256793,0.2692617897165712,-0.02584793424418466,0.42691311867231735,0.2927246151004148,-0.00572126166187939,0.41952945707977185,0.26701199473331,0.005686971050978151,0.42132399366450796
466,7.440000000000001,0.287996,0.0011269999999999891,0.3880100000000001,0.30408799999999997,0.07139500000000004,0.4272340000000001,0.36657,-0.019880999999999982,0.4110210000000001,0.31281,-0.07994000000000001,0.3981140000000001,0.23272200000000004,-0.06124299999999999,0.39790000000000003,0.29013306961595464,0.020067920617529683,0.4240796317326083,0.2696663751273487,-0.02647550507448454,0.42716150375417894,0.29316862882654543,-0.0063535754675340395,0.41989118032995576,0.26745481926523457,0.005065983685352826,0.42159430919351226
467,7.456,0.2878,0.0011599999999999944,0.38772400000000007,0.30387900000000007,0.07120399999999999,0.42726300000000006,0.36643600000000004,-0.01994899999999994,0.4108130000000001,0.312692,-0.07999899999999999,0.3975350000000001,0.232165,-0.06118800000000002,0.397238,0.29064955594257863,0.019348654701875606,0.42450931603978626,0.2701408302590056,-0.02718512351713745,0.42745442199628103,0.2936878609525877,-0.007070692037256465,0.42030931356477635,0.26797359974463786,0.0043630115534114555,0.421907491920779
468,7.472,0.2877380000000001,0.0010680000000000134,0.3876140000000001,0.30365400000000003,0.07097000000000003,0.4274620000000001,0.3663150000000001,-0.02004699999999998,0.4107250000000001,0.312692,-0.08009099999999997,0.3970100000000001,0.232346,-0.061398999999999926,0.39684300000000006,0.29102984709057217,0.018714290447497922,0.424934400199341,0.27049306209386814,-0.027816346271171966,0.427729807530956,0.2940746198354693,-0.007699737146175473,0.4207057236381679,0.2683585816584655,0.0037410154985713373,0.422222806604958
469,7.4879999999999995,0.287649,0.0010479999999999934,0.387478,0.3033160000000001,0.07079400000000002,0.4277590000000001,0.36617700000000003,-0.020062999999999998,0.410752,0.3126900000000001,-0.08015099999999997,0.396671,0.23224899999999998,-0.06153499999999995,0.3961260000000001,0.29171098150558616,0.017928420796586797,0.42539187940059425,0.27108534448119737,-0.028572233164010252,0.42802745754785115,0.2947287948864335,-0.00848372020186866,0.42113220681663793,0.2690259462916975,0.0029976302969747515,0.4225636907202527
470,7.504000000000001,0.2875560000000001,0.0009860000000000424,0.3874270000000001,0.30302099999999993,0.07069800000000004,0.4279330000000001,0.36599600000000004,-0.02007199999999998,0.41085800000000006,0.31264,-0.08019500000000002,0.3965040000000001,0.23232000000000003,-0.06173099999999998,0.39576100000000003,0.29231646451330123,0.01728101049086267,0.4258968358177069,0.27160998589368085,-0.029193520978100296,0.42835318707738046,0.2953075899368578,-0.00912567381471821,0.421584830143735,0.26961792043034066,0.0023923258713930418,0.42295725325786093
471,7.5200000000000005,0.287433,0.0009620000000000184,0.387416,0.30282000000000003,0.07063000000000003,0.42796100000000004,0.3658440000000001,-0.020067999999999975,0.41096100000000013,0.31254600000000005,-0.080239,0.396529,0.23215499999999994,-0.06172799999999995,0.3956440000000001,0.2929659995226818,0.01656729919067739,0.42628237447353945,0.27214859946277126,-0.02986574681010793,0.42858065370590387,0.2959096535529213,-0.009836606355353224,0.42192096723355693,0.27024223665616065,0.0017361679964382965,0.42324821437630206
472,7.5360000000000005,0.28733100000000006,0.0008560000000000234,0.38739200000000007,0.30273599999999995,0.07067200000000001,0.427779,0.36567900000000003,-0.020148,0.4110060000000001,0.312367,-0.08030699999999996,0.3966860000000001,0.23215499999999994,-0.06185499999999999,0.3957640000000001,0.29378983145896664,0.015744800616536384,0.4265943032925427,0.2728399758329838,-0.030635753607485407,0.42874412484755087,0.2966770475061444,-0.010659556906983001,0.42219804493872526,0.27103655338161936,0.000980130093297368,0.4234588894625367
473,7.552,0.28708300000000003,0.0006710000000000327,0.3873930000000001,0.3027659999999999,0.07064399999999998,0.42740500000000003,0.365574,-0.020363999999999993,0.41106700000000007,0.31218300000000004,-0.08049099999999998,0.3969070000000001,0.23135299999999998,-0.061950000000000005,0.39616700000000016,0.2945461371795307,0.01496232931694417,0.42686667941077655,0.2734680344986327,-0.03136703944201923,0.4288609640857493,0.2973773699755289,-0.011440830761046092,0.42242703314138647,0.2717638181675255,0.0002638308525926361,0.4236327866885349
474,7.568000000000001,0.28707299999999997,0.0005669999999999842,0.38725900000000013,0.30287500000000006,0.070633,0.4271250000000001,0.365442,-0.02056399999999997,0.41097300000000003,0.311949,-0.08060799999999996,0.3969760000000001,0.23139800000000005,-0.061955999999999956,0.39616300000000004,0.2952976597105939,0.014291638809910738,0.4273447605394824,0.2740957608239947,-0.03198952933925198,0.4291355569954411,0.2980766597662727,-0.012105733342079185,0.422838198390093,0.27248899662913545,-0.0003394931121059104,0.42399321672694695
475,7.5840000000000005,0.2869589999999999,0.00042999999999998595,0.3871340000000001,0.30290599999999995,0.07058599999999998,0.42684100000000014,0.36538,-0.02080399999999999,0.4108400000000001,0.311738,-0.08078999999999997,0.39694200000000013,0.23110400000000003,-0.061985999999999986,0.3962350000000001,0.2960385675340125,0.013531918744557468,0.42773645612381733,0.2747238641976924,-0.032704355089315164,0.4293378296714766,0.2987729047125454,-0.012860709598131632,0.42317512193246465,0.2732084300626719,-0.0010382109640582962,0.42426743290047425
476,7.6000000000000005,0.28697900000000004,0.00029000000000001247,0.38694700000000004,0.303038,0.07048200000000004,0.42650900000000014,0.36529399999999995,-0.021017000000000008,0.41066500000000006,0.311645,-0.08097799999999994,0.39696600000000004,0.23107700000000003,-0.06196299999999999,0.3961770000000001,0.2967110941156881,0.012885552723618982,0.42831981570599154,0.27528538608514574,-0.033306891762498195,0.42968769778506954,0.29939882920187816,-0.01349660577295934,0.42367105313791964,0.27385833974921825,-0.0016191570757825957,0.4247277424451542
477,7.616,0.28697900000000004,0.00015799999999999148,0.3868650000000001,0.30308000000000007,0.07045000000000001,0.4263410000000001,0.365269,-0.021206999999999976,0.41058800000000006,0.3115510000000001,-0.08114899999999997,0.396945,0.23111699999999996,-0.062041999999999986,0.39620500000000014,0.2972483192089682,0.012209565604923955,0.42875921830449054,0.2757368720842188,-0.033948652283510065,0.4299213532184695,0.299901520233224,-0.014162287505029259,0.4240327938505968,0.27437947294384224,-0.0022426479378482244,0.42505957331795013
478,7.632,0.2869840000000001,2.8000000000028002e-05,0.3867870000000001,0.30312900000000004,0.07039200000000007,0.42612400000000006,0.3652,-0.021304999999999963,0.4106000000000001,0.31150800000000006,-0.08132399999999995,0.39707900000000007,0.23107700000000003,-0.06208999999999998,0.396219,0.297663966312093,0.011655735353739772,0.42932624563556243,0.27608878803737313,-0.03447798850438573,0.43025640636984697,0.30029258292426897,-0.014700530409703915,0.42450018824268515,0.27478417241382225,-0.0027510151513688735,0.42551854949925005
479,7.648000000000001,0.286986,-6.60000000000105e-05,0.38682400000000006,0.30316099999999996,0.07044899999999998,0.4259630000000001,0.36513999999999996,-0.021392999999999995,0.41075700000000004,0.3114160000000001,-0.08143099999999998,0.39743300000000004,0.23103800000000002,-0.06210999999999994,0.3963890000000001,0.2980605230178553,0.011071149970016481,0.4298181639761213,0.27642565109518813,-0.03503845786882532,0.4305325696265253,0.30066698050258395,-0.015270715754658165,0.42490230293557757,0.27517131498756625,-0.0032928832418737453,0.42590706637517206
480,7.664000000000001,0.286963,-0.00019000000000002348,0.38685500000000006,0.30310299999999996,0.07050600000000001,0.42562500000000003,0.36502399999999996,-0.02140599999999998,0.411022,0.31136199999999997,-0.08158299999999996,0.39800100000000005,0.23096299999999997,-0.06206299999999998,0.39666800000000013,0.29832942523901795,0.010489422528526636,0.43013150532960465,0.27666366035373835,-0.03560821407169515,0.4306573621589854,0.30093120474858465,-0.015839536398737974,0.4251445357651859,0.27544075282801955,-0.003848375776377673,0.4261222418261452
481,7.68,0.286932,-0.00025999999999998247,0.3869530000000001,0.30316800000000005,0.07070399999999999,0.425296,0.3648780000000001,-0.021364999999999967,0.41128600000000004,0.3111749999999999,-0.08158499999999996,0.3987780000000001,0.230906,-0.06206600000000001,0.3970680000000001,0.29880714699787503,0.009869721500964851,0.4305174303108195,0.2770751004933705,-0.03619855071944719,0.4308436862646307,0.301386811131162,-0.016448213444109072,0.42546126245040244,0.27591043549118266,-0.004423902229895305,0.4263978548921409
482,7.696,0.2868730000000001,-0.00031999999999998696,0.3869870000000001,0.30308000000000007,0.07091000000000003,0.42476400000000014,0.3647670000000001,-0.02138399999999996,0.4116630000000001,0.310992,-0.08159899999999998,0.39947100000000013,0.230752,-0.06188899999999997,0.3975320000000001,0.2992771002459025,0.009217429160039956,0.43073395482868526,0.2774652719540602,-0.036814030007511815,0.43088530564146965,0.3018279155049511,-0.017093312838729776,0.4256259809412419,0.2763692901602428,-0.005027377588422418,0.42650835468330983
483,7.712000000000001,0.286858,-0.00047600000000003195,0.3870000000000001,0.30314599999999997,0.07109900000000002,0.42421700000000007,0.36465700000000006,-0.021376000000000006,0.41187000000000007,0.3108640000000001,-0.08167399999999997,0.40025200000000005,0.23071400000000003,-0.06195799999999996,0.39797800000000005,0.2999521789614951,0.008478018446601857,0.4309688958182338,0.2780225219247089,-0.0374976651423239,0.43094331505907796,0.30245562187670016,-0.01782890276694897,0.42581798618198874,0.27702464342467226,-0.005699624525773815,0.42662602432970714
484,7.728000000000001,0.28677499999999995,-0.0005809999999999427,0.38700900000000005,0.30314099999999994,0.07117800000000002,0.4237810000000001,0.3645570000000001,-0.02142999999999995,0.412022,0.310702,-0.08174799999999999,0.40069100000000013,0.23055300000000006,-0.06189599999999995,0.3983880000000001,0.3006271513664642,0.007695767614002002,0.43109809658136944,0.2785730759147677,-0.03821998294999893,0.43090941772549335,0.30307818064155667,-0.018608647824812925,0.4259093217586104,0.27767739919967765,-0.006411705713444549,0.42664545123183295
485,7.744,0.28674400000000005,-0.0007569999999999522,0.38698900000000014,0.3031810000000001,0.07126300000000002,0.42334400000000005,0.36452,-0.021541000000000032,0.41215,0.31052700000000005,-0.08187699999999998,0.4011520000000002,0.230485,-0.06198799999999999,0.39871900000000005,0.301278086551289,0.006965586646026756,0.4313274841646851,0.27909717980459264,-0.038887962550074234,0.43096225052653664,0.30367136529383376,-0.01933292550315882,0.4260821361451494,0.2783025026297874,-0.007067092251803797,0.42677287713150364
486,7.76,0.286653,-0.0010419999999999874,0.386891,0.30311400000000005,0.07121300000000003,0.422767,0.364381,-0.02176,0.41219000000000006,0.31034,-0.08209999999999995,0.4016350000000001,0.2304009999999999,-0.06209599999999993,0.39901700000000007,0.30181226151360424,0.006334399697601976,0.43164516754932436,0.279530451206425,-0.03946830675588311,0.43109108762180515,0.3041581626782616,-0.019952975001008084,0.4263231491890631,0.2788151936185941,-0.007632902289791206,0.42699895164436014
487,7.776000000000001,0.28655800000000003,-0.0013479999999999603,0.3866520000000001,0.30314900000000006,0.07105800000000007,0.4219180000000001,0.364233,-0.021975999999999996,0.41220100000000015,0.31007,-0.08234599999999997,0.4021000000000001,0.23011500000000001,-0.06210399999999999,0.399247,0.302267782604581,0.005719918987126324,0.4320025617316358,0.27989357889831373,-0.04003501136375747,0.4312573431787527,0.3045671976881027,-0.020553213730750884,0.42659068703714137,0.2792484794909597,-0.008183952540930453,0.42727688511290646
488,7.792000000000001,0.2863379999999999,-0.0016719999999999513,0.3866210000000001,0.30315200000000003,0.07106500000000004,0.421366,0.36403899999999995,-0.022307999999999995,0.4121410000000001,0.30954600000000004,-0.082571,0.40269900000000003,0.22989900000000002,-0.062319999999999987,0.39970800000000006,0.30270322838887315,0.005167146230924383,0.4324523686168558,0.2802444408307751,-0.0405425478499094,0.43150330484021326,0.3049590531992909,-0.02108857499569835,0.4269386078729533,0.27966278408606443,-0.00867480545881665,0.42764859108679387
489,7.808,0.286179,-0.002134999999999998,0.38640700000000017,0.303333,0.07085100000000005,0.4202990000000001,0.36383100000000007,-0.022743000000000013,0.41209000000000007,0.309043,-0.08287299999999997,0.4033780000000001,0.229539,-0.06243599999999999,0.400238,0.30308197151368904,0.004561818880469691,0.43279115290411074,0.2805409536462387,-0.041103176922506424,0.43165772209070163,0.30529546480817654,-0.02167825113125946,0.4271864786529846,0.28002114607964534,-0.00922095429458167,0.4279155531752636
490,7.824,0.285923,-0.0025129999999999875,0.38621800000000006,0.30326900000000007,0.07079400000000002,0.41942,0.363605,-0.023164000000000018,0.4120100000000001,0.308525,-0.08315699999999998,0.40390100000000007,0.229165,-0.06252200000000002,0.40066800000000014,0.30347766166542145,0.0039948709761621765,0.43322659463671287,0.28085516421937934,-0.041624574618708374,0.43189889492827244,0.3056518141469604,-0.022229396061972564,0.4275332582206874,0.280399173720977,-0.009728533434746653,0.42826781006959697
491,7.840000000000001,0.28576700000000005,-0.0032019999999999826,0.3859950000000001,0.303351,0.07040099999999999,0.4182600000000001,0.36335100000000004,-0.023656999999999984,0.41188500000000006,0.308193,-0.08361199999999996,0.4046010000000001,0.22907000000000005,-0.06293599999999999,0.40130100000000013,0.30376763455489625,0.0034646234404290214,0.4335200511305861,0.28109139087384444,-0.0421225916022065,0.4320141325506511,0.30592190122588525,-0.02274633825822695,0.42775829599970105,0.2806832604427883,-0.010215986590200376,0.42847123346182725
492,7.856000000000001,0.2855130000000001,-0.003652999999999962,0.38580400000000004,0.30324999999999996,0.07040200000000002,0.41742900000000005,0.363092,-0.024065000000000003,0.41183000000000014,0.30780499999999994,-0.08411599999999997,0.4051990000000001,0.228609,-0.06311699999999998,0.401621,0.30410822079700245,0.0028665678276369178,0.43376495757600836,0.28137234429760016,-0.04268487231245416,0.4320856081296595,0.30624215947379657,-0.023333645041418688,0.4279470239577657,0.28101921286653186,-0.010769394341761745,0.42861750895444045
493,7.872,0.28486300000000003,-0.0040639999999999565,0.385463,0.30302099999999993,0.06974200000000003,0.4165660000000001,0.362709,-0.024561,0.41165000000000007,0.307039,-0.084291,0.4049170000000001,0.22725100000000004,-0.06325699999999995,0.4018320000000001,0.30428063714732123,0.002333545770732113,0.4338885057741566,0.2815207925693953,-0.04319971481576656,0.4320484925280132,0.3064140479429445,-0.02385541192531487,0.42801992388257476,0.28119726826885383,-0.011276615235252054,0.428648317092241
494,7.888,0.284584,-0.004705999999999988,0.385228,0.302861,0.06943800000000006,0.4158280000000001,0.36238300000000007,-0.025221999999999967,0.411574,0.30664300000000005,-0.08490500000000001,0.4052840000000001,0.226813,-0.06369000000000002,0.4019800000000001,0.3045708157630811,0.001761218015684674,0.4339792405239631,0.2817695190189304,-0.04374468033601432,0.431982223852689,0.3066940025502054,-0.02441799771871701,0.4280636727874681,0.2814884767421145,-0.01181444633719737,0.4286458605909996
495,7.904000000000001,0.28412599999999993,-0.005394999999999983,0.38492000000000004,0.30251900000000004,0.068749,0.41512800000000016,0.361971,-0.02588199999999996,0.41135600000000005,0.306198,-0.08563300000000001,0.40542200000000006,0.2259980000000001,-0.06401499999999999,0.40196600000000005,0.3048679178326747,0.0010987182696536259,0.4339161783475114,0.2820045654473012,-0.04436964012015141,0.4317785402504967,0.30696490846942753,-0.02507117280702837,0.4279502223008752,0.28177660819382,-0.012432143452959099,0.4285082971527774
496,7.920000000000001,0.2838110000000001,-0.0061229999999999896,0.384671,0.30230399999999996,0.06820399999999999,0.4145500000000001,0.36158000000000007,-0.026621000000000006,0.411154,0.30575099999999994,-0.08627099999999999,0.40568000000000004,0.2256470000000001,-0.06460799999999994,0.40194200000000013,0.3053187943125361,0.0005170063315021469,0.43410667935348696,0.28237083001331426,-0.04490033842172028,0.43179805992103276,0.30737770495569516,-0.025641230780997504,0.42807669441352597,0.2822131476573893,-0.01295398258675409,0.42861126953965073
497,7.936,0.283472,-0.00690799999999997,0.3844310000000001,0.302093,0.06755300000000003,0.41371900000000006,0.361199,-0.027397000000000005,0.4110030000000001,0.305263,-0.087001,0.4059870000000001,0.225285,-0.06501499999999999,0.4022220000000001,0.30593966663353317,-0.00014642106417333788,0.43438298991236335,0.2828747244509704,-0.04549491910015818,0.4318937808832457,0.30794256862349334,-0.026293513779810703,0.42828617710689687,0.28281116732447686,-0.01353963786153006,0.428794408487684
498,7.952,0.2831470000000001,-0.007679999999999965,0.384074,0.301981,0.06704700000000002,0.41283100000000006,0.36082200000000003,-0.028094000000000008,0.4106930000000001,0.30487000000000003,-0.08773399999999998,0.4063570000000001,0.22471799999999992,-0.06555300000000003,0.40225600000000006,0.3065854651481528,-0.0007687349805128962,0.4348355477744401,0.2834044545763441,-0.0460464737931563,0.4321446166197901,0.30853488590160566,-0.026903009224750096,0.42866686325507686,0.28343693707457823,-0.014082088726647107,0.42914009003449416
499,7.968000000000001,0.28285199999999994,-0.008323999999999943,0.38382800000000006,0.30193700000000007,0.06646099999999999,0.4119170000000001,0.360528,-0.028745999999999994,0.41030200000000006,0.304417,-0.08835399999999999,0.40675400000000006,0.224389,-0.06567400000000001,0.40266,0.30734663937722556,-0.0014368803131204996,0.4353674277086963,0.28403942580172364,-0.04663709268929427,0.4324711214248148,0.3092375296276055,-0.02755868805786221,0.4291281253074503,0.2841765168146096,-0.014664287211987172,0.42956061223242564
500,7.984000000000001,0.28252499999999997,-0.009138999999999953,0.383397,0.30179800000000007,0.06597700000000001,0.4107700000000001,0.360231,-0.029469999999999996,0.40993100000000016,0.3040120000000001,-0.08893399999999996,0.40701300000000007,0.22397000000000006,-0.06634299999999999,0.40285000000000015,0.30793160766155686,-0.00208867010369892,0.4357765309057514,0.2845224025189839,-0.04722334273553632,0.4326871240686496,0.30977647925387175,-0.02819747853473833,0.4294694102183397,0.2847459096457582,-0.01524295283750845,0.4298666889375194
501,8.0,0.28229300000000007,-0.009767999999999999,0.38317600000000007,0.30182100000000006,0.065386,0.410011,0.35997000000000007,-0.030117999999999978,0.4095670000000001,0.3036330000000001,-0.08960400000000002,0.4072840000000001,0.22371500000000005,-0.06650199999999995,0.40316700000000005,0.30857548679522173,-0.002511797556495014,0.43647661252173564,0.28508070288231724,-0.04758675245082859,0.4331724388345572,0.3103836093663925,-0.028603587896578506,0.4300889392471252,0.2853791920202638,-0.015597818958772757,0.43045781435410496
502,8.016,0.28192999999999996,-0.010565999999999964,0.3828030000000001,0.30156,0.064699,0.40901900000000013,0.359632,-0.03078599999999998,0.409257,0.30321400000000004,-0.090165,0.40749900000000006,0.22332500000000005,-0.067075,0.40331800000000007,0.3088228135516546,-0.0030618100067021136,0.436676672578844,0.2852853178190245,-0.048101774466549986,0.433203649445119,0.31061534256873785,-0.029138386364832045,0.4302228205966585,0.28562453308579805,-0.016106036905739116,0.43057536887847087
503,8.032,0.2816910000000001,-0.011155999999999944,0.3826330000000001,0.30148,0.06433900000000004,0.40853300000000015,0.35928999999999994,-0.031435999999999964,0.40908900000000004,0.30287099999999995,-0.09079699999999996,0.40760300000000005,0.22311200000000003,-0.06750299999999998,0.40344,0.3090242984570507,-0.003503047115261864,0.4369476085917316,0.28546290353421655,-0.04851671076297273,0.433300041197382,0.3108114237417986,-0.029562148945708494,0.43042207449455205,0.28582883738886633,-0.01651377620945424,0.43076460826161966
504,8.048,0.28136900000000004,-0.011876999999999971,0.3823620000000001,0.30107600000000007,0.06354600000000005,0.40807400000000005,0.35900499999999996,-0.03207599999999999,0.40894200000000014,0.302545,-0.09138599999999997,0.40753400000000006,0.22277700000000006,-0.06810699999999997,0.403281,0.30916039673494367,-0.003980950334864861,0.43721035802838776,0.2855851542978541,-0.04897306946608384,0.4333905211588376,0.3109479802525865,-0.0300223924274065,0.4306148262716091,0.2859708478057289,-0.016963290968547144,0.430946043944557
505,8.064,0.281136,-0.012427999999999995,0.38206400000000007,0.3007830000000001,0.06301400000000001,0.40793100000000015,0.35872699999999996,-0.03258599999999995,0.40873500000000007,0.30232699999999996,-0.09198400000000001,0.407315,0.22243399999999997,-0.06873400000000002,0.4027290000000001,0.3093199805042904,-0.004488665338985809,0.43744263970439845,0.285726849509185,-0.04945619109828502,0.4334476690499528,0.3111064218253681,-0.030512660888770242,0.4307782955297952,0.28613619770179044,-0.01743995378651541,0.43109328372716105
506,8.08,0.280866,-0.012890999999999986,0.3817980000000001,0.300364,0.06248200000000004,0.40800800000000015,0.35846300000000003,-0.033030000000000004,0.408486,0.30216099999999996,-0.09248099999999998,0.40661400000000014,0.222292,-0.06945799999999996,0.4021990000000001,0.309711928555368,-0.005036631365216846,0.4378734614045188,0.28606555490648716,-0.04995920192220768,0.4336918754129338,0.31147840554188133,-0.031044141270217016,0.43113980059899404,0.2865259136511001,-0.017937033286955287,0.43142936938725523
507,8.096,0.28062099999999995,-0.013434999999999975,0.3814430000000001,0.29981399999999997,0.06189500000000003,0.40803100000000003,0.35822000000000004,-0.03345099999999995,0.4082770000000001,0.302096,-0.09309,0.406131,0.222034,-0.07021499999999997,0.4013700000000001,0.3099281809012106,-0.00553735470681393,0.43817459837189193,0.2862441163946332,-0.05042318682104526,0.4338155666609902,0.3116829916170008,-0.031528433147829237,0.4313747688835032,0.28674380604661925,-0.0183955272885575,0.43164082922459435
508,8.112,0.2804400000000001,-0.013988999999999974,0.38118700000000005,0.29943899999999996,0.06129100000000004,0.408127,0.3580320000000001,-0.03394699999999995,0.408065,0.3020650000000001,-0.09365399999999996,0.40545300000000006,0.22200400000000003,-0.071075,0.4008210000000001,0.3103397494839668,-0.006141925711731793,0.4384609474398468,0.2865798307390432,-0.05097027437586514,0.4339266987835808,0.3120609018865508,-0.03211840027025166,0.4315970124048925,0.28714650305267997,-0.018938039747554664,0.43183744652491485
509,8.128,0.2802630000000001,-0.014274999999999982,0.380819,0.29905299999999996,0.06090500000000004,0.4080530000000001,0.35787699999999995,-0.034284999999999954,0.4076820000000001,0.30199500000000007,-0.09401999999999999,0.404795,0.22194500000000011,-0.07141700000000001,0.4001990000000001,0.31064467366631154,-0.006720930642024643,0.4385629949082779,0.28682376059501685,-0.05150031842846012,0.4338678353244957,0.31233967474194224,-0.032683340477457634,0.4316395963832003,0.2874457109952112,-0.01946403919984918,0.4318578257024576
510,8.144,0.280125,-0.014815000000000023,0.38042200000000015,0.298846,0.06046600000000002,0.4077020000000001,0.35776800000000003,-0.03455899999999995,0.407204,0.302062,-0.09452899999999997,0.4044650000000001,0.22186100000000003,-0.07222,0.3997470000000001,0.31117689882454797,-0.007336032688553688,0.43867856460366583,0.2872507058720283,-0.052042138069535206,0.43382311137469753,0.3128192999672188,-0.033285331422787286,0.43169360834507126,0.2879589557863281,-0.020002640814889432,0.4318946027480751
511,8.16,0.28001899999999996,-0.015063999999999966,0.38003700000000007,0.298789,0.060243000000000047,0.40713600000000005,0.357709,-0.034804,0.40665300000000004,0.30200699999999997,-0.09477799999999997,0.4041060000000001,0.22186699999999998,-0.07236499999999996,0.39963800000000016,0.31156189939879286,-0.007933858494565718,0.4385991972836837,0.28756530427571453,-0.052585962326050624,0.4335964940627571,0.313171260617685,-0.033870047406699834,0.4315580850542386,0.2883342888168985,-0.020543465187385018,0.431742528667033
512,8.176,0.2799310000000001,-0.01539299999999999,0.37963100000000005,0.29878,0.06001000000000006,0.40639500000000006,0.35771900000000006,-0.034992999999999996,0.40610400000000013,0.30198600000000003,-0.09496699999999997,0.4040020000000001,0.22179300000000007,-0.07266499999999998,0.399583,0.31198628743699147,-0.00850854397376468,0.4385581573033103,0.28791939708481357,-0.05310609200332022,0.4334086435279078,0.31356215629923373,-0.03443110003429286,0.43145950074983386,0.28874860386770074,-0.021060786745582226,0.4316307304692573
513,8.192,0.279819,-0.01575099999999996,0.3791350000000001,0.298777,0.05970800000000004,0.405324,0.35772299999999996,-0.03523399999999999,0.40540300000000007,0.301935,-0.09520999999999996,0.403876,0.22178099999999995,-0.072743,0.3997290000000001,0.31228891666857334,-0.008968126641438435,0.43846762917350446,0.2881791155247622,-0.05352565827376264,0.43317443947015566,0.31384627472957755,-0.03487556117600392,0.43130992898744946,0.28904780762409316,-0.021477198702832892,0.431473921619159
514,8.208,0.2797899999999999,-0.015876999999999974,0.37883500000000014,0.2989629999999999,0.059728,0.404861,0.35773800000000006,-0.035428000000000015,0.404829,0.30187800000000004,-0.09529699999999997,0.4035820000000001,0.22182799999999997,-0.07291299999999995,0.3997240000000001,0.3126582455271871,-0.009510935625970836,0.4383735571053411,0.2884909565555047,-0.05402040458731353,0.4329400214117248,0.31418799177657486,-0.035403553632534814,0.4311565349060495,0.2894089240164855,-0.021969304199468583,0.43131692330520666
515,8.224,0.279699,-0.01618799999999998,0.3783900000000001,0.2989180000000001,0.059307,0.4041690000000001,0.35771500000000006,-0.03564099999999998,0.40419800000000006,0.3018880000000001,-0.09553800000000001,0.40329800000000005,0.22179,-0.07304100000000002,0.39958400000000005,0.3130483929494836,-0.010023303994020327,0.43823508426096675,0.2888294353446263,-0.05448774498561449,0.43266466475840787,0.3145540602924131,-0.035901500902385676,0.43096149567824293,0.2897928439328702,-0.02243430590328422,0.4311157830063191
516,8.24,0.27968299999999996,-0.016337999999999964,0.3781190000000001,0.29895600000000006,0.059305,0.403921,0.35770299999999994,-0.03575199999999995,0.40373500000000007,0.30196000000000006,-0.09577699999999995,0.40298200000000006,0.22186199999999995,-0.07330499999999995,0.3993660000000001,0.31339132875466363,-0.010624161918312615,0.4378741907125797,0.28911448547066676,-0.05504133921629997,0.43218005033507395,0.31486861989739795,-0.03648950372679888,0.4305492399102743,0.29012703022889025,-0.02298622909577114,0.43069855917145466
517,8.256,0.2795990000000001,-0.01648999999999995,0.3778030000000001,0.2987659999999999,0.05902600000000002,0.40368100000000007,0.3576660000000001,-0.03588399999999997,0.4033380000000001,0.30195600000000006,-0.09590100000000001,0.40255600000000014,0.22189599999999993,-0.07344399999999995,0.3990230000000001,0.31389618754588766,-0.011308229027825724,0.43751406844036883,0.28952792499775326,-0.05565957240160991,0.4316985620203563,0.31532615520669427,-0.037162738007502784,0.43014163613106476,0.29061483007314504,-0.023604043360389022,0.43028016749165604
518,8.272,0.279533,-0.016715999999999953,0.37753100000000006,0.298545,0.05876199999999998,0.40344800000000003,0.35769600000000007,-0.036044999999999994,0.403142,0.3019990000000001,-0.096055,0.40205900000000006,0.22191500000000003,-0.07378599999999996,0.3987630000000001,0.3142823432046926,-0.011927598113981884,0.43712484786230943,0.2898397309388558,-0.05622225901438296,0.43119056484447416,0.3156750356963659,-0.037771187491233336,0.4297071328522759,0.29098905115814433,-0.02416628486084104,0.42983272394970673
519,8.288,0.27954300000000004,-0.016861000000000015,0.37720700000000007,0.29846100000000003,0.05866300000000002,0.40329000000000004,0.357682,-0.036113000000000006,0.402861,0.30208000000000007,-0.09622399999999998,0.4017400000000001,0.22190700000000002,-0.07408900000000002,0.39821700000000004,0.3149227808214438,-0.012676256818279734,0.43677946993445094,0.290355961315382,-0.056886156437171084,0.43072718535427296,0.31624997304258157,-0.038511504727950494,0.42932080205738143,0.29160537061190167,-0.024831605860387008,0.4294252976768296
520,8.304,0.27953500000000003,-0.01695399999999997,0.376977,0.298375,0.058564000000000005,0.4030830000000001,0.35771000000000003,-0.036179999999999934,0.40260300000000004,0.30214,-0.09631,0.4014470000000001,0.221972,-0.07420700000000002,0.397992,0.3153476428248567,-0.013249932858149547,0.43651797617585186,0.29070204707571634,-0.05739975338855896,0.4303485393378644,0.31663554510308745,-0.039075208894905844,0.42901800113632726,0.2920184990759747,-0.025345649154699505,0.4291029456278592
521,8.32,0.2795410000000001,-0.016923999999999995,0.37675100000000006,0.29843800000000004,0.058697,0.40290100000000006,0.3577350000000001,-0.036156999999999995,0.40219499999999997,0.30221500000000007,-0.09633999999999998,0.40113600000000005,0.22204399999999996,-0.07427499999999998,0.3978060000000001,0.3157731141670181,-0.01382237670584086,0.43630325718206836,0.29106006008078705,-0.0579184118307449,0.4300200543690456,0.3170282373339584,-0.03963778493791418,0.4287638564171776,0.2924354387811583,-0.02586472908912663,0.4288284571532186
522,8.336,0.279514,-0.016993999999999954,0.37653800000000004,0.298398,0.058640000000000025,0.402529,0.35778099999999996,-0.03612899999999997,0.4018360000000001,0.30230399999999996,-0.09633399999999998,0.40092000000000005,0.22216399999999997,-0.07435399999999998,0.3978370000000001,0.3159851605046834,-0.014290608133630315,0.4365713257009012,0.29123347292814367,-0.0583492863335291,0.43017907797522115,0.31722304987181354,-0.04009459429032506,0.4289900904066844,0.2926450270596996,-0.026295140764455386,0.4290435540587688
523,8.352,0.2795220000000001,-0.017079999999999984,0.3761780000000001,0.29839,0.058553999999999995,0.401868,0.35785400000000006,-0.03609499999999999,0.401444,0.3023930000000001,-0.09631099999999998,0.4007170000000001,0.222246,-0.07433399999999996,0.397799,0.3161180971710141,-0.014684397653281412,0.4371698826615692,0.2913416265600605,-0.05871376532651112,0.43067255398314797,0.3173460978395527,-0.040476325414592555,0.4295461252572573,0.2927782267911989,-0.026658783848628485,0.4295934385940402
524,8.368,0.279542,-0.01710600000000001,0.37589700000000004,0.29835699999999993,0.05856899999999998,0.40145300000000006,0.35796900000000004,-0.036022,0.40103900000000003,0.302522,-0.09628299999999995,0.4004620000000001,0.22239499999999995,-0.074376,0.397714,0.3160318877094637,-0.015038668683722634,0.4377712730137632,0.2912649668982927,-0.05905894593444707,0.4311766678020875,0.3172692780456339,-0.040817906115906404,0.4301062235802975,0.29270041038563055,-0.027002130998172773,0.4301518429728431
525,8.384,0.279622,-0.01707599999999998,0.375618,0.29848900000000006,0.058740000000000014,0.4011450000000001,0.35805800000000004,-0.035970999999999975,0.40060700000000005,0.30264700000000005,-0.09630099999999997,0.4002110000000001,0.222543,-0.07441599999999998,0.397512,0.3160170518527371,-0.0153656170407784,0.43834168887631314,0.2912586699688154,-0.05937629971639268,0.431651671648263,0.3172631996640098,-0.04113241996252331,0.43063635416127055,0.29269367155563775,-0.027317812723658706,0.4306799052272337
526,8.4,0.2797140000000001,-0.017073999999999978,0.3752630000000001,0.2984790000000001,0.058719999999999994,0.400891,0.358196,-0.035904999999999965,0.4002610000000001,0.302853,-0.096302,0.399911,0.22254200000000007,-0.07446199999999997,0.39700500000000005,0.3159161854664453,-0.01569519206233958,0.4388474503537832,0.291175157241951,-0.05970193867734345,0.43206793943094013,0.31717606825840894,-0.04145008344766874,0.4311046171948654,0.2926030530046977,-0.027641672335110785,0.43114566856489916
527,8.416,0.27981799999999996,-0.01699099999999998,0.374993,0.29861,0.05874400000000002,0.400795,0.35829800000000006,-0.03584799999999999,0.39988400000000013,0.30296700000000004,-0.096223,0.39939,0.22273900000000008,-0.07451399999999997,0.39665400000000006,0.31592728966473427,-0.016016100326177007,0.4393120037844922,0.29118337113966936,-0.06000763279778826,0.4324448675240523,0.3171890081567103,-0.041759886640567845,0.4315326250887084,0.29261886794199676,-0.027946352500075045,0.43157090963233846
528,8.432,0.279927,-0.016952000000000023,0.37463900000000006,0.298591,0.05875400000000003,0.40061800000000003,0.358446,-0.03573799999999999,0.39951900000000007,0.30321500000000007,-0.09623399999999999,0.398872,0.222875,-0.07459199999999999,0.39614300000000013,0.3160263254999524,-0.016417030251991975,0.4396893140280836,0.2912569637551252,-0.06038141530248647,0.4327405328773298,0.31727666569662133,-0.04215136281455769,0.43187688948775754,0.2927165210620743,-0.028320052560855728,0.4319105573284011
529,8.448,0.2800850000000001,-0.016893999999999965,0.3743620000000001,0.29869000000000007,0.05872500000000003,0.4005000000000001,0.35862199999999994,-0.03566999999999998,0.3991230000000001,0.30344600000000005,-0.09618899999999997,0.398409,0.2231570000000001,-0.07460499999999998,0.39578,0.3161616323230858,-0.01678369996840212,0.4400681562326111,0.2913585428208781,-0.06071679858054807,0.4330422334408165,0.31739554267262693,-0.042509338268928,0.4322245473995398,0.2928479461444231,-0.028655760014175913,0.43225379727984603
530,8.464,0.28024199999999994,-0.016893999999999965,0.3739610000000001,0.29873600000000006,0.05880300000000005,0.40029000000000003,0.35879200000000006,-0.03555799999999998,0.398664,0.303776,-0.09625699999999998,0.3978940000000001,0.22336099999999998,-0.07481099999999996,0.3952030000000001,0.3164042991820417,-0.01722949404424843,0.44031159808232273,0.291548290916019,-0.06112118050948671,0.4332142249124835,0.3176103766835888,-0.04294776214766969,0.43243954224745784,0.29308136889851755,-0.029061287836235385,0.4324638240371519
531,8.48,0.28041,-0.01674899999999996,0.3736140000000001,0.298885,0.05879100000000004,0.39994600000000013,0.359021,-0.03538199999999997,0.398135,0.304024,-0.09608899999999998,0.39735700000000007,0.223702,-0.074625,0.39498200000000006,0.31662859833552065,-0.01769602042968011,0.4405165564012858,0.2917223800131301,-0.061548767671370054,0.4333547939206391,0.31780812000256026,-0.04340769958861452,0.4326189945172974,0.2932967575713547,-0.02949009524461455,0.4326385500147929
532,8.496,0.28059400000000007,-0.016739999999999977,0.37314800000000015,0.299024,0.058919000000000055,0.3994460000000001,0.35925999999999997,-0.03529100000000002,0.3975670000000001,0.30436500000000005,-0.09606100000000001,0.3969070000000001,0.22393100000000005,-0.07472499999999999,0.3945860000000001,0.3168567890734549,-0.018140321235978973,0.4406374729488763,0.291902228557163,-0.06195569664666645,0.4334155077970236,0.3180106134445224,-0.04384579735245381,0.4327159587506629,0.29351624815181787,-0.02989829527816995,0.4327313250424152
533,8.512,0.280747,-0.016786999999999996,0.3726980000000001,0.299139,0.05874499999999999,0.3987250000000001,0.35955700000000007,-0.03519800000000001,0.39696600000000004,0.30462800000000007,-0.09597399999999995,0.3965000000000001,0.22422999999999998,-0.07464700000000002,0.3944980000000001,0.31710493615660307,-0.018540664910476175,0.44074675232861915,0.29210296837794053,-0.06231988166986404,0.433469680065368,0.3182333476018653,-0.04424048106471861,0.4328032431862586,0.29375559951887004,-0.03026383291476586,0.4328149310162533
534,8.528,0.280954,-0.016647999999999996,0.37238300000000013,0.299499,0.05907600000000002,0.39832500000000015,0.35981899999999994,-0.035116999999999954,0.396425,0.304866,-0.09585499999999997,0.396127,0.22446799999999995,-0.07460499999999998,0.39438300000000015,0.3173759312273672,-0.0189967600277822,0.44093613196175746,0.292328862021474,-0.06274182247838658,0.4336089340673884,0.31848008250600046,-0.04469148847948238,0.43297277965298037,0.29401816317161744,-0.030687152738645175,0.43298079610901774
535,8.544,0.281074,-0.01666200000000001,0.3719800000000001,0.29961600000000005,0.05912300000000004,0.39775000000000005,0.36001200000000005,-0.035049,0.39582400000000006,0.3051190000000001,-0.09580299999999997,0.39571500000000015,0.224763,-0.07464099999999996,0.39425600000000005,0.3176412336342605,-0.019493896682321828,0.44105271781288213,0.29253402408291496,-0.06319691283365474,0.433680580984493,0.3187119024820576,-0.04518434292598079,0.43307099868311755,0.294270464075052,-0.031144291825641636,0.43307691678570187
536,8.56,0.281251,-0.016619999999999968,0.37154600000000004,0.299881,0.059143,0.39742900000000003,0.3601710000000001,-0.034963999999999995,0.3952220000000001,0.3053780000000001,-0.09585299999999997,0.3953650000000001,0.22480799999999995,-0.07461899999999999,0.39370400000000005,0.31779215172609565,-0.01998324691399575,0.44116472290127146,0.29264799727858226,-0.06365818295467368,0.43375220291427596,0.31884273762298937,-0.04566935364913183,0.433166386179748,0.2944142493241685,-0.03160678195961519,0.4331706569058276
537,8.576,0.28137000000000006,-0.016604000000000008,0.37122200000000005,0.299938,0.059141,0.39710900000000016,0.36032100000000006,-0.034945000000000004,0.3947100000000001,0.305572,-0.09583699999999995,0.3949560000000001,0.22515499999999994,-0.07458599999999999,0.39346800000000004,0.3180279261617875,-0.020566581935992367,0.4413554543617294,0.29282629170590424,-0.06420221351962349,0.4339067450342703,0.31904611091035423,-0.046249282534498865,0.4333420037921132,0.29463709368058005,-0.032152940859993484,0.4333452595120021
538,8.592,0.28145000000000003,-0.016699999999999993,0.3708560000000001,0.29990900000000004,0.058885999999999994,0.396722,0.3604930000000001,-0.03493199999999996,0.3943610000000001,0.30571699999999996,-0.09582199999999996,0.39440700000000006,0.22536800000000007,-0.07471599999999995,0.39318700000000006,0.3181673861892418,-0.021105022381137487,0.44155008579715893,0.2929330003492345,-0.06471619835682677,0.4340691035828753,0.3191675564451199,-0.04678422665556462,0.43352317309438676,0.29476997181485326,-0.03266810678693447,0.43352549493980924
539,8.608,0.281569,-0.016618999999999995,0.3707020000000001,0.300055,0.05906600000000001,0.39673100000000006,0.36057100000000003,-0.034916999999999976,0.39401600000000003,0.3059,-0.095866,0.39400000000000013,0.22565300000000005,-0.07475500000000002,0.392988,0.31835944405174005,-0.021685995956038814,0.4418954059651137,0.2930796688233974,-0.06526593845433218,0.4343857075793431,0.31933399052468375,-0.0473624175745661,0.43385644880102064,0.2949518617943856,-0.0332196180903535,0.43385807854001046
540,8.624,0.28160999999999997,-0.01675199999999999,0.37036100000000005,0.2998880000000001,0.058775999999999995,0.396382,0.36072,-0.03488999999999998,0.39371600000000007,0.3060270000000001,-0.09581499999999998,0.3936400000000001,0.22583399999999992,-0.07494699999999993,0.39264699999999997,0.31844103501354165,-0.02219231337926259,0.44218506076795516,0.2931302899609147,-0.06574996672944997,0.43465040662186727,0.3193982960470601,-0.04786610659973192,0.43413563884879136,0.29502687953919676,-0.03370485532466741,0.43413666464271466
541,8.64,0.2817469999999999,-0.01667499999999994,0.3702360000000001,0.30010200000000004,0.058999000000000024,0.3964460000000001,0.36081899999999995,-0.03484799999999999,0.39339199999999996,0.30623800000000007,-0.095916,0.39331700000000014,0.22603,-0.07502500000000001,0.3924280000000001,0.31870886589743586,-0.022726915318198947,0.44259352131457513,0.29335180484935275,-0.0662538735339539,0.4350372419997906,0.31963967687041134,-0.048398867219209656,0.4345351296157803,0.2952839226055871,-0.034210695546032725,0.434535432070668
542,8.656,0.2818049999999999,-0.016707000000000027,0.37005100000000013,0.300031,0.05889899999999998,0.39626300000000014,0.36094200000000004,-0.03483200000000003,0.3931110000000001,0.30636800000000003,-0.09587800000000002,0.39301700000000006,0.22631700000000005,-0.075075,0.392313,0.31879423348705554,-0.023176519241113008,0.4430039891784399,0.29341284928105027,-0.06668617316158083,0.43542973376265204,0.31971139303273965,-0.048846597930875375,0.43493806835837273,0.295364050358037,-0.03464399654992035,0.43493792064891895
543,8.672,0.2818840000000001,-0.016767000000000032,0.36993700000000007,0.3001190000000001,0.05889300000000003,0.3961840000000001,0.36101599999999995,-0.03483799999999998,0.39289700000000005,0.30652300000000005,-0.09595699999999996,0.39280100000000007,0.22649199999999997,-0.07524199999999998,0.39222400000000013,0.3189961282437138,-0.023795088984519108,0.4434871222857419,0.2935634670054682,-0.06727224711071565,0.4358982846141567,0.31988359308251957,-0.04946429694473271,0.43541511082009,0.2955534042721994,-0.035232329635796124,0.4354145639619855
544,8.688,0.28192999999999996,-0.016818999999999973,0.369862,0.300186,0.058879000000000015,0.39603200000000016,0.36105499999999996,-0.034916,0.392772,0.30654,-0.09598499999999999,0.392718,0.22664800000000002,-0.07527899999999998,0.39226000000000005,0.31914706746235016,-0.024297945650153623,0.4440515212603979,0.293666316580106,-0.06774489961300385,0.43645102657766094,0.32000657444514713,-0.04996655857468544,0.4359745937181015,0.295692456247748,-0.035707153361982526,0.4359738253654976
545,8.704,0.28194800000000003,-0.01697399999999999,0.3698570000000001,0.300189,0.05877500000000002,0.395983,0.36106699999999997,-0.03499399999999997,0.392756,0.30659200000000003,-0.096169,0.39281100000000013,0.22667999999999994,-0.075434,0.3922780000000001,0.3194203525451308,-0.02490389869646706,0.4447148878896202,0.29386864375253147,-0.06830760322396306,0.4371055117875108,0.32023825861210664,-0.05057269725762342,0.43663423133592305,0.2959477123112826,-0.03627317486025555,0.436633260654086
546,8.72,0.281977,-0.01709999999999995,0.36975100000000005,0.300252,0.05866500000000002,0.395857,0.361072,-0.03516399999999997,0.3927820000000001,0.306503,-0.09626499999999999,0.39278900000000005,0.226617,-0.07555099999999998,0.392127,0.3196334463604394,-0.025497906642335665,0.4453036326216673,0.2940108842713658,-0.06885868621538922,0.437687787271087,0.32040967391908015,-0.051167137755282886,0.43722023945457866,0.2961426868047504,-0.03682767066048758,0.43721916346159956
547,8.736,0.28203300000000003,-0.017232999999999943,0.369834,0.300324,0.058445000000000025,0.39601700000000006,0.36111,-0.03534499999999996,0.3928400000000001,0.30651200000000006,-0.09645799999999999,0.39275000000000004,0.226713,-0.075631,0.39216800000000007,0.3199801967507042,-0.02616338997949665,0.4459752295332823,0.29427214764596243,-0.06947276312053159,0.43835496687677805,0.3207059534797964,-0.051833509490213,0.4378899687630818,0.29646741978682756,-0.037445998780567806,0.43788881890190384
548,8.752,0.282078,-0.017368999999999968,0.369742,0.30041,0.058279000000000025,0.3960380000000001,0.36113900000000004,-0.03552299999999997,0.3928090000000001,0.3065130000000001,-0.09658699999999998,0.3925820000000001,0.22664900000000004,-0.07584200000000002,0.39194400000000007,0.32002504889462297,-0.026740299630820103,0.4464906578558708,0.2942782455897273,-0.07002616480732608,0.4388676670323366,0.32072793141553696,-0.052410690480396746,0.4384042377555922,0.2965023580014562,-0.038001368057529364,0.4384030543886014
549,8.768,0.28217,-0.017478999999999967,0.36965400000000004,0.30048199999999997,0.058094000000000035,0.396103,0.36125900000000005,-0.035663999999999974,0.392675,0.30664300000000005,-0.09676299999999999,0.39235700000000007,0.22669500000000004,-0.07596299999999995,0.3917320000000001,0.32035938612882325,-0.027329489744866858,0.4469466099048605,0.29454191516263384,-0.07057298983394399,0.4393221829394237,0.3210203925587389,-0.053000801109508784,0.4388595805636475,0.29681842605946895,-0.03855186352059951,0.43885837742420686
550,8.784,0.2822970000000001,-0.017590999999999968,0.36948000000000014,0.300561,0.05801600000000001,0.3960830000000001,0.36139800000000005,-0.035748999999999975,0.39246000000000014,0.30685599999999996,-0.09686299999999998,0.39213700000000007,0.22680100000000009,-0.076231,0.3914000000000001,0.32050200171061366,-0.027839811274443977,0.4473215874236661,0.2946481608890004,-0.07106148235659095,0.4396966246543988,0.32114143176533194,-0.05351159732049278,0.43923433012236546,0.29695164354552667,-0.03904228062113092,0.43923312096561945
551,8.8,0.2824539999999999,-0.017714000000000008,0.3692820000000001,0.30060500000000007,0.05784300000000003,0.3958560000000001,0.36161099999999996,-0.035779000000000005,0.3922340000000001,0.307158,-0.09697899999999998,0.39187300000000014,0.22703499999999993,-0.07633399999999996,0.39126700000000003,0.3206986071406533,-0.028455696860015568,0.4476572708513921,0.2947912916708906,-0.07164532248611336,0.44003223071883973,0.32130626623952535,-0.054128244213058015,0.43956998063329217,0.29713440697257554,-0.039628995975920185,0.4395687706124371
552,8.816,0.2826370000000001,-0.017678000000000027,0.3691920000000001,0.30087,0.057928000000000035,0.395876,0.361825,-0.03577399999999997,0.3919520000000001,0.307414,-0.09695399999999998,0.391622,0.22722400000000004,-0.07645000000000002,0.39116000000000006,0.3207988950822781,-0.029159087009786484,0.4479969984274726,0.29486197050207824,-0.07233093779120787,0.4403719582949202,0.3213889503281197,-0.05483204500027728,0.43990970820937264,0.2972270389034386,-0.04031622548606332,0.43990849818851757
553,8.831999999999999,0.28282199999999996,-0.017813999999999997,0.36899000000000004,0.30099800000000004,0.05781400000000003,0.39561900000000005,0.362079,-0.035854,0.391737,0.30766600000000005,-0.09698099999999998,0.3913470000000001,0.227497,-0.07668699999999995,0.39105600000000007,0.3209747398755594,-0.029821193804254003,0.4482869051887582,0.29499853537460324,-0.07296942153491288,0.4406618650562058,0.32154142994122875,-0.05549467817128377,0.44019961497065824,0.29739273935715616,-0.04095687493495899,0.44019840494980317
554,8.848,0.28303399999999995,-0.01792699999999997,0.36887500000000006,0.30128499999999997,0.05766400000000005,0.39552300000000007,0.362289,-0.035955000000000015,0.3914890000000001,0.307915,-0.09715299999999999,0.39123300000000005,0.22767700000000007,-0.07676299999999997,0.3909570000000001,0.3211694939857046,-0.030543004775086587,0.44861912825253747,0.2951507449167212,-0.07366559112444146,0.4409940881199851,0.3217108619551858,-0.05621703558242708,0.4405318380344375,0.2975765217879103,-0.04165542150453014,0.44053062801358245
555,8.864,0.28324900000000003,-0.018110999999999988,0.3687530000000001,0.30151500000000003,0.05748500000000001,0.39532100000000014,0.362531,-0.03619699999999998,0.3913230000000001,0.308113,-0.09737399999999996,0.391108,0.227914,-0.07683399999999996,0.3909480000000001,0.32148311263868057,-0.03125021015795618,0.4489537595669878,0.2953840222323963,-0.07432421898621469,0.4413287194344354,0.321976619675548,-0.0569252055421663,0.44086646934888785,0.2978694663315935,-0.04231862697241099,0.4408652593280328
556,8.88,0.28342399999999995,-0.018372999999999973,0.3686680000000001,0.3018,0.05722100000000002,0.39529500000000006,0.36271100000000006,-0.03648199999999996,0.391151,0.3082369999999999,-0.097609,0.39094300000000004,0.22807500000000008,-0.07720399999999994,0.39084300000000005,0.321825277346704,-0.03217238104876704,0.4492513990900512,0.2956543099517892,-0.07520275662447634,0.4416263589574988,0.322275918513529,-0.05784816457553426,0.44116410887195123,0.298193184892134,-0.04320135873998417,0.44116289885109616
557,8.895999999999999,0.2835750000000001,-0.018623999999999974,0.3685440000000001,0.302004,0.05695300000000003,0.3951960000000001,0.362902,-0.03689099999999995,0.390973,0.30829200000000007,-0.09788599999999997,0.39069600000000015,0.22823,-0.07739599999999996,0.39075400000000005,0.32222275856034877,-0.03302953756456992,0.4494884434098606,0.29595476661256426,-0.0760007529954071,0.4418634032773082,0.32261546527401574,-0.05870627253246819,0.44140115319176065,0.298565841134963,-0.04400516513766068,0.4413999431709056
558,8.912,0.28361200000000003,-0.01876899999999998,0.3683700000000001,0.30222699999999997,0.05667,0.39518,0.36286199999999996,-0.036970999999999976,0.39068,0.30826900000000007,-0.097972,0.390236,0.22835900000000003,-0.07776700000000003,0.39051500000000006,0.3226166151743276,-0.034084300203943624,0.44956003827049035,0.29625002800934425,-0.07699508949805506,0.44193499813793796,0.3229503655470661,-0.05976186916721088,0.4414727480523904,0.29893455941572034,-0.045005581160906916,0.4414715380315353
559,8.928,0.28379499999999996,-0.018984,0.36818000000000006,0.302387,0.05637500000000001,0.39512,0.36310799999999993,-0.03725899999999999,0.39059600000000005,0.30833399999999994,-0.098157,0.38985400000000014,0.22849900000000006,-0.07804999999999995,0.39020200000000005,0.3229862232299904,-0.03508967796338074,0.4496830410822477,0.2965157507770498,-0.07793646132795093,0.44205800094969533,0.3232577619600864,-0.06076798016373477,0.44159575086414776,0.2992777773006834,-0.045953550859905094,0.4415945408432927
560,8.944,0.283878,-0.019171999999999967,0.36810300000000007,0.30251100000000003,0.056174999999999975,0.39517,0.36315099999999995,-0.03737199999999996,0.3904620000000001,0.30844699999999997,-0.09831599999999996,0.38963800000000015,0.22864500000000004,-0.07843199999999995,0.39003200000000016,0.3234020340661664,-0.03614411746962441,0.44985500234320663,0.2968183625164902,-0.07892076020267703,0.44222996221065425,0.323605675579251,-0.061823047885605484,0.4417677121251067,0.29966494573355873,-0.04694526463947128,0.4417665021042516
561,8.959999999999999,0.2840460000000001,-0.019337999999999966,0.36804500000000007,0.30259699999999995,0.05593600000000004,0.39512400000000014,0.36332500000000006,-0.037592000000000014,0.3904390000000001,0.308599,-0.09850300000000001,0.389598,0.22883799999999993,-0.07847099999999996,0.38994400000000007,0.32375808342372453,-0.03710690188954674,0.45010442708866205,0.2970763191673309,-0.07982242848981855,0.44247938695610967,0.32390279707444436,-0.06278623200413391,0.4420171368705621,0.29999627140567714,-0.04785354938137831,0.44201592684970703
562,8.976,0.28415300000000004,-0.019491999999999954,0.3679800000000001,0.302733,0.055833999999999995,0.39510900000000015,0.36348600000000003,-0.03766600000000003,0.39029500000000006,0.308742,-0.098609,0.3894470000000001,0.22897299999999993,-0.07882199999999995,0.38987000000000005,0.324096576410665,-0.038240079433536994,0.4502478575563833,0.2973146296661757,-0.0808928646315476,0.4426228174238309,0.3241810186890231,-0.06391967847005381,0.44216056733828335,0.3003096067956509,-0.048930926884937026,0.4421593573174283
563,8.992,0.284298,-0.019628999999999952,0.3679020000000002,0.3028870000000001,0.05565700000000001,0.39498600000000006,0.36363300000000004,-0.03783199999999998,0.3901350000000001,0.308908,-0.09872799999999998,0.389397,0.229161,-0.07888199999999995,0.38986200000000004,0.3244915956508093,-0.03928010118346281,0.4503986175064262,0.2976041754573528,-0.08186647684414561,0.4427735773738738,0.3245124867931689,-0.06495983055771479,0.44231132728832623,0.3006782415815433,-0.049912048825662914,0.44231011726747116
564,9.008000000000001,0.284394,-0.019791999999999976,0.3678410000000001,0.30299800000000005,0.05559200000000003,0.394911,0.36379,-0.037929999999999964,0.38997500000000007,0.30906700000000004,-0.098912,0.38931499999999997,0.229273,-0.07914499999999997,0.38985500000000006,0.3243931588302323,-0.03979642349586343,0.45054739707341807,0.29744299332756585,-0.08234311944221373,0.4429223569408657,0.32437619670075646,-0.06547615576590107,0.4424601068553181,0.30056415859148544,-0.05039325747193926,0.44245889683446304
565,9.024,0.28450000000000003,-0.01991499999999996,0.367823,0.303135,0.055450000000000055,0.39483200000000007,0.3639160000000001,-0.038098999999999994,0.3898560000000001,0.309163,-0.09897800000000001,0.3893080000000001,0.22944199999999998,-0.079231,0.38993900000000004,0.3242583631273806,-0.040211144133892346,0.45073430648055,0.2972226484445681,-0.08270353037145073,0.44310926634799763,0.3241897335456571,-0.06589079029880593,0.44264701626245007,0.3004080903456873,-0.050760012837859025,0.442645806241595
566,9.040000000000001,0.28457899999999997,-0.02010400000000001,0.36781200000000014,0.303231,0.05526800000000004,0.394784,0.36399600000000004,-0.03826499999999999,0.38986500000000013,0.30923699999999993,-0.099223,0.3893190000000001,0.229485,-0.07936899999999997,0.38995900000000006,0.3240818421500335,-0.040628407430135766,0.45094200198950346,0.29694998800814093,-0.08305947208087679,0.4433169618569511,0.32395507040304444,-0.06630783238668056,0.4428547117714035,0.30020774637393655,-0.05112324871375995,0.44285350175054844
567,9.056000000000001,0.284623,-0.02027399999999996,0.3678910000000001,0.303244,0.05509799999999998,0.394844,0.36403,-0.03849199999999997,0.3899650000000001,0.3092519999999999,-0.09935299999999997,0.38944,0.22956100000000007,-0.07950199999999996,0.3900420000000001,0.32391506222902633,-0.040989244545283465,0.45122206271367993,0.29667422433823043,-0.08335042379680654,0.44359702258112754,0.32372227931187614,-0.06666825877717142,0.44313477249558,0.30001406726982,-0.05142268034825384,0.4431335624747249
568,9.072000000000001,0.2847100000000001,-0.020491999999999955,0.36795200000000006,0.30336199999999997,0.05484400000000006,0.39492000000000005,0.3640750000000001,-0.038719,0.39007500000000017,0.309275,-0.09958699999999998,0.38950700000000005,0.22963400000000006,-0.07969500000000002,0.39006700000000005,0.3239029147422138,-0.04137162495113539,0.45145549571462823,0.2964885837569503,-0.08362073397372562,0.44383045558207584,0.32360482443468563,-0.06704963264922612,0.4433682054965283,0.29995933350139586,-0.05170695562117514,0.4433669954756732
569,9.088,0.28472400000000003,-0.020679999999999976,0.3680390000000001,0.30335000000000006,0.05466900000000002,0.3950490000000001,0.364092,-0.03894799999999998,0.3901730000000001,0.309298,-0.09978599999999999,0.3895510000000001,0.22964599999999996,-0.07989000000000002,0.390116,0.3238756585571634,-0.041729785500449756,0.451666675773301,0.29629264278957257,-0.08386895964680832,0.4440416356407486,0.32347491486795843,-0.06740639629062634,0.44357938555520104,0.29989094998058946,-0.05196931171954483,0.443578175534346
570,9.104000000000001,0.284784,-0.020909999999999984,0.368108,0.30342300000000005,0.05435200000000001,0.395147,0.3641180000000001,-0.03917299999999996,0.39022200000000007,0.309309,-0.10003299999999996,0.38955700000000004,0.22978700000000002,-0.08008399999999993,0.390174,0.32396629395750076,-0.04214691440856916,0.4521309438943725,0.2961714924057954,-0.08414669730412243,0.4445059037618201,0.32343629520599537,-0.06782118243120322,0.4440436536762725,0.2999303418994902,-0.052265568042315524,0.44404244365541745
571,9.120000000000001,0.28484500000000007,-0.02102599999999999,0.36821400000000004,0.30342600000000003,0.05415900000000001,0.39527900000000005,0.364145,-0.03936600000000001,0.39024400000000015,0.3093310000000001,-0.10027299999999997,0.3895670000000001,0.230045,-0.08000799999999997,0.3903110000000001,0.32411713786693785,-0.042505090261538925,0.4533344837750862,0.2960942237377837,-0.0843530178121638,0.44570944364253384,0.3234474513132704,-0.06817609447046083,0.4452471935569863,0.3000264852424273,-0.052492812665564575,0.4452459835361312
572,9.136000000000001,0.2848730000000001,-0.021220999999999934,0.36830200000000013,0.30351,0.054001999999999994,0.3953270000000001,0.364156,-0.03959699999999999,0.39028200000000013,0.309344,-0.10042399999999999,0.3895930000000001,0.230142,-0.08024799999999999,0.3904850000000001,0.32421195061321684,-0.04290196045576511,0.45467856119960076,0.2959702538474573,-0.08460255182283305,0.4470535210670484,0.32340782845548405,-0.06856910530536015,0.4465912709815008,0.300069320441121,-0.05276337775086626,0.44659006096064574
573,9.152,0.28489400000000004,-0.021418999999999966,0.36829100000000004,0.30351500000000003,0.05378700000000003,0.39532600000000007,0.36418899999999993,-0.03975000000000001,0.39028200000000013,0.309374,-0.10061299999999998,0.38971500000000014,0.23009000000000007,-0.08043800000000001,0.39041000000000003,0.3240977757762608,-0.04326640932032244,0.4557356689578624,0.2956722926142754,-0.08484193894509065,0.44811062882531,0.32318036969356745,-0.06892975483983893,0.44764837873976243,0.29991185364706185,-0.053021167823485704,0.44764716871890736
574,9.168000000000001,0.28493700000000005,-0.02152499999999996,0.36835400000000007,0.30358900000000005,0.05372600000000005,0.395328,0.36421699999999996,-0.039897000000000016,0.39028200000000013,0.30939599999999995,-0.10069799999999998,0.38982700000000003,0.230188,-0.08052099999999995,0.39054900000000004,0.32410620113777755,-0.043553990486153576,0.45715467283145067,0.29549420376661917,-0.08500138320276623,0.4495296326988983,0.3230734974986929,-0.06921295500868391,0.4490673826133507,0.29987669447291615,-0.05319998185418556,0.44906617259249565
575,9.184000000000001,0.28490599999999994,-0.021729,0.36838100000000007,0.303591,0.05355500000000002,0.3953120000000001,0.364234,-0.04003899999999999,0.39032,0.30939999999999995,-0.10085599999999997,0.389958,0.23002700000000004,-0.080785,0.39058899999999996,0.3239065337903616,-0.04391116788140076,0.458188488185053,0.2951534637133975,-0.08526081984754781,0.4505634480525006,0.32278639899153516,-0.06956646431716834,0.450101197966953,0.29964429749729343,-0.05347453720157441,0.45009998794609796
576,9.200000000000001,0.28493300000000005,-0.021864999999999968,0.368449,0.303626,0.053385000000000016,0.3952930000000001,0.364241,-0.040212000000000026,0.39035700000000007,0.309413,-0.10100299999999998,0.390065,0.23010500000000006,-0.08078999999999997,0.39075800000000016,0.32392259716576655,-0.04419065924824153,0.4595235497729312,0.29497485515982014,-0.08540426124235823,0.4518985096403788,0.3226814927129388,-0.06984038823144564,0.45143625955483124,0.2996155328741484,-0.05363950934853687,0.4514350495339762
577,9.216,0.28492999999999996,-0.022054999999999936,0.3685330000000001,0.3036609999999999,0.053183000000000036,0.39549500000000004,0.36424800000000007,-0.04046899999999998,0.390421,0.30936500000000006,-0.101209,0.3901350000000001,0.23000400000000004,-0.08101799999999998,0.39071100000000014,0.32373602519018174,-0.04468072646218252,0.46047862779920784,0.29464955783004343,-0.08579654061051117,0.45285358766665545,0.3224084882642139,-0.07032612727567814,0.4523913375811079,0.29939725632465963,-0.05404760816344284,0.4523901275602528
578,9.232,0.28491800000000006,-0.022272999999999987,0.3685720000000001,0.303676,0.052932000000000035,0.395512,0.364215,-0.040744999999999976,0.39051500000000006,0.309289,-0.10145099999999999,0.39014400000000005,0.22997499999999998,-0.08116099999999993,0.390771,0.3236562577274686,-0.04508477720292842,0.46155387257776553,0.29437779908984585,-0.08606409657718483,0.45392883244521315,0.3222087850619758,-0.0707236882573648,0.4534665823596656,0.2992739437297771,-0.054337717644360434,0.4534653723388105
579,9.248000000000001,0.2848819999999999,-0.022512000000000032,0.3686760000000001,0.30363999999999997,0.05262499999999998,0.3957590000000001,0.36415099999999995,-0.04106399999999999,0.3906550000000001,0.309205,-0.10174,0.39019499999999996,0.22985799999999995,-0.08137500000000003,0.39070800000000006,0.3236076171712353,-0.04557341741496784,0.46277539044096583,0.29412900211191384,-0.08640899027438341,0.45515035030841344,0.3220347137179338,-0.0712049392562718,0.4546881002228659,0.2991803215079821,-0.05470694736098125,0.4546868902020108
580,9.264000000000001,0.28485600000000005,-0.02278199999999997,0.36877700000000013,0.303675,0.052366000000000024,0.395919,0.364072,-0.04137799999999997,0.390795,0.309146,-0.102134,0.39028000000000007,0.22972200000000004,-0.08159599999999995,0.39073000000000013,0.3235289169924654,-0.04605741259127291,0.46382048829664757,0.2938434661075808,-0.08674287390527786,0.4561954481640952,0.32182596961921894,-0.0716806229174323,0.4557331980785476,0.2990555887915752,-0.055066871479919954,0.45573198805769255
581,9.28,0.28479800000000005,-0.02304299999999998,0.368834,0.30359200000000003,0.05204100000000006,0.3960370000000001,0.363987,-0.04169099999999998,0.39095900000000006,0.30904499999999996,-0.10240299999999997,0.390421,0.229535,-0.08178400000000002,0.390649,0.32334015028493085,-0.04647124767720223,0.4648968769603893,0.29346523787598927,-0.08701779333932196,0.4572718368278369,0.32151769746698305,-0.0720862355339435,0.45680958674228933,0.29882506213960214,-0.05536644840127114,0.45680837672143426
582,9.296,0.2847680000000001,-0.023239999999999983,0.3689610000000001,0.30359600000000003,0.05183300000000002,0.39615,0.363918,-0.04196099999999997,0.39112500000000006,0.308985,-0.10266499999999998,0.3904890000000001,0.22948000000000007,-0.08189099999999999,0.3908060000000001,0.32321703095446547,-0.04687567803433845,0.4660156269733385,0.29319031225374526,-0.0873099323323976,0.4583905868407861,0.32129855576987765,-0.07248365316203587,0.45792833675523853,0.2986687654060132,-0.05567890478692106,0.45792712673438346
583,9.312000000000001,0.284703,-0.023467000000000016,0.36902400000000013,0.30350499999999997,0.05169800000000002,0.39620200000000005,0.36383399999999994,-0.04217299999999996,0.3912530000000001,0.3089840000000001,-0.10295799999999997,0.390617,0.229327,-0.08210899999999999,0.390842,0.3230137750632863,-0.04725646840600939,0.4669352300324334,0.2927965125071214,-0.08754852469734412,0.45931018989988104,0.3209744334039677,-0.0728551016267737,0.45884793981433347,0.29842422555684445,-0.05594371179876384,0.4588467297934784
584,9.328000000000001,0.28467499999999996,-0.023652000000000006,0.36907600000000007,0.30345700000000003,0.051537,0.39624100000000007,0.363774,-0.04234199999999999,0.39135600000000004,0.30901300000000004,-0.10320499999999999,0.3907450000000001,0.22921699999999995,-0.08223499999999995,0.390868,0.3228410752107433,-0.04758264369166887,0.46784293116176606,0.29246039712994515,-0.0877516262020985,0.4602178910292137,0.32069776969414265,-0.07317278199995392,0.4597556409436661,0.29821644130863123,-0.056169933594872684,0.45975443092281104
585,9.344,0.28460100000000005,-0.023897999999999975,0.369074,0.30330799999999997,0.05121300000000001,0.3960770000000001,0.36371500000000007,-0.04252499999999998,0.3914550000000001,0.30895200000000006,-0.10335799999999998,0.39086200000000004,0.22917499999999996,-0.08236499999999997,0.39098900000000014,0.3226661717825241,-0.047849993919709566,0.4686778849949815,0.29208294635547766,-0.08786497960071106,0.4610528448624291,0.3203936113774033,-0.07342897760514414,0.4605905947768815,0.29799846885244174,-0.0563127697555639,0.46058938475602645
586,9.36,0.284569,-0.02396799999999999,0.36919,0.30340700000000004,0.051244999999999985,0.3962770000000001,0.36366400000000004,-0.042677999999999994,0.391463,0.30888199999999993,-0.10355099999999998,0.3909420000000001,0.22904999999999992,-0.08247499999999997,0.39105,0.3225413305737658,-0.048237800507607426,0.46955495273618303,0.2917831505150636,-0.08811846143554028,0.46192991260363064,0.32015676733107884,-0.07380658607353285,0.4614676625180831,0.2978368010004234,-0.05659246155725897,0.461466452497228
587,9.376000000000001,0.28445500000000007,-0.024116999999999944,0.369185,0.30327,0.05102000000000001,0.39618300000000006,0.3635850000000001,-0.042861999999999956,0.39145600000000014,0.308691,-0.103604,0.39100100000000004,0.22900900000000007,-0.08253599999999994,0.39113200000000004,0.32241520006437807,-0.04848707270807803,0.4704256886103419,0.2914492262011602,-0.08820660467000832,0.4628006484777895,0.31989717720659977,-0.07404306022690335,0.46233839839224194,0.29766738832555095,-0.056712639973275025,0.4623371883713869
588,9.392000000000001,0.2843630000000001,-0.02416400000000002,0.3692510000000001,0.303355,0.05094000000000004,0.396223,0.36352200000000007,-0.043044999999999944,0.3914430000000001,0.3084489999999999,-0.103543,0.39090100000000005,0.228925,-0.08265,0.39131000000000005,0.32237598265594686,-0.048824368709787125,0.47133837835724973,0.29119968210788805,-0.08837902760996476,0.46371333822469735,0.31972238823023524,-0.07436663512838201,0.4632510881391498,0.29758487222955743,-0.05691850155532885,0.4632498781182947
589,9.408,0.28426200000000007,-0.02425299999999997,0.3693080000000001,0.303309,0.050839999999999996,0.39620900000000003,0.363439,-0.04313499999999998,0.39148700000000003,0.30828300000000003,-0.10365999999999997,0.39101300000000005,0.22879500000000003,-0.08266799999999996,0.3914390000000001,0.32225695406694277,-0.04903393481792362,0.4721154219353535,0.2908616810287917,-0.08841501641089451,0.4644903818028011,0.3194616900069115,-0.07456108577546969,0.46402813171725354,0.2974213183163541,-0.05699040008579184,0.4640269216963985
590,9.424,0.284183,-0.02433099999999999,0.3693700000000001,0.30326499999999995,0.05079499999999998,0.39618600000000015,0.363393,-0.04322599999999999,0.391568,0.308174,-0.10369799999999998,0.39108200000000004,0.228694,-0.08274999999999999,0.39159500000000014,0.32208432240365625,-0.04925910339464226,0.4727719124604406,0.29049362185794003,-0.08848359058827142,0.4651468723278882,0.3191621635546638,-0.07477203981591499,0.46468462224234064,0.29720943152574464,-0.057091979399450404,0.46468341222148557
591,9.440000000000001,0.284106,-0.024392000000000025,0.369425,0.30318300000000004,0.05070600000000003,0.3962540000000001,0.3633239999999999,-0.04330600000000001,0.391632,0.3080549999999999,-0.10383499999999998,0.3911720000000001,0.228582,-0.08271999999999996,0.3916210000000001,0.32194400688910696,-0.04949815486031986,0.47348312318668095,0.29013614892392514,-0.0885467518676275,0.46585808305412857,0.3188803301647558,-0.07499448444132656,0.465395832968581,0.2970260368926416,-0.05719288773092457,0.46539462294772593
592,9.456000000000001,0.284059,-0.02448100000000003,0.36950800000000017,0.303143,0.050676000000000054,0.3962970000000001,0.36328599999999994,-0.04344699999999996,0.391756,0.308011,-0.10392399999999999,0.3911920000000001,0.22852200000000006,-0.08281099999999997,0.39176500000000003,0.32182982272442295,-0.049776266845562495,0.47404408461643843,0.28980976158730953,-0.08865104583333053,0.46641904448388605,0.31862732779821623,-0.0752555322082504,0.4659567943983385,0.2968703135836735,-0.05733517193476381,0.4659555843774834
593,9.472,0.283978,-0.024565999999999977,0.36953500000000006,0.3030270000000001,0.05060500000000001,0.39635900000000013,0.36325500000000005,-0.04351299999999997,0.39180100000000007,0.307934,-0.10407499999999997,0.3912300000000001,0.22838199999999992,-0.08288399999999996,0.3917410000000001,0.3217427408500791,-0.050055148739948624,0.4746751527813942,0.2894619136173958,-0.08871366590946698,0.46705011264884183,0.31836893256377696,-0.07551229616109398,0.46658786256329426,0.29673295153296186,-0.057445993144218055,0.4665866525424392
594,9.488,0.283915,-0.024671,0.36962800000000007,0.303004,0.050543000000000005,0.396421,0.36322000000000004,-0.043686,0.3918710000000001,0.307835,-0.10412999999999997,0.391266,0.22833200000000003,-0.08302799999999999,0.3918990000000001,0.3216934667600705,-0.05036010135089067,0.4753967091651997,0.28918969408674455,-0.08883135709557677,0.46777166903264733,0.3181725471015104,-0.07579731939714357,0.46730941894709976,0.2966413688938019,-0.05760624068115555,0.4673082089262447
595,9.504000000000001,0.28382199999999996,-0.024685999999999986,0.36967300000000003,0.30294100000000007,0.05043500000000001,0.39645300000000006,0.36318600000000006,-0.043837000000000015,0.39196300000000006,0.30756200000000006,-0.10396799999999998,0.39135300000000006,0.22819399999999995,-0.08303299999999997,0.39193,0.32159022209925925,-0.05052732335503912,0.47628160476263015,0.2888254787920317,-0.08877656325054264,0.46865656463007777,0.31789633263574457,-0.07593999967623724,0.4681943145445302,0.29648940794411405,-0.05760286371910828,0.46819310452367513
596,9.520000000000001,0.283726,-0.024791000000000007,0.3697300000000001,0.302919,0.05041800000000002,0.39645300000000006,0.36310500000000007,-0.04397699999999999,0.3919950000000001,0.30742600000000003,-0.104187,0.3913740000000001,0.22807000000000005,-0.08308900000000002,0.3920810000000001,0.32153622452356084,-0.05080211444203006,0.47708487971574054,0.28853643841641946,-0.08884875520642878,0.46945983958318815,0.3176858302744052,-0.07619154927821174,0.4689975894976406,0.2963922923407159,-0.0577228670802338,0.4689963794767855
597,9.536,0.28367400000000004,-0.02483799999999997,0.369718,0.30290500000000004,0.050351000000000035,0.3963890000000001,0.363029,-0.044065999999999994,0.391996,0.307294,-0.104265,0.39154,0.227945,-0.08299899999999999,0.39206600000000014,0.3213883750240837,-0.05091902318116384,0.47783994849727346,0.2881674573649008,-0.08877273352049629,0.4702149083647211,0.31739010591585903,-0.07628559136278562,0.4697526582791735,0.29620454355752673,-0.05769314861244787,0.46975144825831844
598,9.552,0.28360599999999997,-0.024924999999999975,0.36975400000000014,0.30290500000000004,0.050321000000000005,0.3963040000000001,0.362956,-0.04413599999999995,0.39196600000000004,0.30728300000000003,-0.10439699999999996,0.391598,0.22786500000000004,-0.083032,0.392262,0.3213667220184071,-0.05111433282660452,0.4785583659536985,0.2879273002661509,-0.08877515901837867,0.4709333258211461,0.3172217228912963,-0.07645733816162545,0.47047107573559854,0.2961441102196616,-0.057742605357550575,0.4704698657147435
599,9.568000000000001,0.28345799999999993,-0.024961999999999984,0.3698020000000001,0.30289400000000005,0.05030100000000004,0.39629800000000004,0.36271100000000006,-0.04402699999999998,0.39185800000000004,0.307231,-0.10460699999999998,0.3916630000000001,0.22775099999999998,-0.08302299999999996,0.3924130000000001,0.3213249352111125,-0.0513109762580056,0.47935208007591684,0.2876880690303365,-0.0887955596238223,0.47172703994336446,0.3170468168331576,-0.07663184986692465,0.4712647898578169,0.29606784036316225,-0.05780661345048746,0.4712635798369618
600,9.584000000000001,0.28341,-0.025171999999999972,0.3699310000000001,0.30284000000000005,0.050241000000000036,0.3963190000000001,0.36251400000000006,-0.043972999999999984,0.3918790000000001,0.307366,-0.10515199999999997,0.3922650000000001,0.22767200000000004,-0.08302499999999996,0.39254,0.3211819195849328,-0.051395008977926565,0.4796760633425686,0.2873294464560419,-0.08868499181018344,0.47205102321001624,0.31675785181420946,-0.07669079047474328,0.4715887731244687,0.29588778564555607,-0.057744885429604875,0.4715875631036136
