FILE_VERSION	2.0.0
NO_OF_FRAMES	974
NO_OF_CAMERAS	18
NO_OF_MARKERS	14
FREQUENCY	100
DESCRIPTION	--
TIME_STAMP	2026-04-23, 14:54:40.461	4479.26133950
DATA_INCLUDED	3D
MARKER_NAMES	Bowl_rim_4	Bowl_rim_3	Bowl_rim_2	Bowl_rim_1	Bowl_center	Handle_center	Handle_front	Handle_back	Handle_left	Spoon_center	Spoon_front	Spoon_back	Spoon_right	Spoon_left
TRAJECTORY_TYPES	Measured	Measured	Measured	Measured	Virtual	Measured	Measured	Measured	Measured	Virtual	Virtual	Virtual	Virtual	Virtual
Frame	Time	Bowl_rim_4 X	Bowl_rim_4 Y	Bowl_rim_4 Z	Bowl_rim_4 Type	Bowl_rim_3 X	Bowl_rim_3 Y	Bowl_rim_3 Z	Bowl_rim_3 Type	Bowl_rim_2 X	Bowl_rim_2 Y	Bowl_rim_2 Z	Bowl_rim_2 Type	Bowl_rim_1 X	Bowl_rim_1 Y	Bowl_rim_1 Z	Bowl_rim_1 Type	Bowl_center X	Bowl_center Y	Bowl_center Z	Bowl_center Type	Handle_center X	Handle_center Y	Handle_center Z	Handle_center Type	Handle_front X	Handle_front Y	Handle_front Z	Handle_front Type	Handle_back X	Handle_back Y	Handle_back Z	Handle_back Type	Handle_left X	Handle_left Y	Handle_left Z	Handle_left Type	Spoon_center X	Spoon_center Y	Spoon_center Z	Spoon_center Type	Spoon_front X	Spoon_front Y	Spoon_front Z	Spoon_front Type	Spoon_back X	Spoon_back Y	Spoon_back Z	Spoon_back Type	Spoon_right X	Spoon_right Y	Spoon_right Z	Spoon_right Type	Spoon_left X	Spoon_left Y	Spoon_left Z	Spoon_left Type	
1	0.00000	284.579	893.527	883.439	Measured	265.265	813.657	888.656	Measured	326.736	759.922	888.812	Measured	419.093	821.969	884.555	Measured	342.588	837.967	861.076	Virtual	136.003	970.557	883.340	Measured	135.861	936.865	904.168	Measured	140.983	1024.747	901.785	Measured	188.354	971.151	923.610	Measured	120.521	758.712	815.153	Virtual	124.136	743.563	843.989	Virtual	124.906	793.994	836.867	Virtual	108.844	765.307	837.324	Virtual	136.910	764.240	834.940	Virtual
2	0.01000	284.300	893.655	883.209	Measured	265.215	813.689	888.574	Measured	326.694	759.972	888.860	Measured	419.042	822.041	884.684	Measured	342.510	838.011	861.045	Virtual	136.029	970.535	883.438	Measured	135.898	936.933	904.260	Measured	140.990	1024.780	901.759	Measured	188.349	971.199	923.609	Measured	120.494	758.618	815.518	Virtual	124.132	743.509	844.373	Virtual	124.892	793.931	837.180	Virtual	108.833	765.243	837.688	Virtual	136.897	764.175	835.285	Virtual
3	0.02000	284.251	893.684	883.165	Measured	265.188	813.734	888.574	Measured	326.681	760.026	888.927	Measured	419.008	822.095	884.756	Measured	342.489	838.043	861.068	Virtual	136.030	970.610	883.303	Measured	135.878	936.943	904.176	Measured	140.997	1024.834	901.740	Measured	188.371	971.235	923.608	Measured	120.573	758.734	815.255	Virtual	124.179	743.602	844.101	Virtual	124.951	794.029	836.949	Virtual	108.889	765.342	837.418	Virtual	136.956	764.274	835.044	Virtual
4	0.03000	283.916	893.655	883.661	Measured	264.341	813.771	888.590	Measured	326.132	760.056	889.212	Measured	418.878	822.068	884.780	Measured	342.018	838.070	861.284	Virtual	136.115	970.545	883.401	Measured	135.675	937.188	904.185	Measured	140.924	1024.879	901.862	Measured	188.216	971.266	923.830	Measured	120.608	758.845	815.210	Virtual	124.088	743.704	844.067	Virtual	124.938	794.132	836.928	Virtual	108.846	765.461	837.330	Virtual	136.920	764.365	835.063	Virtual
5	0.04000	283.670	893.813	883.500	Measured	264.618	814.013	888.694	Measured	326.159	759.996	889.043	Measured	418.818	822.130	884.742	Measured	342.002	838.168	861.205	Virtual	136.116	970.579	883.375	Measured	135.723	937.201	904.168	Measured	140.967	1024.929	901.827	Measured	188.260	971.332	923.710	Measured	120.537	758.867	815.243	Virtual	124.066	743.731	844.097	Virtual	124.896	794.158	836.949	Virtual	108.809	765.484	837.381	Virtual	136.880	764.393	835.068	Virtual
6	0.05000	283.771	893.726	883.780	Measured	264.351	813.931	888.640	Measured	326.000	759.988	889.087	Measured	418.811	821.995	884.816	Measured	341.945	838.123	861.330	Virtual	136.092	970.597	883.389	Measured	135.709	937.256	904.195	Measured	141.001	1024.967	901.804	Measured	188.275	971.336	923.709	Measured	120.348	758.866	815.385	Virtual	123.879	743.744	844.246	Virtual	124.741	794.166	837.068	Virtual	108.635	765.504	837.524	Virtual	136.703	764.392	835.200	Virtual
7	0.06000	283.759	893.754	883.663	Measured	264.480	813.893	888.640	Measured	326.116	759.980	888.958	Measured	418.834	822.025	884.769	Measured	341.999	838.135	861.256	Virtual	136.087	970.644	883.372	Measured	135.700	937.298	904.202	Measured	141.006	1025.009	901.790	Measured	188.252	971.405	923.707	Measured	120.358	758.893	815.430	Virtual	123.883	743.779	844.296	Virtual	124.747	794.199	837.105	Virtual	108.640	765.537	837.565	Virtual	136.709	764.424	835.247	Virtual
8	0.07000	283.755	893.695	883.655	Measured	264.450	813.868	888.560	Measured	326.099	759.949	888.936	Measured	418.814	822.002	884.822	Measured	342.000	838.110	861.262	Virtual	136.043	970.673	883.400	Measured	135.649	937.330	904.225	Measured	140.968	1025.046	901.790	Measured	188.239	971.405	923.826	Measured	120.354	758.901	815.500	Virtual	123.842	743.794	844.374	Virtual	124.729	794.212	837.170	Virtual	108.613	765.555	837.620	Virtual	136.685	764.433	835.334	Virtual
9	0.08000	283.747	893.671	883.534	Measured	264.428	813.828	888.486	Measured	326.081	759.904	888.912	Measured	418.847	821.983	884.861	Measured	342.016	838.067	861.225	Virtual	135.976	970.681	883.400	Measured	135.592	937.342	904.249	Measured	140.907	1025.045	901.788	Measured	188.135	971.474	923.783	Measured	120.313	758.881	815.589	Virtual	123.818	743.786	844.467	Virtual	124.686	794.202	837.244	Virtual	108.579	765.540	837.711	Virtual	136.650	764.425	835.414	Virtual
10	0.09000	283.792	893.617	883.521	Measured	264.455	813.802	888.425	Measured	326.086	759.878	888.877	Measured	418.852	821.951	884.890	Measured	342.052	838.040	861.220	Virtual	135.917	970.675	883.454	Measured	135.503	937.336	904.238	Measured	140.798	1025.038	901.822	Measured	188.050	971.441	923.803	Measured	120.262	758.910	815.499	Virtual	123.765	743.801	844.370	Virtual	124.629	794.220	837.172	Virtual	108.525	765.556	837.623	Virtual	136.596	764.446	835.329	Virtual
11	0.10000	283.800	893.589	883.467	Measured	264.462	813.737	888.428	Measured	326.143	759.850	888.809	Measured	418.853	821.884	884.843	Measured	342.064	837.994	861.175	Virtual	135.827	970.647	883.406	Measured	135.417	937.323	904.240	Measured	140.712	1025.018	901.808	Measured	187.936	971.442	923.832	Measured	120.260	758.871	815.520	Virtual	123.739	743.769	844.397	Virtual	124.605	794.186	837.188	Virtual	108.503	765.521	837.632	Virtual	136.577	764.413	835.362	Virtual
12	0.11000	283.887	893.510	883.593	Measured	264.514	813.698	888.425	Measured	326.183	759.804	888.731	Measured	418.913	821.850	884.754	Measured	342.107	837.976	861.171	Virtual	135.773	970.617	883.397	Measured	135.344	937.280	904.204	Measured	140.659	1024.994	901.809	Measured	187.878	971.389	923.832	Measured	120.184	758.872	815.418	Virtual	123.653	743.759	844.290	Virtual	124.530	794.179	837.101	Virtual	108.423	765.516	837.529	Virtual	136.497	764.404	835.267	Virtual
13	0.12000	283.905	893.497	883.662	Measured	264.561	813.643	888.455	Measured	326.226	759.721	888.664	Measured	418.913	821.743	884.631	Measured	342.111	837.925	861.140	Virtual	135.687	970.563	883.406	Measured	135.246	937.217	904.210	Measured	140.588	1024.945	901.839	Measured	187.802	971.272	923.881	Measured	120.026	758.848	815.351	Virtual	123.475	743.722	844.220	Virtual	124.381	794.145	837.049	Virtual	108.259	765.490	837.460	Virtual	136.333	764.364	835.209	Virtual
14	0.13000	283.971	893.438	883.729	Measured	264.586	813.593	888.437	Measured	326.256	759.675	888.601	Measured	418.944	821.731	884.643	Measured	342.152	837.910	861.158	Virtual	135.640	970.519	883.409	Measured	135.167	937.163	904.192	Measured	140.554	1024.878	901.851	Measured	187.708	971.204	923.935	Measured	119.978	758.821	815.283	Virtual	123.388	743.687	844.152	Virtual	124.322	794.111	836.993	Virtual	108.188	765.463	837.380	Virtual	136.265	764.326	835.161	Virtual
15	0.14000	283.931	893.423	883.667	Measured	264.576	813.550	888.391	Measured	326.244	759.645	888.584	Measured	418.954	821.721	884.694	Measured	342.154	837.886	861.151	Virtual	135.573	970.467	883.455	Measured	135.076	937.131	904.191	Measured	140.506	1024.835	901.907	Measured	187.637	971.092	923.972	Measured	119.774	758.834	815.183	Virtual	123.171	743.681	844.043	Virtual	124.139	794.108	836.914	Virtual	107.986	765.471	837.283	Virtual	136.062	764.316	835.065	Virtual
16	0.15000	283.897	893.405	883.601	Measured	264.557	813.543	888.306	Measured	326.221	759.634	888.609	Measured	418.908	821.718	884.860	Measured	342.162	837.873	861.188	Virtual	135.542	970.465	883.444	Measured	135.015	937.103	904.190	Measured	140.498	1024.808	901.883	Measured	187.570	971.060	923.971	Measured	119.651	758.808	815.210	Virtual	123.028	743.660	844.075	Virtual	124.026	794.085	836.935	Virtual	107.858	765.456	837.303	Virtual	135.934	764.286	835.098	Virtual
17	0.16000	283.856	893.419	883.535	Measured	264.481	813.535	888.281	Measured	326.175	759.664	888.647	Measured	418.976	821.694	885.115	Measured	342.190	837.870	861.273	Virtual	135.490	970.459	883.424	Measured	134.962	937.087	904.185	Measured	140.470	1024.796	901.912	Measured	187.522	971.011	923.983	Measured	119.541	758.839	815.111	Virtual	122.907	743.676	843.969	Virtual	123.925	794.104	836.853	Virtual	107.746	765.481	837.205	Virtual	135.822	764.302	835.003	Virtual
18	0.17000	283.849	893.430	883.525	Measured	264.468	813.572	888.252	Measured	326.135	759.647	888.728	Measured	418.946	821.706	885.240	Measured	342.193	837.869	861.327	Virtual	135.453	970.443	883.420	Measured	134.916	937.082	904.202	Measured	140.436	1024.783	901.903	Measured	187.462	971.006	924.003	Measured	119.510	758.804	815.173	Virtual	122.863	743.650	844.038	Virtual	123.889	794.075	836.906	Virtual	107.707	765.454	837.261	Virtual	135.784	764.271	835.071	Virtual
19	0.18000	283.831	893.460	883.491	Measured	264.452	813.613	888.245	Measured	326.111	759.678	888.795	Measured	418.944	821.710	885.407	Measured	342.210	837.883	861.391	Virtual	135.410	970.446	883.438	Measured	134.881	937.084	904.222	Measured	140.397	1024.792	901.928	Measured	187.416	971.010	924.026	Measured	119.480	758.812	815.182	Virtual	122.832	743.657	844.046	Virtual	123.857	794.083	836.917	Virtual	107.676	765.461	837.269	Virtual	135.753	764.279	835.081	Virtual
20	0.19000	283.886	893.462	883.514	Measured	264.464	813.621	888.242	Measured	326.080	759.684	888.857	Measured	418.919	821.704	885.483	Measured	342.229	837.877	861.437	Virtual	135.389	970.445	883.483	Measured	134.837	937.083	904.228	Measured	140.362	1024.780	901.929	Measured	187.355	971.013	924.051	Measured	119.463	758.798	815.222	Virtual	122.804	743.646	844.090	Virtual	123.834	794.071	836.953	Virtual	107.651	765.450	837.304	Virtual	135.729	764.267	835.126	Virtual
21	0.20000	283.840	893.499	883.499	Measured	264.442	813.652	888.278	Measured	326.073	759.698	888.914	Measured	419.207	821.593	885.843	Measured	342.348	837.863	861.593	Virtual	135.351	970.440	883.522	Measured	134.819	937.067	904.248	Measured	140.309	1024.762	901.980	Measured	187.334	971.019	924.062	Measured	119.489	758.808	815.187	Virtual	122.849	743.648	844.048	Virtual	123.854	794.076	836.929	Virtual	107.684	765.447	837.277	Virtual	135.761	764.277	835.087	Virtual
22	0.21000	284.010	893.338	883.470	Measured	264.388	813.667	888.229	Measured	326.001	759.711	889.007	Measured	419.130	821.628	885.957	Measured	342.370	837.817	861.635	Virtual	135.352	970.433	883.472	Measured	134.808	937.050	904.222	Measured	140.250	1024.762	901.977	Measured	187.271	971.023	924.076	Measured	119.663	758.813	815.077	Virtual	123.000	743.646	843.937	Virtual	123.986	794.077	836.833	Virtual	107.831	765.440	837.155	Virtual	135.911	764.285	834.994	Virtual
23	0.22000	283.815	893.427	883.241	Measured	264.346	813.684	888.144	Measured	325.941	759.715	889.087	Measured	418.794	821.742	885.941	Measured	342.213	837.835	861.549	Virtual	135.294	970.431	883.477	Measured	134.770	937.066	904.267	Measured	140.170	1024.753	901.968	Measured	187.230	971.024	924.168	Measured	119.735	758.761	815.197	Virtual	123.051	743.610	844.069	Virtual	124.031	794.037	836.940	Virtual	107.882	765.397	837.262	Virtual	135.965	764.247	835.127	Virtual
24	0.23000	283.830	893.348	883.158	Measured	264.213	813.687	887.982	Measured	325.829	759.707	889.168	Measured	418.755	821.749	886.206	Measured	342.216	837.802	861.619	Virtual	135.260	970.422	883.541	Measured	134.727	937.061	904.284	Measured	140.051	1024.766	901.998	Measured	187.095	971.097	924.223	Measured	119.970	758.741	815.226	Virtual	123.273	743.596	844.102	Virtual	124.207	794.024	836.970	Virtual	108.088	765.366	837.279	Virtual	136.174	764.246	835.171	Virtual
25	0.24000	283.666	893.378	882.952	Measured	264.163	813.672	887.786	Measured	325.731	759.711	889.168	Measured	418.558	821.678	886.534	Measured	342.176	837.777	861.660	Virtual	135.185	970.446	883.510	Measured	134.674	937.090	904.322	Measured	139.921	1024.794	902.042	Measured	187.059	971.088	924.375	Measured	120.140	758.770	815.170	Virtual	123.405	743.618	844.046	Virtual	124.326	794.048	836.930	Virtual	108.220	765.383	837.205	Virtual	136.310	764.277	835.142	Virtual
26	0.25000	283.605	893.321	882.780	Measured	264.030	813.645	887.518	Measured	325.613	759.654	889.140	Measured	418.740	821.560	887.105	Measured	342.288	837.719	861.801	Virtual	135.127	970.481	883.591	Measured	134.641	937.106	904.358	Measured	139.782	1024.838	902.058	Measured	186.901	971.263	924.416	Measured	120.453	758.746	815.305	Virtual	123.723	743.615	844.191	Virtual	124.567	794.042	837.050	Virtual	108.508	765.351	837.329	Virtual	136.600	764.290	835.285	Virtual
27	0.26000	283.533	893.303	882.520	Measured	263.971	813.610	887.202	Measured	325.501	759.620	889.114	Measured	418.372	821.556	887.289	Measured	342.213	837.680	861.747	Virtual	135.120	970.509	883.542	Measured	134.620	937.170	904.391	Measured	139.712	1024.875	902.058	Measured	186.913	971.273	924.473	Measured	120.537	758.762	815.328	Virtual	123.790	743.635	844.218	Virtual	124.629	794.062	837.070	Virtual	108.576	765.368	837.343	Virtual	136.670	764.311	835.318	Virtual
28	0.27000	283.458	893.286	882.339	Measured	263.843	813.568	886.955	Measured	325.395	759.552	889.117	Measured	418.586	821.374	887.871	Measured	342.334	837.598	861.897	Virtual	135.086	970.571	883.622	Measured	134.648	937.222	904.429	Measured	139.667	1024.948	902.071	Measured	186.853	971.430	924.530	Measured	120.761	758.775	815.472	Virtual	124.019	743.666	844.372	Virtual	124.810	794.090	837.199	Virtual	108.785	765.380	837.480	Virtual	136.881	764.351	835.466	Virtual
29	0.28000	283.407	893.287	882.204	Measured	263.793	813.551	886.817	Measured	325.290	759.514	889.166	Measured	418.375	821.477	888.045	Measured	342.274	837.600	861.913	Virtual	135.118	970.647	883.688	Measured	134.647	937.342	904.502	Measured	139.657	1025.055	902.056	Measured	186.899	971.542	924.558	Measured	120.748	758.792	815.736	Virtual	124.018	743.711	844.649	Virtual	124.804	794.128	837.426	Virtual	108.780	765.417	837.742	Virtual	136.876	764.388	835.717	Virtual
30	0.29000	283.344	893.285	882.110	Measured	263.671	813.507	886.728	Measured	325.156	759.478	889.293	Measured	418.339	821.475	888.435	Measured	342.264	837.561	862.049	Virtual	135.099	970.745	883.747	Measured	134.671	937.449	904.587	Measured	139.613	1025.184	902.085	Measured	186.881	971.728	924.594	Measured	120.888	758.837	815.946	Virtual	124.182	743.779	844.869	Virtual	124.922	794.192	837.611	Virtual	108.923	765.468	837.952	Virtual	137.018	764.461	835.918	Virtual
31	0.30000	283.309	893.335	882.162	Measured	263.629	813.545	886.736	Measured	325.091	759.467	889.460	Measured	418.211	821.353	888.783	Measured	342.261	837.532	862.233	Virtual	135.067	970.875	883.839	Measured	134.669	937.610	904.665	Measured	139.535	1025.323	902.059	Measured	186.850	971.910	924.674	Measured	121.012	758.871	816.248	Virtual	124.307	743.848	845.189	Virtual	125.018	794.253	837.873	Virtual	109.036	765.520	838.243	Virtual	137.133	764.527	836.218	Virtual
32	0.31000	283.319	893.404	882.232	Measured	263.556	813.552	886.827	Measured	324.992	759.461	889.661	Measured	418.217	821.337	888.989	Measured	342.249	837.518	862.378	Virtual	135.030	971.002	883.875	Measured	134.620	937.764	904.751	Measured	139.403	1025.487	902.082	Measured	186.750	972.166	924.786	Measured	121.313	758.934	816.471	Virtual	124.589	743.941	845.429	Virtual	125.248	794.340	838.069	Virtual	109.301	765.588	838.444	Virtual	137.401	764.628	836.456	Virtual
33	0.32000	283.343	893.434	882.398	Measured	263.539	813.618	886.941	Measured	324.925	759.475	889.896	Measured	418.134	821.279	889.441	Measured	342.277	837.522	862.665	Virtual	134.953	971.139	883.958	Measured	134.590	937.934	904.848	Measured	139.296	1025.623	902.067	Measured	186.682	972.414	924.872	Measured	121.471	758.959	816.830	Virtual	124.754	744.010	845.810	Virtual	125.366	794.399	838.379	Virtual	109.447	765.632	838.791	Virtual	137.548	764.696	836.811	Virtual
34	0.33000	283.360	893.493	882.562	Measured	263.556	813.699	887.114	Measured	324.860	759.502	890.170	Measured	418.192	821.216	889.829	Measured	342.330	837.524	862.937	Virtual	134.903	971.266	883.984	Measured	134.543	938.095	904.936	Measured	139.183	1025.801	902.064	Measured	186.597	972.612	924.952	Measured	121.604	759.020	817.074	Virtual	124.874	744.102	846.071	Virtual	125.460	794.484	838.591	Virtual	109.559	765.707	839.019	Virtual	137.663	764.788	837.062	Virtual
35	0.34000	283.377	893.582	882.788	Measured	263.479	813.726	887.331	Measured	324.825	759.545	890.456	Measured	418.124	821.246	890.166	Measured	342.312	837.562	863.216	Virtual	134.895	971.380	884.032	Measured	134.522	938.224	905.023	Measured	139.143	1025.939	902.069	Measured	186.567	972.806	924.989	Measured	121.668	759.067	817.335	Virtual	124.945	744.179	846.347	Virtual	125.510	794.554	838.817	Virtual	109.620	765.770	839.274	Virtual	137.725	764.861	837.317	Virtual
36	0.35000	283.552	893.524	882.904	Measured	263.451	813.804	887.569	Measured	324.722	759.580	890.776	Measured	418.117	821.269	890.570	Measured	342.366	837.534	863.492	Virtual	134.880	971.477	884.093	Measured	134.528	938.342	905.089	Measured	139.187	1026.039	902.055	Measured	186.572	972.901	925.031	Measured	121.540	759.104	817.580	Virtual	124.813	744.242	846.605	Virtual	125.405	794.609	839.029	Virtual	109.500	765.835	839.515	Virtual	137.603	764.908	837.554	Virtual
37	0.36000	283.387	893.661	882.932	Measured	263.336	813.863	887.723	Measured	324.575	759.633	891.123	Measured	417.952	821.244	890.929	Measured	342.258	837.535	863.713	Virtual	134.940	971.553	884.134	Measured	134.581	938.410	905.172	Measured	139.236	1026.125	902.111	Measured	186.627	972.968	925.075	Measured	121.564	759.167	817.675	Virtual	124.843	744.309	846.702	Virtual	125.436	794.675	839.117	Virtual	109.529	765.902	839.611	Virtual	137.632	764.973	837.644	Virtual
38	0.37000	283.337	893.677	882.964	Measured	263.224	813.936	887.728	Measured	324.388	759.658	891.442	Measured	417.848	821.269	891.470	Measured	342.236	837.535	863.989	Virtual	134.975	971.595	884.227	Measured	134.616	938.452	905.234	Measured	139.334	1026.140	902.191	Measured	186.690	972.978	925.104	Measured	121.408	759.226	817.728	Virtual	124.702	744.361	846.749	Virtual	125.321	794.728	839.173	Virtual	109.396	765.965	839.675	Virtual	137.497	765.019	837.685	Virtual
39	0.38000	283.200	893.723	882.938	Measured	263.045	814.000	887.685	Measured	324.180	759.689	891.673	Measured	417.668	821.270	892.075	Measured	342.169	837.548	864.256	Virtual	135.014	971.623	884.328	Measured	134.691	938.459	905.323	Measured	139.394	1026.157	902.319	Measured	186.787	972.978	925.188	Measured	121.433	759.283	817.734	Virtual	124.748	744.402	846.745	Virtual	125.358	794.773	839.195	Virtual	109.436	766.009	839.693	Virtual	137.535	765.066	837.682	Virtual
40	0.39000	283.061	893.828	882.960	Measured	262.846	814.082	887.672	Measured	323.933	759.714	891.867	Measured	417.487	821.177	892.438	Measured	342.050	837.545	864.438	Virtual	135.042	971.612	884.453	Measured	134.752	938.442	905.420	Measured	139.471	1026.161	902.459	Measured	186.864	972.945	925.199	Measured	121.280	759.321	817.761	Virtual	124.645	744.424	846.759	Virtual	125.254	794.800	839.234	Virtual	109.325	766.039	839.746	Virtual	137.421	765.089	837.684	Virtual
41	0.40000	283.023	893.904	883.034	Measured	262.678	814.202	887.719	Measured	323.687	759.763	892.026	Measured	417.291	821.121	892.790	Measured	341.956	837.566	864.636	Virtual	135.009	971.624	884.597	Measured	134.765	938.424	905.521	Measured	139.448	1026.122	902.645	Measured	186.888	972.902	925.383	Measured	121.349	759.381	817.687	Virtual	124.712	744.455	846.670	Virtual	125.309	794.838	839.197	Virtual	109.388	766.073	839.676	Virtual	137.484	765.133	837.618	Virtual
42	0.41000	283.058	894.022	883.266	Measured	262.494	814.338	888.011	Measured	323.466	759.793	892.176	Measured	417.161	820.982	892.913	Measured	341.837	837.570	864.820	Virtual	134.962	971.601	884.771	Measured	134.710	938.384	905.726	Measured	139.355	1026.118	902.912	Measured	186.807	972.924	925.610	Measured	121.482	759.404	817.754	Virtual	124.841	744.463	846.729	Virtual	125.405	794.851	839.288	Virtual	109.504	766.074	839.742	Virtual	137.602	765.156	837.697	Virtual
43	0.42000	283.028	894.155	883.507	Measured	262.362	814.471	888.273	Measured	323.238	759.831	892.337	Measured	417.009	820.784	893.028	Measured	341.710	837.565	865.002	Virtual	134.871	971.591	885.013	Measured	134.615	938.363	905.944	Measured	139.163	1026.094	903.190	Measured	186.647	972.940	925.934	Measured	121.731	759.418	817.840	Virtual	125.061	744.463	846.811	Virtual	125.581	794.856	839.402	Virtual	109.711	766.061	839.812	Virtual	137.813	765.175	837.812	Virtual
44	0.43000	283.067	894.214	883.778	Measured	262.241	814.592	888.533	Measured	323.009	759.827	892.472	Measured	416.914	820.663	893.085	Measured	341.602	837.559	865.165	Virtual	134.700	971.556	885.345	Measured	134.443	938.314	906.276	Measured	138.905	1026.061	903.591	Measured	186.403	972.938	926.343	Measured	121.872	759.424	818.012	Virtual	125.178	744.450	846.976	Virtual	125.654	794.850	839.605	Virtual	109.815	766.037	839.973	Virtual	137.921	765.183	838.010	Virtual
45	0.44000	283.050	894.298	883.985	Measured	262.104	814.668	888.619	Measured	322.825	759.834	892.532	Measured	416.773	820.485	893.175	Measured	341.504	837.552	865.290	Virtual	134.502	971.538	885.731	Measured	134.198	938.307	906.622	Measured	138.577	1026.053	904.029	Measured	186.035	972.964	926.927	Measured	122.174	759.458	818.182	Virtual	125.381	744.467	847.149	Virtual	125.831	794.872	839.817	Virtual	110.022	766.042	840.100	Virtual	138.136	765.220	838.249	Virtual
46	0.45000	283.000	894.300	884.057	Measured	261.998	814.716	888.647	Measured	322.628	759.805	892.579	Measured	416.659	820.378	893.324	Measured	341.420	837.521	865.386	Virtual	134.246	971.537	886.175	Measured	133.954	938.296	907.061	Measured	138.250	1026.039	904.470	Measured	185.717	973.001	927.501	Measured	122.291	759.432	818.610	Virtual	125.447	744.445	847.585	Virtual	125.866	794.850	840.251	Virtual	110.084	766.006	840.500	Virtual	138.203	765.210	838.713	Virtual
47	0.46000	282.888	894.309	884.082	Measured	261.883	814.722	888.589	Measured	322.459	759.779	892.603	Measured	416.518	820.323	893.552	Measured	341.336	837.510	865.487	Virtual	134.033	971.553	886.618	Measured	133.646	938.311	907.551	Measured	137.920	1026.019	905.036	Measured	185.323	973.048	928.160	Measured	122.440	759.488	818.912	Virtual	125.500	744.484	847.887	Virtual	125.913	794.895	840.589	Virtual	110.149	766.040	840.761	Virtual	138.275	765.263	839.076	Virtual
48	0.47000	282.827	894.273	884.024	Measured	261.736	814.735	888.532	Measured	322.272	759.747	892.686	Measured	416.382	820.164	893.909	Measured	341.284	837.431	865.620	Virtual	133.774	971.589	887.323	Measured	133.394	938.321	908.111	Measured	137.592	1026.110	905.641	Measured	185.039	973.122	928.804	Measured	122.391	759.543	819.469	Virtual	125.451	744.534	848.442	Virtual	125.823	794.946	841.158	Virtual	110.084	766.077	841.315	Virtual	138.211	765.326	839.642	Virtual
49	0.48000	282.685	894.317	883.936	Measured	261.618	814.748	888.378	Measured	322.089	759.750	892.740	Measured	416.224	820.171	894.139	Measured	341.194	837.438	865.675	Virtual	133.585	971.617	887.901	Measured	133.179	938.387	908.768	Measured	137.300	1026.144	906.218	Measured	184.722	973.220	929.501	Measured	122.507	759.502	820.233	Virtual	125.517	744.520	849.226	Virtual	125.863	794.927	841.898	Virtual	110.148	766.045	842.047	Virtual	138.279	765.316	840.435	Virtual
50	0.49000	282.629	894.355	883.852	Measured	261.466	814.782	888.305	Measured	321.921	759.768	892.745	Measured	415.983	820.056	894.391	Measured	341.108	837.412	865.746	Virtual	133.368	971.663	888.503	Measured	132.950	938.437	909.471	Measured	137.087	1026.168	906.771	Measured	184.519	973.286	930.208	Measured	122.327	759.418	821.189	Virtual	125.306	744.481	850.208	Virtual	125.671	794.876	842.802	Virtual	109.948	765.998	842.981	Virtual	138.081	765.260	841.398	Virtual
51	0.50000	282.554	894.421	883.859	Measured	261.295	814.887	888.233	Measured	321.719	759.760	892.748	Measured	415.836	820.009	894.437	Measured	340.989	837.428	865.760	Virtual	133.209	971.683	889.250	Measured	132.797	938.504	910.179	Measured	136.877	1026.261	907.450	Measured	184.303	973.402	930.896	Measured	122.304	759.426	822.014	Virtual	125.291	744.507	851.041	Virtual	125.621	794.898	843.607	Virtual	109.919	766.009	843.800	Virtual	138.052	765.290	842.220	Virtual
52	0.51000	282.496	894.546	883.987	Measured	261.148	815.078	888.240	Measured	321.451	759.799	892.775	Measured	415.625	819.823	894.632	Measured	340.875	837.456	865.890	Virtual	133.026	971.742	889.993	Measured	132.632	938.595	911.044	Measured	136.744	1026.333	908.124	Measured	184.164	973.531	931.704	Measured	122.094	759.336	823.246	Virtual	125.071	744.478	852.306	Virtual	125.418	794.853	844.765	Virtual	109.707	765.970	845.016	Virtual	137.840	765.238	843.442	Virtual
53	0.52000	282.550	894.668	884.129	Measured	260.982	815.237	888.351	Measured	321.120	759.851	892.861	Measured	415.490	819.692	894.622	Measured	340.745	837.463	865.956	Virtual	132.840	971.802	890.905	Measured	132.471	938.665	911.892	Measured	136.546	1026.423	908.834	Measured	183.994	973.666	932.497	Measured	121.935	759.272	824.441	Virtual	124.937	744.463	853.523	Virtual	125.261	794.826	845.899	Virtual	109.561	765.937	846.209	Virtual	137.693	765.213	844.617	Virtual
54	0.53000	282.552	894.891	884.136	Measured	260.880	815.507	888.445	Measured	320.817	759.903	892.986	Measured	415.365	819.556	894.757	Measured	340.659	837.496	866.042	Virtual	132.690	971.909	891.772	Measured	132.327	938.821	912.875	Measured	136.383	1026.541	909.648	Measured	183.856	973.844	933.391	Measured	121.806	759.253	825.726	Virtual	124.814	744.497	854.834	Virtual	125.129	794.846	847.119	Virtual	109.433	765.955	847.483	Virtual	137.566	765.233	845.888	Virtual
55	0.54000	282.628	894.996	884.268	Measured	260.650	815.639	888.599	Measured	320.565	759.988	893.050	Measured	415.200	819.400	894.777	Measured	340.529	837.497	866.122	Virtual	132.475	971.988	892.698	Measured	132.124	938.935	913.886	Measured	136.195	1026.687	910.469	Measured	183.661	974.011	934.261	Measured	121.483	759.202	827.119	Virtual	124.517	744.507	856.255	Virtual	124.834	794.840	848.434	Virtual	109.133	765.953	848.874	Virtual	137.264	765.222	847.254	Virtual
56	0.55000	282.667	895.242	884.370	Measured	260.629	815.916	888.585	Measured	320.341	760.085	893.018	Measured	415.133	819.396	894.940	Measured	340.516	837.646	866.220	Virtual	132.284	972.110	893.689	Measured	131.964	939.100	914.964	Measured	136.036	1026.782	911.354	Measured	183.524	974.188	935.272	Measured	121.278	759.166	828.573	Virtual	124.316	744.532	857.739	Virtual	124.638	794.848	849.812	Virtual	108.933	765.964	850.316	Virtual	137.064	765.226	848.691	Virtual
57	0.56000	282.656	895.365	884.414	Measured	260.424	816.069	888.449	Measured	320.114	760.159	892.919	Measured	414.896	819.234	895.149	Measured	340.426	837.695	866.296	Virtual	132.100	972.201	894.707	Measured	131.760	939.267	916.070	Measured	135.774	1026.973	912.245	Measured	183.313	974.456	936.224	Measured	121.180	759.112	830.132	Virtual	124.250	744.553	859.333	Virtual	124.525	794.850	851.279	Virtual	108.845	765.954	851.867	Virtual	136.974	765.235	850.224	Virtual
58	0.57000	282.614	895.521	884.284	Measured	260.421	816.249	888.082	Measured	319.910	760.191	892.807	Measured	414.781	819.230	895.409	Measured	340.443	837.790	866.305	Virtual	131.855	972.348	895.794	Measured	131.578	939.426	917.163	Measured	135.529	1027.129	913.104	Measured	183.123	974.596	937.249	Measured	120.904	759.071	831.662	Virtual	123.988	744.579	860.895	Virtual	124.263	794.857	852.726	Virtual	108.580	765.964	853.388	Virtual	136.709	765.239	851.732	Virtual
59	0.58000	282.489	895.462	884.064	Measured	260.298	816.237	887.639	Measured	319.801	760.211	892.677	Measured	414.584	819.215	895.737	Measured	340.416	837.796	866.302	Virtual	131.618	972.436	896.818	Measured	131.342	939.554	918.337	Measured	135.218	1027.278	914.088	Measured	182.857	974.919	938.331	Measured	121.003	759.008	833.237	Virtual	124.097	744.590	862.505	Virtual	124.300	794.849	854.217	Virtual	108.661	765.934	854.941	Virtual	136.791	765.247	853.299	Virtual
60	0.59000	282.343	895.501	883.700	Measured	260.213	816.205	887.325	Measured	319.729	760.165	892.574	Measured	414.439	819.251	896.146	Measured	340.414	837.791	866.305	Virtual	131.356	972.529	897.870	Measured	131.107	939.678	919.477	Measured	134.912	1027.387	915.020	Measured	182.584	975.107	939.357	Measured	120.849	758.940	834.759	Virtual	123.961	744.588	864.057	Virtual	124.129	794.828	855.660	Virtual	108.509	765.906	856.452	Virtual	136.639	765.233	854.802	Virtual
61	0.60000	282.204	895.428	883.343	Measured	260.144	816.138	886.891	Measured	319.627	760.197	892.499	Measured	414.313	819.388	896.534	Measured	340.414	837.806	866.289	Virtual	131.163	972.703	898.891	Measured	131.053	939.671	920.607	Measured	134.578	1027.456	916.099	Measured	182.317	975.262	940.504	Measured	121.339	758.997	835.760	Virtual	124.446	744.645	865.059	Virtual	124.494	794.888	856.676	Virtual	108.948	765.924	857.437	Virtual	137.083	765.326	855.829	Virtual
62	0.61000	282.062	895.490	883.049	Measured	260.079	816.171	886.572	Measured	319.521	760.172	892.506	Measured	414.136	819.485	896.792	Measured	340.373	837.830	866.264	Virtual	130.863	972.693	900.011	Measured	131.027	939.629	921.800	Measured	134.222	1027.494	917.189	Measured	181.999	975.400	941.621	Measured	121.752	758.890	837.073	Virtual	124.908	744.571	866.383	Virtual	124.800	794.807	857.959	Virtual	109.344	765.796	858.746	Virtual	137.480	765.283	857.133	Virtual
63	0.62000	282.075	895.535	882.941	Measured	260.088	816.294	886.356	Measured	319.403	760.276	892.524	Measured	414.061	819.493	897.025	Measured	340.405	837.882	866.304	Virtual	130.602	972.738	901.115	Measured	130.884	939.625	922.900	Measured	133.841	1027.512	918.237	Measured	181.715	975.491	942.799	Measured	122.084	758.854	838.211	Virtual	125.233	744.550	867.530	Virtual	125.025	794.784	859.091	Virtual	109.632	765.739	859.866	Virtual	137.771	765.288	858.291	Virtual
64	0.63000	282.160	895.687	882.981	Measured	260.034	816.480	886.411	Measured	319.264	760.356	892.612	Measured	414.079	819.466	897.180	Measured	340.420	837.944	866.400	Virtual	130.268	972.700	902.221	Measured	130.559	939.674	924.094	Measured	133.392	1027.544	919.387	Measured	181.369	975.602	943.873	Measured	121.975	758.812	839.487	Virtual	125.174	744.530	868.811	Virtual	124.881	794.758	860.344	Virtual	109.533	765.690	861.150	Virtual	137.672	765.282	859.548	Virtual
65	0.64000	282.234	895.851	883.159	Measured	260.037	816.695	886.540	Measured	319.172	760.468	892.670	Measured	413.980	819.356	897.309	Measured	340.418	838.024	866.538	Virtual	129.932	972.718	903.448	Measured	130.339	939.643	925.223	Measured	132.962	1027.495	920.470	Measured	181.009	975.684	945.072	Measured	122.170	758.732	840.734	Virtual	125.376	744.470	870.067	Virtual	124.983	794.694	861.576	Virtual	109.697	765.594	862.384	Virtual	137.837	765.244	860.804	Virtual
66	0.65000	282.399	895.979	883.264	Measured	260.024	816.894	886.644	Measured	319.068	760.530	892.716	Measured	414.000	819.228	897.402	Measured	340.465	838.054	866.631	Virtual	129.628	972.639	904.572	Measured	130.057	939.572	926.397	Measured	132.473	1027.480	921.654	Measured	180.649	975.798	946.199	Measured	122.415	758.662	841.886	Virtual	125.662	744.409	871.219	Virtual	125.130	794.631	862.729	Virtual	109.924	765.489	863.537	Virtual	138.065	765.217	861.955	Virtual
67	0.66000	282.464	896.052	883.313	Measured	260.095	816.969	886.621	Measured	319.055	760.562	892.689	Measured	413.972	819.181	897.540	Measured	340.525	838.094	866.702	Virtual	129.265	972.590	905.690	Measured	129.823	939.527	927.545	Measured	131.929	1027.398	922.788	Measured	180.306	975.850	947.372	Measured	122.753	758.576	842.999	Virtual	126.037	744.330	872.331	Virtual	125.350	794.552	863.846	Virtual	110.235	765.362	864.647	Virtual	138.377	765.178	863.073	Virtual
68	0.67000	282.411	895.926	883.308	Measured	260.129	816.943	886.423	Measured	319.070	760.522	892.623	Measured	413.903	819.159	897.667	Measured	340.545	838.075	866.724	Virtual	128.889	972.445	906.922	Measured	129.591	939.391	928.775	Measured	131.410	1027.307	923.976	Measured	179.895	975.946	948.563	Measured	123.115	758.384	844.360	Virtual	126.453	744.169	873.700	Virtual	125.592	794.382	865.182	Virtual	110.577	765.141	866.005	Virtual	138.720	765.053	864.427	Virtual
69	0.68000	282.402	895.788	883.025	Measured	260.161	816.700	886.115	Measured	319.134	760.429	892.503	Measured	413.970	819.121	898.018	Measured	340.670	837.967	866.728	Virtual	128.537	972.301	908.092	Measured	129.389	939.298	929.901	Measured	130.880	1027.203	925.150	Measured	179.551	975.986	949.726	Measured	123.542	758.274	845.430	Virtual	126.932	744.059	874.765	Virtual	125.891	794.273	866.267	Virtual	110.981	764.978	867.079	Virtual	139.123	764.991	865.499	Virtual
70	0.69000	282.337	895.550	882.649	Measured	260.180	816.427	885.787	Measured	319.284	760.293	892.286	Measured	413.926	819.183	898.417	Measured	340.773	837.867	866.711	Virtual	128.195	972.183	909.219	Measured	129.145	939.160	931.044	Measured	130.394	1027.087	926.322	Measured	179.269	975.968	950.827	Measured	123.685	758.168	846.482	Virtual	127.147	743.948	875.806	Virtual	125.964	794.163	867.333	Virtual	111.132	764.828	868.149	Virtual	139.273	764.916	866.536	Virtual
71	0.70000	282.265	895.371	882.053	Measured	260.411	816.274	884.900	Measured	319.384	760.103	892.143	Measured	413.936	819.226	898.910	Measured	341.013	837.765	866.604	Virtual	127.923	972.115	910.337	Measured	128.992	939.040	932.233	Measured	129.902	1026.971	927.470	Measured	178.890	976.088	951.973	Measured	124.292	758.033	847.674	Virtual	127.791	743.834	877.004	Virtual	126.414	794.041	868.518	Virtual	111.699	764.648	869.331	Virtual	139.840	764.847	867.737	Virtual
72	0.71000	282.269	895.131	881.462	Measured	260.405	815.974	884.283	Measured	319.498	759.905	891.999	Measured	413.915	819.230	899.307	Measured	341.164	837.582	866.489	Virtual	127.617	972.006	911.523	Measured	128.829	938.948	933.286	Measured	129.428	1026.878	928.605	Measured	178.624	976.083	953.067	Measured	124.608	757.976	848.617	Virtual	128.177	743.763	877.931	Virtual	126.636	793.973	869.490	Virtual	112.013	764.534	870.290	Virtual	140.152	764.822	868.672	Virtual
73	0.72000	282.279	894.823	881.022	Measured	260.602	815.826	883.762	Measured	319.604	759.756	891.854	Measured	413.899	819.175	899.688	Measured	341.356	837.428	866.430	Virtual	127.336	971.925	912.599	Measured	128.632	938.871	934.424	Measured	128.942	1026.804	929.652	Measured	178.308	976.245	954.117	Measured	125.048	757.814	849.933	Virtual	128.678	743.644	879.261	Virtual	126.954	793.839	870.767	Virtual	112.437	764.349	871.604	Virtual	140.574	764.736	869.975	Virtual
74	0.73000	282.385	894.711	880.747	Measured	260.675	815.583	883.432	Measured	319.712	759.613	891.737	Measured	413.945	819.033	899.925	Measured	341.519	837.272	866.391	Virtual	127.024	971.867	913.672	Measured	128.483	938.801	935.495	Measured	128.454	1026.757	930.670	Measured	178.038	976.371	955.117	Measured	125.448	757.703	851.103	Virtual	129.165	743.562	880.434	Virtual	127.248	793.747	871.917	Virtual	112.839	764.203	872.786	Virtual	140.973	764.693	871.123	Virtual
75	0.74000	282.503	894.553	880.649	Measured	260.815	815.480	883.232	Measured	319.765	759.463	891.740	Measured	414.054	818.841	900.112	Measured	341.683	837.112	866.416	Virtual	126.685	971.824	914.798	Measured	128.339	938.782	936.597	Measured	127.929	1026.721	931.666	Measured	177.759	976.581	956.147	Measured	125.947	757.564	852.468	Virtual	129.760	743.477	881.812	Virtual	127.622	793.641	873.233	Virtual	113.338	764.039	874.159	Virtual	141.468	764.645	872.459	Virtual
76	0.75000	282.667	894.515	880.618	Measured	260.895	815.443	883.161	Measured	319.783	759.367	891.799	Measured	414.060	818.637	900.307	Measured	341.806	836.991	866.491	Virtual	126.427	971.762	915.887	Measured	128.183	938.693	937.748	Measured	127.388	1026.654	932.648	Measured	177.472	976.852	957.102	Measured	126.569	757.352	853.964	Virtual	130.499	743.340	883.329	Virtual	128.104	793.477	874.657	Virtual	113.965	763.808	875.663	Virtual	142.088	764.545	873.916	Virtual
77	0.76000	282.834	894.517	880.571	Measured	261.009	815.446	883.115	Measured	319.794	759.319	891.900	Measured	414.137	818.474	900.501	Measured	341.949	836.899	866.566	Virtual	126.174	971.731	916.891	Measured	128.141	938.643	938.853	Measured	126.924	1026.633	933.621	Measured	177.291	977.085	958.010	Measured	127.160	757.220	855.276	Virtual	131.225	743.264	884.650	Virtual	128.578	793.378	875.919	Virtual	114.579	763.646	876.997	Virtual	142.694	764.511	875.182	Virtual
78	0.77000	282.973	894.466	880.510	Measured	261.065	815.450	882.991	Measured	319.761	759.235	892.075	Measured	414.200	818.432	900.826	Measured	342.075	836.821	866.692	Virtual	125.955	971.566	918.045	Measured	128.149	938.584	939.863	Measured	126.495	1026.559	934.557	Measured	177.162	977.332	958.851	Measured	127.820	757.014	856.660	Virtual	132.062	743.127	886.041	Virtual	129.124	793.213	877.241	Virtual	115.283	763.410	878.416	Virtual	143.387	764.418	876.498	Virtual
79	0.78000	283.081	894.465	880.317	Measured	261.157	815.456	882.781	Measured	319.735	759.186	892.196	Measured	414.161	818.334	901.312	Measured	342.222	836.746	866.831	Virtual	125.797	971.513	919.019	Measured	128.231	938.505	940.889	Measured	126.105	1026.503	935.541	Measured	177.104	977.535	959.616	Measured	128.486	756.931	857.726	Virtual	132.921	743.077	887.094	Virtual	129.691	793.143	878.287	Virtual	116.007	763.271	879.531	Virtual	144.097	764.421	877.496	Virtual
80	0.79000	283.233	894.401	879.972	Measured	261.210	815.377	882.497	Measured	319.748	759.117	892.269	Measured	414.070	818.227	901.843	Measured	342.385	836.618	866.927	Virtual	125.689	971.364	920.075	Measured	128.377	938.424	941.892	Measured	125.745	1026.369	936.485	Measured	177.152	977.691	960.415	Measured	129.261	756.751	858.917	Virtual	133.896	742.947	888.278	Virtual	130.359	792.988	879.442	Virtual	116.842	763.044	880.770	Virtual	144.916	764.343	878.614	Virtual
81	0.80000	283.339	894.303	879.680	Measured	261.323	815.293	882.228	Measured	319.766	759.002	892.321	Measured	414.094	818.028	902.394	Measured	342.581	836.457	867.047	Virtual	125.501	971.261	921.161	Measured	128.540	938.326	942.926	Measured	125.417	1026.276	937.481	Measured	177.163	977.885	961.201	Measured	129.910	756.619	860.101	Virtual	134.770	742.861	889.447	Virtual	130.926	792.876	880.594	Virtual	117.572	762.862	882.014	Virtual	145.628	764.307	879.710	Virtual
82	0.81000	283.498	894.143	879.461	Measured	261.471	815.156	881.915	Measured	319.871	758.867	892.337	Measured	414.072	817.920	902.887	Measured	342.794	836.319	867.159	Virtual	125.505	971.120	922.128	Measured	128.695	938.226	943.908	Measured	125.137	1026.147	938.418	Measured	177.195	978.031	961.956	Measured	130.707	756.466	861.188	Virtual	135.734	742.751	890.527	Virtual	131.614	792.741	881.654	Virtual	118.413	762.663	883.139	Virtual	146.453	764.244	880.740	Virtual
83	0.82000	283.701	893.993	879.338	Measured	261.650	814.935	881.703	Measured	320.030	758.755	892.417	Measured	414.210	817.824	903.325	Measured	343.050	836.174	867.296	Virtual	125.289	971.038	923.122	Measured	128.901	938.154	944.855	Measured	124.860	1026.073	939.331	Measured	177.306	978.267	962.593	Measured	131.233	756.357	862.310	Virtual	136.535	742.694	891.624	Virtual	132.098	792.654	882.738	Virtual	119.062	762.511	884.341	Virtual	147.076	764.232	881.744	Virtual
84	0.83000	283.956	893.877	879.302	Measured	261.898	814.800	881.675	Measured	320.246	758.629	892.621	Measured	414.357	817.625	903.848	Measured	343.352	836.006	867.536	Virtual	125.325	970.930	924.070	Measured	129.036	938.091	945.838	Measured	124.745	1026.015	940.201	Measured	177.398	978.348	963.341	Measured	131.600	756.187	863.534	Virtual	137.031	742.580	892.850	Virtual	132.435	792.516	883.909	Virtual	119.482	762.340	885.595	Virtual	147.483	764.132	882.906	Virtual
85	0.84000	284.275	893.760	879.401	Measured	262.163	814.584	881.753	Measured	320.414	758.493	892.887	Measured	414.626	817.420	904.330	Measured	343.671	835.814	867.820	Virtual	125.209	970.892	925.106	Measured	129.188	938.085	946.804	Measured	124.588	1025.971	941.164	Measured	177.527	978.519	964.068	Measured	131.878	756.142	864.615	Virtual	137.519	742.568	893.907	Virtual	132.709	792.484	884.966	Virtual	119.865	762.267	886.741	Virtual	147.845	764.148	883.893	Virtual
86	0.85000	284.625	893.619	879.614	Measured	262.436	814.451	882.025	Measured	320.694	758.381	893.263	Measured	414.879	817.293	904.742	Measured	343.985	835.659	868.146	Virtual	125.157	970.835	926.076	Measured	129.209	938.059	947.834	Measured	124.461	1025.923	942.096	Measured	177.519	978.548	964.932	Measured	131.981	756.023	865.812	Virtual	137.697	742.487	895.107	Virtual	132.802	792.387	886.123	Virtual	120.003	762.155	887.955	Virtual	147.974	764.071	885.050	Virtual
87	0.86000	284.947	893.506	879.791	Measured	262.780	814.245	882.244	Measured	321.045	758.287	893.607	Measured	415.169	817.210	905.244	Measured	344.347	835.529	868.491	Virtual	124.967	970.778	927.142	Measured	129.207	938.029	948.788	Measured	124.206	1025.888	943.108	Measured	177.429	978.669	965.823	Measured	132.272	756.019	866.766	Virtual	138.103	742.494	896.044	Virtual	133.043	792.382	887.082	Virtual	120.334	762.113	888.942	Virtual	148.292	764.109	885.964	Virtual
88	0.87000	285.275	893.383	879.949	Measured	263.067	814.125	882.363	Measured	321.316	758.210	893.946	Measured	415.399	817.041	905.749	Measured	344.684	835.385	868.820	Virtual	124.796	970.801	928.146	Measured	129.090	938.056	949.854	Measured	123.872	1025.893	944.044	Measured	177.261	978.809	966.750	Measured	132.475	755.952	868.043	Virtual	138.372	742.478	897.331	Virtual	133.189	792.342	888.311	Virtual	120.550	762.047	890.225	Virtual	148.500	764.102	887.211	Virtual
89	0.88000	285.591	893.268	879.984	Measured	263.358	813.962	882.414	Measured	321.547	758.095	894.306	Measured	415.522	816.892	906.278	Measured	344.998	835.210	869.116	Virtual	124.532	970.836	929.172	Measured	128.945	938.153	950.891	Measured	123.491	1025.944	944.976	Measured	177.012	979.054	967.738	Measured	132.786	755.935	869.344	Virtual	138.730	742.517	898.648	Virtual	133.409	792.354	889.563	Virtual	120.853	762.028	891.522	Virtual	148.796	764.155	888.495	Virtual
90	0.89000	285.847	893.130	879.930	Measured	263.527	813.871	882.267	Measured	321.617	757.963	894.397	Measured	415.649	816.707	906.836	Measured	345.263	835.060	869.338	Virtual	124.232	970.900	930.210	Measured	128.756	938.247	951.926	Measured	123.014	1026.010	945.925	Measured	176.681	979.328	968.724	Measured	133.173	755.958	870.583	Virtual	139.170	742.591	899.899	Virtual	133.682	792.401	890.763	Virtual	121.227	762.036	892.758	Virtual	149.162	764.251	889.721	Virtual
91	0.90000	286.027	892.998	879.797	Measured	263.697	813.702	881.954	Measured	321.701	757.815	894.289	Measured	415.613	816.434	907.420	Measured	345.498	834.901	869.510	Virtual	123.886	970.973	931.212	Measured	128.540	938.373	952.991	Measured	122.505	1026.118	946.852	Measured	176.367	979.661	969.710	Measured	133.539	755.973	871.949	Virtual	139.598	742.674	901.284	Virtual	133.936	792.450	892.069	Virtual	121.585	762.047	894.121	Virtual	149.511	764.352	891.064	Virtual
92	0.91000	286.260	892.818	879.469	Measured	263.774	813.530	881.318	Measured	321.647	757.568	893.985	Measured	415.493	816.122	908.072	Measured	345.727	834.695	869.589	Virtual	123.559	971.027	932.297	Measured	128.319	938.487	954.057	Measured	121.875	1026.154	947.744	Measured	175.902	980.038	970.806	Measured	134.360	755.943	873.425	Virtual	140.431	742.733	902.797	Virtual	134.542	792.463	893.471	Virtual	122.336	762.003	895.563	Virtual	150.256	764.438	892.551	Virtual
93	0.92000	286.394	892.603	879.107	Measured	263.839	813.321	880.669	Measured	321.612	757.296	893.681	Measured	415.410	815.750	908.641	Measured	345.924	834.448	869.619	Virtual	123.136	971.091	933.377	Measured	128.069	938.585	955.179	Measured	121.160	1026.236	948.782	Measured	175.432	980.396	971.862	Measured	135.022	756.011	874.700	Virtual	141.170	742.859	904.082	Virtual	135.022	792.549	894.714	Virtual	122.974	762.028	896.837	Virtual	150.880	764.605	893.814	Virtual
94	0.93000	286.610	892.430	878.835	Measured	263.813	813.075	879.963	Measured	321.459	756.993	893.338	Measured	415.234	815.298	909.056	Measured	346.060	834.167	869.601	Virtual	122.654	971.145	934.486	Measured	127.747	938.709	956.340	Measured	120.350	1026.287	949.728	Measured	174.827	980.861	973.010	Measured	135.911	755.989	876.332	Virtual	142.088	742.946	905.757	Virtual	135.662	792.575	896.257	Virtual	123.791	761.989	898.434	Virtual	151.686	764.724	895.451	Virtual
95	0.94000	286.801	892.272	878.678	Measured	263.739	812.930	879.514	Measured	321.299	756.756	892.922	Measured	415.043	814.728	909.496	Measured	346.159	833.907	869.654	Virtual	122.144	971.177	935.626	Measured	127.374	938.802	957.477	Measured	119.425	1026.347	950.793	Measured	174.225	981.250	974.193	Measured	136.803	756.077	877.632	Virtual	143.029	743.094	907.073	Virtual	136.301	792.675	897.529	Virtual	124.620	762.017	899.716	Virtual	152.501	764.924	896.762	Virtual
96	0.95000	287.103	892.183	878.669	Measured	263.557	812.851	879.028	Measured	321.082	756.510	892.507	Measured	414.936	814.188	909.703	Measured	346.238	833.680	869.642	Virtual	121.486	971.232	936.831	Measured	126.912	938.916	958.660	Measured	118.444	1026.382	951.796	Measured	173.422	981.733	975.421	Measured	137.652	756.096	879.267	Virtual	143.900	743.216	908.749	Virtual	136.877	792.733	899.085	Virtual	125.387	762.005	901.314	Virtual	153.255	765.084	898.410	Virtual
97	0.96000	287.419	892.113	878.679	Measured	264.057	813.125	878.257	Measured	320.895	756.279	892.181	Measured	414.859	813.513	910.081	Measured	346.577	833.504	869.711	Virtual	120.836	971.207	937.969	Measured	126.449	938.979	959.879	Measured	117.369	1026.393	952.892	Measured	172.621	982.106	976.690	Measured	138.622	756.142	880.700	Virtual	144.892	743.337	910.209	Virtual	137.549	792.794	900.475	Virtual	126.266	761.991	902.712	Virtual	154.118	765.259	899.868	Virtual
98	0.97000	287.715	892.031	878.713	Measured	263.943	813.039	878.008	Measured	320.677	756.032	891.855	Measured	414.775	813.040	910.299	Measured	346.650	833.280	869.755	Virtual	120.164	971.192	939.138	Measured	125.911	939.011	961.050	Measured	116.318	1026.325	953.990	Measured	171.788	982.462	978.058	Measured	139.576	756.206	882.053	Virtual	145.816	743.459	911.594	Virtual	138.192	792.862	901.802	Virtual	127.099	761.988	904.015	Virtual	154.940	765.433	901.275	Virtual
99	0.98000	287.867	891.984	878.640	Measured	264.155	813.175	877.438	Measured	320.424	755.852	891.584	Measured	414.493	812.558	910.690	Measured	346.775	833.131	869.831	Virtual	119.534	971.069	940.296	Measured	125.438	938.972	962.265	Measured	115.299	1026.241	955.183	Measured	171.008	982.743	979.318	Measured	140.442	756.242	883.324	Virtual	146.720	743.543	912.877	Virtual	138.786	792.892	903.061	Virtual	127.894	761.946	905.264	Virtual	155.716	765.574	902.567	Virtual
100	0.99000	288.121	891.922	878.407	Measured	264.153	813.200	876.851	Measured	320.154	755.713	891.307	Measured	414.234	812.015	911.337	Measured	346.914	832.916	869.959	Virtual	118.909	970.980	941.464	Measured	125.008	938.942	963.421	Measured	114.417	1026.106	956.284	Measured	170.297	982.902	980.554	Measured	141.022	756.230	884.592	Virtual	147.318	743.574	914.160	Virtual	139.151	792.879	904.312	Virtual	128.411	761.879	906.510	Virtual	156.219	765.647	903.854	Virtual
101	1.00000	288.274	891.972	877.681	Measured	264.075	813.245	875.842	Measured	319.813	755.558	891.010	Measured	413.767	811.748	911.833	Measured	346.960	832.755	869.815	Virtual	118.314	970.762	942.517	Measured	124.611	938.777	964.666	Measured	113.569	1025.905	957.521	Measured	169.680	983.011	981.834	Measured	141.708	756.177	885.763	Virtual	148.038	743.550	915.336	Virtual	139.615	792.812	905.488	Virtual	129.041	761.754	907.668	Virtual	156.831	765.672	905.045	Virtual
102	1.01000	288.394	892.002	877.025	Measured	264.037	813.254	875.028	Measured	319.382	755.392	890.701	Measured	413.205	811.292	912.610	Measured	346.990	832.528	869.847	Virtual	117.808	970.540	943.595	Measured	124.231	938.647	965.917	Measured	112.878	1025.730	958.723	Measured	169.118	983.067	983.081	Measured	142.117	756.068	887.065	Virtual	148.462	743.478	916.651	Virtual	139.861	792.703	906.772	Virtual	129.404	761.605	908.953	Virtual	157.181	765.629	906.360	Virtual
103	1.02000	288.515	892.071	876.234	Measured	263.645	813.258	874.381	Measured	318.399	755.291	890.668	Measured	412.578	810.926	913.383	Measured	346.775	832.220	869.862	Virtual	117.355	970.363	944.763	Measured	123.886	938.505	967.154	Measured	112.104	1025.531	959.839	Measured	168.613	983.065	984.287	Measured	142.594	755.923	888.444	Virtual	148.979	743.386	918.044	Virtual	140.171	792.565	908.118	Virtual	129.847	761.424	910.321	Virtual	157.608	765.565	907.738	Virtual
104	1.03000	288.674	892.197	875.598	Measured	263.748	813.668	872.865	Measured	317.920	755.365	889.794	Measured	411.573	810.660	914.208	Measured	346.815	832.330	869.818	Virtual	116.903	970.248	945.942	Measured	123.545	938.375	968.338	Measured	111.505	1025.381	961.039	Measured	168.145	983.102	985.426	Measured	142.745	755.877	889.590	Virtual	149.193	743.357	919.183	Virtual	140.228	792.510	909.269	Virtual	130.000	761.338	911.478	Virtual	157.746	765.564	908.872	Virtual
105	1.04000	288.850	892.263	874.965	Measured	263.592	814.032	871.081	Measured	317.053	755.433	889.470	Measured	410.995	810.112	914.891	Measured	346.802	832.193	869.706	Virtual	116.451	969.991	947.211	Measured	123.130	938.229	969.676	Measured	110.834	1025.162	962.044	Measured	167.620	983.140	986.576	Measured	142.870	755.475	891.655	Virtual	149.362	743.090	921.296	Virtual	140.249	792.177	911.191	Virtual	130.114	760.984	913.525	Virtual	157.847	765.281	910.896	Virtual
106	1.05000	289.034	892.483	874.616	Measured	263.349	814.446	870.578	Measured	316.553	755.638	889.126	Measured	410.149	809.761	915.645	Measured	346.684	832.227	869.879	Virtual	115.912	969.781	948.349	Measured	122.741	938.063	970.886	Measured	110.257	1024.984	963.163	Measured	167.151	983.144	987.619	Measured	142.715	755.259	893.079	Virtual	149.299	742.932	922.723	Virtual	140.055	791.984	912.567	Virtual	129.994	760.772	914.969	Virtual	157.711	765.127	912.273	Virtual
107	1.06000	289.231	892.616	874.704	Measured	263.262	814.864	870.356	Measured	315.945	755.841	889.144	Measured	409.753	809.355	916.103	Measured	346.611	832.201	870.106	Virtual	115.485	969.589	949.422	Measured	122.370	937.890	972.026	Measured	109.633	1024.796	964.182	Measured	166.699	983.134	988.617	Measured	142.795	755.053	894.434	Virtual	149.444	742.786	924.089	Virtual	140.052	791.798	913.874	Virtual	130.081	760.561	916.330	Virtual	157.784	764.990	913.598	Virtual
108	1.07000	289.307	892.758	875.062	Measured	263.214	815.304	870.433	Measured	315.528	756.009	889.313	Measured	409.367	808.998	916.613	Measured	346.528	832.232	870.501	Virtual	115.022	969.357	950.447	Measured	122.119	937.706	973.071	Measured	109.063	1024.551	965.165	Measured	166.308	983.115	989.637	Measured	143.093	754.873	895.625	Virtual	149.808	742.654	925.285	Virtual	140.238	791.624	915.037	Virtual	130.377	760.355	917.526	Virtual	158.062	764.878	914.769	Virtual
109	1.08000	289.903	893.396	875.195	Measured	263.279	815.701	870.545	Measured	315.244	755.957	889.423	Measured	409.234	808.646	917.139	Measured	346.728	832.242	870.822	Virtual	114.667	969.124	951.483	Measured	121.867	937.522	974.131	Measured	108.558	1024.270	966.152	Measured	165.904	983.094	990.539	Measured	143.298	754.653	896.864	Virtual	150.099	742.490	926.527	Virtual	140.359	791.418	916.237	Virtual	130.600	760.121	918.779	Virtual	158.266	764.727	915.972	Virtual
110	1.09000	290.222	893.958	875.006	Measured	263.342	816.030	870.696	Measured	315.035	756.093	889.647	Measured	409.127	808.415	917.530	Measured	346.843	832.273	870.990	Virtual	114.270	968.851	952.542	Measured	121.632	937.292	975.242	Measured	108.066	1024.018	967.128	Measured	165.589	982.990	991.517	Measured	143.364	754.356	898.235	Virtual	150.245	742.259	927.907	Virtual	140.367	791.146	917.553	Virtual	130.690	759.829	920.163	Virtual	158.340	764.499	917.302	Virtual
111	1.10000	290.685	894.349	874.946	Measured	263.469	816.336	870.691	Measured	314.843	756.195	889.855	Measured	408.947	808.152	918.258	Measured	347.051	832.268	871.343	Virtual	113.915	968.580	953.541	Measured	121.401	937.099	976.363	Measured	107.582	1023.753	968.057	Measured	165.224	982.939	992.345	Measured	143.418	754.023	899.721	Virtual	150.408	742.018	929.404	Virtual	140.372	790.852	918.954	Virtual	130.786	759.516	921.667	Virtual	158.416	764.253	918.723	Virtual
112	1.11000	290.947	894.420	874.741	Measured	263.536	816.601	870.433	Measured	314.560	756.321	890.032	Measured	408.649	807.985	918.898	Measured	347.136	832.222	871.576	Virtual	113.590	968.336	954.584	Measured	121.152	936.900	977.424	Measured	107.105	1023.511	968.951	Measured	164.935	982.929	993.231	Measured	143.544	753.724	901.184	Virtual	150.624	741.808	930.881	Virtual	140.436	790.590	920.337	Virtual	130.940	759.235	923.142	Virtual	158.551	764.039	920.133	Virtual
113	1.12000	291.204	894.552	874.487	Measured	263.598	816.830	870.042	Measured	314.271	756.417	890.101	Measured	408.316	807.907	919.775	Measured	347.241	832.226	871.878	Virtual	113.225	968.095	955.547	Measured	120.954	936.728	978.461	Measured	106.607	1023.287	969.818	Measured	164.659	982.965	994.009	Measured	143.710	753.449	902.600	Virtual	150.925	741.630	932.304	Virtual	140.543	790.352	921.671	Virtual	131.159	758.974	924.585	Virtual	158.744	763.860	921.474	Virtual
114	1.13000	291.440	894.742	874.027	Measured	263.637	817.001	869.415	Measured	313.974	756.536	890.147	Measured	407.688	807.746	920.610	Measured	347.288	832.191	872.090	Virtual	112.920	967.863	956.428	Measured	120.842	936.535	979.430	Measured	106.147	1023.039	970.690	Measured	164.421	982.947	994.736	Measured	143.997	753.237	903.723	Virtual	151.350	741.487	933.421	Virtual	140.761	790.156	922.753	Virtual	131.498	758.749	925.741	Virtual	159.055	763.729	922.534	Virtual
115	1.14000	291.486	894.988	873.682	Measured	263.708	817.227	868.912	Measured	313.676	756.647	890.241	Measured	407.274	807.664	921.436	Measured	347.314	832.234	872.342	Virtual	112.616	967.608	957.393	Measured	120.687	936.352	980.366	Measured	105.708	1022.807	971.508	Measured	164.192	982.948	995.470	Measured	144.179	752.976	905.001	Virtual	151.661	741.310	934.700	Virtual	140.890	789.925	923.963	Virtual	131.732	758.495	927.046	Virtual	159.264	763.553	923.742	Virtual
116	1.15000	291.841	894.907	873.418	Measured	263.837	817.380	868.559	Measured	313.489	756.772	890.359	Measured	406.943	807.597	922.064	Measured	347.448	832.164	872.543	Virtual	112.422	967.323	958.293	Measured	120.680	936.132	981.351	Measured	105.386	1022.555	972.351	Measured	164.084	982.861	996.111	Measured	144.341	752.664	906.247	Virtual	151.990	741.085	935.937	Virtual	141.032	789.644	925.143	Virtual	131.978	758.196	928.336	Virtual	159.480	763.325	924.897	Virtual
117	1.16000	292.093	895.049	873.400	Measured	264.023	817.545	868.455	Measured	313.404	756.831	890.651	Measured	406.766	807.488	922.819	Measured	347.614	832.151	872.927	Virtual	112.279	967.082	959.204	Measured	120.631	935.942	982.201	Measured	105.250	1022.296	973.190	Measured	164.069	982.743	996.800	Measured	144.243	752.407	907.239	Virtual	152.007	740.867	936.914	Virtual	140.961	789.404	926.108	Virtual	131.951	757.950	929.365	Virtual	159.436	763.103	925.825	Virtual
118	1.17000	292.630	894.913	873.595	Measured	264.180	817.651	868.545	Measured	313.357	756.867	890.960	Measured	406.736	807.327	923.271	Measured	347.844	832.016	873.248	Virtual	112.218	966.833	960.093	Measured	120.720	935.711	983.115	Measured	105.202	1022.075	974.058	Measured	164.165	982.574	997.413	Measured	144.108	752.116	908.256	Virtual	152.031	740.620	937.906	Virtual	140.887	789.134	927.094	Virtual	131.922	757.676	930.436	Virtual	159.384	762.849	926.752	Virtual
119	1.18000	293.019	894.871	873.790	Measured	264.447	817.729	868.703	Measured	313.442	756.934	891.316	Measured	406.803	807.252	923.755	Measured	348.102	831.962	873.599	Virtual	112.212	966.592	960.940	Measured	120.872	935.506	983.925	Measured	105.306	1021.817	974.820	Measured	164.374	982.398	997.895	Measured	143.820	751.775	909.262	Virtual	151.922	740.332	938.884	Virtual	140.709	788.825	928.054	Virtual	131.767	757.372	931.505	Virtual	159.206	762.542	927.647	Virtual
120	1.19000	293.349	894.880	873.950	Measured	264.629	817.802	868.778	Measured	313.452	756.954	891.666	Measured	406.823	807.092	924.288	Measured	348.309	831.877	873.951	Virtual	112.308	966.358	961.702	Measured	121.032	935.307	984.742	Measured	105.430	1021.658	975.577	Measured	164.635	982.217	998.421	Measured	143.615	751.478	910.216	Virtual	151.851	740.076	939.817	Virtual	140.598	788.556	928.970	Virtual	131.665	757.110	932.506	Virtual	159.087	762.268	928.515	Virtual
121	1.20000	293.685	894.847	874.000	Measured	264.875	817.882	868.770	Measured	313.495	757.017	891.941	Measured	406.763	807.116	924.907	Measured	348.534	831.860	874.298	Virtual	112.413	966.149	962.484	Measured	121.319	935.129	985.518	Measured	105.638	1021.421	976.396	Measured	164.929	982.109	998.917	Measured	143.629	751.263	910.985	Virtual	152.038	739.887	940.547	Virtual	140.686	788.351	929.731	Virtual	131.798	756.900	933.338	Virtual	159.194	762.078	929.191	Virtual
122	1.21000	293.973	894.847	873.943	Measured	265.109	817.942	868.553	Measured	313.518	757.031	892.106	Measured	406.639	806.932	925.457	Measured	348.741	831.775	874.552	Virtual	112.556	965.988	963.196	Measured	121.583	934.987	986.234	Measured	105.791	1021.297	977.092	Measured	165.265	981.961	999.346	Measured	143.541	751.056	911.748	Virtual	152.109	739.711	941.277	Virtual	140.688	788.162	930.473	Virtual	131.827	756.712	934.158	Virtual	159.199	761.892	929.861	Virtual
123	1.22000	294.282	894.781	873.799	Measured	265.347	817.956	868.298	Measured	313.584	757.094	892.199	Measured	406.552	806.981	926.018	Measured	348.967	831.757	874.765	Virtual	112.645	965.871	963.910	Measured	121.908	934.898	986.903	Measured	105.998	1021.128	977.750	Measured	165.541	981.946	999.742	Measured	143.627	750.891	912.542	Virtual	152.366	739.591	942.038	Virtual	140.835	788.016	931.237	Virtual	132.028	756.562	935.008	Virtual	159.371	761.766	930.557	Virtual
124	1.23000	294.590	894.677	873.534	Measured	265.631	817.876	867.932	Measured	313.716	757.059	892.308	Measured	406.374	806.876	926.583	Measured	349.212	831.631	874.947	Virtual	112.822	965.737	964.619	Measured	122.227	934.811	987.592	Measured	106.156	1021.032	978.408	Measured	165.871	981.894	1000.168	Measured	143.773	750.734	913.350	Virtual	152.666	739.478	942.817	Virtual	141.033	787.878	932.014	Virtual	132.277	756.419	935.865	Virtual	159.592	761.646	931.276	Virtual
125	1.24000	294.708	894.873	872.751	Measured	265.889	818.035	867.605	Measured	313.808	757.016	892.486	Measured	406.241	806.924	927.178	Measured	349.409	831.603	874.984	Virtual	113.006	965.654	965.272	Measured	122.489	934.744	988.232	Measured	106.339	1020.963	979.013	Measured	166.128	981.876	1000.590	Measured	143.883	750.609	914.113	Virtual	152.886	739.391	943.561	Virtual	141.187	787.773	932.747	Virtual	132.463	756.313	936.662	Virtual	159.759	761.551	931.972	Virtual
126	1.25000	294.925	894.841	872.299	Measured	266.204	818.011	867.240	Measured	313.960	757.003	892.581	Measured	406.051	806.806	927.683	Measured	349.637	831.494	875.083	Virtual	113.173	965.583	965.913	Measured	122.835	934.680	988.853	Measured	106.527	1020.849	979.572	Measured	166.490	981.850	1001.039	Measured	144.134	750.477	914.885	Virtual	153.255	739.302	944.314	Virtual	141.466	787.660	933.484	Virtual	132.789	756.195	937.468	Virtual	160.063	761.456	932.674	Virtual
127	1.26000	295.704	894.367	871.287	Measured	266.523	817.921	866.713	Measured	314.071	756.923	892.601	Measured	405.906	806.794	928.235	Measured	350.053	831.139	874.983	Virtual	113.392	965.510	966.528	Measured	123.083	934.620	989.563	Measured	106.668	1020.798	980.167	Measured	166.741	981.901	1001.489	Measured	144.411	750.344	915.820	Virtual	153.627	739.231	945.242	Virtual	141.753	787.555	934.362	Virtual	133.123	756.088	938.425	Virtual	160.377	761.371	933.545	Virtual
128	1.27000	296.075	894.061	871.106	Measured	266.753	817.764	866.186	Measured	314.071	756.661	892.068	Measured	405.720	806.759	928.612	Measured	350.255	830.999	875.007	Virtual	113.547	965.442	967.077	Measured	123.478	934.543	990.085	Measured	106.824	1020.743	980.712	Measured	166.991	981.946	1001.865	Measured	144.903	750.324	916.319	Virtual	154.238	739.238	945.713	Virtual	142.227	787.535	934.860	Virtual	133.677	756.050	938.958	Virtual	160.903	761.390	933.989	Virtual
129	1.28000	296.668	893.640	870.303	Measured	266.889	817.532	865.648	Measured	314.105	756.364	891.680	Measured	405.515	806.678	929.000	Measured	350.516	830.653	874.848	Virtual	113.741	965.423	967.632	Measured	123.683	934.558	990.298	Measured	106.961	1020.674	981.276	Measured	167.275	982.013	1002.307	Measured	145.366	750.547	916.093	Virtual	154.757	739.391	945.443	Virtual	142.657	787.700	934.745	Virtual	134.161	756.191	938.764	Virtual	161.373	761.587	933.773	Virtual
130	1.29000	296.671	893.622	870.005	Measured	266.724	817.778	865.131	Measured	314.184	756.214	891.374	Measured	405.298	806.560	929.394	Measured	350.526	830.661	874.858	Virtual	113.868	965.411	968.168	Measured	123.970	934.503	990.657	Measured	107.059	1020.643	981.777	Measured	167.444	982.091	1002.682	Measured	145.860	750.649	916.271	Virtual	155.334	739.482	945.591	Virtual	143.112	787.777	934.967	Virtual	134.689	756.247	938.971	Virtual	161.880	761.704	933.930	Virtual
131	1.30000	296.900	893.616	869.773	Measured	267.305	817.499	864.792	Measured	314.331	756.130	891.306	Measured	405.211	806.471	929.742	Measured	350.818	830.555	874.951	Virtual	114.058	965.395	968.701	Measured	124.215	934.560	991.100	Measured	107.119	1020.637	982.214	Measured	167.630	982.240	1003.113	Measured	146.471	750.697	916.842	Virtual	155.995	739.568	946.159	Virtual	143.656	787.829	935.519	Virtual	135.307	756.282	939.548	Virtual	162.481	761.797	934.481	Virtual
132	1.31000	297.137	893.468	869.712	Measured	267.359	817.486	864.588	Measured	314.431	755.988	891.273	Measured	405.201	806.309	929.996	Measured	350.962	830.422	875.031	Virtual	114.164	965.371	969.138	Measured	124.618	934.580	991.652	Measured	107.168	1020.597	982.619	Measured	167.786	982.422	1003.460	Measured	147.266	750.670	917.639	Virtual	156.892	739.627	946.956	Virtual	144.366	787.827	936.256	Virtual	136.133	756.259	940.360	Virtual	163.277	761.857	935.223	Virtual
133	1.32000	297.347	893.425	869.712	Measured	267.604	817.325	864.576	Measured	314.576	755.941	891.361	Measured	405.276	806.174	930.293	Measured	351.165	830.315	875.189	Virtual	114.376	965.383	969.506	Measured	124.838	934.634	992.018	Measured	107.116	1020.588	982.942	Measured	168.000	982.554	1003.725	Measured	147.920	750.725	918.085	Virtual	157.618	739.726	947.395	Virtual	144.946	787.885	936.683	Virtual	136.805	756.298	940.818	Virtual	163.926	761.966	935.638	Virtual
134	1.33000	297.488	893.503	869.956	Measured	267.932	817.309	864.648	Measured	314.667	755.834	891.595	Measured	405.368	806.089	930.523	Measured	351.347	830.283	875.427	Virtual	114.542	965.409	969.875	Measured	125.135	934.678	992.428	Measured	107.225	1020.587	983.439	Measured	168.155	982.729	1004.033	Measured	148.516	750.874	918.312	Virtual	158.298	739.882	947.596	Virtual	145.488	788.016	936.937	Virtual	137.432	756.406	941.070	Virtual	164.528	762.144	935.841	Virtual
135	1.34000	297.565	893.520	869.974	Measured	268.116	817.227	864.625	Measured	314.787	755.891	891.818	Measured	405.344	806.103	930.918	Measured	351.471	830.284	875.655	Virtual	114.744	965.407	970.250	Measured	125.410	934.559	993.157	Measured	107.254	1020.540	983.746	Measured	168.418	982.841	1004.328	Measured	148.991	750.613	919.632	Virtual	158.861	739.762	948.939	Virtual	145.933	787.826	938.108	Virtual	137.948	756.218	942.392	Virtual	165.021	761.987	937.076	Virtual
136	1.35000	297.603	893.636	869.913	Measured	268.345	817.105	864.396	Measured	314.747	755.844	891.958	Measured	405.141	806.117	931.461	Measured	351.548	830.277	875.913	Virtual	115.064	965.368	970.605	Measured	125.549	934.613	993.560	Measured	107.513	1020.536	984.081	Measured	168.633	982.966	1004.579	Measured	149.170	750.540	920.304	Virtual	159.061	739.734	949.621	Virtual	146.126	787.782	938.725	Virtual	138.143	756.182	943.063	Virtual	165.213	761.941	937.720	Virtual
137	1.36000	297.681	893.618	869.625	Measured	268.552	817.045	863.809	Measured	314.717	755.933	891.956	Measured	404.791	806.288	932.047	Measured	351.624	830.333	876.072	Virtual	115.502	965.390	970.481	Measured	125.834	934.594	993.867	Measured	107.672	1020.471	984.401	Measured	168.941	983.034	1004.770	Measured	150.012	750.673	920.206	Virtual	159.888	739.848	949.521	Virtual	146.869	787.884	938.672	Virtual	138.945	756.261	942.958	Virtual	166.010	762.083	937.658	Virtual
138	1.37000	297.737	893.677	869.225	Measured	268.479	816.876	862.947	Measured	314.554	755.971	891.800	Measured	404.238	806.363	932.629	Measured	351.561	830.340	876.147	Virtual	115.636	965.231	970.654	Measured	126.209	934.676	993.978	Measured	108.248	1020.309	984.587	Measured	169.148	983.086	1004.976	Measured	150.229	750.587	920.470	Virtual	160.093	739.770	949.792	Virtual	147.102	787.808	938.921	Virtual	139.160	756.191	943.219	Virtual	166.229	761.996	937.920	Virtual
139	1.38000	297.817	893.712	868.818	Measured	268.839	816.995	862.379	Measured	314.466	756.083	891.627	Measured	403.788	806.448	933.088	Measured	351.644	830.416	876.216	Virtual	116.002	965.208	970.666	Measured	126.577	934.705	994.062	Measured	108.482	1020.243	984.397	Measured	169.543	983.108	1005.000	Measured	150.848	750.419	921.067	Virtual	160.697	739.688	950.426	Virtual	147.669	787.685	939.416	Virtual	139.754	756.072	943.790	Virtual	166.822	761.889	938.501	Virtual
140	1.39000	297.882	893.808	868.579	Measured	268.780	816.974	861.844	Measured	314.329	756.151	891.441	Measured	403.440	806.481	933.453	Measured	351.602	830.460	876.256	Virtual	116.226	965.204	971.104	Measured	127.003	934.740	994.149	Measured	108.740	1020.275	984.502	Measured	169.805	983.179	1005.126	Measured	151.293	750.425	921.392	Virtual	161.211	739.730	950.740	Virtual	148.102	787.702	939.718	Virtual	140.235	756.083	944.132	Virtual	167.286	761.929	938.786	Virtual
141	1.40000	297.953	893.919	868.566	Measured	268.972	817.171	861.573	Measured	314.176	756.226	891.323	Measured	403.254	806.469	933.630	Measured	351.637	830.542	876.320	Virtual	116.488	965.228	971.389	Measured	127.364	934.750	994.211	Measured	108.826	1020.367	984.598	Measured	170.199	983.250	1005.146	Measured	151.759	750.496	921.496	Virtual	161.787	739.825	950.815	Virtual	148.559	787.771	939.823	Virtual	140.762	756.139	944.269	Virtual	167.785	762.032	938.837	Virtual
142	1.41000	298.392	893.824	868.362	Measured	269.006	817.334	861.272	Measured	313.975	756.235	891.346	Measured	403.024	806.322	933.890	Measured	351.737	830.400	876.363	Virtual	116.750	965.258	971.549	Measured	127.731	934.769	994.221	Measured	109.039	1020.399	984.969	Measured	170.475	983.274	1005.214	Measured	152.212	750.790	920.811	Virtual	162.331	740.033	950.068	Virtual	149.001	787.996	939.276	Virtual	141.264	756.337	943.631	Virtual	168.265	762.291	938.152	Virtual
143	1.42000	298.507	893.911	868.417	Measured	268.980	817.489	861.072	Measured	313.774	756.312	891.142	Measured	402.832	806.219	933.914	Measured	351.701	830.432	876.360	Virtual	117.035	965.249	971.656	Measured	128.045	934.780	994.280	Measured	109.258	1020.382	985.095	Measured	170.816	983.318	1005.171	Measured	152.539	750.827	920.788	Virtual	162.743	740.075	950.017	Virtual	149.341	788.027	939.266	Virtual	141.645	756.360	943.637	Virtual	168.625	762.340	938.089	Virtual
144	1.43000	298.715	893.945	868.252	Measured	268.979	817.642	860.679	Measured	313.617	756.344	890.791	Measured	402.494	806.094	934.018	Measured	351.698	830.424	876.304	Virtual	117.263	965.291	971.756	Measured	128.404	934.816	994.229	Measured	109.414	1020.405	985.204	Measured	171.123	983.386	1005.168	Measured	153.069	751.004	920.467	Virtual	163.347	740.229	949.662	Virtual	149.840	788.173	939.004	Virtual	142.208	756.486	943.344	Virtual	169.168	762.521	937.755	Virtual
145	1.44000	298.816	894.081	867.240	Measured	269.067	817.718	860.086	Measured	313.461	756.396	890.329	Measured	402.103	805.990	934.156	Measured	351.707	830.366	875.974	Virtual	117.552	965.273	971.820	Measured	128.761	934.794	994.202	Measured	109.649	1020.364	985.253	Measured	171.461	983.423	1005.084	Measured	153.501	751.040	920.353	Virtual	163.857	740.269	949.522	Virtual	150.267	788.200	938.908	Virtual	142.684	756.502	943.256	Virtual	169.623	762.572	937.609	Virtual
146	1.45000	298.764	894.230	866.885	Measured	269.098	817.812	859.656	Measured	313.354	756.433	889.996	Measured	401.791	805.951	934.280	Measured	351.651	830.426	875.869	Virtual	117.815	965.289	971.888	Measured	129.086	934.779	994.168	Measured	109.830	1020.410	985.322	Measured	171.745	983.481	1005.093	Measured	153.999	751.161	920.146	Virtual	164.394	740.375	949.296	Virtual	150.733	788.298	938.740	Virtual	143.195	756.586	943.064	Virtual	170.122	762.697	937.399	Virtual
147	1.46000	298.757	894.303	866.795	Measured	269.136	817.901	859.490	Measured	313.275	756.515	889.872	Measured	401.604	805.931	934.474	Measured	351.630	830.481	875.918	Virtual	118.047	965.288	971.920	Measured	129.344	934.772	994.146	Measured	110.040	1020.340	985.335	Measured	172.002	983.496	1005.041	Measured	154.309	751.167	920.092	Virtual	164.745	740.385	949.229	Virtual	151.039	788.300	938.693	Virtual	143.527	756.583	943.022	Virtual	170.443	762.712	937.327	Virtual
148	1.47000	298.805	894.454	867.029	Measured	269.054	818.073	859.786	Measured	313.145	756.569	890.092	Measured	401.587	805.929	934.597	Measured	351.587	830.531	876.099	Virtual	118.278	965.296	971.903	Measured	129.609	934.753	994.111	Measured	110.178	1020.383	985.372	Measured	172.255	983.523	1005.048	Measured	154.745	751.269	919.873	Virtual	165.198	740.471	948.998	Virtual	151.441	788.381	938.510	Virtual	143.962	756.652	942.811	Virtual	170.871	762.814	937.116	Virtual
149	1.48000	298.724	894.641	867.466	Measured	268.920	818.298	860.401	Measured	313.132	756.626	890.392	Measured	401.716	805.938	934.721	Measured	351.530	830.643	876.375	Virtual	118.483	965.327	971.885	Measured	129.968	934.689	994.109	Measured	110.356	1020.356	985.409	Measured	172.472	983.566	1005.040	Measured	155.323	751.354	919.696	Virtual	165.809	740.551	948.807	Virtual	151.967	788.447	938.362	Virtual	144.543	756.702	942.643	Virtual	171.439	762.913	936.939	Virtual
150	1.49000	298.677	894.863	868.026	Measured	268.739	818.502	861.143	Measured	312.878	756.682	890.984	Measured	401.883	805.940	934.868	Measured	351.418	830.691	876.729	Virtual	118.709	965.344	971.947	Measured	130.222	934.706	994.093	Measured	110.515	1020.387	985.427	Measured	172.698	983.634	1005.047	Measured	155.728	751.421	919.663	Virtual	166.237	740.624	948.768	Virtual	152.344	788.508	938.338	Virtual	144.953	756.755	942.616	Virtual	171.840	762.993	936.902	Virtual
151	1.50000	298.471	895.064	869.069	Measured	268.568	818.735	861.743	Measured	312.793	756.803	891.389	Measured	401.921	805.987	935.047	Measured	351.265	830.916	877.239	Virtual	118.935	965.385	971.905	Measured	130.526	934.727	994.056	Measured	110.707	1020.394	985.431	Measured	172.943	983.712	1005.031	Measured	156.227	751.525	919.511	Virtual	166.754	740.723	948.607	Virtual	152.802	788.596	938.207	Virtual	145.449	756.833	942.469	Virtual	172.328	763.107	936.753	Virtual
152	1.51000	298.429	895.160	869.396	Measured	268.414	818.895	861.992	Measured	312.588	756.985	891.781	Measured	401.825	806.056	935.339	Measured	351.150	831.003	877.540	Virtual	119.147	965.406	971.897	Measured	130.786	934.791	994.036	Measured	110.870	1020.430	985.420	Measured	173.191	983.813	1005.008	Measured	156.649	751.598	919.505	Virtual	167.202	740.810	948.597	Virtual	153.195	788.668	938.199	Virtual	145.878	756.896	942.468	Virtual	172.747	763.198	936.738	Virtual
153	1.52000	298.532	895.148	869.268	Measured	268.345	819.008	861.806	Measured	312.374	757.127	891.854	Measured	401.485	806.222	935.607	Measured	351.073	831.055	877.631	Virtual	119.408	965.476	971.862	Measured	131.055	934.870	993.980	Measured	111.335	1020.304	985.376	Measured	173.445	983.922	1004.955	Measured	156.856	751.595	919.536	Virtual	167.402	740.813	948.632	Virtual	153.418	788.673	938.217	Virtual	146.086	756.907	942.496	Virtual	172.959	763.194	936.766	Virtual
154	1.53000	298.354	895.341	868.675	Measured	268.150	819.064	861.256	Measured	312.137	757.223	891.723	Measured	401.021	806.391	935.891	Measured	350.872	831.151	877.527	Virtual	119.651	965.514	971.796	Measured	131.381	934.932	993.887	Measured	111.708	1020.260	985.353	Measured	173.723	984.048	1004.818	Measured	157.159	751.659	919.397	Virtual	167.752	740.878	948.477	Virtual	153.732	788.733	938.088	Virtual	146.420	756.964	942.374	Virtual	173.281	763.263	936.605	Virtual
155	1.54000	298.584	895.182	867.949	Measured	268.363	819.019	860.579	Measured	311.949	757.259	891.395	Measured	400.436	806.451	936.301	Measured	350.906	831.062	877.443	Virtual	119.942	965.563	971.756	Measured	131.706	935.027	993.806	Measured	112.041	1020.220	985.323	Measured	173.970	984.212	1004.711	Measured	157.639	751.748	919.322	Virtual	168.263	740.978	948.395	Virtual	154.187	788.819	938.014	Virtual	146.910	757.042	942.306	Virtual	173.761	763.369	936.518	Virtual
156	1.55000	298.434	895.268	867.646	Measured	268.274	819.069	860.062	Measured	311.851	757.284	891.077	Measured	399.989	806.468	936.492	Measured	350.763	831.140	877.384	Virtual	120.207	965.625	971.654	Measured	132.086	935.090	993.700	Measured	112.073	1020.335	985.303	Measured	174.288	984.364	1004.523	Measured	158.366	751.971	918.978	Virtual	169.092	741.208	948.016	Virtual	154.853	789.017	937.709	Virtual	147.678	757.215	941.993	Virtual	174.497	763.624	936.145	Virtual
157	1.56000	298.432	895.278	867.708	Measured	268.320	819.068	859.897	Measured	311.777	757.261	890.859	Measured	399.782	806.318	936.612	Measured	350.734	831.124	877.441	Virtual	120.453	965.695	971.599	Measured	132.504	935.093	993.727	Measured	112.321	1020.332	985.326	Measured	174.543	984.521	1004.393	Measured	158.950	752.060	918.937	Virtual	169.757	741.324	947.955	Virtual	155.403	789.103	937.668	Virtual	148.300	757.288	941.973	Virtual	175.093	763.748	936.068	Virtual
158	1.57000	298.412	895.299	868.119	Measured	268.134	819.155	860.003	Measured	311.742	757.264	890.886	Measured	399.913	806.113	936.521	Measured	350.687	831.115	877.517	Virtual	120.710	965.721	971.520	Measured	132.799	935.167	993.633	Measured	112.449	1020.512	985.078	Measured	174.751	984.561	1004.311	Measured	159.378	752.062	919.136	Virtual	170.157	741.370	948.181	Virtual	155.789	789.127	937.814	Virtual	148.698	757.314	942.152	Virtual	175.495	763.781	936.270	Virtual
159	1.58000	297.551	895.261	869.279	Measured	268.146	819.259	860.724	Measured	311.734	757.284	891.064	Measured	400.152	805.917	936.416	Measured	350.421	831.296	877.916	Virtual	120.974	965.772	971.450	Measured	133.106	935.224	993.542	Measured	112.994	1020.126	984.837	Measured	174.945	984.583	1004.168	Measured	159.644	751.852	919.452	Virtual	170.397	741.211	948.525	Virtual	156.060	788.955	938.056	Virtual	148.950	757.154	942.450	Virtual	175.754	763.596	936.575	Virtual
160	1.59000	297.687	895.138	870.735	Measured	267.897	819.359	861.285	Measured	311.628	757.210	891.469	Measured	400.467	805.682	936.335	Measured	350.385	831.265	878.394	Virtual	121.193	965.761	971.497	Measured	133.310	935.274	993.425	Measured	112.704	1020.692	984.857	Measured	175.191	984.590	1004.042	Measured	159.935	752.140	919.036	Virtual	170.779	741.477	948.067	Virtual	156.337	789.212	937.700	Virtual	149.290	757.393	942.068	Virtual	176.069	763.888	936.134	Virtual
161	1.60000	297.376	895.030	871.228	Measured	267.954	819.394	861.805	Measured	311.638	757.217	891.770	Measured	400.671	805.531	936.374	Measured	350.325	831.256	878.644	Virtual	121.412	965.768	971.478	Measured	133.535	935.317	993.390	Measured	113.123	1020.435	984.895	Measured	175.460	984.669	1003.933	Measured	160.085	752.098	918.992	Virtual	170.979	741.438	948.005	Virtual	156.521	789.173	937.657	Virtual	149.481	757.355	942.042	Virtual	176.249	763.847	936.061	Virtual
162	1.61000	297.823	894.994	871.439	Measured	267.955	819.322	861.952	Measured	311.647	757.148	891.943	Measured	400.725	805.517	936.514	Measured	350.472	831.150	878.803	Virtual	121.577	965.747	971.410	Measured	133.675	935.362	993.276	Measured	113.052	1020.602	984.857	Measured	175.659	984.707	1003.847	Measured	160.421	752.238	918.730	Virtual	171.350	741.570	947.727	Virtual	156.825	789.294	937.425	Virtual	149.827	757.464	941.792	Virtual	176.584	763.994	935.795	Virtual
163	1.62000	297.961	894.931	870.997	Measured	268.062	819.157	861.673	Measured	311.646	757.113	891.935	Measured	400.426	805.633	936.835	Measured	350.514	831.079	878.815	Virtual	121.747	965.763	971.315	Measured	133.849	935.392	993.266	Measured	113.144	1020.618	984.866	Measured	175.789	984.792	1003.795	Measured	160.806	752.323	918.623	Virtual	171.750	741.658	947.616	Virtual	157.170	789.369	937.330	Virtual	150.209	757.530	941.688	Virtual	176.957	764.092	935.690	Virtual
164	1.63000	298.010	894.850	870.325	Measured	268.283	818.911	860.977	Measured	311.685	757.059	891.776	Measured	399.920	805.747	937.358	Measured	350.558	831.016	878.820	Virtual	121.868	965.750	971.312	Measured	133.977	935.452	993.200	Measured	113.155	1020.615	984.813	Measured	175.932	984.904	1003.732	Measured	161.197	752.379	918.627	Virtual	172.176	741.739	947.615	Virtual	157.518	789.425	937.325	Virtual	150.607	757.577	941.697	Virtual	177.342	764.177	935.680	Virtual
165	1.64000	298.293	894.679	869.199	Measured	268.485	818.735	860.036	Measured	311.623	757.003	891.431	Measured	399.362	806.008	937.699	Measured	350.637	830.911	878.545	Virtual	121.959	965.759	971.242	Measured	134.113	935.478	993.194	Measured	113.098	1020.629	984.808	Measured	175.981	985.033	1003.612	Measured	161.642	752.466	918.578	Virtual	172.681	741.855	947.554	Virtual	157.908	789.507	937.276	Virtual	151.071	757.645	941.661	Virtual	177.784	764.302	935.609	Virtual
166	1.65000	298.383	894.658	868.400	Measured	268.718	818.580	859.146	Measured	311.576	756.980	891.048	Measured	398.811	806.118	938.104	Measured	350.670	830.885	878.415	Virtual	122.007	965.749	971.210	Measured	134.225	935.506	993.137	Measured	113.034	1020.588	984.752	Measured	176.054	985.160	1003.544	Measured	162.118	752.531	918.560	Virtual	173.199	741.950	947.532	Virtual	158.317	789.568	937.252	Virtual	151.552	757.693	941.649	Virtual	178.246	764.405	935.577	Virtual
167	1.66000	298.437	894.681	867.815	Measured	268.831	818.567	858.583	Measured	311.460	756.986	890.780	Measured	398.380	806.108	938.319	Measured	350.648	830.851	878.291	Virtual	122.086	965.695	971.132	Measured	134.331	935.480	993.092	Measured	112.955	1020.524	984.754	Measured	176.103	985.230	1003.440	Measured	162.585	752.593	918.405	Virtual	173.719	742.027	947.361	Virtual	158.721	789.615	937.112	Virtual	152.030	757.724	941.506	Virtual	178.703	764.497	935.409	Virtual
168	1.67000	298.563	894.784	867.778	Measured	268.767	818.677	858.529	Measured	311.311	757.044	890.639	Measured	398.222	806.035	938.346	Measured	350.616	830.859	878.278	Virtual	122.127	965.653	971.127	Measured	134.458	935.444	993.062	Measured	112.907	1020.454	984.759	Measured	176.155	985.281	1003.366	Measured	162.968	752.627	918.320	Virtual	174.159	742.079	947.261	Virtual	159.057	789.640	937.036	Virtual	152.433	757.735	941.435	Virtual	179.085	764.560	935.305	Virtual
169	1.68000	298.620	894.945	868.010	Measured	268.661	818.882	858.755	Measured	311.149	757.103	890.658	Measured	398.234	805.817	938.268	Measured	350.570	830.858	878.332	Virtual	122.191	965.525	971.012	Measured	134.585	935.344	992.940	Measured	112.895	1020.345	984.817	Measured	176.256	985.245	1003.293	Measured	163.351	752.705	917.829	Virtual	174.587	742.124	946.741	Virtual	159.395	789.678	936.616	Virtual	152.829	757.753	940.963	Virtual	179.464	764.635	934.821	Virtual
170	1.69000	298.630	895.164	868.352	Measured	268.433	819.158	859.192	Measured	310.925	757.209	890.745	Measured	398.378	805.583	938.102	Measured	350.478	830.882	878.383	Virtual	122.245	965.432	970.995	Measured	134.688	935.246	992.899	Measured	112.861	1020.286	984.682	Measured	176.297	985.181	1003.225	Measured	163.592	752.585	917.974	Virtual	174.836	742.041	946.896	Virtual	159.603	789.571	936.726	Virtual	153.065	757.646	941.103	Virtual	179.694	764.545	934.955	Virtual
171	1.70000	298.614	895.372	868.807	Measured	268.268	819.455	859.495	Measured	310.719	757.316	890.768	Measured	398.393	805.465	938.028	Measured	350.376	830.985	878.510	Virtual	122.313	965.311	970.966	Measured	134.816	935.136	992.847	Measured	112.883	1020.167	984.609	Measured	176.414	985.093	1003.136	Measured	163.793	752.470	917.976	Virtual	175.072	741.946	946.891	Virtual	159.791	789.460	936.717	Virtual	153.283	757.531	941.112	Virtual	179.900	764.449	934.937	Virtual
172	1.71000	298.626	895.556	868.859	Measured	268.147	819.700	859.549	Measured	310.496	757.433	890.756	Measured	398.206	805.317	938.117	Measured	350.276	831.026	878.579	Virtual	122.396	965.197	970.935	Measured	134.890	935.052	992.821	Measured	112.902	1020.069	984.592	Measured	176.473	985.032	1003.050	Measured	163.945	752.386	917.953	Virtual	175.254	741.875	946.861	Virtual	159.933	789.378	936.691	Virtual	153.450	757.445	941.097	Virtual	180.058	764.380	934.899	Virtual
173	1.72000	298.685	895.633	868.635	Measured	268.122	819.875	859.295	Measured	310.303	757.571	890.647	Measured	397.870	805.403	938.313	Measured	350.203	831.102	878.586	Virtual	122.429	965.099	970.913	Measured	135.031	934.984	992.804	Measured	112.918	1019.959	984.594	Measured	176.585	984.967	1002.954	Measured	164.105	752.319	917.893	Virtual	175.477	741.823	946.782	Virtual	160.092	789.309	936.634	Virtual	153.648	757.371	941.056	Virtual	180.238	764.330	934.809	Virtual
174	1.73000	298.727	895.694	868.178	Measured	268.199	819.974	858.737	Measured	310.143	757.702	890.572	Measured	397.413	805.558	938.688	Measured	350.156	831.174	878.596	Virtual	122.444	965.023	970.898	Measured	135.073	934.937	992.777	Measured	112.887	1019.864	984.560	Measured	176.567	985.014	1002.942	Measured	164.434	752.299	917.929	Virtual	175.814	741.824	946.823	Virtual	160.366	789.287	936.661	Virtual	153.964	757.341	941.089	Virtual	180.546	764.336	934.846	Virtual
175	1.74000	298.784	895.745	867.859	Measured	268.765	819.806	858.448	Measured	309.973	757.861	890.578	Measured	397.044	805.811	939.045	Measured	350.238	831.237	878.708	Virtual	122.427	964.983	970.868	Measured	135.152	934.905	992.788	Measured	112.850	1019.824	984.537	Measured	176.587	985.003	1002.860	Measured	164.546	752.257	917.974	Virtual	175.971	741.806	946.859	Virtual	160.470	789.251	936.693	Virtual	154.101	757.302	941.144	Virtual	180.669	764.316	934.865	Virtual
176	1.75000	298.856	895.788	867.670	Measured	268.910	819.866	858.265	Measured	309.870	758.034	890.709	Measured	396.754	806.022	939.410	Measured	350.242	831.325	878.850	Virtual	122.438	964.919	970.910	Measured	135.153	934.883	992.790	Measured	112.777	1019.781	984.526	Measured	176.562	985.040	1002.838	Measured	164.737	752.231	918.072	Virtual	176.184	741.806	946.958	Virtual	160.629	789.229	936.775	Virtual	154.295	757.275	941.244	Virtual	180.854	764.315	934.952	Virtual
177	1.76000	298.889	895.924	867.696	Measured	269.226	819.887	858.360	Measured	309.695	758.223	890.989	Measured	396.590	806.270	939.707	Measured	350.272	831.442	879.074	Virtual	122.409	964.919	970.895	Measured	135.191	934.891	992.796	Measured	112.759	1019.732	984.517	Measured	176.570	985.056	1002.791	Measured	164.803	752.221	918.094	Virtual	176.280	741.810	946.973	Virtual	160.690	789.223	936.790	Virtual	154.378	757.266	941.273	Virtual	180.927	764.319	934.956	Virtual
178	1.77000	298.938	896.149	867.900	Measured	268.949	820.252	858.634	Measured	309.573	758.492	891.393	Measured	396.498	806.407	940.012	Measured	350.178	831.618	879.340	Virtual	122.449	964.883	970.931	Measured	135.216	934.873	992.785	Measured	112.725	1019.686	984.517	Measured	176.591	985.083	1002.734	Measured	164.941	752.207	918.125	Virtual	176.454	741.814	946.996	Virtual	160.813	789.210	936.814	Virtual	154.533	757.249	941.312	Virtual	181.070	764.323	934.968	Virtual
179	1.78000	299.115	896.373	868.126	Measured	268.798	820.616	859.090	Measured	309.303	758.709	891.794	Measured	396.514	806.561	940.227	Measured	350.134	831.742	879.580	Virtual	122.425	964.837	970.895	Measured	135.300	934.860	992.787	Measured	112.708	1019.647	984.513	Measured	176.638	985.107	1002.679	Measured	165.095	752.196	918.130	Virtual	176.650	741.822	946.991	Virtual	160.954	789.200	936.814	Virtual	154.708	757.235	941.327	Virtual	181.232	764.331	934.952	Virtual
180	1.79000	299.103	896.723	868.665	Measured	268.714	821.017	859.526	Measured	309.114	759.020	892.132	Measured	396.522	806.584	940.400	Measured	350.065	831.971	879.905	Virtual	122.455	964.803	970.906	Measured	135.403	934.830	992.740	Measured	112.701	1019.590	984.515	Measured	176.679	985.153	1002.579	Measured	165.324	752.218	918.043	Virtual	176.939	741.858	946.884	Virtual	161.163	789.216	936.735	Virtual	154.968	757.242	941.257	Virtual	181.472	764.374	934.839	Virtual
181	1.80000	299.250	897.009	869.101	Measured	268.598	821.407	859.946	Measured	308.889	759.257	892.369	Measured	396.565	806.590	940.514	Measured	350.034	832.126	880.146	Virtual	122.468	964.790	970.921	Measured	135.498	934.812	992.739	Measured	112.672	1019.546	984.523	Measured	176.719	985.180	1002.486	Measured	165.485	752.220	918.030	Virtual	177.163	741.881	946.854	Virtual	161.316	789.219	936.720	Virtual	155.165	757.239	941.262	Virtual	181.649	764.400	934.795	Virtual
182	1.81000	299.337	897.264	869.373	Measured	268.542	821.719	860.180	Measured	308.803	759.494	892.495	Measured	396.603	806.563	940.606	Measured	350.037	832.278	880.305	Virtual	122.489	964.756	970.875	Measured	135.558	934.815	992.699	Measured	112.635	1019.489	984.507	Measured	176.751	985.244	1002.401	Measured	165.739	752.249	917.969	Virtual	177.459	741.928	946.782	Virtual	161.538	789.243	936.661	Virtual	155.435	757.255	941.210	Virtual	181.903	764.451	934.718	Virtual
183	1.82000	299.365	897.486	869.627	Measured	268.505	821.972	860.356	Measured	308.689	759.680	892.632	Measured	396.583	806.580	940.703	Measured	350.008	832.418	880.462	Virtual	122.543	964.679	970.846	Measured	135.769	934.769	992.684	Measured	112.589	1019.426	984.532	Measured	176.811	985.282	1002.300	Measured	166.229	752.293	917.856	Virtual	178.026	741.996	946.646	Virtual	161.971	789.274	936.561	Virtual	155.954	757.271	941.116	Virtual	182.393	764.532	934.577	Virtual
184	1.83000	299.307	897.868	870.115	Measured	268.500	822.180	860.332	Measured	308.679	759.810	892.723	Measured	396.535	806.665	940.843	Measured	349.980	832.673	880.700	Virtual	122.563	964.664	970.917	Measured	135.910	934.764	992.667	Measured	112.523	1019.350	984.556	Measured	176.843	985.377	1002.233	Measured	166.652	752.356	917.819	Virtual	178.526	742.089	946.588	Virtual	162.343	789.329	936.529	Virtual	156.409	757.312	941.097	Virtual	182.818	764.634	934.510	Virtual
185	1.84000	299.425	897.982	870.004	Measured	268.550	822.231	860.224	Measured	308.619	759.915	892.808	Measured	396.361	806.759	941.102	Measured	350.000	832.727	880.804	Virtual	122.615	964.631	970.953	Measured	135.989	934.783	992.768	Measured	112.437	1019.299	984.622	Measured	176.881	985.465	1002.176	Measured	166.973	752.362	917.987	Virtual	178.917	742.140	946.743	Virtual	162.627	789.341	936.674	Virtual	156.761	757.317	941.279	Virtual	183.145	764.684	934.639	Virtual
186	1.85000	299.604	898.082	869.793	Measured	268.614	822.282	860.010	Measured	308.589	759.970	892.860	Measured	396.173	806.924	941.292	Measured	350.045	832.779	880.834	Virtual	122.609	964.581	971.066	Measured	136.097	934.810	992.820	Measured	112.302	1019.215	984.652	Measured	176.867	985.610	1002.176	Measured	167.530	752.404	918.176	Virtual	179.540	742.241	946.926	Virtual	163.099	789.386	936.839	Virtual	157.333	757.348	941.477	Virtual	183.687	764.787	934.798	Virtual
187	1.86000	299.645	898.094	869.477	Measured	268.721	822.249	859.669	Measured	308.563	760.027	892.839	Measured	395.918	807.054	941.606	Measured	350.057	832.809	880.875	Virtual	122.636	964.550	971.150	Measured	136.169	934.818	992.978	Measured	112.113	1019.156	984.718	Measured	176.831	985.771	1002.136	Measured	168.053	752.417	918.513	Virtual	180.144	742.332	947.257	Virtual	163.543	789.412	937.131	Virtual	157.882	757.364	941.826	Virtual	184.202	764.872	935.089	Virtual
188	1.87000	299.780	898.103	869.232	Measured	268.606	822.300	859.339	Measured	308.494	760.047	892.834	Measured	395.687	807.136	941.786	Measured	350.028	832.807	880.858	Virtual	122.602	964.541	971.304	Measured	136.291	934.875	993.049	Measured	111.924	1019.088	984.745	Measured	176.750	985.975	1002.149	Measured	168.740	752.506	918.771	Virtual	180.902	742.495	947.510	Virtual	164.117	789.504	937.356	Virtual	158.579	757.440	942.090	Virtual	184.863	765.038	935.314	Virtual
189	1.88000	299.815	898.164	869.096	Measured	268.621	822.310	859.313	Measured	308.409	760.118	892.791	Measured	395.572	807.174	941.866	Measured	350.008	832.827	880.855	Virtual	122.597	964.537	971.410	Measured	136.358	934.947	993.228	Measured	111.716	1019.057	984.820	Measured	176.705	986.195	1002.119	Measured	169.277	752.555	919.178	Virtual	181.529	742.633	947.910	Virtual	164.572	789.569	937.708	Virtual	159.146	757.496	942.509	Virtual	185.392	765.167	935.668	Virtual
190	1.89000	299.818	898.257	869.134	Measured	268.530	822.430	859.250	Measured	308.261	760.190	892.749	Measured	395.485	807.087	941.856	Measured	349.941	832.847	880.849	Virtual	122.580	964.522	971.570	Measured	136.493	935.037	993.388	Measured	111.552	1019.029	984.863	Measured	176.707	986.413	1002.066	Measured	169.797	752.572	919.668	Virtual	182.160	742.754	948.388	Virtual	165.023	789.613	938.128	Virtual	159.715	757.534	943.016	Virtual	185.917	765.273	936.084	Virtual
191	1.90000	299.770	898.402	869.332	Measured	268.369	822.666	859.353	Measured	308.103	760.273	892.667	Measured	395.471	806.950	941.750	Measured	349.845	832.909	880.850	Virtual	122.571	964.410	971.620	Measured	136.754	935.033	993.530	Measured	111.428	1018.967	984.975	Measured	176.753	986.630	1001.998	Measured	170.564	752.638	919.898	Virtual	183.060	742.908	948.590	Virtual	165.693	789.681	938.327	Virtual	160.536	757.586	943.272	Virtual	186.683	765.427	936.246	Virtual
192	1.91000	299.808	898.527	869.459	Measured	268.187	822.942	859.457	Measured	307.911	760.347	892.527	Measured	395.424	806.816	941.605	Measured	349.754	832.949	880.803	Virtual	122.557	964.302	971.855	Measured	137.080	935.018	993.687	Measured	111.318	1018.915	985.063	Measured	176.841	986.814	1001.914	Measured	171.230	752.624	920.346	Virtual	183.898	743.010	949.002	Virtual	166.294	789.689	938.714	Virtual	161.290	757.585	943.754	Virtual	187.372	765.516	936.591	Virtual
193	1.92000	299.795	898.664	869.470	Measured	267.914	823.215	859.466	Measured	307.265	760.379	892.759	Measured	395.280	806.673	941.530	Measured	349.513	832.866	880.771	Virtual	122.601	964.227	972.067	Measured	137.365	935.023	993.843	Measured	111.198	1018.844	985.219	Measured	176.946	986.956	1001.788	Measured	171.795	752.651	920.604	Virtual	184.649	743.129	949.208	Virtual	166.816	789.726	938.942	Virtual	161.959	757.610	944.058	Virtual	187.973	765.629	936.745	Virtual
194	1.93000	299.916	898.830	868.591	Measured	268.180	823.115	859.153	Measured	307.199	760.425	892.225	Measured	394.987	806.665	941.484	Measured	349.571	832.836	880.431	Virtual	122.601	964.143	972.297	Measured	137.535	934.864	994.543	Measured	111.113	1018.744	985.435	Measured	177.107	987.135	1001.642	Measured	171.869	752.232	922.124	Virtual	184.949	742.933	950.699	Virtual	166.939	789.419	940.246	Virtual	162.190	757.329	945.614	Virtual	188.133	765.354	938.060	Virtual
195	1.94000	299.737	899.030	868.232	Measured	267.946	823.354	858.715	Measured	306.877	760.542	891.972	Measured	394.606	806.649	941.508	Measured	349.334	832.931	880.268	Virtual	122.590	964.056	972.632	Measured	137.908	934.644	994.230	Measured	110.992	1018.679	985.673	Measured	177.181	987.326	1001.568	Measured	172.777	752.641	921.090	Virtual	186.058	743.297	949.557	Virtual	167.747	789.729	939.386	Virtual	163.197	757.592	944.650	Virtual	189.057	765.785	936.992	Virtual
196	1.95000	299.769	899.059	867.563	Measured	268.206	823.357	858.031	Measured	306.808	760.610	891.497	Measured	394.062	806.682	941.672	Measured	349.327	832.959	880.089	Virtual	122.217	964.174	972.758	Measured	138.185	934.831	994.829	Measured	110.928	1018.557	986.045	Measured	177.305	987.496	1001.471	Measured	172.646	752.549	921.875	Virtual	186.198	743.342	950.259	Virtual	167.699	789.696	940.074	Virtual	163.264	757.570	945.500	Virtual	189.038	765.788	937.582	Virtual
197	1.96000	299.825	898.958	867.123	Measured	268.188	823.412	857.299	Measured	306.670	760.660	891.091	Measured	393.544	806.774	941.840	Measured	349.237	832.983	879.953	Virtual	122.390	964.038	973.051	Measured	138.400	934.999	994.633	Measured	111.101	1018.397	986.245	Measured	177.327	987.684	1001.264	Measured	173.076	752.734	921.483	Virtual	186.806	743.537	949.785	Virtual	168.120	789.848	939.746	Virtual	163.806	757.704	945.163	Virtual	189.513	766.004	937.116	Virtual
198	1.97000	299.843	898.883	866.550	Measured	268.239	823.422	856.706	Measured	306.554	760.671	890.813	Measured	393.040	806.783	942.074	Measured	349.164	832.944	879.844	Virtual	122.181	964.056	973.396	Measured	138.479	935.228	995.198	Measured	111.193	1018.302	986.482	Measured	177.377	988.002	1001.054	Measured	172.680	752.421	922.945	Virtual	186.674	743.433	951.185	Virtual	167.854	789.657	940.995	Virtual	163.620	757.548	946.673	Virtual	189.245	765.814	938.336	Virtual
199	1.98000	299.900	898.752	866.280	Measured	268.297	823.422	856.213	Measured	306.432	760.649	890.587	Measured	392.728	806.836	942.083	Measured	349.121	832.910	879.720	Virtual	122.319	963.939	973.804	Measured	138.485	935.306	995.773	Measured	111.250	1018.156	986.570	Measured	177.356	988.489	1000.896	Measured	173.027	752.042	924.902	Virtual	187.197	743.336	953.142	Virtual	168.188	789.417	942.658	Virtual	164.078	757.345	948.633	Virtual	189.635	765.614	940.090	Virtual
200	1.99000	299.924	898.567	866.093	Measured	268.276	823.399	855.876	Measured	306.342	760.617	890.279	Measured	392.434	806.753	942.143	Measured	349.057	832.834	879.644	Virtual	122.243	963.920	974.256	Measured	138.358	935.420	996.367	Measured	110.968	1018.273	986.799	Measured	177.457	988.547	1000.779	Measured	172.404	751.687	926.387	Virtual	186.784	743.162	954.576	Virtual	167.706	789.178	943.936	Virtual	163.635	757.147	950.150	Virtual	189.128	765.353	941.360	Virtual
201	2.00000	300.069	898.429	865.988	Measured	268.297	823.399	855.535	Measured	306.266	760.549	889.957	Measured	392.162	806.620	942.152	Measured	349.047	832.742	879.572	Virtual	122.210	963.902	974.714	Measured	138.431	935.586	996.879	Measured	110.872	1018.245	986.932	Measured	177.361	988.812	1000.910	Measured	172.755	751.514	927.884	Virtual	187.225	743.183	956.085	Virtual	168.009	789.092	945.231	Virtual	164.031	757.087	951.637	Virtual	189.483	765.305	942.739	Virtual
202	2.01000	300.236	898.238	865.802	Measured	268.336	823.382	855.102	Measured	306.191	760.510	889.499	Measured	391.850	806.421	942.155	Measured	349.044	832.622	879.451	Virtual	122.117	963.876	975.243	Measured	138.497	935.670	997.195	Measured	110.709	1018.207	987.293	Measured	177.355	988.931	1000.980	Measured	172.804	751.508	928.404	Virtual	187.455	743.259	956.535	Virtual	168.083	789.109	945.711	Virtual	164.207	757.108	952.198	Virtual	189.590	765.361	943.136	Virtual
203	2.02000	300.322	898.103	865.521	Measured	268.393	823.388	854.503	Measured	306.048	760.438	888.978	Measured	391.463	806.233	942.186	Measured	348.998	832.523	879.297	Virtual	121.957	963.842	975.762	Measured	138.523	935.708	997.694	Measured	110.448	1018.227	987.747	Measured	177.255	989.068	1001.178	Measured	172.911	751.505	929.115	Virtual	187.717	743.349	957.192	Virtual	168.185	789.130	946.367	Virtual	164.416	757.134	952.938	Virtual	189.735	765.428	943.736	Virtual
204	2.03000	300.521	897.937	865.094	Measured	268.466	823.418	853.821	Measured	305.995	760.417	888.393	Measured	391.018	806.071	942.246	Measured	349.002	832.429	879.105	Virtual	121.908	963.754	976.298	Measured	138.602	935.720	998.147	Measured	110.225	1018.167	988.349	Measured	177.245	989.131	1001.401	Measured	173.129	751.574	929.407	Virtual	188.111	743.462	957.403	Virtual	168.397	789.189	946.678	Virtual	164.750	757.184	953.275	Virtual	189.996	765.544	943.934	Virtual
205	2.04000	300.644	897.871	864.678	Measured	268.610	823.395	853.054	Measured	305.825	760.372	887.903	Measured	390.583	805.915	942.352	Measured	348.981	832.337	878.941	Virtual	121.785	963.681	976.902	Measured	138.629	935.702	998.698	Measured	110.000	1018.111	988.907	Measured	177.214	989.047	1001.668	Measured	172.968	751.468	930.037	Virtual	188.104	743.412	957.967	Virtual	168.284	789.102	947.279	Virtual	164.707	757.102	953.941	Virtual	189.894	765.477	944.456	Virtual
206	2.05000	300.703	897.864	864.344	Measured	268.634	823.440	852.547	Measured	305.631	760.383	887.635	Measured	390.095	805.786	942.505	Measured	348.887	832.277	878.878	Virtual	121.664	963.589	977.478	Measured	138.695	935.636	999.212	Measured	109.659	1018.000	989.386	Measured	177.180	989.063	1002.022	Measured	173.360	751.443	930.672	Virtual	188.610	743.468	958.562	Virtual	168.614	789.084	947.884	Virtual	165.158	757.081	954.595	Virtual	190.289	765.522	945.019	Virtual
207	2.06000	300.823	897.877	864.170	Measured	268.740	823.443	852.284	Measured	305.482	760.372	887.519	Measured	389.783	805.677	942.695	Measured	348.872	832.208	878.913	Virtual	121.615	963.483	978.130	Measured	138.710	935.548	999.790	Measured	109.495	1017.875	990.186	Measured	177.151	989.006	1002.409	Measured	173.337	751.462	930.885	Virtual	188.743	743.485	958.690	Virtual	168.622	789.079	948.155	Virtual	165.249	757.065	954.855	Virtual	190.318	765.554	945.158	Virtual
208	2.07000	300.875	897.839	864.182	Measured	268.674	823.446	852.272	Measured	305.297	760.345	887.594	Measured	389.560	805.549	942.887	Measured	348.794	832.109	879.027	Virtual	121.456	963.389	978.961	Measured	138.762	935.497	1000.360	Measured	109.186	1017.774	991.026	Measured	177.054	989.003	1002.969	Measured	173.602	751.602	931.081	Virtual	189.155	743.630	958.806	Virtual	168.852	789.180	948.430	Virtual	165.604	757.146	955.096	Virtual	190.604	765.724	945.301	Virtual
209	2.08000	300.976	897.771	864.288	Measured	268.694	823.424	852.413	Measured	305.209	760.278	887.721	Measured	389.471	805.346	943.014	Measured	348.797	831.971	879.161	Virtual	121.353	963.314	979.574	Measured	138.767	935.440	1000.979	Measured	108.934	1017.646	991.905	Measured	176.915	989.035	1003.504	Measured	173.914	751.786	931.135	Virtual	189.581	743.799	958.791	Virtual	169.114	789.313	948.580	Virtual	165.980	757.255	955.188	Virtual	190.923	765.926	945.329	Virtual
210	2.09000	301.010	897.684	864.619	Measured	268.612	823.412	852.657	Measured	305.125	760.159	887.890	Measured	389.582	805.086	943.133	Measured	348.791	831.825	879.340	Virtual	121.169	963.322	980.266	Measured	138.755	935.416	1001.534	Measured	108.605	1017.525	992.783	Measured	176.696	989.098	1004.110	Measured	174.297	752.087	931.026	Virtual	190.068	744.067	958.613	Virtual	169.422	789.543	948.600	Virtual	166.412	757.456	955.118	Virtual	191.298	766.239	945.216	Virtual
211	2.10000	301.112	897.588	864.917	Measured	268.620	823.360	852.932	Measured	305.065	760.044	888.098	Measured	389.714	804.784	943.202	Measured	348.839	831.640	879.502	Virtual	120.975	963.279	980.965	Measured	138.736	935.421	1002.211	Measured	108.223	1017.417	993.631	Measured	176.474	989.264	1004.749	Measured	174.878	752.337	931.355	Virtual	190.746	744.346	958.895	Virtual	169.887	789.749	948.990	Virtual	167.027	757.641	955.472	Virtual	191.853	766.541	945.524	Virtual
212	2.11000	301.231	897.513	865.237	Measured	268.570	823.277	853.285	Measured	305.064	759.907	888.292	Measured	389.898	804.446	943.226	Measured	348.896	831.442	879.649	Virtual	120.809	963.264	981.611	Measured	138.740	935.449	1002.799	Measured	107.761	1017.346	994.418	Measured	176.213	989.419	1005.322	Measured	175.571	752.660	931.520	Virtual	191.538	744.696	959.010	Virtual	170.443	790.017	949.232	Virtual	167.749	757.884	955.664	Virtual	192.510	766.919	945.677	Virtual
213	2.12000	301.380	897.400	865.483	Measured	268.594	823.186	853.696	Measured	305.044	759.759	888.492	Measured	390.106	804.169	943.225	Measured	348.980	831.233	879.770	Virtual	120.637	963.244	982.313	Measured	138.791	935.501	1003.351	Measured	107.446	1017.204	995.203	Measured	176.058	989.589	1005.816	Measured	176.099	752.921	931.720	Virtual	192.213	744.992	959.134	Virtual	170.887	790.236	949.498	Virtual	168.354	758.084	955.902	Virtual	193.036	767.235	945.824	Virtual
214	2.13000	301.523	897.224	865.711	Measured	268.563	823.119	853.966	Measured	305.146	759.592	888.629	Measured	390.370	803.758	943.231	Measured	349.093	830.992	879.858	Virtual	120.579	963.207	982.869	Measured	138.937	935.565	1003.826	Measured	107.040	1017.130	995.873	Measured	175.909	989.865	1006.249	Measured	177.147	753.309	931.854	Virtual	193.387	745.442	959.212	Virtual	171.761	790.568	949.694	Virtual	169.441	758.394	956.064	Virtual	194.038	767.707	945.927	Virtual
215	2.14000	301.673	897.021	866.032	Measured	268.662	822.992	854.172	Measured	305.247	759.386	888.675	Measured	390.638	803.425	943.079	Measured	349.232	830.771	879.897	Virtual	120.515	963.188	983.524	Measured	139.183	935.599	1004.313	Measured	106.727	1017.013	996.558	Measured	175.816	990.144	1006.636	Measured	178.137	753.649	932.069	Virtual	194.551	745.865	959.347	Virtual	172.608	790.865	949.959	Virtual	170.513	758.673	956.319	Virtual	195.006	768.141	946.074	Virtual
216	2.15000	301.829	896.811	866.192	Measured	268.730	822.861	854.258	Measured	305.378	759.151	888.580	Measured	390.818	803.062	942.984	Measured	349.361	830.536	879.892	Virtual	120.495	963.165	984.115	Measured	139.489	935.677	1004.787	Measured	106.368	1016.860	997.338	Measured	175.749	990.493	1006.996	Measured	179.417	754.148	932.011	Virtual	196.036	746.441	959.186	Virtual	173.706	791.291	949.994	Virtual	171.886	759.073	956.310	Virtual	196.252	768.742	945.949	Virtual
217	2.16000	301.927	896.625	866.270	Measured	268.835	822.695	854.264	Measured	305.465	758.906	888.467	Measured	390.978	802.703	942.919	Measured	349.473	830.300	879.868	Virtual	120.465	963.128	984.760	Measured	139.826	935.742	1005.295	Measured	106.000	1016.673	998.183	Measured	175.633	990.862	1007.406	Measured	180.824	754.697	931.929	Virtual	197.656	747.074	958.996	Virtual	174.908	791.757	950.017	Virtual	173.388	759.514	956.278	Virtual	197.615	769.402	945.803	Virtual
218	2.17000	302.061	896.457	866.365	Measured	268.894	822.576	854.296	Measured	305.499	758.698	888.333	Measured	391.080	802.347	942.842	Measured	349.558	830.074	879.845	Virtual	120.447	963.010	985.578	Measured	140.163	935.824	1005.822	Measured	105.552	1016.466	999.085	Measured	175.464	991.275	1007.815	Measured	182.353	755.256	931.993	Virtual	199.442	747.757	958.934	Virtual	176.217	792.236	950.169	Virtual	175.041	759.972	956.399	Virtual	199.102	770.099	945.770	Virtual
219	2.18000	302.076	896.343	866.569	Measured	268.913	822.485	854.406	Measured	305.454	758.537	888.298	Measured	391.192	801.982	942.760	Measured	349.580	829.881	879.867	Virtual	120.381	963.006	986.240	Measured	140.541	935.935	1006.376	Measured	104.953	1016.219	999.967	Measured	175.259	991.699	1008.309	Measured	184.250	756.001	931.872	Virtual	201.547	748.619	958.712	Virtual	177.810	792.870	950.169	Virtual	177.006	760.581	956.325	Virtual	200.907	770.989	945.605	Virtual
220	2.19000	302.155	896.273	866.796	Measured	268.851	822.462	854.602	Measured	305.370	758.414	888.306	Measured	391.391	801.784	942.303	Measured	349.588	829.744	879.720	Virtual	120.329	962.945	986.977	Measured	140.861	936.038	1006.883	Measured	104.451	1015.985	1001.036	Measured	174.992	992.167	1008.817	Measured	185.965	756.860	931.385	Virtual	203.507	749.551	958.087	Virtual	179.261	793.588	949.870	Virtual	178.829	761.268	955.901	Virtual	202.553	771.965	945.074	Virtual
221	2.20000	302.220	896.197	867.007	Measured	268.772	822.506	854.900	Measured	305.229	758.347	888.388	Measured	391.434	801.491	942.351	Measured	349.565	829.592	879.832	Virtual	120.258	962.889	987.745	Measured	141.255	936.151	1007.438	Measured	103.754	1015.648	1001.975	Measured	174.723	992.655	1009.397	Measured	188.208	757.757	931.232	Virtual	205.963	750.592	957.831	Virtual	181.134	794.347	949.853	Virtual	181.132	762.007	955.793	Virtual	204.670	773.028	944.886	Virtual
222	2.21000	302.247	896.241	867.146	Measured	268.897	822.548	855.196	Measured	305.028	758.334	888.477	Measured	391.451	801.272	942.298	Measured	349.561	829.495	879.898	Virtual	120.257	962.822	988.515	Measured	141.680	936.269	1008.044	Measured	103.276	1015.313	1003.068	Measured	174.475	993.169	1009.931	Measured	190.217	758.667	930.951	Virtual	208.228	751.627	957.411	Virtual	182.840	795.114	949.732	Virtual	183.252	762.758	955.570	Virtual	206.590	774.086	944.546	Virtual
223	2.22000	302.286	896.311	867.368	Measured	268.626	822.779	855.427	Measured	304.824	758.416	888.525	Measured	391.377	801.099	942.279	Measured	349.440	829.485	879.968	Virtual	120.239	962.747	989.323	Measured	142.109	936.400	1008.603	Measured	102.709	1015.009	1004.076	Measured	174.237	993.642	1010.446	Measured	192.212	759.564	930.767	Virtual	210.472	752.670	957.094	Virtual	184.528	795.876	949.688	Virtual	185.357	763.513	955.441	Virtual	208.489	775.141	944.297	Virtual
224	2.23000	302.330	896.520	867.568	Measured	268.232	822.942	855.502	Measured	304.500	758.546	888.647	Measured	391.198	800.989	942.484	Measured	349.249	829.509	880.120	Virtual	120.163	962.630	990.009	Measured	142.530	936.520	1009.320	Measured	102.234	1014.590	1005.010	Measured	173.969	994.278	1010.963	Measured	194.444	760.382	931.078	Virtual	212.931	753.708	957.304	Virtual	186.408	796.588	950.055	Virtual	187.673	764.236	955.790	Virtual	210.598	776.157	944.528	Virtual
225	2.24000	302.301	896.735	867.835	Measured	268.187	823.333	855.892	Measured	304.158	758.785	888.839	Measured	391.020	800.948	942.521	Measured	349.114	829.624	880.293	Virtual	120.092	962.485	990.670	Measured	142.916	936.627	1009.948	Measured	101.697	1014.298	1005.956	Measured	173.777	994.737	1011.370	Measured	196.188	761.128	931.160	Virtual	214.926	754.637	957.253	Virtual	187.889	797.231	950.220	Virtual	189.545	764.890	955.921	Virtual	212.261	777.068	944.510	Virtual
226	2.25000	302.407	896.996	868.081	Measured	267.738	823.587	856.316	Measured	303.761	759.021	889.110	Measured	390.921	800.812	942.647	Measured	348.917	829.645	880.461	Virtual	120.092	962.371	991.418	Measured	143.371	936.766	1010.544	Measured	101.166	1013.915	1006.985	Measured	173.488	995.305	1011.883	Measured	198.404	762.152	931.006	Virtual	217.389	755.846	956.965	Virtual	189.763	798.103	950.200	Virtual	191.871	765.774	955.817	Virtual	214.355	778.269	944.291	Virtual
227	2.26000	302.365	897.232	868.439	Measured	267.730	823.927	856.557	Measured	303.414	759.221	889.372	Measured	390.798	800.746	942.841	Measured	348.806	829.754	880.722	Virtual	120.036	962.327	992.207	Measured	143.826	936.927	1011.074	Measured	100.596	1013.569	1008.035	Measured	173.213	995.849	1012.351	Measured	200.411	763.244	930.649	Virtual	219.672	757.109	956.446	Virtual	191.467	799.034	950.006	Virtual	194.023	766.719	955.519	Virtual	216.260	779.525	943.855	Virtual
228	2.27000	302.389	897.402	868.832	Measured	267.430	824.200	856.881	Measured	303.155	759.379	889.604	Measured	390.713	800.631	942.868	Measured	348.653	829.806	880.896	Virtual	119.934	962.259	993.118	Measured	144.242	937.073	1011.719	Measured	100.023	1013.093	1009.183	Measured	172.856	996.372	1012.971	Measured	202.500	764.360	930.411	Virtual	222.020	758.406	956.055	Virtual	193.228	799.977	949.932	Virtual	196.243	767.684	955.335	Virtual	218.229	780.810	943.552	Virtual
229	2.28000	302.425	897.518	869.159	Measured	267.357	824.384	857.205	Measured	302.899	759.439	889.832	Measured	390.759	800.560	942.772	Measured	348.584	829.813	880.995	Virtual	119.828	962.122	994.057	Measured	144.614	937.177	1012.380	Measured	99.327	1012.659	1010.473	Measured	172.428	996.894	1013.674	Measured	204.615	765.627	929.957	Virtual	224.398	759.836	955.436	Virtual	195.002	801.037	949.688	Virtual	198.493	768.766	954.938	Virtual	220.214	782.236	943.053	Virtual
230	2.29000	302.463	897.504	869.390	Measured	267.205	824.474	857.454	Measured	302.834	759.451	889.941	Measured	390.773	800.454	942.772	Measured	348.537	829.782	881.090	Virtual	119.662	961.861	994.665	Measured	144.925	937.219	1013.103	Measured	98.639	1012.102	1011.906	Measured	171.923	997.371	1014.588	Measured	206.972	767.144	929.003	Virtual	226.934	761.437	954.361	Virtual	196.947	802.267	949.039	Virtual	200.906	770.009	954.031	Virtual	222.390	783.869	942.164	Virtual
231	2.30000	302.535	897.444	869.506	Measured	267.185	824.453	857.566	Measured	302.781	759.357	890.062	Measured	390.806	800.311	942.816	Measured	348.547	829.671	881.165	Virtual	119.505	961.515	995.747	Measured	145.319	937.298	1013.930	Measured	97.889	1011.463	1013.374	Measured	171.401	997.786	1015.551	Measured	209.367	768.505	928.681	Virtual	229.570	762.987	953.889	Virtual	198.939	803.384	948.939	Virtual	203.414	771.167	953.758	Virtual	224.613	785.402	941.823	Virtual
232	2.31000	302.647	897.317	869.445	Measured	267.253	824.364	857.509	Measured	302.841	759.266	890.121	Measured	390.832	800.192	942.951	Measured	348.627	829.543	881.212	Virtual	119.382	961.295	996.862	Measured	145.625	937.267	1014.874	Measured	97.224	1010.803	1014.979	Measured	170.924	998.099	1016.689	Measured	211.445	769.866	928.228	Virtual	231.842	764.458	953.304	Virtual	200.663	804.480	948.751	Virtual	205.581	772.296	953.350	Virtual	226.534	786.880	941.401	Virtual
233	2.32000	302.710	897.183	869.360	Measured	267.355	824.211	857.431	Measured	302.902	759.135	890.152	Measured	390.802	800.155	943.031	Measured	348.685	829.430	881.232	Virtual	119.250	961.050	998.143	Measured	146.038	937.319	1015.861	Measured	96.646	1010.129	1016.567	Measured	170.526	998.423	1017.848	Measured	213.539	771.168	928.079	Virtual	234.151	765.919	953.012	Virtual	202.416	805.542	948.824	Virtual	207.789	773.406	953.245	Virtual	228.476	788.322	941.244	Virtual
234	2.33000	302.811	897.046	869.257	Measured	267.463	824.037	857.289	Measured	302.993	759.010	890.190	Measured	390.766	800.118	943.191	Measured	348.766	829.312	881.279	Virtual	119.222	960.705	999.435	Measured	146.457	937.404	1016.884	Measured	96.146	1009.667	1017.940	Measured	170.145	998.760	1018.825	Measured	215.402	772.077	928.719	Virtual	236.224	767.073	953.528	Virtual	203.986	806.310	949.537	Virtual	209.774	774.240	953.919	Virtual	230.208	789.408	941.799	Virtual
235	2.34000	302.897	896.893	869.151	Measured	267.655	823.884	857.155	Measured	303.068	758.907	890.178	Measured	390.734	800.098	943.238	Measured	348.858	829.209	881.274	Virtual	119.337	960.562	1000.558	Measured	146.936	937.540	1017.891	Measured	95.725	1009.047	1019.434	Measured	169.893	999.086	1019.834	Measured	217.489	773.345	928.727	Virtual	238.508	768.520	953.405	Virtual	205.758	807.360	949.725	Virtual	211.973	775.351	953.964	Virtual	232.147	790.817	941.786	Virtual
236	2.35000	302.986	896.813	869.137	Measured	267.772	823.791	857.044	Measured	303.133	758.827	890.144	Measured	390.722	800.011	943.367	Measured	348.936	829.130	881.327	Virtual	119.437	960.377	1001.765	Measured	147.574	937.704	1018.924	Measured	95.399	1008.622	1020.846	Measured	169.645	999.667	1020.774	Measured	219.694	774.578	929.204	Virtual	240.939	770.026	953.740	Virtual	207.644	808.422	950.298	Virtual	214.319	776.498	954.479	Virtual	234.202	792.240	942.176	Virtual
237	2.36000	303.100	896.832	869.275	Measured	267.888	823.764	857.011	Measured	303.145	758.795	890.076	Measured	390.702	799.935	943.365	Measured	349.001	829.106	881.373	Virtual	119.744	960.241	1002.907	Measured	148.319	937.950	1019.772	Measured	95.234	1008.111	1022.211	Measured	169.593	1000.143	1021.520	Measured	221.846	775.853	929.277	Virtual	243.354	771.558	953.629	Virtual	209.525	809.512	950.510	Virtual	216.658	777.676	954.598	Virtual	236.226	793.693	942.147	Virtual
238	2.37000	302.792	896.904	869.764	Measured	268.001	823.834	857.043	Measured	303.077	758.799	890.003	Measured	390.694	799.817	943.398	Measured	348.921	829.209	881.550	Virtual	120.125	960.030	1004.137	Measured	149.254	938.141	1020.655	Measured	95.187	1007.615	1023.706	Measured	169.675	1000.619	1022.161	Measured	223.887	777.039	929.348	Virtual	245.734	773.046	953.448	Virtual	211.357	810.535	950.717	Virtual	218.970	778.800	954.727	Virtual	238.171	795.078	942.045	Virtual
239	2.38000	303.211	897.537	869.451	Measured	268.097	823.947	857.117	Measured	303.035	758.858	889.920	Measured	390.681	799.655	943.330	Measured	349.068	829.239	881.435	Virtual	120.653	959.862	1005.253	Measured	150.362	938.308	1021.455	Measured	95.353	1007.043	1025.092	Measured	169.857	1001.094	1022.641	Measured	226.069	778.215	929.334	Virtual	248.265	774.549	953.167	Virtual	213.337	811.552	950.831	Virtual	221.441	779.930	954.771	Virtual	240.256	796.463	941.842	Virtual
240	2.39000	302.939	897.748	869.336	Measured	268.221	824.126	857.139	Measured	302.954	758.874	889.862	Measured	390.665	799.480	943.330	Measured	349.010	829.297	881.410	Virtual	121.323	959.627	1006.445	Measured	151.457	938.457	1021.868	Measured	95.690	1006.511	1026.601	Measured	170.300	1001.492	1022.933	Measured	227.585	779.417	928.333	Virtual	250.229	775.993	951.777	Virtual	214.815	812.568	950.094	Virtual	223.372	781.043	953.847	Virtual	241.759	797.822	940.623	Virtual
241	2.40000	303.441	897.725	869.344	Measured	268.245	824.215	857.097	Measured	302.929	758.902	889.774	Measured	390.682	799.315	943.311	Measured	349.169	829.180	881.384	Virtual	122.160	959.480	1007.523	Measured	152.601	938.528	1022.344	Measured	96.191	1006.110	1027.941	Measured	170.736	1002.074	1023.072	Measured	229.184	780.439	927.841	Virtual	252.246	777.322	950.917	Virtual	216.372	813.466	949.764	Virtual	225.368	782.052	953.418	Virtual	243.334	799.031	939.875	Virtual
242	2.41000	303.442	897.554	869.545	Measured	268.235	824.235	857.108	Measured	302.893	758.907	889.718	Measured	390.703	799.102	943.356	Measured	349.168	829.094	881.455	Virtual	123.068	959.288	1008.685	Measured	154.009	938.700	1022.789	Measured	96.784	1005.800	1029.342	Measured	171.382	1002.566	1023.181	Measured	230.725	781.415	927.313	Virtual	254.236	778.623	949.973	Virtual	217.917	814.334	949.402	Virtual	227.353	783.037	952.952	Virtual	244.866	800.200	939.052	Virtual
243	2.42000	303.663	897.423	869.781	Measured	268.276	824.312	857.168	Measured	302.928	758.858	889.649	Measured	390.767	798.914	943.377	Measured	349.267	829.003	881.533	Virtual	124.035	959.079	1009.696	Measured	155.384	938.921	1023.396	Measured	97.560	1005.285	1030.647	Measured	171.979	1002.998	1023.233	Measured	232.480	782.215	927.198	Virtual	256.400	779.799	949.471	Virtual	219.638	815.058	949.378	Virtual	229.517	783.893	952.884	Virtual	246.583	801.217	938.631	Virtual
244	2.43000	303.755	897.286	870.030	Measured	268.300	824.300	857.335	Measured	302.973	758.762	889.677	Measured	390.886	798.678	943.391	Measured	349.333	828.879	881.627	Virtual	125.045	958.836	1010.779	Measured	156.827	939.163	1023.909	Measured	98.440	1004.806	1031.980	Measured	172.676	1003.463	1023.308	Measured	234.171	783.066	926.893	Virtual	258.507	781.015	948.748	Virtual	221.322	815.825	949.193	Virtual	231.641	784.794	952.622	Virtual	248.240	802.276	938.016	Virtual
245	2.44000	303.840	897.133	870.281	Measured	268.330	824.241	857.492	Measured	303.088	758.628	889.797	Measured	391.053	798.414	943.413	Measured	349.425	828.725	881.735	Virtual	126.135	958.632	1011.707	Measured	158.314	939.201	1024.290	Measured	99.288	1004.298	1033.152	Measured	173.480	1003.618	1023.152	Measured	235.516	783.555	926.518	Virtual	260.253	781.838	947.948	Virtual	222.725	816.267	948.919	Virtual	233.422	785.357	952.281	Virtual	249.581	802.951	937.319	Virtual
246	2.45000	303.887	896.947	870.562	Measured	268.387	824.145	857.755	Measured	303.262	758.498	890.055	Measured	391.255	798.294	943.280	Measured	349.518	828.604	881.811	Virtual	127.174	958.359	1012.660	Measured	159.670	939.401	1024.844	Measured	100.225	1003.831	1034.328	Measured	174.292	1003.903	1023.130	Measured	236.918	783.971	926.592	Virtual	262.011	782.608	947.630	Virtual	224.161	816.668	949.036	Virtual	235.219	785.883	952.377	Virtual	250.959	803.560	937.071	Virtual
247	2.46000	303.981	896.717	870.866	Measured	268.443	824.018	857.952	Measured	303.347	758.310	890.287	Measured	391.440	798.159	943.287	Measured	349.608	828.438	881.944	Virtual	128.227	958.105	1013.570	Measured	161.109	939.388	1025.256	Measured	101.147	1003.312	1035.403	Measured	175.137	1003.955	1023.130	Measured	238.220	784.303	926.410	Virtual	263.630	783.229	947.082	Virtual	225.509	816.964	948.933	Virtual	236.883	786.287	952.211	Virtual	252.242	804.048	936.618	Virtual
248	2.47000	303.971	896.511	871.156	Measured	268.522	823.829	858.127	Measured	303.331	758.106	890.316	Measured	391.575	798.030	943.366	Measured	349.644	828.291	882.081	Virtual	129.319	957.728	1014.489	Measured	162.549	939.376	1025.732	Measured	102.077	1002.747	1036.526	Measured	176.003	1004.014	1023.215	Measured	239.698	784.654	926.333	Virtual	265.403	783.883	946.650	Virtual	227.001	817.271	948.926	Virtual	238.703	786.712	952.143	Virtual	253.678	804.561	936.280	Virtual
249	2.48000	303.983	896.260	871.477	Measured	268.551	823.671	858.258	Measured	303.394	757.833	890.376	Measured	391.645	797.891	943.538	Measured	349.681	828.132	882.279	Virtual	130.430	957.349	1015.403	Measured	163.916	939.325	1026.219	Measured	103.031	1002.165	1037.569	Measured	176.654	1004.120	1023.317	Measured	241.321	785.020	926.418	Virtual	267.294	784.581	946.400	Virtual	228.595	817.597	949.054	Virtual	240.641	787.167	952.231	Virtual	255.230	805.103	936.107	Virtual
250	2.49000	303.774	896.729	871.360	Measured	268.613	823.487	858.255	Measured	303.473	757.771	890.465	Measured	391.602	797.816	943.677	Measured	349.653	828.204	882.341	Virtual	131.536	956.907	1016.282	Measured	165.307	939.200	1026.627	Measured	103.966	1001.497	1038.634	Measured	177.422	1004.104	1023.405	Measured	242.830	785.355	926.241	Virtual	269.071	785.216	945.875	Virtual	230.102	817.875	948.958	Virtual	242.475	787.569	952.055	Virtual	256.678	805.595	935.689	Virtual
251	2.50000	303.721	896.710	871.180	Measured	268.618	823.392	858.260	Measured	303.522	757.730	890.452	Measured	391.527	797.750	943.828	Measured	349.643	828.149	882.365	Virtual	132.576	956.453	1017.048	Measured	166.700	939.129	1027.038	Measured	104.852	1000.820	1039.582	Measured	178.079	1004.114	1023.465	Measured	244.558	785.741	926.215	Virtual	271.035	785.937	945.530	Virtual	231.772	818.205	948.980	Virtual	244.493	788.037	952.024	Virtual	258.310	806.153	935.430	Virtual
252	2.51000	303.852	896.696	871.135	Measured	268.599	823.390	858.252	Measured	303.364	757.719	890.523	Measured	391.415	797.696	943.919	Measured	349.624	828.066	882.403	Virtual	133.607	955.966	1017.849	Measured	168.002	939.010	1027.393	Measured	105.724	1000.078	1040.605	Measured	178.706	1004.085	1023.494	Measured	246.064	786.121	925.949	Virtual	272.795	786.640	944.903	Virtual	233.258	818.519	948.797	Virtual	246.324	788.490	951.751	Virtual	259.731	806.698	934.921	Virtual
253	2.52000	303.720	896.495	871.342	Measured	268.469	823.440	858.490	Measured	303.304	757.736	890.684	Measured	391.382	797.594	943.984	Measured	349.526	828.006	882.532	Virtual	134.579	955.410	1018.537	Measured	169.313	938.879	1027.651	Measured	106.542	999.305	1041.492	Measured	179.265	1004.049	1023.448	Measured	247.698	786.521	925.671	Virtual	274.665	787.385	944.276	Virtual	234.838	818.848	948.587	Virtual	248.265	788.971	951.460	Virtual	261.257	807.271	934.406	Virtual
254	2.53000	303.670	896.432	871.926	Measured	268.311	823.510	858.749	Measured	303.092	757.756	890.853	Measured	391.353	797.455	944.023	Measured	349.405	827.978	882.763	Virtual	135.695	954.930	1019.126	Measured	170.749	938.582	1027.720	Measured	107.352	998.521	1042.343	Measured	179.819	1003.975	1023.404	Measured	249.441	787.150	924.893	Virtual	276.625	788.320	943.161	Virtual	236.515	819.350	947.951	Virtual	250.301	789.623	950.672	Virtual	262.880	808.051	933.448	Virtual
255	2.54000	303.335	896.375	872.494	Measured	268.162	823.641	859.063	Measured	302.982	757.830	890.989	Measured	391.348	797.313	944.054	Measured	349.230	828.039	882.994	Virtual	136.683	954.255	1019.746	Measured	172.015	938.344	1027.869	Measured	108.270	997.637	1043.241	Measured	180.318	1003.865	1023.292	Measured	250.890	787.514	924.291	Virtual	278.317	789.021	942.167	Virtual	237.947	819.630	947.455	Virtual	252.090	790.060	950.049	Virtual	264.224	808.579	932.604	Virtual
256	2.55000	302.912	896.246	873.075	Measured	267.991	823.755	859.266	Measured	302.844	757.872	891.075	Measured	391.287	797.168	944.144	Measured	349.011	828.092	883.241	Virtual	137.802	953.726	1020.295	Measured	173.387	938.045	1027.958	Measured	109.092	996.781	1044.057	Measured	180.826	1003.682	1023.215	Measured	252.579	788.015	923.635	Virtual	280.204	789.843	941.174	Virtual	239.572	820.021	946.916	Virtual	254.065	790.609	949.373	Virtual	265.784	809.235	931.760	Virtual
257	2.56000	302.484	896.006	873.099	Measured	267.871	823.874	859.390	Measured	302.677	757.931	891.150	Measured	391.197	797.098	944.253	Measured	348.799	828.082	883.313	Virtual	138.695	952.977	1020.937	Measured	174.642	937.729	1028.112	Measured	109.993	995.790	1045.000	Measured	181.385	1003.404	1023.197	Measured	253.857	788.297	922.918	Virtual	281.700	790.424	940.074	Virtual	240.853	820.207	946.332	Virtual	255.669	790.943	948.630	Virtual	266.961	809.659	930.833	Virtual
258	2.57000	302.443	896.029	873.120	Measured	267.875	823.923	858.928	Measured	302.588	757.992	891.144	Measured	391.019	797.059	944.410	Measured	348.754	828.111	883.361	Virtual	139.822	952.355	1021.514	Measured	175.917	937.306	1028.280	Measured	110.945	994.799	1045.925	Measured	181.972	1003.052	1023.356	Measured	255.330	788.739	922.062	Virtual	283.337	791.097	938.919	Virtual	242.295	820.506	945.652	Virtual	257.397	791.374	947.756	Virtual	268.327	810.209	929.859	Virtual
259	2.58000	302.104	895.848	873.103	Measured	267.890	823.926	858.931	Measured	302.461	758.016	891.145	Measured	390.829	797.055	944.538	Measured	348.594	828.108	883.434	Virtual	140.835	951.626	1022.139	Measured	177.206	936.808	1028.437	Measured	111.834	993.734	1046.894	Measured	182.532	1002.642	1023.517	Measured	256.705	789.116	921.184	Virtual	284.882	791.720	937.718	Virtual	243.651	820.742	944.953	Virtual	259.045	791.750	946.855	Virtual	269.592	810.699	928.850	Virtual
260	2.59000	302.227	895.872	873.020	Measured	267.753	823.915	858.757	Measured	302.338	758.037	891.141	Measured	390.609	797.066	944.729	Measured	348.535	828.078	883.483	Virtual	141.926	951.053	1022.797	Measured	178.412	936.335	1028.636	Measured	112.745	992.754	1047.806	Measured	183.139	1002.203	1023.717	Measured	257.966	789.388	920.495	Virtual	286.288	792.202	936.743	Virtual	244.906	820.895	944.418	Virtual	260.546	792.023	946.142	Virtual	270.761	811.066	928.045	Virtual
261	2.60000	302.194	895.888	872.831	Measured	267.769	823.934	858.661	Measured	302.222	758.069	891.143	Measured	390.414	797.115	944.837	Measured	348.471	828.079	883.483	Virtual	142.873	950.144	1023.111	Measured	179.600	935.820	1028.769	Measured	113.659	991.722	1048.558	Measured	183.722	1001.753	1023.797	Measured	259.337	789.577	919.756	Virtual	287.782	792.612	935.748	Virtual	246.240	820.963	943.817	Virtual	262.128	792.218	945.380	Virtual	272.023	811.354	927.204	Virtual
262	2.61000	302.130	895.917	872.785	Measured	267.644	823.975	858.629	Measured	302.018	758.115	891.197	Measured	390.231	797.123	945.015	Measured	348.345	828.077	883.553	Virtual	143.837	949.587	1023.757	Measured	180.739	935.345	1028.919	Measured	114.526	990.805	1049.299	Measured	184.252	1001.328	1023.848	Measured	260.432	789.601	919.365	Virtual	289.015	792.876	935.060	Virtual	247.344	820.925	943.512	Virtual	263.465	792.304	944.955	Virtual	273.028	811.485	926.649	Virtual
263	2.62000	302.045	896.007	872.648	Measured	267.525	824.110	858.629	Measured	301.862	758.213	891.190	Measured	390.038	797.138	945.093	Measured	348.220	828.126	883.552	Virtual	144.764	948.737	1024.056	Measured	181.835	934.804	1029.020	Measured	115.400	989.807	1049.889	Measured	184.775	1000.866	1023.834	Measured	261.734	789.608	918.878	Virtual	290.420	793.116	934.333	Virtual	248.606	820.850	943.109	Virtual	264.958	792.355	944.441	Virtual	274.221	811.594	926.042	Virtual
264	2.63000	302.039	896.150	872.742	Measured	267.399	824.298	858.662	Measured	301.634	758.347	891.205	Measured	389.858	797.139	945.184	Measured	348.102	828.201	883.630	Virtual	145.672	947.888	1024.535	Measured	182.898	934.197	1028.895	Measured	116.281	988.794	1050.536	Measured	185.332	1000.294	1023.867	Measured	262.577	789.627	917.901	Virtual	291.398	793.308	933.063	Virtual	249.497	820.763	942.294	Virtual	266.046	792.373	943.432	Virtual	274.995	811.688	924.955	Virtual
265	2.64000	301.881	896.350	873.003	Measured	267.262	824.513	858.735	Measured	301.418	758.490	891.240	Measured	389.657	797.146	945.197	Measured	347.928	828.342	883.740	Virtual	146.664	947.032	1024.909	Measured	183.961	933.528	1028.773	Measured	117.097	987.688	1051.068	Measured	185.902	999.659	1023.894	Measured	263.717	789.663	917.038	Virtual	292.636	793.525	931.968	Virtual	250.625	820.681	941.574	Virtual	267.377	792.405	942.543	Virtual	276.041	811.801	924.017	Virtual
266	2.65000	301.874	896.520	873.048	Measured	267.108	824.760	858.720	Measured	301.157	758.652	891.248	Measured	389.444	797.122	945.256	Measured	347.790	828.422	883.782	Virtual	147.570	946.107	1025.222	Measured	184.949	932.845	1028.844	Measured	118.022	986.581	1051.627	Measured	186.467	998.950	1023.894	Measured	264.664	789.372	916.501	Virtual	293.679	793.410	931.194	Virtual	251.589	820.325	941.129	Virtual	268.514	792.147	941.973	Virtual	276.914	811.585	923.369	Virtual
267	2.66000	301.913	896.687	872.995	Measured	267.020	824.978	858.656	Measured	300.898	758.824	891.164	Measured	389.215	797.156	945.266	Measured	347.679	828.511	883.762	Virtual	148.499	945.258	1025.637	Measured	186.043	932.198	1028.844	Measured	118.949	985.475	1052.199	Measured	187.021	998.275	1023.831	Measured	265.647	789.144	915.930	Virtual	294.773	793.402	930.339	Virtual	252.594	820.037	940.647	Virtual	269.722	791.978	941.362	Virtual	277.808	811.450	922.655	Virtual
268	2.67000	301.959	896.769	872.888	Measured	266.933	825.190	858.422	Measured	300.699	758.937	891.046	Measured	388.969	797.173	945.317	Measured	347.587	828.569	883.726	Virtual	149.282	944.299	1025.691	Measured	187.018	931.590	1028.778	Measured	119.831	984.391	1052.690	Measured	187.526	997.649	1023.614	Measured	266.498	788.961	915.099	Virtual	295.728	793.416	929.236	Virtual	253.473	819.779	939.922	Virtual	270.790	791.834	940.490	Virtual	278.575	811.350	921.702	Virtual
269	2.68000	302.111	896.857	872.674	Measured	266.911	825.335	858.157	Measured	300.470	759.056	890.877	Measured	388.711	797.214	945.384	Measured	347.536	828.597	883.657	Virtual	150.216	943.515	1025.940	Measured	188.037	931.096	1028.490	Measured	120.692	983.290	1053.215	Measured	187.928	997.116	1023.331	Measured	267.388	789.118	913.918	Virtual	296.748	793.833	927.696	Virtual	254.399	819.830	938.889	Virtual	271.964	792.037	939.254	Virtual	279.349	811.613	920.366	Virtual
270	2.69000	302.381	897.030	872.377	Measured	266.888	825.452	857.892	Measured	300.348	759.162	890.676	Measured	388.427	797.225	945.418	Measured	347.538	828.618	883.553	Virtual	150.831	942.538	1025.691	Measured	188.977	930.670	1028.267	Measured	121.449	982.221	1053.669	Measured	188.225	996.633	1022.884	Measured	268.257	789.282	912.675	Virtual	297.723	794.256	926.131	Virtual	255.273	819.885	937.783	Virtual	273.083	792.246	937.960	Virtual	280.090	811.882	918.990	Virtual
271	2.70000	302.430	897.110	872.117	Measured	266.885	825.610	857.627	Measured	300.161	759.269	890.497	Measured	388.213	797.246	945.514	Measured	347.482	828.658	883.480	Virtual	151.740	941.663	1025.860	Measured	189.956	930.213	1027.947	Measured	122.202	981.124	1054.073	Measured	188.386	996.195	1022.469	Measured	269.426	789.479	911.732	Virtual	298.997	794.816	924.814	Virtual	256.408	819.995	936.930	Virtual	274.529	792.558	936.949	Virtual	281.081	812.226	917.850	Virtual
272	2.71000	302.571	897.306	872.071	Measured	266.792	825.787	857.673	Measured	300.022	759.404	890.411	Measured	388.029	797.248	945.461	Measured	347.430	828.724	883.447	Virtual	152.400	940.739	1025.685	Measured	190.732	929.782	1027.652	Measured	122.815	979.996	1054.545	Measured	188.527	995.740	1022.017	Measured	270.255	789.793	910.380	Virtual	299.922	795.417	923.121	Virtual	257.231	820.179	935.730	Virtual	275.618	792.920	935.537	Virtual	281.758	812.652	916.367	Virtual
273	2.72000	302.568	897.447	872.155	Measured	266.674	826.047	857.771	Measured	299.822	759.572	890.406	Measured	387.919	797.229	945.475	Measured	347.332	828.814	883.483	Virtual	153.114	939.963	1025.907	Measured	191.637	929.362	1027.292	Measured	123.599	978.833	1054.978	Measured	188.747	995.144	1021.612	Measured	270.943	789.884	909.222	Virtual	300.719	795.810	921.566	Virtual	257.962	820.185	934.695	Virtual	276.603	793.102	934.301	Virtual	282.304	812.861	915.024	Virtual
274	2.73000	302.544	897.638	872.416	Measured	266.587	826.284	857.994	Measured	299.664	759.743	890.411	Measured	387.819	797.183	945.430	Measured	347.241	828.928	883.571	Virtual	153.890	939.030	1025.924	Measured	192.180	928.866	1026.898	Measured	124.370	977.679	1055.397	Measured	189.039	994.539	1021.179	Measured	271.207	789.846	907.793	Virtual	301.090	795.981	919.770	Virtual	258.328	820.054	933.429	Virtual	277.153	793.103	932.802	Virtual	282.476	812.902	913.458	Virtual
275	2.74000	302.593	897.849	872.651	Measured	266.566	826.551	857.900	Measured	299.405	759.915	890.456	Measured	387.725	797.131	945.468	Measured	347.179	829.028	883.657	Virtual	154.663	938.181	1025.927	Measured	193.054	928.674	1026.256	Measured	125.201	976.623	1055.720	Measured	189.383	993.919	1020.602	Measured	271.698	790.057	906.182	Virtual	301.688	796.469	917.737	Virtual	258.906	820.164	931.980	Virtual	277.963	793.383	931.103	Virtual	282.837	813.217	911.677	Virtual
276	2.75000	302.591	898.002	872.710	Measured	266.559	826.771	858.011	Measured	299.285	760.048	890.445	Measured	387.593	797.111	945.501	Measured	347.125	829.116	883.715	Virtual	155.454	937.347	1025.910	Measured	193.786	928.472	1025.597	Measured	126.084	975.679	1055.888	Measured	189.610	993.435	1019.989	Measured	272.143	790.182	904.734	Virtual	302.229	796.879	915.871	Virtual	259.434	820.216	930.656	Virtual	278.715	793.605	929.562	Virtual	283.148	813.449	910.042	Virtual
277	2.76000	302.675	898.100	872.738	Measured	266.474	827.023	857.959	Measured	299.117	760.166	890.446	Measured	387.472	797.096	945.589	Measured	347.073	829.173	883.756	Virtual	156.359	936.615	1025.785	Measured	194.763	928.218	1025.084	Measured	126.967	974.776	1056.033	Measured	189.944	992.911	1019.337	Measured	273.024	790.199	903.718	Virtual	303.172	797.208	914.491	Virtual	260.333	820.190	929.700	Virtual	279.848	793.755	928.460	Virtual	283.873	813.583	908.835	Virtual
278	2.77000	302.696	898.200	872.776	Measured	266.448	827.111	858.021	Measured	298.960	760.259	890.515	Measured	387.308	797.127	945.717	Measured	347.007	829.214	883.853	Virtual	157.041	935.857	1025.645	Measured	195.534	927.705	1024.686	Measured	127.757	973.981	1056.000	Measured	190.192	992.435	1018.513	Measured	273.548	789.523	903.339	Virtual	303.753	796.819	913.756	Virtual	260.906	819.586	929.262	Virtual	280.600	793.286	927.987	Virtual	284.277	813.017	908.196	Virtual
279	2.78000	302.718	898.296	872.805	Measured	266.369	827.275	858.054	Measured	298.853	760.411	890.573	Measured	387.139	797.204	945.859	Measured	346.938	829.305	883.946	Virtual	157.876	935.184	1025.573	Measured	196.372	927.325	1024.220	Measured	128.444	973.194	1055.959	Measured	190.403	992.025	1017.795	Measured	274.517	789.253	902.903	Virtual	304.750	796.876	912.998	Virtual	261.845	819.337	928.786	Virtual	281.764	793.210	927.463	Virtual	285.077	812.868	907.537	Virtual
280	2.79000	302.758	898.490	872.946	Measured	266.339	827.425	858.143	Measured	298.699	760.499	890.731	Measured	386.992	797.180	946.065	Measured	346.884	829.361	884.124	Virtual	158.560	934.436	1025.433	Measured	197.148	927.023	1023.794	Measured	129.214	972.462	1055.849	Measured	190.542	991.630	1016.943	Measured	275.328	788.759	902.636	Virtual	305.592	796.730	912.364	Virtual	262.645	818.913	928.432	Virtual	282.789	792.960	927.091	Virtual	285.718	812.503	906.992	Virtual
281	2.80000	302.800	898.494	872.936	Measured	266.274	827.587	858.209	Measured	298.565	760.612	890.841	Measured	386.855	797.214	946.292	Measured	346.829	829.389	884.246	Virtual	159.137	933.776	1025.019	Measured	197.961	926.776	1023.268	Measured	129.801	971.732	1055.719	Measured	190.664	991.267	1016.217	Measured	276.310	788.811	901.846	Virtual	306.577	797.068	911.321	Virtual	263.566	818.929	927.655	Virtual	283.920	793.145	926.232	Virtual	286.529	812.655	906.057	Virtual
282	2.81000	302.879	898.616	873.071	Measured	266.302	827.662	858.184	Measured	298.461	760.683	890.941	Measured	386.764	797.176	946.460	Measured	346.825	829.415	884.384	Virtual	159.849	933.100	1024.595	Measured	198.699	926.516	1022.960	Measured	130.540	971.008	1055.646	Measured	190.764	990.877	1015.395	Measured	277.298	788.545	901.467	Virtual	307.569	797.126	910.639	Virtual	264.502	818.692	927.215	Virtual	285.075	793.084	925.763	Virtual	287.337	812.502	905.458	Virtual
283	2.82000	302.836	898.716	873.304	Measured	266.244	827.795	858.275	Measured	298.322	760.775	891.014	Measured	386.668	797.162	946.571	Measured	346.748	829.484	884.529	Virtual	160.936	932.703	1024.177	Measured	199.475	926.176	1022.426	Measured	131.286	970.409	1055.426	Measured	190.977	990.484	1014.626	Measured	278.376	788.431	900.881	Virtual	308.644	797.282	909.801	Virtual	265.530	818.582	926.600	Virtual	286.290	793.128	925.102	Virtual	288.257	812.481	904.704	Virtual
284	2.83000	302.917	898.822	873.470	Measured	266.219	827.958	858.362	Measured	298.165	760.879	891.122	Measured	386.530	797.142	946.787	Measured	346.707	829.527	884.709	Virtual	161.811	932.198	1024.182	Measured	200.293	925.978	1021.977	Measured	132.008	969.796	1055.346	Measured	191.159	990.150	1013.728	Measured	279.334	787.978	900.837	Virtual	309.604	797.207	909.359	Virtual	266.458	818.225	926.428	Virtual	287.455	792.965	924.932	Virtual	289.013	812.158	904.347	Virtual
285	2.84000	302.985	898.946	873.687	Measured	266.098	828.166	858.644	Measured	297.978	761.014	891.378	Measured	386.421	797.103	946.988	Measured	346.632	829.563	884.924	Virtual	162.731	931.816	1023.879	Measured	201.071	925.893	1021.425	Measured	132.749	969.335	1055.131	Measured	191.223	989.893	1012.772	Measured	280.349	787.793	900.515	Virtual	310.608	797.385	908.668	Virtual	267.424	818.104	926.006	Virtual	288.656	793.042	924.490	Virtual	289.821	812.093	903.749	Virtual
286	2.85000	302.963	899.058	874.070	Measured	266.030	828.381	858.923	Measured	297.798	761.155	891.661	Measured	386.337	797.062	947.208	Measured	346.551	829.633	885.206	Virtual	163.521	931.411	1023.906	Measured	201.905	925.866	1020.788	Measured	133.448	968.817	1054.937	Measured	191.328	989.617	1011.677	Measured	281.251	787.354	900.464	Virtual	311.497	797.366	908.145	Virtual	268.299	817.788	925.794	Virtual	289.789	792.948	924.280	Virtual	290.489	811.790	903.328	Virtual
287	2.86000	303.013	899.165	874.292	Measured	265.911	828.521	859.335	Measured	297.672	761.246	891.921	Measured	386.326	796.995	947.541	Measured	346.506	829.647	885.486	Virtual	164.333	931.133	1023.607	Measured	202.607	925.914	1020.277	Measured	134.102	968.338	1054.780	Measured	191.249	989.384	1010.745	Measured	282.315	787.382	900.110	Virtual	312.525	797.782	907.408	Virtual	269.284	817.859	925.347	Virtual	291.033	793.246	923.795	Virtual	291.311	811.939	902.700	Virtual
288	2.87000	303.082	899.205	874.506	Measured	265.876	828.625	859.605	Measured	297.579	761.302	892.167	Measured	386.363	796.852	947.814	Measured	346.510	829.610	885.721	Virtual	165.071	930.686	1023.462	Measured	203.371	925.822	1019.600	Measured	134.919	967.836	1054.730	Measured	191.151	989.297	1009.744	Measured	282.882	787.339	899.339	Virtual	313.076	798.128	906.123	Virtual	269.875	817.864	924.531	Virtual	291.871	793.481	922.852	Virtual	291.640	812.013	901.614	Virtual
289	2.88000	303.042	899.220	874.648	Measured	265.861	828.631	859.820	Measured	297.567	761.282	892.360	Measured	386.347	796.880	947.838	Measured	346.481	829.614	885.826	Virtual	165.906	930.333	1023.385	Measured	204.244	925.794	1019.103	Measured	135.624	967.352	1054.652	Measured	191.044	989.265	1008.983	Measured	284.162	787.595	898.965	Virtual	314.289	798.802	905.355	Virtual	271.043	818.131	924.086	Virtual	293.321	794.011	922.339	Virtual	292.636	812.390	900.980	Virtual
290	2.89000	303.027	899.150	875.017	Measured	265.904	828.585	859.919	Measured	297.563	761.267	892.545	Measured	386.200	796.916	948.089	Measured	346.457	829.623	886.115	Virtual	166.296	929.742	1022.973	Measured	205.006	925.704	1018.575	Measured	136.415	966.949	1054.560	Measured	191.116	989.001	1008.152	Measured	284.489	787.369	898.205	Virtual	314.603	798.812	904.231	Virtual	271.419	817.941	923.307	Virtual	293.842	793.963	921.452	Virtual	292.814	812.230	900.010	Virtual
291	2.90000	303.303	899.237	874.741	Measured	265.963	828.522	859.883	Measured	297.570	761.201	892.640	Measured	386.101	796.962	948.152	Measured	346.537	829.547	886.081	Virtual	167.218	929.463	1023.262	Measured	205.793	925.604	1018.107	Measured	137.102	966.737	1054.453	Measured	191.230	988.781	1007.532	Measured	285.345	786.938	898.470	Virtual	315.413	798.697	904.103	Virtual	272.245	817.629	923.412	Virtual	294.859	793.830	921.565	Virtual	293.469	811.887	899.966	Virtual
292	2.91000	303.614	899.219	874.578	Measured	266.032	828.482	859.867	Measured	297.522	761.169	892.701	Measured	386.023	796.899	948.417	Measured	346.632	829.425	886.165	Virtual	167.522	928.795	1022.879	Measured	206.469	925.563	1017.637	Measured	137.871	966.490	1054.475	Measured	191.314	988.494	1006.754	Measured	285.324	786.533	897.778	Virtual	315.387	798.480	903.028	Virtual	272.327	817.286	922.696	Virtual	295.046	793.598	920.733	Virtual	293.330	811.532	899.055	Virtual
293	2.92000	303.852	899.285	874.550	Measured	266.097	828.478	859.869	Measured	297.556	761.124	892.695	Measured	385.987	796.828	948.538	Measured	346.725	829.370	886.222	Virtual	168.887	928.787	1023.328	Measured	207.098	925.522	1017.195	Measured	138.529	966.188	1054.367	Measured	191.297	988.323	1006.053	Measured	286.644	786.272	898.318	Virtual	316.612	798.643	903.105	Virtual	273.537	817.153	923.020	Virtual	296.523	793.721	921.084	Virtual	294.356	811.379	899.222	Virtual
294	2.93000	304.085	899.359	874.809	Measured	266.142	828.545	859.996	Measured	297.499	761.131	892.795	Measured	386.035	796.728	948.588	Measured	346.801	829.338	886.347	Virtual	169.207	928.251	1023.167	Measured	207.673	925.546	1016.726	Measured	139.169	965.801	1054.330	Measured	191.210	988.063	1005.304	Measured	286.970	786.055	897.838	Virtual	316.888	798.690	902.232	Virtual	273.880	816.987	922.485	Virtual	297.028	793.724	920.452	Virtual	294.493	811.227	898.504	Virtual
295	2.94000	304.236	899.456	875.059	Measured	266.142	828.600	860.137	Measured	297.519	761.119	892.893	Measured	386.151	796.574	948.613	Measured	346.873	829.310	886.451	Virtual	170.015	928.107	1023.259	Measured	208.160	925.566	1016.294	Measured	139.696	965.564	1054.260	Measured	191.023	987.885	1004.542	Measured	287.723	785.820	897.975	Virtual	317.556	798.800	901.929	Virtual	274.579	816.855	922.462	Virtual	297.941	793.809	920.407	Virtual	294.995	811.072	898.320	Virtual
296	2.95000	304.525	899.463	875.195	Measured	266.248	828.682	860.392	Measured	297.538	761.107	893.029	Measured	386.341	796.435	948.627	Measured	347.026	829.227	886.527	Virtual	170.502	927.788	1023.233	Measured	208.683	925.560	1015.826	Measured	140.256	965.287	1054.191	Measured	190.886	987.642	1003.820	Measured	288.139	785.540	897.794	Virtual	317.903	798.791	901.343	Virtual	274.991	816.656	922.178	Virtual	298.519	793.784	920.058	Virtual	295.207	810.852	897.873	Virtual
297	2.96000	304.723	899.441	875.331	Measured	266.259	828.660	860.682	Measured	297.594	761.059	893.146	Measured	386.510	796.290	948.629	Measured	347.128	829.128	886.596	Virtual	170.748	927.358	1023.057	Measured	209.124	925.539	1015.488	Measured	140.852	964.989	1054.176	Measured	190.699	987.344	1002.968	Measured	288.259	785.010	897.669	Virtual	317.962	798.504	900.785	Virtual	275.147	816.236	921.930	Virtual	298.816	793.517	919.749	Virtual	295.143	810.372	897.458	Virtual
298	2.97000	304.890	899.432	875.428	Measured	266.348	828.587	860.848	Measured	297.721	761.004	893.206	Measured	386.698	796.183	948.717	Measured	347.267	829.060	886.680	Virtual	170.833	927.040	1022.991	Measured	209.646	925.392	1015.220	Measured	141.391	964.774	1054.262	Measured	190.716	987.085	1002.465	Measured	288.071	784.531	897.384	Virtual	317.754	798.133	900.200	Virtual	275.053	815.830	921.603	Virtual	298.777	793.175	919.340	Virtual	294.872	809.913	897.000	Virtual
299	2.98000	305.079	899.342	875.456	Measured	266.536	828.424	860.836	Measured	297.895	760.880	893.203	Measured	386.885	796.063	948.891	Measured	347.459	828.944	886.764	Virtual	171.440	926.752	1023.251	Measured	210.227	925.109	1015.021	Measured	141.978	964.509	1054.425	Measured	190.767	986.697	1002.116	Measured	288.347	783.939	897.574	Virtual	317.980	797.719	900.043	Virtual	275.366	815.336	921.685	Virtual	299.192	792.793	919.377	Virtual	295.008	809.354	896.956	Virtual
300	2.99000	305.273	899.222	875.374	Measured	266.687	828.264	860.787	Measured	298.098	760.747	893.149	Measured	387.064	795.900	949.036	Measured	347.649	828.801	886.789	Virtual	171.651	926.392	1023.384	Measured	210.634	924.939	1015.015	Measured	142.478	964.198	1054.690	Measured	190.840	986.342	1001.889	Measured	288.339	783.468	897.578	Virtual	317.945	797.348	899.798	Virtual	275.419	814.921	921.646	Virtual	299.299	792.443	919.274	Virtual	294.918	808.900	896.814	Virtual
301	3.00000	305.480	899.088	875.201	Measured	266.958	828.065	860.540	Measured	298.340	760.595	893.056	Measured	387.206	795.786	949.194	Measured	347.881	828.663	886.784	Virtual	172.234	926.153	1023.799	Measured	210.953	924.795	1015.176	Measured	142.857	963.925	1054.915	Measured	190.788	986.036	1001.817	Measured	289.036	783.097	898.273	Virtual	318.566	797.173	900.252	Virtual	276.043	814.624	922.205	Virtual	300.049	792.278	919.855	Virtual	295.453	808.564	897.312	Virtual
302	3.01000	305.702	898.972	875.079	Measured	267.158	827.926	860.363	Measured	298.550	760.467	892.988	Measured	387.366	795.723	949.259	Measured	348.088	828.555	886.751	Virtual	172.512	925.853	1024.166	Measured	211.273	924.631	1015.347	Measured	143.227	963.659	1055.280	Measured	190.807	985.656	1001.819	Measured	289.200	782.625	898.685	Virtual	318.690	796.813	900.443	Virtual	276.224	814.217	922.541	Virtual	300.295	791.944	920.166	Virtual	295.522	808.109	897.574	Virtual
303	3.02000	305.862	898.909	874.976	Measured	267.466	827.809	860.172	Measured	298.800	760.390	892.896	Measured	387.523	795.735	948.856	Measured	348.296	828.515	886.527	Virtual	172.863	925.533	1024.524	Measured	211.577	924.453	1015.467	Measured	143.574	963.288	1055.619	Measured	190.741	985.356	1001.837	Measured	289.571	782.422	898.895	Virtual	319.001	796.761	900.441	Virtual	276.570	814.036	922.709	Virtual	300.738	791.873	920.281	Virtual	295.762	807.933	897.658	Virtual
304	3.03000	306.125	898.859	874.968	Measured	267.646	827.815	860.110	Measured	298.995	760.333	892.776	Measured	387.670	795.762	948.896	Measured	348.499	828.502	886.525	Virtual	173.242	925.226	1024.864	Measured	211.864	924.310	1015.575	Measured	143.896	962.970	1055.949	Measured	190.534	985.075	1001.756	Measured	290.007	782.198	899.228	Virtual	319.353	796.733	900.503	Virtual	276.960	813.855	922.960	Virtual	301.253	791.834	920.490	Virtual	296.025	807.741	897.815	Virtual
305	3.04000	306.259	898.878	874.992	Measured	267.825	827.896	860.020	Measured	299.136	760.350	892.638	Measured	387.809	795.660	948.542	Measured	348.640	828.505	886.353	Virtual	173.507	924.955	1025.131	Measured	212.145	924.194	1015.594	Measured	144.212	962.685	1056.267	Measured	190.499	984.782	1001.670	Measured	290.152	781.947	899.317	Virtual	319.446	796.604	900.367	Virtual	277.117	813.637	923.011	Virtual	301.484	791.706	920.477	Virtual	296.059	807.509	897.776	Virtual
306	3.05000	306.461	898.931	875.069	Measured	268.038	828.053	859.953	Measured	299.283	760.379	892.451	Measured	388.022	795.565	948.453	Measured	348.837	828.543	886.305	Virtual	173.809	924.713	1025.383	Measured	212.401	924.106	1015.610	Measured	144.547	962.453	1056.516	Measured	190.222	984.537	1001.471	Measured	290.424	781.694	899.568	Virtual	319.632	796.539	900.313	Virtual	277.366	813.442	923.171	Virtual	301.850	791.648	920.585	Virtual	296.158	807.283	897.833	Virtual
307	3.06000	306.729	899.028	875.031	Measured	268.165	828.214	859.880	Measured	299.329	760.457	892.304	Measured	388.103	795.476	948.286	Measured	348.978	828.556	886.193	Virtual	174.231	924.548	1025.487	Measured	212.664	924.125	1015.506	Measured	144.812	962.248	1056.672	Measured	190.028	984.323	1001.218	Measured	290.948	781.677	899.673	Virtual	320.061	796.720	900.165	Virtual	277.825	813.453	923.203	Virtual	302.438	791.810	920.571	Virtual	296.500	807.294	897.778	Virtual
308	3.07000	307.089	899.216	874.978	Measured	268.331	828.365	859.772	Measured	299.421	760.549	892.128	Measured	388.193	795.489	948.166	Measured	349.169	828.624	886.095	Virtual	174.353	924.359	1025.662	Measured	212.861	924.157	1015.420	Measured	144.985	962.056	1056.774	Measured	189.731	984.121	1000.954	Measured	291.290	781.544	899.909	Virtual	320.313	796.766	900.151	Virtual	278.110	813.366	923.345	Virtual	302.839	791.859	920.685	Virtual	296.675	807.184	897.845	Virtual
309	3.08000	307.026	899.262	874.821	Measured	268.460	828.490	859.674	Measured	299.455	760.679	891.972	Measured	388.221	795.500	948.090	Measured	349.203	828.708	885.991	Virtual	174.729	924.252	1025.734	Measured	213.064	924.273	1015.315	Measured	145.095	961.851	1056.836	Measured	189.390	983.976	1000.693	Measured	292.148	781.776	900.114	Virtual	321.044	797.240	900.135	Virtual	278.819	813.602	923.460	Virtual	303.714	792.289	920.780	Virtual	297.308	807.450	897.897	Virtual
310	3.09000	307.532	899.417	874.551	Measured	268.573	828.594	859.415	Measured	299.498	760.786	891.777	Measured	388.167	795.583	948.062	Measured	349.387	828.733	885.856	Virtual	174.882	924.099	1025.839	Measured	213.231	924.359	1015.253	Measured	145.388	961.483	1056.884	Measured	189.108	983.845	1000.437	Measured	292.678	781.947	900.057	Virtual	321.467	797.607	899.863	Virtual	279.261	813.765	923.362	Virtual	304.285	792.613	920.621	Virtual	297.650	807.646	897.720	Virtual
311	3.10000	307.494	899.542	874.339	Measured	268.677	828.735	859.130	Measured	299.457	760.882	891.558	Measured	388.064	795.622	947.983	Measured	349.382	828.831	885.718	Virtual	175.114	923.984	1025.941	Measured	213.467	924.471	1015.143	Measured	145.647	961.125	1056.933	Measured	188.788	983.712	1000.274	Measured	293.404	782.332	899.911	Virtual	322.070	798.213	899.519	Virtual	279.865	814.114	923.195	Virtual	305.037	793.147	920.383	Virtual	298.165	808.062	897.474	Virtual
312	3.11000	307.553	899.661	874.157	Measured	268.801	828.872	858.619	Measured	299.441	760.988	891.276	Measured	387.938	795.695	947.910	Measured	349.416	828.943	885.565	Virtual	175.500	923.827	1025.952	Measured	213.742	924.541	1015.087	Measured	146.076	960.714	1056.986	Measured	188.666	983.474	999.793	Measured	294.171	782.312	900.048	Virtual	322.710	798.411	899.393	Virtual	280.527	814.121	923.235	Virtual	305.843	793.333	920.388	Virtual	298.718	808.065	897.437	Virtual
313	3.12000	307.612	899.732	873.974	Measured	268.855	829.051	858.292	Measured	299.405	761.073	890.916	Measured	387.819	795.630	947.796	Measured	349.425	828.998	885.396	Virtual	175.885	923.644	1026.004	Measured	214.098	924.523	1014.932	Measured	146.268	960.554	1057.029	Measured	188.673	983.342	999.692	Measured	294.824	782.468	900.019	Virtual	323.288	798.695	899.255	Virtual	281.098	814.259	923.182	Virtual	306.501	793.581	920.305	Virtual	299.247	808.235	897.346	Virtual
314	3.13000	307.644	899.813	873.762	Measured	268.898	829.192	857.983	Measured	299.338	761.181	890.547	Measured	387.675	795.553	947.832	Measured	349.416	829.049	885.284	Virtual	176.428	923.485	1025.944	Measured	214.632	924.521	1014.734	Measured	146.822	960.300	1057.020	Measured	188.859	983.107	999.353	Measured	295.536	782.436	899.927	Virtual	323.914	798.803	898.976	Virtual	281.757	814.240	923.041	Virtual	307.250	793.679	920.121	Virtual	299.817	808.216	897.144	Virtual
315	3.14000	307.660	899.889	873.705	Measured	268.890	829.348	857.822	Measured	299.229	761.244	890.216	Measured	387.656	795.320	947.622	Measured	349.395	829.040	885.110	Virtual	177.148	923.314	1025.858	Measured	215.202	924.434	1014.405	Measured	147.506	960.115	1057.037	Measured	189.188	982.958	999.225	Measured	295.916	782.554	899.266	Virtual	324.245	798.996	898.164	Virtual	282.171	814.328	922.440	Virtual	307.703	793.835	919.396	Virtual	300.114	808.344	896.453	Virtual
316	3.15000	307.633	900.026	873.599	Measured	268.880	829.493	857.691	Measured	299.139	761.303	889.945	Measured	387.507	795.160	947.718	Measured	349.347	829.071	885.088	Virtual	177.780	923.204	1025.749	Measured	215.873	924.383	1014.112	Measured	148.303	959.980	1056.885	Measured	189.570	982.789	998.813	Measured	296.432	782.320	899.085	Virtual	324.705	798.844	897.785	Virtual	282.703	814.138	922.208	Virtual	308.282	793.710	919.115	Virtual	300.538	808.112	896.156	Virtual
317	3.16000	307.616	900.126	873.637	Measured	268.832	829.645	857.575	Measured	299.021	761.387	889.758	Measured	387.489	794.976	947.499	Measured	349.300	829.087	884.959	Virtual	178.539	923.120	1025.478	Measured	216.526	924.419	1013.640	Measured	149.055	959.969	1056.658	Measured	189.983	982.654	998.270	Measured	296.957	782.161	898.743	Virtual	325.170	798.770	897.234	Virtual	283.245	814.023	921.817	Virtual	308.874	793.665	918.669	Virtual	300.965	807.955	895.696	Virtual
318	3.17000	307.604	900.215	873.646	Measured	268.792	829.823	857.493	Measured	298.909	761.452	889.603	Measured	387.422	794.826	947.467	Measured	349.252	829.109	884.920	Virtual	179.311	923.142	1025.103	Measured	217.143	924.478	1013.133	Measured	149.772	959.993	1056.350	Measured	190.244	982.568	997.638	Measured	297.571	782.103	898.392	Virtual	325.702	798.827	896.650	Virtual	283.850	814.008	921.400	Virtual	309.549	793.748	918.199	Virtual	301.449	807.900	895.207	Virtual
319	3.18000	307.531	900.317	873.764	Measured	268.759	830.006	857.449	Measured	298.764	761.576	889.536	Measured	387.296	794.976	946.951	Measured	349.144	829.246	884.723	Virtual	179.856	923.194	1024.869	Measured	217.747	924.662	1012.504	Measured	150.445	960.095	1055.972	Measured	190.516	982.525	996.895	Measured	297.985	781.912	898.148	Virtual	326.039	798.736	896.140	Virtual	284.278	813.894	921.058	Virtual	310.037	793.717	917.815	Virtual	301.742	807.706	894.793	Virtual
320	3.19000	307.632	900.453	873.715	Measured	268.684	830.186	857.491	Measured	298.589	761.695	889.511	Measured	387.179	795.062	946.946	Measured	349.089	829.318	884.705	Virtual	180.613	923.274	1024.365	Measured	218.291	924.896	1011.852	Measured	151.056	960.184	1055.619	Measured	190.429	982.561	996.012	Measured	298.766	782.141	897.688	Virtual	326.665	799.176	895.343	Virtual	284.987	814.158	920.505	Virtual	310.882	794.169	917.180	Virtual	302.287	807.942	894.138	Virtual
321	3.20000	307.599	900.606	873.753	Measured	268.639	830.383	857.492	Measured	298.408	761.840	889.519	Measured	387.039	795.134	946.721	Measured	348.989	829.425	884.624	Virtual	181.156	923.434	1024.069	Measured	218.825	925.185	1011.223	Measured	151.691	960.318	1055.212	Measured	190.679	982.641	995.431	Measured	299.225	782.320	897.164	Virtual	327.051	799.448	894.624	Virtual	285.446	814.360	919.948	Virtual	311.395	794.453	916.556	Virtual	302.635	808.122	893.514	Virtual
322	3.21000	307.709	900.714	873.766	Measured	268.583	830.536	857.476	Measured	298.248	761.948	889.465	Measured	386.968	795.102	946.862	Measured	348.963	829.458	884.676	Virtual	181.853	923.579	1023.546	Measured	219.377	925.554	1010.462	Measured	152.375	960.398	1054.865	Measured	190.470	982.764	994.471	Measured	299.944	782.780	896.406	Virtual	327.578	800.152	893.472	Virtual	286.095	814.835	919.127	Virtual	312.196	795.152	915.595	Virtual	303.071	808.589	892.558	Virtual
323	3.22000	307.614	900.835	873.722	Measured	268.607	830.685	857.309	Measured	298.162	762.019	889.376	Measured	386.805	795.110	946.829	Measured	348.893	829.544	884.641	Virtual	182.446	923.782	1023.200	Measured	219.777	925.970	1009.849	Measured	153.008	960.538	1054.575	Measured	190.617	982.838	993.889	Measured	300.335	783.125	895.719	Virtual	327.867	800.617	892.546	Virtual	286.487	815.188	918.430	Virtual	312.656	795.616	914.787	Virtual	303.315	808.935	891.768	Virtual
324	3.23000	307.683	900.893	873.614	Measured	268.527	830.737	857.183	Measured	298.083	762.062	889.214	Measured	386.704	795.097	946.731	Measured	348.854	829.553	884.530	Virtual	183.122	923.955	1022.739	Measured	220.335	926.293	1009.024	Measured	153.624	960.702	1054.193	Measured	190.598	982.953	993.036	Measured	300.878	783.461	894.978	Virtual	328.259	801.128	891.477	Virtual	287.000	815.546	917.640	Virtual	313.273	796.138	913.874	Virtual	303.643	809.271	890.868	Virtual
325	3.24000	307.716	900.929	873.468	Measured	268.509	830.690	857.018	Measured	298.055	762.083	889.048	Measured	386.575	795.073	946.675	Measured	348.828	829.542	884.436	Virtual	183.682	924.185	1022.382	Measured	220.740	926.732	1008.433	Measured	154.275	960.870	1053.882	Measured	190.587	983.020	992.304	Measured	301.351	783.725	894.496	Virtual	328.589	801.546	890.681	Virtual	287.446	815.846	917.089	Virtual	313.813	796.585	913.223	Virtual	303.918	809.528	890.221	Virtual
326	3.25000	307.836	900.973	873.227	Measured	268.507	830.823	856.819	Measured	298.005	762.114	888.884	Measured	386.490	794.992	946.746	Measured	348.846	829.524	884.355	Virtual	184.300	924.388	1022.025	Measured	221.245	927.037	1007.686	Measured	154.831	961.130	1053.440	Measured	190.651	983.119	991.411	Measured	301.867	783.753	894.210	Virtual	328.973	801.706	890.080	Virtual	287.934	815.948	916.681	Virtual	314.386	796.814	912.759	Virtual	304.253	809.541	889.741	Virtual
327	3.26000	307.897	901.036	873.219	Measured	268.492	830.912	856.749	Measured	297.952	762.171	888.745	Measured	386.438	794.881	946.761	Measured	348.843	829.527	884.336	Virtual	184.865	924.629	1021.535	Measured	221.709	927.375	1007.034	Measured	155.386	961.408	1052.992	Measured	190.634	983.169	990.595	Measured	302.412	783.869	893.897	Virtual	329.384	801.953	889.477	Virtual	288.437	816.122	916.257	Virtual	314.974	797.119	912.281	Virtual	304.617	809.641	889.251	Virtual
328	3.27000	307.990	901.095	873.169	Measured	268.441	831.037	856.737	Measured	297.860	762.242	888.678	Measured	386.390	794.781	946.862	Measured	348.833	829.518	884.351	Virtual	185.377	924.848	1021.169	Measured	222.189	927.726	1006.342	Measured	155.918	961.697	1052.536	Measured	190.742	983.228	989.782	Measured	302.896	783.883	893.672	Virtual	329.753	802.070	888.979	Virtual	288.895	816.207	915.914	Virtual	315.502	797.309	911.899	Virtual	304.946	809.636	888.853	Virtual
329	3.28000	308.141	901.158	873.270	Measured	268.411	831.177	856.812	Measured	297.778	762.322	888.640	Measured	386.404	794.664	946.813	Measured	348.852	829.511	884.353	Virtual	185.883	925.050	1020.786	Measured	222.524	928.055	1005.802	Measured	156.336	961.941	1052.193	Measured	190.596	983.258	989.004	Measured	303.468	783.990	893.560	Virtual	330.170	802.323	888.563	Virtual	289.397	816.375	915.668	Virtual	316.103	797.627	911.609	Virtual	305.313	809.722	888.548	Virtual
330	3.29000	307.880	901.432	873.574	Measured	268.352	831.365	856.932	Measured	297.740	762.422	888.593	Measured	386.457	794.532	946.839	Measured	348.767	829.670	884.461	Virtual	186.278	925.201	1020.492	Measured	223.019	928.432	1005.207	Measured	156.673	962.146	1052.051	Measured	190.551	983.307	988.494	Measured	304.010	784.416	893.094	Virtual	330.572	802.889	887.870	Virtual	289.878	816.798	915.168	Virtual	316.670	798.195	911.017	Virtual	305.672	810.140	887.977	Virtual
331	3.30000	308.249	901.312	873.750	Measured	268.323	831.510	857.039	Measured	297.649	762.506	888.570	Measured	386.548	794.413	946.751	Measured	348.860	829.583	884.457	Virtual	186.596	925.309	1020.316	Measured	223.045	928.623	1004.853	Measured	156.809	962.254	1051.591	Measured	190.368	983.277	987.976	Measured	304.594	784.418	893.317	Virtual	331.047	802.997	887.919	Virtual	290.356	816.849	915.251	Virtual	317.232	798.360	911.129	Virtual	306.111	810.122	888.054	Virtual
332	3.31000	308.279	901.448	873.810	Measured	268.297	831.687	857.113	Measured	297.649	762.598	888.514	Measured	386.588	794.321	946.726	Measured	348.872	829.645	884.459	Virtual	186.944	925.363	1020.085	Measured	223.359	928.986	1004.380	Measured	157.011	962.233	1051.329	Measured	190.164	983.299	987.715	Measured	305.504	785.198	892.806	Virtual	331.800	803.963	887.282	Virtual	291.112	817.555	914.748	Virtual	318.107	799.258	910.551	Virtual	306.812	810.904	887.501	Virtual
333	3.32000	308.433	901.499	873.856	Measured	268.292	831.793	857.096	Measured	297.601	762.663	888.440	Measured	386.609	794.280	946.636	Measured	348.907	829.656	884.414	Virtual	187.031	925.444	1019.908	Measured	223.306	929.035	1004.072	Measured	157.270	962.149	1051.284	Measured	189.981	983.269	987.495	Measured	305.117	785.308	892.087	Virtual	331.352	804.110	886.407	Virtual	290.794	817.656	914.087	Virtual	317.795	799.398	909.753	Virtual	306.355	811.013	886.759	Virtual
334	3.33000	308.494	901.576	873.776	Measured	268.331	831.863	857.038	Measured	297.625	762.747	888.344	Measured	386.563	794.266	946.737	Measured	348.939	829.698	884.426	Virtual	187.148	925.297	1019.897	Measured	223.554	929.279	1003.794	Measured	157.544	962.039	1051.407	Measured	189.801	983.252	987.429	Measured	305.323	785.827	891.416	Virtual	331.438	804.751	885.589	Virtual	290.970	818.111	913.490	Virtual	318.032	799.980	909.011	Virtual	306.411	811.536	886.078	Virtual
335	3.34000	308.421	901.522	873.576	Measured	268.401	831.915	856.870	Measured	297.639	762.795	888.247	Measured	386.499	794.290	946.828	Measured	348.936	829.720	884.388	Virtual	187.269	925.294	1019.754	Measured	223.668	929.414	1003.367	Measured	157.796	961.894	1051.444	Measured	189.569	983.208	987.227	Measured	305.203	786.229	890.514	Virtual	331.206	805.253	884.512	Virtual	290.870	818.463	912.674	Virtual	317.972	800.435	908.022	Virtual	306.157	811.941	885.163	Virtual
336	3.35000	308.626	901.534	873.326	Measured	268.491	831.904	856.743	Measured	297.681	762.818	888.194	Measured	386.491	794.328	946.933	Measured	349.035	829.692	884.343	Virtual	187.451	925.193	1019.715	Measured	223.796	929.543	1003.123	Measured	158.055	961.772	1051.455	Measured	189.327	983.123	987.083	Measured	305.392	786.524	890.065	Virtual	331.271	805.661	883.890	Virtual	291.024	818.727	912.248	Virtual	318.187	800.821	907.479	Virtual	306.194	812.231	884.665	Virtual
337	3.36000	308.640	901.545	873.112	Measured	268.539	831.938	856.656	Measured	297.734	762.852	888.175	Measured	386.474	794.395	946.984	Measured	349.065	829.718	884.294	Virtual	187.661	925.145	1019.585	Measured	223.907	929.629	1002.806	Measured	158.330	961.562	1051.399	Measured	189.039	982.989	986.699	Measured	305.658	786.739	889.637	Virtual	331.385	806.008	883.245	Virtual	291.237	818.926	911.809	Virtual	318.475	801.165	906.929	Virtual	306.275	812.433	884.154	Virtual
338	3.37000	308.741	901.567	873.111	Measured	268.597	831.944	856.603	Measured	297.797	762.872	888.140	Measured	386.522	794.449	946.960	Measured	349.134	829.745	884.274	Virtual	187.928	925.117	1019.331	Measured	223.983	929.741	1002.416	Measured	158.528	961.464	1051.263	Measured	188.782	982.869	986.359	Measured	305.916	787.017	889.126	Virtual	331.509	806.406	882.553	Virtual	291.445	819.181	911.299	Virtual	318.749	801.551	906.316	Virtual	306.371	812.702	883.579	Virtual
339	3.38000	308.823	901.597	873.043	Measured	268.640	831.998	856.600	Measured	297.850	762.899	888.126	Measured	386.553	794.464	946.968	Measured	349.190	829.762	884.255	Virtual	188.169	925.054	1019.049	Measured	224.106	929.815	1001.971	Measured	158.729	961.320	1051.099	Measured	188.526	982.660	985.962	Measured	306.212	787.220	888.633	Virtual	331.661	806.730	881.868	Virtual	291.683	819.366	910.794	Virtual	319.056	801.873	905.713	Virtual	306.494	812.891	883.013	Virtual
340	3.39000	308.930	901.671	873.234	Measured	268.654	832.115	856.621	Measured	297.865	762.979	888.099	Measured	386.577	794.458	946.911	Measured	349.231	829.825	884.288	Virtual	188.382	924.963	1018.809	Measured	224.236	929.848	1001.613	Measured	158.868	961.231	1050.902	Measured	188.361	982.468	985.582	Measured	306.565	787.272	888.415	Virtual	331.903	806.874	881.502	Virtual	291.972	819.420	910.531	Virtual	319.404	802.032	905.406	Virtual	306.714	812.927	882.717	Virtual
341	3.40000	308.903	901.821	873.380	Measured	268.634	832.232	856.675	Measured	297.797	763.071	888.103	Measured	386.609	794.466	946.892	Measured	349.208	829.917	884.324	Virtual	188.673	924.872	1018.566	Measured	224.313	929.807	1001.176	Measured	159.063	961.128	1050.651	Measured	188.161	982.214	985.033	Measured	306.810	787.092	888.265	Virtual	332.018	806.781	881.127	Virtual	292.172	819.279	910.295	Virtual	319.663	801.998	905.117	Virtual	306.807	812.719	882.439	Virtual
342	3.41000	308.889	901.932	873.577	Measured	268.615	832.445	856.748	Measured	297.740	763.218	888.124	Measured	386.594	794.495	946.862	Measured	349.181	830.037	884.381	Virtual	188.934	924.793	1018.169	Measured	224.560	929.794	1000.766	Measured	159.324	960.970	1050.376	Measured	188.084	981.958	984.644	Measured	307.230	787.189	887.837	Virtual	332.334	806.966	880.578	Virtual	292.533	819.360	909.851	Virtual	320.077	802.181	904.618	Virtual	307.103	812.804	881.961	Virtual
343	3.42000	309.029	902.114	873.621	Measured	268.580	832.677	856.796	Measured	297.643	763.389	888.152	Measured	386.561	794.498	946.884	Measured	349.185	830.126	884.407	Virtual	189.233	924.697	1017.900	Measured	224.612	929.716	1000.283	Measured	159.572	960.862	1050.100	Measured	187.918	981.719	984.107	Measured	307.290	786.969	887.517	Virtual	332.278	806.812	880.036	Virtual	292.587	819.178	909.470	Virtual	320.169	802.083	904.163	Virtual	307.032	812.558	881.530	Virtual
344	3.43000	309.010	902.214	873.700	Measured	268.547	832.868	856.830	Measured	297.532	763.523	888.176	Measured	386.541	794.509	946.878	Measured	349.142	830.211	884.429	Virtual	189.534	924.590	1017.579	Measured	224.730	929.671	999.763	Measured	159.874	960.739	1049.815	Measured	187.797	981.427	983.561	Measured	307.404	786.779	887.128	Virtual	332.269	806.691	879.427	Virtual	292.691	819.020	909.029	Virtual	320.312	802.014	903.639	Virtual	307.008	812.341	881.037	Virtual
345	3.44000	309.109	902.318	873.704	Measured	268.548	832.973	856.877	Measured	297.384	763.690	888.267	Measured	386.442	794.551	947.013	Measured	349.119	830.257	884.509	Virtual	189.844	924.472	1017.324	Measured	224.890	929.574	999.223	Measured	160.051	960.647	1049.532	Measured	187.478	981.089	982.965	Measured	307.733	786.554	887.022	Virtual	332.425	806.571	879.043	Virtual	292.953	818.841	908.809	Virtual	320.646	801.974	903.357	Virtual	307.140	812.074	880.772	Virtual
346	3.45000	309.089	902.321	873.626	Measured	268.701	832.929	856.547	Measured	297.582	763.562	887.769	Measured	386.419	794.453	946.809	Measured	349.200	830.271	884.331	Virtual	190.059	924.431	1016.939	Measured	224.842	929.507	998.687	Measured	160.201	960.618	1049.081	Measured	187.289	980.768	982.350	Measured	307.777	786.181	886.872	Virtual	332.366	806.240	878.680	Virtual	292.981	818.533	908.553	Virtual	320.708	801.731	903.070	Virtual	307.070	811.666	880.491	Virtual
347	3.46000	309.218	902.294	873.392	Measured	268.812	832.886	856.257	Measured	297.688	763.544	887.434	Measured	386.422	794.399	946.730	Measured	349.299	830.242	884.162	Virtual	190.338	924.380	1016.632	Measured	224.920	929.500	998.198	Measured	160.344	960.545	1048.808	Measured	186.771	980.437	981.609	Measured	308.249	786.043	886.899	Virtual	332.609	806.241	878.368	Virtual	293.335	818.445	908.423	Virtual	321.164	801.833	902.877	Virtual	307.282	811.468	880.317	Virtual
348	3.47000	309.278	902.177	873.152	Measured	269.016	832.800	855.879	Measured	297.838	763.454	887.109	Measured	386.367	794.301	946.560	Measured	349.400	830.168	883.965	Virtual	190.555	924.386	1016.295	Measured	224.926	929.479	997.743	Measured	160.507	960.597	1048.504	Measured	186.745	980.271	981.317	Measured	308.094	785.902	886.462	Virtual	332.407	806.108	877.817	Virtual	293.218	818.328	907.977	Virtual	321.045	801.733	902.370	Virtual	307.080	811.314	879.838	Virtual
349	3.48000	309.519	902.146	872.990	Measured	269.100	832.745	855.681	Measured	297.934	763.356	886.898	Measured	386.457	794.223	946.432	Measured	349.535	830.083	883.806	Virtual	190.721	924.412	1016.203	Measured	224.967	929.557	997.409	Measured	160.589	960.541	1048.370	Measured	186.163	980.006	980.765	Measured	308.586	785.903	886.647	Virtual	332.661	806.250	877.678	Virtual	293.575	818.366	908.011	Virtual	321.507	801.970	902.342	Virtual	307.305	811.253	879.833	Virtual
350	3.49000	309.555	902.081	872.964	Measured	269.191	832.705	855.555	Measured	298.040	763.306	886.736	Measured	386.567	794.462	945.517	Measured	349.585	830.142	883.358	Virtual	190.915	924.429	1016.193	Measured	225.028	929.632	997.242	Measured	160.659	960.533	1048.358	Measured	186.171	979.955	980.789	Measured	308.753	786.100	886.439	Virtual	332.777	806.488	877.426	Virtual	293.720	818.539	907.822	Virtual	321.671	802.192	902.109	Virtual	307.415	811.445	879.623	Virtual
351	3.50000	309.640	902.054	872.999	Measured	269.275	832.670	855.503	Measured	298.152	763.238	886.615	Measured	386.719	794.464	945.478	Measured	349.689	830.138	883.324	Virtual	191.071	924.540	1016.207	Measured	224.972	929.749	997.145	Measured	160.718	960.526	1048.435	Measured	185.581	979.787	980.771	Measured	309.007	786.420	886.376	Virtual	332.828	806.939	877.123	Virtual	293.879	818.844	907.716	Virtual	321.909	802.670	901.895	Virtual	307.446	811.726	879.460	Virtual
352	3.51000	309.815	901.994	872.979	Measured	269.407	832.696	855.462	Measured	298.317	763.197	886.476	Measured	386.817	794.442	944.933	Measured	349.817	830.110	883.061	Virtual	191.181	924.512	1016.362	Measured	224.986	929.869	997.171	Measured	160.684	960.534	1048.655	Measured	185.495	979.852	981.068	Measured	309.099	786.846	886.136	Virtual	332.873	807.418	876.882	Virtual	293.948	819.212	907.547	Virtual	321.996	803.093	901.662	Virtual	307.487	812.160	879.262	Virtual
353	3.52000	309.847	901.974	873.070	Measured	269.479	832.684	855.492	Measured	298.471	763.168	886.402	Measured	387.081	794.303	945.051	Measured	349.943	830.092	883.114	Virtual	191.239	924.594	1016.454	Measured	224.909	930.034	997.216	Measured	160.679	960.498	1048.939	Measured	185.078	979.801	981.239	Measured	309.210	787.324	885.927	Virtual	332.842	808.001	876.544	Virtual	293.999	819.641	907.371	Virtual	322.098	803.651	901.377	Virtual	307.444	812.623	879.032	Virtual
354	3.53000	309.968	902.001	873.150	Measured	269.630	832.712	855.496	Measured	298.597	763.166	886.350	Measured	387.200	794.240	944.970	Measured	350.071	830.096	883.103	Virtual	191.267	924.688	1016.687	Measured	224.800	930.264	997.301	Measured	160.670	960.477	1049.220	Measured	184.930	979.930	981.469	Measured	309.225	787.820	885.707	Virtual	332.792	808.558	876.293	Virtual	293.991	820.081	907.218	Virtual	322.112	804.159	901.146	Virtual	307.390	813.122	878.842	Virtual
355	3.54000	310.082	902.027	873.166	Measured	269.746	832.727	855.520	Measured	298.713	763.172	886.328	Measured	387.385	794.203	945.037	Measured	350.204	830.100	883.127	Virtual	191.207	924.849	1016.950	Measured	224.653	930.555	997.436	Measured	160.578	960.451	1049.513	Measured	184.501	980.022	981.682	Measured	309.434	788.461	885.648	Virtual	332.868	809.309	876.146	Virtual	294.110	820.660	907.188	Virtual	322.290	804.873	901.035	Virtual	307.452	813.749	878.774	Virtual
356	3.55000	310.264	902.042	873.165	Measured	269.845	832.782	855.601	Measured	298.835	763.216	886.303	Measured	387.527	794.094	945.098	Measured	350.345	830.078	883.154	Virtual	191.074	925.031	1017.245	Measured	224.371	930.919	997.511	Measured	160.354	960.558	1049.826	Measured	183.958	980.154	981.892	Measured	309.440	789.076	885.623	Virtual	332.733	810.027	876.001	Virtual	294.041	821.228	907.179	Virtual	322.273	805.573	900.938	Virtual	307.305	814.345	878.723	Virtual
357	3.56000	310.383	902.047	873.256	Measured	269.972	832.829	855.653	Measured	298.935	763.255	886.290	Measured	387.698	794.019	945.202	Measured	350.477	830.081	883.225	Virtual	190.927	925.309	1017.402	Measured	224.058	931.326	997.538	Measured	160.072	960.665	1050.064	Measured	183.314	980.264	982.016	Measured	309.592	789.830	885.563	Virtual	332.717	810.908	875.815	Virtual	294.078	821.923	907.126	Virtual	322.383	806.432	900.800	Virtual	307.274	815.073	878.629	Virtual
358	3.57000	310.528	902.088	873.373	Measured	270.071	832.883	855.772	Measured	299.047	763.281	886.309	Measured	387.849	793.893	945.208	Measured	350.603	830.067	883.274	Virtual	190.649	925.575	1017.582	Measured	223.657	931.793	997.573	Measured	159.674	960.776	1050.304	Measured	182.501	980.408	982.138	Measured	309.741	790.704	885.509	Virtual	332.676	811.929	875.629	Virtual	294.086	822.725	907.076	Virtual	322.475	807.425	900.663	Virtual	307.215	815.918	878.538	Virtual
359	3.58000	310.601	902.125	873.400	Measured	270.124	832.887	855.884	Measured	299.147	763.275	886.343	Measured	388.026	793.825	945.232	Measured	350.698	830.057	883.295	Virtual	190.425	925.904	1017.717	Measured	223.208	932.289	997.533	Measured	159.231	960.969	1050.411	Measured	181.281	980.345	981.927	Measured	310.258	791.408	885.978	Virtual	332.858	812.833	875.765	Virtual	294.353	823.411	907.391	Virtual	322.886	808.410	900.906	Virtual	307.370	816.530	878.819	Virtual
360	3.59000	310.871	902.087	873.429	Measured	270.267	832.890	855.915	Measured	299.272	763.228	886.385	Measured	388.211	793.717	945.275	Measured	350.884	829.975	883.323	Virtual	190.100	926.203	1017.863	Measured	222.717	932.768	997.450	Measured	158.811	961.125	1050.616	Measured	180.520	980.602	982.125	Measured	310.026	792.346	885.551	Virtual	332.476	813.886	875.250	Virtual	294.051	824.263	907.038	Virtual	322.631	809.408	900.431	Virtual	306.983	817.454	878.411	Virtual
361	3.60000	310.888	902.018	873.407	Measured	270.358	832.809	856.010	Measured	299.426	763.188	886.419	Measured	388.375	793.635	945.337	Measured	350.985	829.923	883.352	Virtual	189.802	926.585	1017.906	Measured	222.200	933.311	997.237	Measured	158.388	961.361	1050.675	Measured	179.335	980.579	981.832	Measured	310.214	793.043	885.704	Virtual	332.341	814.753	875.067	Virtual	294.046	824.943	907.072	Virtual	322.740	810.358	900.356	Virtual	306.835	818.061	878.398	Virtual
362	3.61000	311.014	901.959	873.512	Measured	270.485	832.680	856.031	Measured	299.560	763.113	886.478	Measured	388.537	793.567	945.389	Measured	351.120	829.852	883.414	Virtual	189.455	926.912	1017.967	Measured	221.675	933.823	996.989	Measured	158.041	961.610	1050.798	Measured	178.515	980.775	981.759	Measured	309.800	793.728	885.310	Virtual	331.742	815.533	874.485	Virtual	293.587	825.591	906.698	Virtual	322.319	811.148	899.843	Virtual	306.238	818.708	877.963	Virtual
363	3.62000	311.062	901.867	873.475	Measured	270.609	832.595	856.000	Measured	299.720	763.038	886.502	Measured	388.639	793.507	945.479	Measured	351.230	829.790	883.448	Virtual	189.174	927.101	1018.055	Measured	221.163	934.371	996.715	Measured	157.508	962.086	1050.943	Measured	177.566	980.927	981.658	Measured	309.545	794.293	885.302	Virtual	331.265	816.196	874.230	Virtual	293.241	826.150	906.630	Virtual	322.031	811.873	899.668	Virtual	305.762	819.210	877.851	Virtual
364	3.63000	311.239	901.775	873.433	Measured	270.706	832.493	855.959	Measured	299.857	762.951	886.554	Measured	388.778	793.794	944.858	Measured	351.339	829.799	883.155	Virtual	188.864	927.554	1018.084	Measured	220.600	934.912	996.467	Measured	157.255	962.226	1050.898	Measured	176.650	981.103	981.539	Measured	309.361	795.156	884.862	Virtual	330.847	817.185	873.586	Virtual	292.962	826.956	906.203	Virtual	321.811	812.871	899.096	Virtual	305.347	820.023	877.365	Virtual
365	3.64000	311.325	901.701	873.460	Measured	270.776	832.396	856.009	Measured	300.008	762.858	886.595	Measured	388.848	793.917	945.061	Measured	351.434	829.794	883.269	Virtual	188.590	927.779	1018.170	Measured	220.135	935.423	996.244	Measured	156.883	962.660	1051.123	Measured	175.795	981.327	981.551	Measured	308.845	795.748	884.565	Virtual	330.136	817.853	873.071	Virtual	292.420	827.530	905.912	Virtual	321.295	813.575	898.656	Virtual	304.647	820.568	877.013	Virtual
366	3.65000	311.436	901.609	873.454	Measured	270.960	832.302	855.976	Measured	300.109	762.778	886.625	Measured	388.944	793.991	944.758	Measured	351.545	829.752	883.141	Virtual	188.362	928.203	1018.242	Measured	219.639	935.915	996.063	Measured	156.723	962.840	1051.281	Measured	175.001	981.552	981.543	Measured	308.421	796.537	884.011	Virtual	329.501	818.742	872.321	Virtual	291.964	828.267	905.411	Virtual	320.868	814.465	897.977	Virtual	304.025	821.316	876.439	Virtual
367	3.66000	311.459	901.586	873.506	Measured	271.080	832.237	856.013	Measured	300.202	762.752	886.651	Measured	389.058	793.890	944.960	Measured	351.637	829.712	883.256	Virtual	188.112	928.531	1018.415	Measured	219.258	936.340	995.986	Measured	156.585	963.120	1051.658	Measured	174.325	981.783	981.797	Measured	307.692	797.159	883.467	Virtual	328.611	819.426	871.607	Virtual	291.277	828.852	904.953	Virtual	320.175	815.143	897.328	Virtual	303.156	821.916	875.903	Virtual
368	3.67000	311.567	901.551	873.504	Measured	271.174	832.239	856.053	Measured	300.211	762.753	886.733	Measured	389.059	793.796	945.131	Measured	351.702	829.648	883.353	Virtual	187.878	928.854	1018.618	Measured	218.869	936.732	995.938	Measured	156.492	963.366	1052.020	Measured	173.680	982.030	981.924	Measured	306.988	797.660	883.039	Virtual	327.750	819.978	870.999	Virtual	290.614	829.334	904.586	Virtual	319.505	815.710	896.784	Virtual	302.317	822.389	875.467	Virtual
369	3.68000	311.586	901.538	873.530	Measured	271.181	832.274	856.115	Measured	300.150	762.770	886.849	Measured	389.093	793.829	945.072	Measured	351.698	829.643	883.347	Virtual	187.665	929.066	1018.748	Measured	218.471	937.083	995.885	Measured	156.392	963.614	1052.404	Measured	173.103	982.258	982.210	Measured	306.108	798.179	882.390	Virtual	326.745	820.538	870.215	Virtual	289.817	829.817	904.050	Virtual	318.681	816.251	896.054	Virtual	301.338	822.899	874.852	Virtual
370	3.69000	311.593	901.611	873.628	Measured	271.185	832.360	856.201	Measured	300.083	762.809	886.953	Measured	389.075	793.807	945.360	Measured	351.691	829.669	883.528	Virtual	187.326	929.635	1018.998	Measured	218.056	937.415	995.886	Measured	156.257	963.829	1052.701	Measured	172.384	982.363	982.404	Measured	305.485	798.581	882.253	Virtual	325.947	820.987	869.871	Virtual	289.206	830.220	903.921	Virtual	318.073	816.748	895.776	Virtual	300.562	823.257	874.669	Virtual
371	3.70000	311.603	901.661	873.706	Measured	271.122	832.430	856.369	Measured	299.994	762.876	887.039	Measured	389.042	793.726	945.391	Measured	351.648	829.662	883.588	Virtual	187.012	929.663	1019.069	Measured	217.450	937.678	995.682	Measured	155.963	964.095	1052.935	Measured	171.631	982.424	982.441	Measured	304.484	798.722	881.828	Virtual	324.798	821.150	869.242	Virtual	288.273	830.374	903.528	Virtual	317.118	816.958	895.214	Virtual	299.441	823.365	874.215	Virtual
372	3.71000	311.662	901.746	873.795	Measured	271.052	832.593	856.491	Measured	299.891	762.949	887.125	Measured	389.021	793.599	945.598	Measured	351.626	829.661	883.722	Virtual	186.721	929.578	1019.208	Measured	216.979	937.894	995.497	Measured	155.667	964.327	1053.120	Measured	170.649	982.352	982.312	Measured	303.930	798.785	881.801	Virtual	324.004	821.265	868.927	Virtual	287.689	830.463	903.441	Virtual	316.553	817.179	894.982	Virtual	298.673	823.350	874.083	Virtual
373	3.72000	311.554	901.829	873.946	Measured	270.969	832.730	856.610	Measured	299.740	763.042	887.185	Measured	388.901	793.480	945.721	Measured	351.517	829.691	883.847	Virtual	186.450	929.056	1019.309	Measured	216.117	937.919	995.125	Measured	155.208	964.514	1053.017	Measured	169.808	982.302	982.178	Measured	302.730	798.413	881.460	Virtual	322.685	820.877	868.375	Virtual	286.577	830.144	903.089	Virtual	315.407	816.875	894.492	Virtual	297.384	822.941	873.687	Virtual
374	3.73000	311.641	901.949	873.940	Measured	270.893	832.888	856.679	Measured	299.578	763.149	887.240	Measured	388.759	793.429	945.838	Measured	351.458	829.708	883.913	Virtual	185.938	929.333	1019.465	Measured	215.713	938.160	994.928	Measured	154.913	964.657	1052.924	Measured	169.011	982.139	981.954	Measured	302.511	798.398	881.798	Virtual	322.277	820.892	868.479	Virtual	286.276	830.174	903.299	Virtual	315.142	817.014	894.654	Virtual	296.989	822.846	873.894	Virtual
375	3.74000	311.613	902.077	873.988	Measured	270.802	833.035	856.697	Measured	299.373	763.284	887.288	Measured	388.544	793.421	946.017	Measured	351.340	829.766	884.026	Virtual	185.847	928.985	1019.457	Measured	215.166	938.078	994.666	Measured	154.755	964.792	1052.827	Measured	168.423	982.002	981.782	Measured	301.592	797.899	881.597	Virtual	321.248	820.363	868.067	Virtual	285.443	829.744	903.062	Virtual	314.274	816.586	894.300	Virtual	295.991	822.307	873.624	Virtual
376	3.75000	311.543	902.200	873.950	Measured	270.726	833.171	856.637	Measured	299.201	763.417	887.277	Measured	388.299	793.405	946.196	Measured	351.219	829.828	884.104	Virtual	185.812	929.157	1019.534	Measured	214.973	938.087	994.600	Measured	154.728	964.957	1052.973	Measured	168.093	981.838	981.697	Measured	301.248	797.597	881.848	Virtual	320.788	820.042	868.118	Virtual	285.116	829.508	903.226	Virtual	313.941	816.378	894.400	Virtual	295.551	821.951	873.779	Virtual
377	3.76000	311.501	902.258	873.932	Measured	270.629	833.284	856.618	Measured	298.987	763.524	887.315	Measured	388.038	793.404	946.392	Measured	351.084	829.853	884.203	Virtual	185.663	929.224	1019.683	Measured	214.873	937.989	994.518	Measured	154.817	965.055	1053.066	Measured	167.920	981.718	981.705	Measured	300.578	797.094	881.937	Virtual	320.081	819.483	868.064	Virtual	284.547	829.083	903.274	Virtual	313.330	815.906	894.383	Virtual	294.867	821.426	873.812	Virtual
378	3.77000	311.407	902.340	873.879	Measured	270.403	833.418	856.600	Measured	298.821	763.640	887.315	Measured	387.792	793.400	946.610	Measured	350.916	829.906	884.284	Virtual	185.709	929.182	1019.804	Measured	214.793	937.905	994.578	Measured	154.960	965.163	1053.232	Measured	167.884	981.612	981.756	Measured	300.091	796.632	882.091	Virtual	319.570	818.969	868.102	Virtual	284.147	828.689	903.392	Virtual	312.894	815.466	894.450	Virtual	294.374	820.947	873.920	Virtual
379	3.78000	311.317	902.366	873.898	Measured	270.234	833.514	856.627	Measured	298.593	763.680	887.358	Measured	387.561	793.331	946.754	Measured	350.749	829.891	884.366	Virtual	185.692	929.219	1020.060	Measured	214.791	937.828	994.660	Measured	155.051	965.195	1053.458	Measured	167.842	981.531	981.914	Measured	299.764	796.346	882.284	Virtual	319.219	818.653	868.212	Virtual	283.877	828.445	903.564	Virtual	312.600	815.199	894.581	Virtual	294.036	820.649	874.082	Virtual
380	3.79000	311.190	902.493	873.944	Measured	269.966	833.667	856.689	Measured	298.367	763.797	887.356	Measured	387.332	793.341	946.777	Measured	350.540	829.967	884.392	Virtual	185.654	929.233	1020.262	Measured	214.656	937.756	994.834	Measured	155.140	965.200	1053.736	Measured	167.760	981.457	982.144	Measured	299.261	796.107	882.334	Virtual	318.697	818.386	868.193	Virtual	283.454	828.237	903.627	Virtual	312.143	814.960	894.582	Virtual	293.531	820.406	874.127	Virtual
381	3.80000	311.044	902.527	874.071	Measured	269.740	833.828	856.764	Measured	298.122	763.866	887.408	Measured	387.052	793.417	946.312	Measured	350.302	830.026	884.248	Virtual	185.630	929.204	1020.568	Measured	214.591	937.771	995.002	Measured	155.176	965.153	1054.060	Measured	167.614	981.431	982.397	Measured	299.069	796.157	882.380	Virtual	318.449	818.451	868.186	Virtual	283.279	828.279	903.698	Virtual	311.960	815.028	894.591	Virtual	293.295	820.448	874.177	Virtual
382	3.81000	310.949	902.612	874.143	Measured	269.442	833.931	856.824	Measured	297.869	763.957	887.456	Measured	386.831	793.369	946.561	Measured	350.098	830.049	884.382	Virtual	185.621	929.231	1020.836	Measured	214.507	937.752	995.299	Measured	155.208	965.113	1054.369	Measured	167.497	981.372	982.787	Measured	298.910	796.203	882.510	Virtual	318.254	818.508	868.285	Virtual	283.135	828.316	903.853	Virtual	311.809	815.081	894.701	Virtual	293.109	820.490	874.316	Virtual
383	3.82000	310.846	902.666	874.263	Measured	269.113	834.035	857.022	Measured	297.599	764.056	887.492	Measured	386.541	793.382	946.410	Measured	349.845	830.079	884.374	Virtual	185.651	929.252	1021.052	Measured	214.168	937.692	995.299	Measured	155.299	965.097	1054.685	Measured	167.309	981.298	983.011	Measured	298.042	795.999	882.217	Virtual	317.316	818.284	867.864	Virtual	282.394	828.139	903.613	Virtual	311.014	814.886	894.318	Virtual	292.204	820.281	874.030	Virtual
384	3.83000	310.772	902.702	874.184	Measured	268.866	834.059	856.989	Measured	297.425	764.094	887.547	Measured	386.395	793.361	946.516	Measured	349.691	830.065	884.385	Virtual	185.739	929.304	1021.205	Measured	214.080	937.758	995.305	Measured	155.436	965.118	1054.954	Measured	167.172	981.246	983.172	Measured	297.734	796.060	882.041	Virtual	316.912	818.359	867.583	Virtual	282.125	828.199	903.468	Virtual	310.727	814.980	894.067	Virtual	291.823	820.323	873.853	Virtual
385	3.84000	310.624	902.717	874.077	Measured	268.742	834.144	856.931	Measured	297.189	764.162	887.568	Measured	386.027	793.427	946.713	Measured	349.491	830.093	884.462	Virtual	186.138	929.239	1021.378	Measured	214.065	937.779	995.200	Measured	155.640	965.228	1055.100	Measured	167.063	981.193	983.208	Measured	297.648	795.984	882.017	Virtual	316.688	818.292	867.391	Virtual	282.054	828.145	903.420	Virtual	310.647	814.980	893.917	Virtual	291.626	820.203	873.781	Virtual
386	3.85000	310.559	902.761	873.968	Measured	268.537	834.162	856.807	Measured	296.893	764.259	887.650	Measured	385.697	793.566	946.777	Measured	349.281	830.118	884.462	Virtual	186.287	929.358	1021.414	Measured	214.056	937.889	995.029	Measured	155.891	965.324	1055.207	Measured	166.901	981.112	983.238	Measured	297.379	796.022	881.756	Virtual	316.279	818.343	866.969	Virtual	281.821	828.196	903.165	Virtual	310.394	815.081	893.535	Virtual	291.248	820.205	873.494	Virtual
387	3.86000	310.443	902.829	873.843	Measured	268.403	834.226	856.684	Measured	296.639	764.342	887.693	Measured	385.329	793.665	947.031	Measured	349.085	830.162	884.552	Virtual	186.539	929.444	1021.445	Measured	214.130	938.016	994.811	Measured	156.192	965.488	1055.254	Measured	166.801	981.045	983.178	Measured	297.247	795.988	881.607	Virtual	316.001	818.312	866.641	Virtual	281.713	828.189	902.992	Virtual	310.271	815.124	893.250	Virtual	291.001	820.124	873.296	Virtual
388	3.87000	310.288	902.936	873.775	Measured	268.251	834.372	856.643	Measured	296.307	764.502	887.788	Measured	384.953	793.746	947.323	Measured	348.854	830.235	884.687	Virtual	186.677	929.647	1021.417	Measured	214.118	938.162	994.599	Measured	156.492	965.624	1055.331	Measured	166.517	980.972	983.154	Measured	296.943	796.073	881.283	Virtual	315.511	818.415	866.113	Virtual	281.438	828.289	902.667	Virtual	309.976	815.296	892.772	Virtual	290.550	820.158	872.935	Virtual
389	3.88000	310.319	903.026	873.707	Measured	268.079	834.516	856.651	Measured	296.036	764.637	887.930	Measured	384.696	793.850	947.296	Measured	348.696	830.273	884.673	Virtual	186.913	929.708	1021.377	Measured	214.166	938.300	994.368	Measured	156.799	965.740	1055.382	Measured	166.388	980.859	983.098	Measured	296.814	796.118	881.007	Virtual	315.219	818.476	865.663	Virtual	281.327	828.346	902.386	Virtual	309.850	815.418	892.363	Virtual	290.293	820.157	872.626	Virtual
390	3.89000	310.100	903.168	873.848	Measured	267.928	834.726	856.619	Measured	295.714	764.777	887.930	Measured	384.387	793.826	947.435	Measured	348.460	830.372	884.790	Virtual	187.122	929.836	1021.341	Measured	214.216	938.392	994.174	Measured	157.146	965.880	1055.398	Measured	165.950	980.660	982.930	Measured	296.772	796.056	880.959	Virtual	314.917	818.432	865.333	Virtual	281.256	828.320	902.263	Virtual	309.778	815.505	892.093	Virtual	290.037	820.004	872.483	Virtual
391	3.90000	310.084	903.229	873.681	Measured	267.878	834.903	856.316	Measured	295.605	764.838	887.530	Measured	384.158	793.696	947.221	Measured	348.374	830.396	884.581	Virtual	187.344	929.894	1021.218	Measured	214.052	938.402	993.933	Measured	157.419	966.006	1055.318	Measured	165.864	980.530	982.784	Measured	296.283	795.747	880.720	Virtual	314.316	818.089	864.917	Virtual	280.848	828.066	901.998	Virtual	309.328	815.249	891.715	Virtual	289.474	819.657	872.199	Virtual
392	3.91000	310.097	903.278	873.582	Measured	267.765	835.001	856.100	Measured	295.429	764.893	887.234	Measured	383.975	793.609	947.100	Measured	348.272	830.398	884.439	Virtual	187.596	930.024	1021.164	Measured	214.126	938.499	993.687	Measured	157.805	966.179	1055.400	Measured	165.532	980.317	982.488	Measured	296.212	795.566	880.718	Virtual	313.990	817.905	864.624	Virtual	280.763	827.939	901.905	Virtual	309.233	815.214	891.479	Virtual	289.199	819.381	872.094	Virtual
393	3.92000	309.962	903.316	873.430	Measured	267.714	835.045	855.815	Measured	295.290	764.886	887.011	Measured	383.734	793.524	946.961	Measured	348.142	830.394	884.294	Virtual	187.816	930.125	1021.088	Measured	214.137	938.591	993.421	Measured	157.955	966.275	1055.360	Measured	165.425	980.272	982.379	Measured	296.202	795.664	880.483	Virtual	313.853	818.017	864.270	Virtual	280.745	828.039	901.662	Virtual	309.209	815.372	891.150	Virtual	289.087	819.439	871.836	Virtual
394	3.93000	310.064	903.319	873.224	Measured	267.690	835.097	855.611	Measured	295.225	764.908	886.760	Measured	383.578	793.477	946.953	Measured	348.123	830.368	884.185	Virtual	188.035	930.254	1021.091	Measured	214.209	938.717	993.209	Measured	158.562	966.403	1055.562	Measured	165.260	980.172	982.298	Measured	295.600	795.524	880.036	Virtual	313.044	817.861	863.578	Virtual	280.250	827.941	901.229	Virtual	308.652	815.307	890.508	Virtual	288.344	819.247	871.362	Virtual
395	3.94000	310.019	903.293	872.984	Measured	267.704	835.092	855.333	Measured	295.213	764.928	886.471	Measured	383.449	793.466	946.777	Measured	348.087	830.371	883.983	Virtual	188.341	930.386	1021.117	Measured	214.383	938.836	993.058	Measured	159.010	966.481	1055.712	Measured	165.249	980.192	982.546	Measured	295.319	795.780	879.468	Virtual	312.622	818.143	862.898	Virtual	280.037	828.174	900.743	Virtual	308.397	815.591	889.855	Virtual	287.967	819.486	870.831	Virtual
396	3.95000	310.066	903.316	872.676	Measured	267.742	835.106	855.027	Measured	295.156	764.915	886.260	Measured	383.304	793.459	946.756	Measured	348.074	830.349	883.836	Virtual	188.657	930.443	1021.181	Measured	214.517	938.920	992.978	Measured	159.519	966.561	1055.957	Measured	165.142	980.141	982.655	Measured	294.986	795.825	879.087	Virtual	312.109	818.197	862.343	Virtual	279.772	828.227	900.400	Virtual	308.085	815.694	889.336	Virtual	287.508	819.493	870.450	Virtual
397	3.96000	310.141	903.320	872.477	Measured	267.792	835.094	854.830	Measured	295.150	764.896	886.057	Measured	383.271	793.407	946.651	Measured	348.104	830.313	883.687	Virtual	188.978	930.531	1021.269	Measured	214.695	938.979	992.914	Measured	160.143	966.591	1056.228	Measured	165.265	980.193	982.986	Measured	294.333	795.918	878.395	Virtual	311.353	818.293	861.550	Virtual	279.275	828.313	899.828	Virtual	307.509	815.775	888.567	Virtual	286.807	819.594	869.822	Virtual
398	3.97000	310.014	903.333	872.487	Measured	267.825	835.087	854.589	Measured	295.194	764.887	885.832	Measured	383.270	793.378	946.570	Measured	348.091	830.362	883.609	Virtual	189.309	930.838	1021.554	Measured	214.812	939.015	992.812	Measured	160.657	966.608	1056.450	Measured	165.223	980.142	983.085	Measured	294.086	795.877	878.266	Virtual	310.921	818.245	861.228	Virtual	279.082	828.298	899.697	Virtual	307.273	815.806	888.280	Virtual	286.430	819.501	869.668	Virtual
399	3.98000	310.138	903.245	872.344	Measured	267.870	835.030	854.482	Measured	295.329	764.828	885.615	Measured	383.319	793.343	946.362	Measured	348.178	830.308	883.436	Virtual	193.214	929.747	1022.556	Measured	215.042	939.008	992.669	Measured	161.177	966.663	1056.558	Measured	165.091	980.067	982.949	Measured	297.776	796.868	879.129	Virtual	313.790	819.453	861.591	Virtual	282.167	829.157	900.327	Virtual	310.543	817.276	888.716	Virtual	289.380	820.163	870.323	Virtual
400	3.99000	310.161	903.227	872.263	Measured	267.956	835.011	854.263	Measured	295.408	764.773	885.437	Measured	383.377	793.337	946.185	Measured	348.238	830.308	883.291	Virtual	191.831	930.479	1022.056	Measured	215.221	939.078	992.474	Measured	161.617	966.688	1056.589	Measured	165.031	980.010	982.812	Measured	296.019	796.413	878.381	Virtual	312.164	818.903	860.841	Virtual	280.713	828.785	899.672	Virtual	308.967	816.705	887.971	Virtual	287.781	819.786	869.636	Virtual
401	4.00000	310.124	903.181	872.174	Measured	268.019	835.002	854.062	Measured	295.410	764.755	885.243	Measured	383.360	793.310	946.027	Measured	348.242	830.300	883.156	Virtual	192.441	930.302	1021.955	Measured	215.290	939.150	992.233	Measured	162.081	966.761	1056.629	Measured	165.066	980.003	982.816	Measured	295.831	796.526	877.762	Virtual	311.809	819.035	860.095	Virtual	280.582	828.885	899.115	Virtual	308.790	816.860	887.247	Virtual	287.481	819.870	869.044	Virtual
402	4.01000	310.236	903.280	871.954	Measured	268.046	835.095	853.781	Measured	295.406	764.842	884.932	Measured	383.301	793.296	945.888	Measured	348.274	830.346	882.963	Virtual	192.449	930.545	1021.744	Measured	215.309	939.270	991.971	Measured	162.170	966.833	1056.420	Measured	164.899	979.875	982.720	Measured	295.963	796.703	877.571	Virtual	311.813	819.229	859.812	Virtual	280.665	829.054	898.901	Virtual	308.880	817.100	886.977	Virtual	287.509	820.000	868.829	Virtual
403	4.02000	310.315	903.437	871.694	Measured	268.115	835.249	853.450	Measured	295.385	764.957	884.554	Measured	383.181	793.277	945.703	Measured	348.290	830.428	882.737	Virtual	191.973	930.788	1021.486	Measured	215.364	939.406	991.771	Measured	162.454	966.806	1056.528	Measured	164.678	979.742	982.655	Measured	295.293	796.787	876.955	Virtual	311.059	819.319	859.126	Virtual	280.085	829.135	898.356	Virtual	308.249	817.187	886.304	Virtual	286.795	820.084	868.253	Virtual
404	4.03000	310.329	903.578	871.568	Measured	268.180	835.497	853.008	Measured	295.334	765.123	884.105	Measured	383.038	793.247	945.410	Measured	348.275	830.559	882.487	Virtual	191.804	930.949	1021.342	Measured	215.347	939.514	991.627	Measured	162.623	966.872	1056.484	Measured	164.730	979.785	982.807	Measured	294.720	796.867	876.452	Virtual	310.493	819.394	858.624	Virtual	279.619	829.212	897.931	Virtual	307.734	817.228	885.804	Virtual	286.249	820.193	867.801	Virtual
405	4.04000	310.496	903.774	871.365	Measured	268.203	835.776	852.696	Measured	295.264	765.288	883.676	Measured	382.956	793.208	945.103	Measured	348.299	830.664	882.206	Virtual	191.947	931.014	1021.328	Measured	215.448	939.639	991.508	Measured	162.880	966.882	1056.604	Measured	164.407	979.611	982.782	Measured	294.890	797.118	876.264	Virtual	310.434	819.683	858.283	Virtual	279.726	829.437	897.736	Virtual	307.840	817.578	885.485	Virtual	286.238	820.370	867.595	Virtual
406	4.05000	310.523	903.901	871.275	Measured	268.166	836.005	852.474	Measured	295.112	765.447	883.295	Measured	382.881	793.116	944.749	Measured	348.245	830.740	881.945	Virtual	191.906	931.240	1021.250	Measured	215.577	939.774	991.501	Measured	163.325	966.924	1056.815	Measured	164.857	979.847	983.149	Measured	293.988	797.288	875.448	Virtual	309.632	819.848	857.549	Virtual	279.048	829.593	897.100	Virtual	307.072	817.629	884.745	Virtual	285.457	820.632	866.905	Virtual
407	4.06000	310.569	904.082	871.199	Measured	268.149	836.206	852.260	Measured	295.047	765.560	882.869	Measured	382.873	793.022	944.431	Measured	348.237	830.832	881.699	Virtual	192.159	931.351	1021.325	Measured	215.817	939.924	991.532	Measured	163.711	966.963	1056.970	Measured	164.719	979.799	983.282	Measured	294.230	797.604	875.304	Virtual	309.692	820.202	857.296	Virtual	279.247	829.879	896.971	Virtual	307.267	818.018	884.506	Virtual	285.557	820.895	866.762	Virtual
408	4.07000	310.585	904.148	871.093	Measured	268.142	836.325	852.096	Measured	295.041	765.596	882.491	Measured	382.850	792.949	944.138	Measured	348.233	830.874	881.473	Virtual	192.562	931.504	1021.477	Measured	216.119	940.074	991.638	Measured	164.321	967.056	1057.282	Measured	165.398	980.074	983.673	Measured	293.796	797.752	874.829	Virtual	309.336	820.342	856.876	Virtual	278.995	830.019	896.631	Virtual	306.941	818.073	884.082	Virtual	285.218	821.113	866.381	Virtual
409	4.08000	310.496	904.201	871.023	Measured	268.132	836.389	851.922	Measured	295.072	765.599	882.177	Measured	382.934	792.876	943.818	Measured	348.229	830.921	881.243	Virtual	196.781	930.601	1022.891	Measured	216.674	940.155	991.716	Measured	164.965	967.128	1057.599	Measured	165.585	980.154	983.962	Measured	298.014	799.070	875.928	Virtual	312.741	821.872	857.562	Virtual	282.561	831.166	897.531	Virtual	310.693	819.847	884.816	Virtual	288.711	822.091	867.316	Virtual
410	4.09000	310.597	904.176	870.882	Measured	268.118	836.365	851.734	Measured	295.124	765.566	881.944	Measured	383.001	792.854	943.543	Measured	348.277	830.895	881.016	Virtual	195.667	931.188	1022.474	Measured	217.083	940.284	991.830	Measured	165.631	967.264	1057.882	Measured	166.261	980.395	984.387	Measured	296.010	798.740	874.976	Virtual	311.080	821.458	856.786	Virtual	281.008	830.898	896.802	Virtual	308.982	819.264	884.023	Virtual	287.048	821.955	866.526	Virtual
411	4.10000	310.510	904.145	870.833	Measured	268.094	836.365	851.584	Measured	295.192	765.538	881.680	Measured	383.061	792.842	943.301	Measured	348.273	830.925	880.840	Virtual	196.382	931.160	1022.650	Measured	217.611	940.444	991.962	Measured	166.320	967.347	1058.190	Measured	166.541	980.509	984.643	Measured	296.417	799.103	874.763	Virtual	311.350	821.860	856.509	Virtual	281.417	831.224	896.646	Virtual	309.370	819.665	883.755	Virtual	287.357	822.293	866.347	Virtual
412	4.11000	310.504	904.170	870.736	Measured	268.054	836.355	851.452	Measured	295.256	765.554	881.457	Measured	383.144	792.836	943.131	Measured	348.293	830.956	880.679	Virtual	196.637	931.540	1022.892	Measured	217.958	940.628	992.027	Measured	166.947	967.514	1058.403	Measured	167.034	980.750	984.949	Measured	296.075	799.155	874.580	Virtual	311.025	821.885	856.307	Virtual	281.217	831.299	896.525	Virtual	309.106	819.673	883.556	Virtual	287.058	822.376	866.203	Virtual
413	4.12000	310.496	904.209	870.706	Measured	268.051	836.447	851.241	Measured	295.256	765.603	881.170	Measured	383.173	792.797	943.043	Measured	348.301	831.011	880.567	Virtual	196.378	931.898	1022.831	Measured	218.312	940.824	992.083	Measured	167.519	967.648	1058.696	Measured	167.277	980.880	985.134	Measured	295.377	799.204	874.155	Virtual	310.355	821.911	855.876	Virtual	280.691	831.365	896.191	Virtual	308.504	819.663	883.127	Virtual	286.418	822.469	865.840	Virtual
414	4.13000	310.501	904.331	870.620	Measured	268.007	836.643	851.060	Measured	295.202	765.728	880.870	Measured	383.220	792.777	942.903	Measured	348.292	831.114	880.405	Virtual	196.314	932.228	1022.807	Measured	218.557	941.021	992.105	Measured	168.094	967.819	1058.926	Measured	167.544	981.089	985.410	Measured	294.559	799.293	873.615	Virtual	309.553	821.978	855.322	Virtual	280.069	831.467	895.761	Virtual	307.792	819.689	882.575	Virtual	285.654	822.605	865.373	Virtual
415	4.14000	310.465	904.535	870.499	Measured	267.983	836.911	850.847	Measured	295.036	765.926	880.548	Measured	383.076	792.792	942.760	Measured	348.212	831.263	880.249	Virtual	196.704	932.440	1022.952	Measured	218.849	941.280	992.138	Measured	168.587	967.994	1059.218	Measured	167.730	981.204	985.555	Measured	294.687	799.594	873.486	Virtual	309.563	822.296	855.117	Virtual	280.214	831.756	895.661	Virtual	307.911	820.026	882.378	Virtual	285.701	822.880	865.259	Virtual
416	4.15000	310.489	904.782	870.391	Measured	267.918	837.222	850.627	Measured	294.861	766.161	880.298	Measured	382.829	792.756	942.575	Measured	348.112	831.400	880.095	Virtual	199.882	931.915	1024.049	Measured	219.077	941.517	992.181	Measured	169.097	968.165	1059.518	Measured	167.903	981.433	985.916	Measured	297.466	800.734	874.050	Virtual	311.724	823.591	855.385	Virtual	282.566	832.764	896.132	Virtual	310.366	821.484	882.676	Virtual	287.949	823.780	865.744	Virtual
417	4.16000	310.571	905.027	870.248	Measured	267.890	837.593	850.364	Measured	294.685	766.445	879.993	Measured	382.520	792.701	942.421	Measured	348.028	831.543	879.944	Virtual	200.052	932.225	1024.197	Measured	219.337	941.775	992.302	Measured	169.608	968.344	1059.855	Measured	168.078	981.599	986.259	Measured	297.195	801.033	873.790	Virtual	311.378	823.899	855.079	Virtual	282.380	833.052	895.945	Virtual	310.128	821.780	882.374	Virtual	287.644	824.082	865.532	Virtual
418	4.17000	310.659	905.224	870.047	Measured	267.809	837.862	850.184	Measured	294.384	766.672	879.821	Measured	382.283	792.779	942.141	Measured	347.908	831.646	879.719	Virtual	201.084	932.221	1024.591	Measured	219.658	942.030	992.445	Measured	170.189	968.515	1060.252	Measured	168.434	981.841	986.809	Measured	297.572	801.632	873.539	Virtual	311.586	824.555	854.772	Virtual	282.762	833.591	895.786	Virtual	310.478	822.417	882.071	Virtual	287.903	824.654	865.342	Virtual
419	4.18000	310.645	905.333	869.868	Measured	267.781	838.026	849.961	Measured	294.295	766.804	879.585	Measured	382.100	792.738	942.016	Measured	347.841	831.710	879.571	Virtual	200.352	932.790	1024.409	Measured	219.964	942.291	992.666	Measured	170.727	968.704	1060.613	Measured	168.611	982.094	987.226	Measured	296.301	801.783	872.918	Virtual	310.428	824.684	854.209	Virtual	281.753	833.754	895.320	Virtual	309.365	822.448	881.502	Virtual	286.770	824.901	864.831	Virtual
420	4.19000	310.601	905.376	869.717	Measured	267.777	838.004	849.771	Measured	294.325	766.809	879.453	Measured	382.161	792.849	941.785	Measured	347.845	831.768	879.376	Virtual	201.352	932.887	1025.017	Measured	220.245	942.612	992.857	Measured	171.281	968.826	1061.053	Measured	168.901	982.368	987.701	Measured	296.879	802.456	872.877	Virtual	310.813	825.419	854.098	Virtual	282.288	834.363	895.341	Virtual	309.887	823.183	881.397	Virtual	287.204	825.528	864.830	Virtual
421	4.20000	310.526	905.295	869.503	Measured	267.788	837.880	849.636	Measured	294.418	766.706	879.364	Measured	382.249	792.854	941.646	Measured	347.866	831.721	879.215	Virtual	199.476	933.644	1024.567	Measured	220.568	942.979	993.115	Measured	171.730	968.978	1061.588	Measured	169.047	982.690	988.260	Measured	294.473	802.677	871.713	Virtual	308.729	825.610	853.141	Virtual	280.330	834.582	894.464	Virtual	307.770	823.142	880.418	Virtual	285.122	825.954	863.875	Virtual
422	4.21000	310.451	905.175	869.295	Measured	267.841	837.684	849.499	Measured	294.592	766.577	879.234	Measured	382.079	792.634	941.953	Measured	347.877	831.584	879.298	Virtual	199.671	933.932	1024.794	Measured	220.867	943.303	993.481	Measured	172.179	969.160	1062.076	Measured	169.194	983.034	988.788	Measured	294.332	803.303	871.458	Virtual	308.545	826.279	852.907	Virtual	280.255	835.154	894.326	Virtual	307.657	823.742	880.180	Virtual	284.967	826.601	863.703	Virtual
423	4.22000	310.407	905.053	869.150	Measured	267.859	837.504	849.396	Measured	294.708	766.456	879.141	Measured	382.169	792.676	941.869	Measured	347.914	831.531	879.188	Virtual	203.288	933.640	1026.374	Measured	221.137	943.738	993.688	Measured	172.704	969.318	1062.613	Measured	169.461	983.437	989.348	Measured	297.827	804.936	872.321	Virtual	311.335	828.109	853.489	Virtual	283.204	836.608	895.095	Virtual	310.743	825.744	880.786	Virtual	287.850	827.954	864.490	Virtual
424	4.23000	310.381	904.992	868.926	Measured	267.881	837.453	849.192	Measured	294.790	766.441	879.015	Measured	382.001	792.787	941.570	Measured	347.890	831.541	878.980	Virtual	202.982	934.180	1026.318	Measured	221.507	944.175	993.988	Measured	173.249	969.524	1063.111	Measured	169.704	983.924	989.892	Measured	297.045	805.709	871.554	Virtual	310.621	828.927	852.827	Virtual	282.614	837.316	894.539	Virtual	310.073	826.408	880.111	Virtual	287.158	828.816	863.876	Virtual
425	4.24000	310.436	905.050	868.635	Measured	267.894	837.509	849.008	Measured	294.584	766.490	878.985	Measured	381.973	792.909	941.422	Measured	347.854	831.551	878.785	Virtual	204.087	934.382	1026.754	Measured	221.926	944.679	994.238	Measured	173.946	969.796	1063.639	Measured	170.189	984.417	990.468	Measured	297.568	806.719	871.229	Virtual	310.991	830.019	852.493	Virtual	283.137	838.232	894.342	Virtual	310.568	827.440	879.774	Virtual	287.576	829.811	863.642	Virtual
426	4.25000	310.528	905.183	868.297	Measured	267.887	837.679	848.665	Measured	294.494	766.665	878.772	Measured	381.775	793.062	941.177	Measured	347.816	831.660	878.523	Virtual	204.574	934.847	1027.097	Measured	222.386	945.175	994.439	Measured	174.679	970.090	1064.131	Measured	170.642	984.979	991.012	Measured	297.395	807.525	870.764	Virtual	310.770	830.869	852.050	Virtual	283.081	838.981	894.029	Virtual	310.447	828.207	879.324	Virtual	287.396	830.650	863.286	Virtual
427	4.26000	310.614	905.301	868.079	Measured	267.854	837.916	848.423	Measured	294.369	766.899	878.495	Measured	381.723	793.264	940.945	Measured	347.791	831.823	878.282	Virtual	205.102	935.340	1027.369	Measured	222.842	945.695	994.677	Measured	175.433	970.496	1064.518	Measured	171.129	985.502	991.567	Measured	297.275	808.216	870.446	Virtual	310.598	831.586	851.726	Virtual	283.074	839.638	893.824	Virtual	310.375	828.872	878.996	Virtual	287.267	831.363	863.049	Virtual
428	4.27000	310.697	905.590	867.733	Measured	267.838	838.158	848.043	Measured	294.207	767.128	878.272	Measured	381.542	793.415	940.824	Measured	347.740	831.991	878.059	Virtual	205.408	935.843	1027.557	Measured	223.227	946.218	994.844	Measured	176.236	970.802	1064.988	Measured	171.532	986.013	992.069	Measured	296.739	808.954	869.800	Virtual	310.011	832.358	851.087	Virtual	282.710	840.329	893.346	Virtual	309.918	829.560	878.349	Virtual	286.736	832.142	862.525	Virtual
429	4.28000	310.637	905.733	867.532	Measured	267.742	838.291	847.825	Measured	294.103	767.283	878.064	Measured	381.452	793.664	940.603	Measured	347.652	832.165	877.844	Virtual	204.996	936.572	1027.358	Measured	223.668	946.809	995.018	Measured	176.903	971.271	1065.380	Measured	171.810	986.524	992.542	Measured	295.745	809.642	869.059	Virtual	309.071	833.057	850.398	Virtual	281.948	840.989	892.778	Virtual	309.053	830.147	877.649	Virtual	285.832	832.908	861.912	Virtual
430	4.29000	310.578	905.845	867.345	Measured	267.662	838.357	847.632	Measured	294.054	767.415	877.901	Measured	381.398	793.798	940.488	Measured	347.591	832.280	877.689	Virtual	205.116	937.228	1027.431	Measured	224.017	947.389	995.105	Measured	177.622	971.674	1065.728	Measured	172.104	986.968	992.917	Measured	295.253	810.329	868.539	Virtual	308.508	833.764	849.852	Virtual	281.598	841.648	892.377	Virtual	308.620	830.809	877.098	Virtual	285.325	833.616	861.479	Virtual
431	4.30000	310.552	905.826	867.165	Measured	267.600	838.334	847.493	Measured	294.073	767.421	877.784	Measured	381.337	793.925	940.394	Measured	347.558	832.315	877.563	Virtual	205.121	937.915	1027.435	Measured	224.353	947.974	995.191	Measured	178.325	972.128	1066.071	Measured	172.329	987.480	993.272	Measured	294.548	811.000	867.954	Virtual	307.751	834.447	849.246	Virtual	281.067	842.297	891.919	Virtual	307.994	831.440	876.485	Virtual	284.627	834.317	860.987	Virtual
432	4.31000	310.546	905.760	866.942	Measured	267.622	838.284	847.318	Measured	294.103	767.380	877.710	Measured	381.454	794.204	940.015	Measured	347.584	832.366	877.282	Virtual	205.243	938.629	1027.514	Measured	224.789	948.562	995.265	Measured	179.023	972.662	1066.352	Measured	172.688	987.954	993.599	Measured	294.170	811.540	867.674	Virtual	307.330	834.981	848.928	Virtual	280.822	842.841	891.709	Virtual	307.675	831.958	876.164	Virtual	284.252	834.874	860.759	Virtual
433	4.32000	310.472	905.692	866.786	Measured	267.586	838.246	847.386	Measured	294.162	767.274	877.626	Measured	381.482	794.350	939.818	Measured	347.565	832.379	877.140	Virtual	206.712	938.866	1028.117	Measured	225.296	949.094	995.495	Measured	179.822	973.126	1066.664	Measured	173.065	988.438	993.965	Measured	295.261	812.279	867.944	Virtual	308.149	835.764	849.065	Virtual	281.808	843.546	891.963	Virtual	308.660	832.819	876.307	Virtual	285.134	835.519	861.018	Virtual
434	4.33000	310.410	905.653	866.562	Measured	267.594	838.176	847.254	Measured	294.179	767.196	877.566	Measured	381.562	794.429	939.562	Measured	347.565	832.364	876.924	Virtual	206.685	939.538	1028.175	Measured	225.864	949.651	995.646	Measured	180.705	973.604	1067.093	Measured	173.593	988.938	994.470	Measured	294.443	812.799	867.423	Virtual	307.359	836.277	848.554	Virtual	281.230	844.062	891.581	Virtual	307.968	833.257	875.786	Virtual	284.393	836.104	860.600	Virtual
435	4.34000	310.368	905.621	866.347	Measured	267.603	838.150	847.111	Measured	294.146	767.160	877.499	Measured	381.507	794.379	939.470	Measured	347.538	832.313	876.797	Virtual	205.904	940.247	1027.996	Measured	226.443	950.178	995.964	Measured	181.577	973.980	1067.605	Measured	174.147	989.408	995.091	Measured	292.846	813.264	866.603	Virtual	305.963	836.723	847.848	Virtual	280.011	844.513	890.981	Virtual	306.601	833.529	875.060	Virtual	283.023	836.713	859.946	Virtual
436	4.35000	310.298	905.617	866.101	Measured	267.560	838.158	846.876	Measured	293.811	767.181	877.618	Measured	381.424	794.484	939.333	Measured	347.409	832.279	876.629	Virtual	207.161	940.724	1028.541	Measured	227.133	950.699	996.252	Measured	182.564	974.367	1068.159	Measured	174.781	989.922	995.731	Measured	293.507	814.179	866.542	Virtual	306.429	837.696	847.726	Virtual	280.678	845.368	891.001	Virtual	307.226	834.496	874.933	Virtual	283.554	837.591	859.947	Virtual
437	4.36000	310.211	905.233	866.215	Measured	267.564	838.219	846.702	Measured	293.696	767.224	877.522	Measured	381.323	794.540	939.241	Measured	347.338	832.236	876.598	Virtual	211.034	940.413	1030.262	Measured	227.705	951.100	996.610	Measured	183.541	974.629	1068.793	Measured	175.387	990.414	996.389	Measured	296.861	815.343	867.616	Virtual	309.106	838.995	848.518	Virtual	283.575	846.428	891.964	Virtual	310.210	836.013	875.738	Virtual	286.347	838.486	860.942	Virtual
438	4.37000	310.243	905.542	865.680	Measured	267.539	838.202	846.466	Measured	293.538	767.203	877.516	Measured	381.237	794.574	939.165	Measured	347.288	832.239	876.367	Virtual	211.213	940.878	1030.440	Measured	228.368	951.612	996.974	Measured	184.532	974.938	1069.422	Measured	176.080	990.883	997.159	Measured	296.193	816.071	867.019	Virtual	308.478	839.756	847.987	Virtual	283.148	847.101	891.566	Virtual	309.671	836.638	875.189	Virtual	285.764	839.295	860.496	Virtual
439	4.38000	310.072	905.481	865.529	Measured	267.534	838.193	846.282	Measured	293.518	767.168	877.389	Measured	381.210	794.580	939.064	Measured	347.230	832.242	876.242	Virtual	212.433	941.178	1030.979	Measured	229.011	952.072	997.369	Measured	185.466	975.195	1070.064	Measured	176.698	991.369	997.804	Measured	296.828	817.005	866.912	Virtual	308.950	840.760	847.864	Virtual	283.792	847.954	891.567	Virtual	310.275	837.603	875.055	Virtual	286.294	840.206	860.473	Virtual
440	4.39000	310.049	905.442	865.352	Measured	267.524	838.104	846.122	Measured	293.588	767.108	877.256	Measured	381.209	794.590	938.954	Measured	347.237	832.217	876.107	Virtual	212.337	941.750	1031.142	Measured	229.735	952.540	997.770	Measured	186.449	975.469	1070.659	Measured	177.456	991.865	998.588	Measured	295.955	817.652	866.331	Virtual	308.204	841.425	847.387	Virtual	283.205	848.555	891.191	Virtual	309.572	838.105	874.556	Virtual	285.575	840.964	860.048	Virtual
441	4.40000	309.976	905.337	865.206	Measured	267.583	838.041	845.984	Measured	293.685	767.033	877.105	Measured	381.220	794.595	938.862	Measured	347.259	832.194	875.998	Virtual	212.423	942.369	1031.335	Measured	230.513	953.017	998.252	Measured	187.509	975.715	1071.406	Measured	178.318	992.391	999.334	Measured	295.277	818.401	865.799	Virtual	307.648	842.199	846.966	Virtual	282.797	849.246	890.868	Virtual	309.053	838.711	874.112	Virtual	285.044	841.821	859.676	Virtual
442	4.41000	309.910	905.288	865.015	Measured	267.560	837.916	845.907	Measured	293.718	766.982	877.051	Measured	381.226	794.629	938.807	Measured	347.242	832.162	875.896	Virtual	214.624	942.333	1032.443	Measured	231.313	953.412	998.766	Measured	188.558	975.945	1072.105	Measured	179.238	992.945	1000.109	Measured	296.899	819.274	866.254	Virtual	309.038	843.149	847.368	Virtual	284.307	850.040	891.363	Virtual	310.570	839.678	874.509	Virtual	286.486	842.622	860.164	Virtual
443	4.42000	309.897	905.231	864.891	Measured	267.512	837.796	845.867	Measured	293.759	766.923	877.030	Measured	381.275	794.654	938.745	Measured	347.244	832.119	875.813	Virtual	215.184	942.669	1032.906	Measured	232.333	953.731	998.941	Measured	189.704	976.135	1072.877	Measured	180.297	993.460	1000.983	Measured	296.398	819.930	865.697	Virtual	308.623	843.835	846.904	Virtual	284.082	850.633	891.019	Virtual	310.223	840.202	874.020	Virtual	286.111	843.376	859.772	Virtual
444	4.43000	309.853	905.210	864.801	Measured	267.524	837.665	845.827	Measured	293.844	766.892	877.013	Measured	381.340	794.688	938.686	Measured	347.267	832.110	875.749	Virtual	215.522	943.100	1033.249	Measured	233.060	954.007	999.560	Measured	190.761	976.302	1073.583	Measured	181.313	993.938	1001.848	Measured	295.735	820.384	865.405	Virtual	308.123	844.288	846.719	Virtual	283.709	851.050	890.910	Virtual	309.738	840.499	873.813	Virtual	285.629	843.944	859.622	Virtual
445	4.44000	309.878	905.086	864.715	Measured	267.435	837.431	845.860	Measured	293.956	766.783	877.088	Measured	381.466	794.693	938.629	Measured	347.298	832.010	875.688	Virtual	215.913	943.373	1033.552	Measured	234.064	954.339	1000.025	Measured	191.797	976.456	1074.274	Measured	182.312	994.382	1002.618	Measured	295.615	821.068	865.074	Virtual	308.142	845.003	846.520	Virtual	283.789	851.660	890.761	Virtual	309.745	841.047	873.591	Virtual	285.651	844.723	859.432	Virtual
446	4.45000	309.972	904.909	864.525	Measured	267.419	837.107	846.029	Measured	294.158	766.636	877.196	Measured	381.710	794.719	938.567	Measured	347.412	831.866	875.605	Virtual	217.451	943.442	1034.428	Measured	234.818	954.477	1000.763	Measured	192.793	976.580	1074.942	Measured	183.349	995.163	1003.420	Measured	296.136	821.590	865.318	Virtual	308.725	845.546	846.833	Virtual	284.422	852.136	891.112	Virtual	310.333	841.498	873.890	Virtual	286.242	845.294	859.759	Virtual
447	4.46000	309.680	904.472	864.882	Measured	267.445	836.901	846.221	Measured	294.352	766.485	877.400	Measured	382.006	794.730	938.526	Measured	347.436	831.787	875.720	Virtual	217.937	943.631	1034.792	Measured	235.566	954.689	1001.336	Measured	193.707	976.601	1075.683	Measured	184.258	995.652	1004.262	Measured	295.797	822.300	864.922	Virtual	308.531	846.292	846.584	Virtual	284.307	852.753	890.925	Virtual	310.134	842.056	873.613	Virtual	286.057	846.105	859.527	Virtual
448	4.47000	310.171	904.565	864.462	Measured	267.512	836.669	846.365	Measured	294.580	766.299	877.583	Measured	382.398	794.770	938.421	Measured	347.721	831.631	875.534	Virtual	216.825	944.051	1034.707	Measured	236.312	954.908	1001.916	Measured	194.461	976.699	1076.298	Measured	185.155	996.077	1004.985	Measured	294.005	822.566	864.286	Virtual	307.215	846.496	846.206	Virtual	282.981	852.979	890.538	Virtual	308.664	841.984	873.198	Virtual	284.704	846.589	859.084	Virtual
449	4.48000	309.992	904.394	864.467	Measured	267.605	836.445	846.527	Measured	294.637	766.115	877.920	Measured	382.755	794.743	938.334	Measured	347.776	831.508	875.519	Virtual	218.928	943.919	1035.790	Measured	236.951	955.044	1002.549	Measured	195.228	976.691	1076.944	Measured	185.991	996.387	1005.726	Measured	295.942	823.191	865.025	Virtual	308.946	847.209	846.910	Virtual	284.728	853.536	891.274	Virtual	310.468	842.724	873.903	Virtual	286.454	847.141	859.821	Virtual
450	4.49000	310.128	904.313	864.554	Measured	267.916	836.144	846.629	Measured	294.912	765.947	878.093	Measured	383.124	794.786	938.339	Measured	348.034	831.428	875.576	Virtual	219.958	943.900	1036.457	Measured	237.739	955.165	1003.174	Measured	195.980	976.688	1077.565	Measured	186.857	996.672	1006.403	Measured	296.894	823.650	865.404	Virtual	309.925	847.705	847.360	Virtual	285.668	853.936	891.716	Virtual	311.420	843.155	874.344	Virtual	287.421	847.616	860.250	Virtual
451	4.50000	310.071	904.142	864.633	Measured	268.027	835.847	846.895	Measured	295.136	765.784	878.325	Measured	383.532	794.777	938.265	Measured	348.175	831.323	875.592	Virtual	220.720	943.966	1036.945	Measured	238.465	955.201	1003.862	Measured	197.607	976.244	1078.568	Measured	187.874	996.984	1007.370	Measured	295.745	824.352	864.452	Virtual	308.805	848.460	846.498	Virtual	284.916	854.508	891.078	Virtual	310.467	843.691	873.434	Virtual	286.395	848.420	859.552	Virtual
452	4.51000	310.073	904.037	864.775	Measured	268.424	835.686	847.186	Measured	295.477	765.628	878.496	Measured	384.049	794.810	938.022	Measured	348.455	831.296	875.569	Virtual	220.997	944.036	1037.524	Measured	239.195	955.341	1004.566	Measured	198.205	976.248	1079.290	Measured	188.842	997.283	1008.261	Measured	295.844	824.790	864.637	Virtual	309.131	848.900	846.854	Virtual	285.153	854.878	891.396	Virtual	310.678	843.973	873.768	Virtual	286.682	848.951	859.842	Virtual
453	4.52000	309.155	903.514	865.460	Measured	268.310	835.551	847.504	Measured	295.780	765.504	878.636	Measured	384.380	794.809	937.996	Measured	348.294	831.377	875.800	Virtual	221.311	944.215	1037.876	Measured	239.949	955.456	1005.291	Measured	199.056	976.081	1080.002	Measured	189.703	997.630	1008.675	Measured	296.012	825.243	864.639	Virtual	309.481	849.361	847.004	Virtual	285.449	855.261	891.528	Virtual	310.943	844.289	873.897	Virtual	287.007	849.483	859.947	Virtual
454	4.53000	309.209	903.352	865.489	Measured	268.630	835.374	847.585	Measured	296.132	765.342	878.730	Measured	384.845	794.821	937.863	Measured	348.567	831.318	875.755	Virtual	222.374	944.109	1038.753	Measured	240.768	955.512	1006.004	Measured	199.898	976.019	1080.802	Measured	190.110	998.606	1009.587	Measured	296.139	826.228	864.492	Virtual	309.640	850.414	846.974	Virtual	285.700	856.116	891.572	Virtual	311.135	845.182	873.834	Virtual	287.189	850.518	859.956	Virtual
455	4.54000	309.066	903.096	865.724	Measured	268.786	835.092	847.712	Measured	296.447	765.171	878.854	Measured	385.278	794.790	937.792	Measured	348.724	831.245	875.802	Virtual	222.806	944.176	1039.270	Measured	241.633	955.601	1006.772	Measured	200.738	975.811	1081.586	Measured	191.705	998.747	1010.451	Measured	296.372	826.639	864.558	Virtual	310.216	850.809	847.288	Virtual	286.120	856.433	891.813	Virtual	311.524	845.361	874.115	Virtual	287.704	851.057	860.163	Virtual
456	4.55000	309.639	903.010	865.638	Measured	268.921	834.714	847.905	Measured	296.814	764.932	879.030	Measured	385.768	794.793	937.682	Measured	349.098	831.034	875.725	Virtual	223.730	944.119	1040.027	Measured	242.504	955.653	1007.580	Measured	201.524	975.652	1082.370	Measured	192.736	999.234	1011.614	Measured	296.839	827.549	864.539	Virtual	310.836	851.773	847.470	Virtual	286.693	857.195	891.993	Virtual	312.070	846.122	874.258	Virtual	288.304	852.042	860.308	Virtual
457	4.56000	310.175	902.789	865.326	Measured	269.043	834.370	848.105	Measured	297.223	764.688	879.248	Measured	386.287	794.812	937.554	Measured	349.475	830.781	875.568	Virtual	224.303	944.098	1040.612	Measured	243.271	955.733	1008.294	Measured	202.032	975.415	1083.121	Measured	194.113	999.386	1012.591	Measured	297.544	828.285	864.637	Virtual	311.830	852.535	847.846	Virtual	287.469	857.788	892.271	Virtual	312.862	846.658	874.594	Virtual	289.225	852.878	860.554	Virtual
458	4.57000	310.614	902.602	865.157	Measured	269.131	833.972	848.263	Measured	297.650	764.378	879.514	Measured	386.796	794.871	937.506	Measured	349.817	830.560	875.498	Virtual	224.428	944.169	1040.948	Measured	243.967	955.787	1009.025	Measured	202.649	975.163	1083.811	Measured	195.170	999.645	1013.459	Measured	297.445	829.021	864.379	Virtual	312.031	853.275	847.854	Virtual	287.553	858.380	892.232	Virtual	312.904	847.157	874.553	Virtual	289.382	853.729	860.481	Virtual
459	4.58000	310.169	902.416	865.025	Measured	269.539	833.575	848.287	Measured	298.072	764.133	879.762	Measured	387.276	794.919	937.478	Measured	349.994	830.516	875.480	Virtual	224.652	944.170	1041.300	Measured	244.551	955.853	1009.613	Measured	202.930	974.975	1084.386	Measured	196.105	999.879	1014.215	Measured	297.853	829.768	864.321	Virtual	312.711	854.038	848.062	Virtual	288.028	858.987	892.345	Virtual	313.391	847.709	874.719	Virtual	289.997	854.565	860.569	Virtual
460	4.59000	310.589	902.205	864.825	Measured	269.730	833.210	848.384	Measured	298.504	763.935	879.946	Measured	387.740	795.053	937.418	Measured	350.351	830.353	875.393	Virtual	224.874	944.213	1041.579	Measured	245.217	955.916	1010.199	Measured	203.260	974.813	1084.808	Measured	196.780	1000.166	1014.654	Measured	298.626	830.401	864.432	Virtual	313.683	854.689	848.388	Virtual	288.783	859.511	892.562	Virtual	314.189	848.212	875.012	Virtual	290.904	855.254	860.774	Virtual
461	4.60000	310.478	902.037	864.677	Measured	270.107	832.856	848.461	Measured	298.894	763.768	880.197	Measured	388.181	795.185	937.521	Measured	350.601	830.300	875.428	Virtual	224.449	944.526	1041.566	Measured	245.836	955.942	1010.624	Measured	203.755	974.650	1085.202	Measured	197.681	1000.439	1015.067	Measured	298.018	830.844	864.008	Virtual	313.448	855.064	848.216	Virtual	288.422	859.858	892.322	Virtual	313.759	848.375	874.791	Virtual	290.625	855.819	860.510	Virtual
462	4.61000	310.791	901.858	864.449	Measured	270.255	832.550	848.575	Measured	299.353	763.595	880.432	Measured	388.632	795.343	937.485	Measured	350.921	830.184	875.352	Virtual	226.852	943.924	1042.488	Measured	246.677	955.835	1011.121	Measured	204.489	974.419	1085.610	Measured	198.753	1000.695	1015.464	Measured	300.716	831.190	864.821	Virtual	316.009	855.515	849.058	Virtual	290.838	860.144	893.099	Virtual	316.302	848.839	875.636	Virtual	293.150	856.110	861.295	Virtual
463	4.62000	311.128	901.641	864.143	Measured	270.525	832.183	848.660	Measured	299.765	763.408	880.661	Measured	389.075	795.486	937.515	Measured	351.271	830.020	875.286	Virtual	226.894	944.054	1042.492	Measured	247.491	955.763	1011.557	Measured	204.951	974.309	1085.934	Measured	199.782	1000.980	1015.879	Measured	300.896	831.577	864.667	Virtual	316.540	855.845	849.162	Virtual	291.154	860.442	893.083	Virtual	316.602	848.986	875.695	Virtual	293.616	856.599	861.266	Virtual
464	4.63000	312.404	901.595	863.840	Measured	270.720	831.859	848.790	Measured	300.230	763.202	880.872	Measured	389.608	795.603	937.380	Measured	351.892	829.738	875.128	Virtual	227.385	943.830	1042.703	Measured	248.048	955.617	1011.935	Measured	205.415	974.129	1086.236	Measured	200.678	1001.176	1016.199	Measured	301.194	831.680	864.677	Virtual	317.055	855.907	849.331	Virtual	291.544	860.490	893.181	Virtual	316.977	848.937	875.835	Virtual	294.094	856.764	861.357	Virtual
465	4.64000	312.410	901.430	863.808	Measured	271.045	831.468	848.700	Measured	300.689	762.981	880.986	Measured	390.129	795.682	937.204	Measured	352.187	829.666	875.028	Virtual	227.448	943.795	1042.730	Measured	248.708	955.538	1012.396	Measured	205.734	973.905	1086.563	Measured	201.642	1001.304	1016.686	Measured	301.533	832.163	864.509	Virtual	317.713	856.355	849.439	Virtual	291.969	860.853	893.162	Virtual	317.403	849.192	875.891	Virtual	294.685	857.336	861.329	Virtual
466	4.65000	312.494	901.163	863.816	Measured	271.270	831.153	848.874	Measured	301.165	762.743	881.038	Measured	390.691	795.763	936.976	Measured	352.481	829.570	874.922	Virtual	227.404	943.710	1042.848	Measured	249.091	955.404	1012.756	Measured	206.009	973.668	1086.889	Measured	202.479	1001.366	1017.259	Measured	301.177	832.462	864.215	Virtual	317.652	856.593	849.371	Virtual	291.794	861.050	893.030	Virtual	317.174	849.254	875.771	Virtual	294.591	857.723	861.183	Virtual
467	4.66000	312.713	900.908	863.753	Measured	271.522	830.760	848.865	Measured	301.659	762.488	881.053	Measured	391.286	795.808	936.446	Measured	352.824	829.422	874.632	Virtual	227.363	943.667	1042.840	Measured	249.496	955.302	1013.220	Measured	206.378	973.312	1087.322	Measured	203.709	1001.558	1018.140	Measured	300.394	833.311	863.374	Virtual	317.312	857.361	848.902	Virtual	291.317	861.687	892.493	Virtual	316.593	849.709	875.208	Virtual	294.215	858.706	860.621	Virtual
468	4.67000	312.661	900.654	863.791	Measured	271.776	830.439	849.037	Measured	302.195	762.175	880.973	Measured	391.858	795.794	935.992	Measured	353.094	829.326	874.426	Virtual	227.371	943.549	1042.891	Measured	249.993	955.175	1013.645	Measured	206.480	973.043	1087.614	Measured	204.422	1001.683	1018.664	Measured	300.743	833.905	863.179	Virtual	317.944	857.926	848.993	Virtual	291.712	862.137	892.454	Virtual	316.999	850.084	875.236	Virtual	294.786	859.369	860.579	Virtual
469	4.68000	312.772	900.350	863.863	Measured	272.041	829.998	849.089	Measured	302.789	761.837	880.901	Measured	392.509	795.750	935.682	Measured	353.452	829.170	874.273	Virtual	227.345	943.452	1042.896	Measured	250.425	954.945	1014.043	Measured	206.714	972.754	1087.780	Measured	205.457	1001.883	1019.152	Measured	300.482	834.267	862.792	Virtual	318.098	858.172	848.924	Virtual	291.644	862.367	892.251	Virtual	316.877	850.120	875.092	Virtual	294.887	859.831	860.374	Virtual
470	4.69000	312.875	900.048	863.946	Measured	272.291	829.575	849.209	Measured	303.377	761.493	880.859	Measured	393.155	795.558	935.399	Measured	353.801	828.964	874.147	Virtual	228.254	942.866	1043.224	Measured	251.113	954.601	1014.430	Measured	206.956	972.465	1087.917	Measured	206.580	1002.052	1019.545	Measured	301.767	834.358	863.077	Virtual	319.647	858.214	849.466	Virtual	292.877	862.373	892.602	Virtual	318.166	850.044	875.583	Virtual	296.357	859.969	860.739	Virtual
471	4.70000	312.849	899.805	863.902	Measured	272.596	829.136	849.249	Measured	303.943	761.200	880.840	Measured	393.723	795.552	935.225	Measured	354.111	828.848	874.039	Virtual	228.075	942.717	1043.067	Measured	251.787	954.263	1014.812	Measured	207.102	972.178	1087.963	Measured	207.697	1002.176	1020.071	Measured	301.851	834.743	862.711	Virtual	320.219	858.454	849.502	Virtual	293.109	862.603	892.426	Virtual	318.368	850.055	875.523	Virtual	296.853	860.455	860.575	Virtual
472	4.71000	312.892	899.494	863.822	Measured	272.810	828.722	849.276	Measured	304.443	760.930	880.874	Measured	394.232	795.562	935.075	Measured	354.390	828.697	873.929	Virtual	228.357	942.365	1043.250	Measured	252.320	953.868	1015.161	Measured	207.593	971.750	1088.317	Measured	208.811	1002.236	1020.475	Measured	301.577	834.732	862.453	Virtual	320.273	858.311	849.471	Virtual	293.048	862.497	892.318	Virtual	318.222	849.764	875.428	Virtual	296.889	860.515	860.468	Virtual
473	4.72000	312.878	899.306	863.701	Measured	272.943	828.417	849.374	Measured	304.843	760.740	880.932	Measured	394.590	795.720	934.909	Measured	354.571	828.647	873.818	Virtual	228.169	942.143	1043.117	Measured	252.787	953.481	1015.449	Measured	207.542	971.393	1088.478	Measured	209.777	1002.314	1020.899	Measured	301.584	835.075	862.096	Virtual	320.728	858.504	849.498	Virtual	293.183	862.683	892.142	Virtual	318.325	849.749	875.356	Virtual	297.280	860.939	860.310	Virtual
474	4.73000	312.985	899.238	863.518	Measured	273.098	828.177	849.271	Measured	305.185	760.639	880.923	Measured	394.818	795.861	934.908	Measured	354.768	828.631	873.747	Virtual	227.974	941.892	1043.116	Measured	253.081	953.016	1015.703	Measured	207.675	970.924	1088.718	Measured	210.513	1002.222	1021.127	Measured	301.157	834.959	861.842	Virtual	320.621	858.244	849.471	Virtual	292.930	862.482	892.014	Virtual	318.001	849.364	875.265	Virtual	297.153	860.880	860.191	Virtual
475	4.74000	312.862	899.142	863.328	Measured	273.283	828.054	849.136	Measured	305.481	760.576	880.895	Measured	394.996	796.005	934.788	Measured	354.884	828.671	873.625	Virtual	227.577	941.500	1042.951	Measured	253.292	952.564	1016.007	Measured	207.362	970.429	1088.684	Measured	211.344	1002.035	1021.506	Measured	301.289	835.154	861.563	Virtual	321.200	858.277	849.606	Virtual	293.128	862.518	891.898	Virtual	318.189	849.203	875.290	Virtual	297.660	861.142	860.107	Virtual
476	4.75000	312.758	899.107	863.140	Measured	273.450	827.884	848.948	Measured	305.742	760.545	880.870	Measured	395.201	796.210	934.776	Measured	355.002	828.741	873.537	Virtual	227.219	941.084	1042.883	Measured	253.510	952.069	1016.313	Measured	207.116	969.926	1088.721	Measured	211.882	1001.915	1021.779	Measured	301.428	835.214	861.421	Virtual	321.678	858.207	849.788	Virtual	293.305	862.453	891.878	Virtual	318.361	848.989	875.383	Virtual	298.084	861.248	860.116	Virtual
477	4.76000	312.742	899.026	862.978	Measured	273.553	827.764	848.822	Measured	306.015	760.512	880.827	Measured	395.571	796.831	934.406	Measured	355.138	828.935	873.271	Virtual	226.933	940.633	1042.835	Measured	253.521	951.538	1016.564	Measured	206.732	969.309	1088.717	Measured	212.392	1001.769	1022.130	Measured	301.500	835.454	861.117	Virtual	322.084	858.326	849.838	Virtual	293.412	862.529	891.729	Virtual	318.460	848.936	875.328	Virtual	298.439	861.531	859.998	Virtual
478	4.77000	312.612	898.956	862.798	Measured	273.651	827.598	848.766	Measured	306.274	760.459	880.753	Measured	395.632	797.052	934.423	Measured	355.196	829.001	873.221	Virtual	226.351	940.175	1042.776	Measured	253.560	951.079	1016.815	Measured	206.442	968.625	1088.720	Measured	212.781	1001.643	1022.426	Measured	301.277	835.788	860.645	Virtual	322.185	858.534	849.711	Virtual	293.262	862.681	891.436	Virtual	318.279	848.963	875.092	Virtual	298.504	861.906	859.733	Virtual
479	4.78000	312.654	898.840	862.544	Measured	273.738	827.450	848.636	Measured	306.568	760.372	880.662	Measured	395.934	797.391	934.234	Measured	355.350	829.063	873.010	Virtual	225.884	939.731	1042.651	Measured	253.416	950.571	1017.017	Measured	206.006	967.947	1088.755	Measured	213.177	1001.468	1022.805	Measured	300.942	836.197	860.086	Virtual	322.176	858.810	849.511	Virtual	293.011	862.889	891.073	Virtual	317.988	849.046	874.774	Virtual	298.464	862.351	859.402	Virtual
480	4.79000	312.577	898.727	862.380	Measured	273.803	827.269	848.517	Measured	306.846	760.273	880.574	Measured	396.110	797.463	934.111	Measured	355.441	829.052	872.875	Virtual	225.252	939.287	1042.586	Measured	253.256	950.085	1017.249	Measured	205.461	967.224	1088.744	Measured	213.386	1001.304	1023.059	Measured	300.851	836.553	859.700	Virtual	322.379	859.051	849.479	Virtual	292.933	863.060	890.849	Virtual	317.903	849.116	874.625	Virtual	298.626	862.735	859.217	Virtual
481	4.80000	312.585	898.665	862.139	Measured	273.942	827.104	848.338	Measured	307.168	760.177	880.424	Measured	396.364	797.523	933.981	Measured	355.606	829.047	872.697	Virtual	225.028	938.615	1042.532	Measured	253.083	949.580	1017.473	Measured	204.699	966.562	1088.677	Measured	213.538	1001.170	1023.311	Measured	301.630	836.926	859.620	Virtual	323.389	859.369	849.771	Virtual	293.565	863.255	890.881	Virtual	318.610	849.281	874.800	Virtual	299.564	863.123	859.304	Virtual
482	4.81000	312.480	898.564	862.027	Measured	274.099	826.849	848.075	Measured	307.495	760.082	880.306	Measured	396.487	797.594	933.863	Measured	355.716	829.053	872.581	Virtual	224.257	938.259	1042.398	Measured	252.753	949.152	1017.751	Measured	203.914	965.935	1088.581	Measured	213.596	1001.042	1023.489	Measured	301.707	837.265	859.403	Virtual	323.757	859.583	849.930	Virtual	293.592	863.423	890.795	Virtual	318.657	849.346	874.834	Virtual	299.880	863.481	859.274	Virtual
483	4.82000	312.501	898.458	861.847	Measured	274.199	826.580	848.014	Measured	307.822	759.962	880.196	Measured	396.730	797.662	933.747	Measured	355.867	829.012	872.444	Virtual	223.624	937.780	1042.221	Measured	252.423	948.762	1017.938	Measured	203.198	965.292	1088.513	Measured	213.620	1000.957	1023.575	Measured	301.789	837.643	859.088	Virtual	324.077	859.865	849.953	Virtual	293.623	863.629	890.610	Virtual	318.707	849.483	874.740	Virtual	300.158	863.873	859.140	Virtual
484	4.83000	312.451	898.274	861.639	Measured	274.302	826.296	847.894	Measured	308.182	759.789	880.056	Measured	396.961	797.728	933.606	Measured	356.003	828.955	872.281	Virtual	222.777	937.566	1041.974	Measured	252.139	948.436	1018.124	Measured	202.254	964.802	1088.332	Measured	213.654	1000.896	1023.609	Measured	302.185	838.020	858.984	Virtual	324.765	860.111	850.254	Virtual	293.902	863.848	890.605	Virtual	319.034	849.597	874.905	Virtual	300.782	864.262	859.210	Virtual
485	4.84000	312.410	898.127	861.517	Measured	274.462	826.001	847.817	Measured	308.613	759.598	879.907	Measured	397.262	797.763	933.446	Measured	356.185	828.911	872.140	Virtual	222.208	937.198	1041.742	Measured	251.751	948.073	1018.189	Measured	201.422	964.306	1088.053	Measured	213.601	1000.888	1023.533	Measured	302.508	838.265	858.818	Virtual	325.300	860.262	850.408	Virtual	294.118	863.964	890.516	Virtual	319.292	849.644	874.949	Virtual	301.268	864.514	859.184	Virtual
486	4.85000	312.343	897.860	861.483	Measured	274.655	825.645	847.610	Measured	309.069	759.338	879.676	Measured	397.561	797.772	933.286	Measured	356.375	828.833	872.007	Virtual	221.415	937.065	1041.420	Measured	251.482	947.756	1018.233	Measured	200.541	963.919	1087.735	Measured	213.743	1000.966	1023.427	Measured	302.752	838.554	858.623	Virtual	325.851	860.378	850.610	Virtual	294.284	864.115	890.412	Virtual	319.477	849.650	875.010	Virtual	301.772	864.811	859.162	Virtual
487	4.86000	312.242	897.623	861.414	Measured	274.860	825.307	847.498	Measured	309.540	759.101	879.424	Measured	397.891	797.787	933.110	Measured	356.565	828.776	871.862	Virtual	220.763	936.908	1040.947	Measured	251.080	947.512	1018.126	Measured	199.574	963.725	1087.253	Measured	213.920	1001.031	1023.775	Measured	302.726	839.397	857.983	Virtual	326.166	861.025	850.440	Virtual	294.232	864.723	889.952	Virtual	319.411	850.119	874.658	Virtual	302.053	865.657	858.790	Virtual
488	4.87000	312.250	897.457	861.334	Measured	275.072	825.029	847.341	Measured	310.033	758.887	879.152	Measured	398.158	797.791	933.002	Measured	356.786	828.737	871.747	Virtual	219.867	936.972	1040.321	Measured	250.644	947.402	1017.825	Measured	198.698	963.593	1086.659	Measured	213.924	1001.083	1023.568	Measured	302.465	839.857	857.354	Virtual	326.180	861.301	850.156	Virtual	293.960	865.041	889.432	Virtual	319.117	850.293	874.240	Virtual	302.046	866.115	858.342	Virtual
489	4.88000	312.246	897.236	861.147	Measured	275.273	824.740	847.053	Measured	310.506	758.673	878.952	Measured	398.442	797.856	932.837	Measured	357.001	828.685	871.561	Virtual	219.081	937.043	1039.673	Measured	250.098	947.345	1017.417	Measured	197.574	963.686	1085.813	Measured	213.588	1001.201	1023.162	Measured	302.793	840.078	857.124	Virtual	326.692	861.414	850.219	Virtual	294.132	865.202	889.208	Virtual	319.347	850.365	874.199	Virtual	302.511	866.335	858.197	Virtual
490	4.89000	312.160	897.035	861.008	Measured	275.445	824.524	846.730	Measured	310.950	758.496	878.720	Measured	398.695	797.929	932.748	Measured	357.174	828.682	871.417	Virtual	218.264	937.187	1038.925	Measured	249.637	947.361	1016.979	Measured	196.667	963.774	1084.991	Measured	213.200	1001.383	1022.300	Measured	303.090	839.958	856.983	Virtual	327.108	861.217	850.256	Virtual	294.277	865.103	889.008	Virtual	319.552	850.188	874.179	Virtual	302.885	866.216	858.060	Virtual
491	4.90000	312.134	896.830	860.810	Measured	275.598	824.279	846.340	Measured	311.345	758.273	878.506	Measured	398.898	798.030	932.613	Measured	357.338	828.647	871.230	Virtual	217.449	937.361	1038.085	Measured	248.848	947.417	1016.349	Measured	195.538	964.022	1083.970	Measured	212.727	1001.592	1021.600	Measured	302.968	840.046	856.551	Virtual	327.138	861.198	850.033	Virtual	294.056	865.177	888.561	Virtual	319.359	850.163	873.882	Virtual	302.887	866.303	857.676	Virtual
492	4.91000	312.068	896.633	860.468	Measured	276.311	823.655	846.367	Measured	311.788	758.121	878.222	Measured	399.067	798.191	932.574	Measured	357.630	828.580	871.136	Virtual	216.712	937.487	1037.320	Measured	248.441	947.413	1015.801	Measured	194.659	964.135	1083.133	Measured	212.530	1001.808	1020.884	Measured	303.089	840.103	856.184	Virtual	327.425	861.134	849.895	Virtual	294.080	865.211	888.185	Virtual	319.408	850.088	873.660	Virtual	303.146	866.357	857.369	Virtual
493	4.92000	312.050	896.439	860.035	Measured	276.216	823.372	845.721	Measured	312.183	757.930	877.999	Measured	399.115	798.362	932.528	Measured	357.706	828.548	870.882	Virtual	215.984	937.634	1036.385	Measured	247.873	947.402	1015.238	Measured	193.613	964.274	1082.090	Measured	212.300	1001.966	1020.386	Measured	303.290	840.524	855.610	Virtual	327.829	861.415	849.650	Virtual	294.159	865.536	887.650	Virtual	319.515	850.309	873.285	Virtual	303.518	866.771	856.925	Virtual
494	4.93000	311.969	896.179	859.609	Measured	276.919	822.817	845.414	Measured	312.608	757.747	877.789	Measured	399.207	798.609	932.541	Measured	357.980	828.495	870.764	Virtual	215.339	937.618	1035.689	Measured	247.509	947.203	1014.801	Measured	193.048	964.131	1081.391	Measured	212.383	1002.116	1019.798	Measured	302.927	840.531	854.970	Virtual	327.675	861.238	849.240	Virtual	293.824	865.482	887.065	Virtual	319.132	850.102	872.779	Virtual	303.369	866.769	856.400	Virtual
495	4.94000	311.959	895.910	859.281	Measured	276.977	822.457	845.018	Measured	313.010	757.604	877.570	Measured	399.207	798.861	932.644	Measured	358.084	828.478	870.657	Virtual	214.617	937.544	1034.892	Measured	247.152	946.982	1014.354	Measured	192.127	964.033	1080.530	Measured	212.346	1002.141	1019.446	Measured	303.169	840.834	854.446	Virtual	328.144	861.366	849.084	Virtual	293.963	865.666	886.605	Virtual	319.279	850.160	872.470	Virtual	303.817	867.058	856.042	Virtual
496	4.95000	311.699	895.692	858.849	Measured	277.277	822.108	844.534	Measured	313.428	757.416	877.443	Measured	399.264	799.161	932.723	Measured	358.195	828.513	870.525	Virtual	213.965	937.448	1034.262	Measured	246.799	946.678	1014.000	Measured	191.393	963.825	1079.814	Measured	212.493	1002.164	1019.065	Measured	303.127	840.880	853.966	Virtual	328.341	861.201	848.928	Virtual	293.890	865.620	886.187	Virtual	319.174	849.950	872.176	Virtual	304.012	867.087	855.716	Virtual
497	4.96000	311.890	895.458	858.319	Measured	277.542	821.745	844.130	Measured	313.820	757.243	877.303	Measured	399.336	799.396	932.732	Measured	358.427	828.427	870.328	Virtual	213.194	937.338	1033.589	Measured	246.417	946.454	1013.669	Measured	190.397	963.577	1079.098	Measured	212.376	1002.153	1018.851	Measured	303.499	841.383	853.500	Virtual	328.911	861.553	848.858	Virtual	294.121	865.963	885.802	Virtual	319.429	850.207	871.933	Virtual	304.559	867.570	855.444	Virtual
498	4.97000	311.818	895.281	858.123	Measured	277.754	821.392	843.827	Measured	314.146	757.077	877.190	Measured	399.366	799.573	932.839	Measured	358.539	828.408	870.296	Virtual	212.377	937.338	1032.885	Measured	245.842	946.287	1013.405	Measured	189.397	963.413	1078.410	Measured	212.051	1002.274	1018.970	Measured	303.454	842.416	852.707	Virtual	329.061	862.430	848.479	Virtual	293.988	866.756	885.165	Virtual	319.293	850.936	871.360	Virtual	304.700	868.574	854.915	Virtual
499	4.98000	311.577	895.102	857.924	Measured	277.918	821.083	843.608	Measured	314.472	756.933	877.045	Measured	399.436	799.741	932.866	Measured	358.592	828.426	870.224	Virtual	211.437	937.336	1032.230	Measured	245.243	946.256	1013.108	Measured	188.187	963.318	1077.716	Measured	211.724	1002.365	1018.568	Measured	303.824	842.789	852.499	Virtual	329.588	862.673	848.628	Virtual	294.174	867.025	884.981	Virtual	319.523	851.124	871.353	Virtual	305.200	868.929	854.849	Virtual
500	4.99000	311.480	894.917	857.724	Measured	278.065	820.752	843.485	Measured	314.776	756.778	877.037	Measured	399.575	799.920	932.875	Measured	358.690	828.392	870.157	Virtual	210.526	937.363	1031.680	Measured	244.483	946.211	1012.857	Measured	186.939	963.181	1077.034	Measured	210.956	1002.527	1018.302	Measured	304.171	843.412	852.283	Virtual	329.998	863.267	848.704	Virtual	294.300	867.527	884.790	Virtual	319.731	851.640	871.298	Virtual	305.572	869.539	854.756	Virtual
501	5.00000	311.348	894.662	857.436	Measured	278.154	820.398	843.511	Measured	315.073	756.600	877.206	Measured	399.763	800.088	932.891	Measured	358.770	828.299	870.089	Virtual	209.426	937.408	1031.114	Measured	243.760	946.304	1012.729	Measured	185.558	963.049	1076.497	Measured	210.264	1002.638	1017.982	Measured	304.699	844.020	852.274	Virtual	330.606	863.830	849.033	Virtual	294.568	868.017	884.787	Virtual	320.093	852.129	871.475	Virtual	306.136	870.132	854.874	Virtual
502	5.01000	311.254	894.417	857.269	Measured	278.194	820.033	843.593	Measured	315.289	756.425	877.495	Measured	399.966	800.360	932.945	Measured	358.828	828.222	870.084	Virtual	208.461	937.486	1030.724	Measured	242.985	946.441	1012.709	Measured	184.085	962.767	1076.015	Measured	209.564	1002.789	1018.000	Measured	305.545	845.227	852.224	Virtual	331.515	865.019	849.413	Virtual	295.092	869.002	884.798	Virtual	320.738	853.172	871.652	Virtual	306.992	871.317	855.030	Virtual
503	5.02000	311.218	894.231	856.938	Measured	278.236	819.691	843.703	Measured	315.476	756.307	877.838	Measured	400.117	800.554	932.973	Measured	358.894	828.109	870.033	Virtual	207.593	937.580	1030.369	Measured	242.378	946.537	1012.870	Measured	182.868	962.586	1075.698	Measured	209.117	1002.926	1018.338	Measured	306.160	846.497	852.121	Virtual	332.247	866.194	849.766	Virtual	295.469	870.022	884.800	Virtual	321.182	854.195	871.780	Virtual	307.694	872.554	855.181	Virtual
504	5.03000	311.044	894.028	856.665	Measured	278.228	819.399	843.784	Measured	315.622	756.226	878.117	Measured	400.228	800.838	933.069	Measured	358.886	828.073	870.018	Virtual	206.900	937.642	1030.160	Measured	241.919	946.593	1013.136	Measured	181.742	962.332	1075.430	Measured	208.983	1003.079	1018.854	Measured	307.047	847.869	852.121	Virtual	333.285	867.422	850.299	Virtual	296.105	871.106	884.922	Virtual	321.875	855.256	872.045	Virtual	308.709	873.880	855.484	Virtual
505	5.04000	310.893	893.889	856.377	Measured	278.273	819.151	843.731	Measured	315.750	756.184	878.359	Measured	400.227	801.226	933.099	Measured	358.870	828.104	869.969	Virtual	206.316	937.726	1029.908	Measured	241.561	946.525	1013.371	Measured	180.849	962.229	1075.028	Measured	208.987	1003.219	1019.265	Measured	307.793	848.755	852.219	Virtual	334.202	868.116	850.875	Virtual	296.655	871.784	885.100	Virtual	322.448	855.846	872.377	Virtual	309.618	874.722	855.835	Virtual
506	5.05000	310.855	893.726	856.131	Measured	278.332	818.895	843.761	Measured	315.884	756.134	878.560	Measured	400.208	801.593	933.252	Measured	358.892	828.110	869.996	Virtual	205.828	937.794	1029.651	Measured	241.235	946.466	1013.364	Measured	180.096	962.183	1074.548	Measured	209.293	1003.366	1019.668	Measured	308.111	849.605	851.966	Virtual	334.741	868.688	851.094	Virtual	296.885	872.412	884.971	Virtual	322.633	856.326	872.346	Virtual	310.181	875.511	855.872	Virtual
507	5.06000	310.684	893.641	855.814	Measured	278.369	818.726	843.629	Measured	316.001	756.123	878.783	Measured	400.104	801.977	933.384	Measured	358.852	828.181	869.988	Virtual	205.264	937.906	1029.201	Measured	240.880	946.420	1013.245	Measured	179.290	962.168	1074.087	Measured	209.180	1003.485	1019.664	Measured	308.437	850.156	851.822	Virtual	335.186	869.085	851.277	Virtual	297.083	872.831	884.874	Virtual	322.835	856.667	872.357	Virtual	310.629	876.025	855.901	Virtual
508	5.07000	310.584	893.535	855.576	Measured	278.439	818.504	843.519	Measured	316.087	756.095	878.949	Measured	399.989	802.237	933.708	Measured	358.841	828.196	870.088	Virtual	204.693	938.028	1028.572	Measured	240.489	946.399	1012.820	Measured	178.645	962.319	1073.374	Measured	209.261	1003.619	1019.491	Measured	308.210	850.515	851.258	Virtual	335.130	869.206	851.005	Virtual	296.847	873.082	884.383	Virtual	322.534	856.767	871.926	Virtual	310.607	876.338	855.518	Virtual
509	5.08000	310.731	893.358	855.021	Measured	278.565	818.251	843.289	Measured	316.233	756.045	879.098	Measured	399.820	802.519	934.031	Measured	358.928	828.127	870.088	Virtual	204.163	938.212	1027.798	Measured	240.053	946.428	1012.202	Measured	177.956	962.590	1072.495	Measured	208.952	1003.831	1018.890	Measured	308.152	850.579	850.847	Virtual	335.145	869.165	850.750	Virtual	296.720	873.140	883.952	Virtual	322.402	856.744	871.592	Virtual	310.629	876.386	855.157	Virtual
510	5.09000	310.574	893.160	854.603	Measured	278.682	817.977	843.053	Measured	316.327	755.994	879.256	Measured	399.659	802.790	934.440	Measured	358.910	828.107	870.165	Virtual	203.680	938.363	1026.914	Measured	239.619	946.480	1011.526	Measured	177.312	962.947	1071.522	Measured	208.663	1004.024	1017.891	Measured	308.190	850.079	850.668	Virtual	335.231	868.595	850.645	Virtual	296.672	872.747	883.669	Virtual	322.365	856.256	871.460	Virtual	310.714	875.889	854.928	Virtual
511	5.10000	310.422	892.942	854.055	Measured	278.804	817.638	842.643	Measured	316.491	755.910	879.303	Measured	399.470	803.115	934.746	Measured	358.903	828.094	870.129	Virtual	203.088	938.608	1025.987	Measured	239.073	946.556	1010.648	Measured	176.627	963.249	1070.412	Measured	208.263	1004.215	1017.074	Measured	307.872	850.120	849.968	Virtual	334.978	868.541	850.060	Virtual	296.318	872.794	882.953	Virtual	321.995	856.225	870.816	Virtual	310.472	875.916	854.264	Virtual
512	5.11000	310.498	892.756	853.450	Measured	278.941	817.373	842.253	Measured	316.595	755.816	879.205	Measured	399.174	803.508	934.458	Measured	358.910	828.066	869.811	Virtual	202.537	938.679	1025.173	Measured	238.574	946.558	1009.986	Measured	175.893	963.391	1069.502	Measured	207.870	1004.342	1016.208	Measured	307.894	849.906	849.660	Virtual	335.033	868.278	849.856	Virtual	296.240	872.621	882.581	Virtual	321.939	855.998	870.565	Virtual	310.523	875.700	853.951	Virtual
513	5.12000	310.230	892.640	852.955	Measured	279.059	817.101	841.609	Measured	316.699	755.708	878.902	Measured	398.905	803.728	934.641	Measured	358.836	828.110	869.677	Virtual	201.909	938.671	1024.326	Measured	238.096	946.439	1009.381	Measured	175.157	963.340	1068.612	Measured	207.486	1004.353	1015.728	Measured	307.860	850.233	849.019	Virtual	335.065	868.503	849.432	Virtual	296.118	872.856	881.972	Virtual	321.818	856.187	870.021	Virtual	310.561	875.999	853.430	Virtual
514	5.13000	309.974	892.478	852.412	Measured	279.210	816.816	840.947	Measured	316.757	755.596	878.540	Measured	398.474	803.991	934.408	Measured	358.712	828.137	869.359	Virtual	201.375	938.467	1023.713	Measured	237.722	946.176	1008.958	Measured	174.394	963.076	1067.955	Measured	207.270	1004.226	1015.495	Measured	308.052	850.536	848.592	Virtual	335.331	868.687	849.273	Virtual	296.198	873.035	881.589	Virtual	321.902	856.320	869.713	Virtual	310.835	876.267	853.156	Virtual
515	5.14000	309.729	892.366	851.808	Measured	279.237	816.609	840.468	Measured	316.812	755.517	878.205	Measured	398.163	804.123	934.630	Measured	358.603	828.145	869.218	Virtual	200.820	938.137	1023.092	Measured	237.266	945.684	1008.660	Measured	173.768	962.625	1067.324	Measured	207.149	1003.960	1015.365	Measured	307.958	850.687	848.035	Virtual	335.347	868.659	848.997	Virtual	296.052	873.044	881.111	Virtual	321.719	856.243	869.275	Virtual	310.877	876.370	852.787	Virtual
516	5.15000	309.262	892.257	851.358	Measured	279.322	816.310	839.901	Measured	316.840	755.417	878.017	Measured	397.836	804.295	934.534	Measured	358.417	828.178	869.002	Virtual	200.307	937.789	1022.545	Measured	236.860	945.175	1008.378	Measured	173.066	962.100	1066.764	Measured	207.013	1003.607	1015.349	Measured	308.053	850.969	847.548	Virtual	335.537	868.776	848.817	Virtual	296.060	873.154	880.708	Virtual	321.707	856.292	868.916	Virtual	311.087	876.599	852.505	Virtual
517	5.16000	308.867	892.058	850.905	Measured	279.409	816.090	839.443	Measured	316.905	755.336	877.868	Measured	397.551	804.574	934.593	Measured	358.270	828.233	868.862	Virtual	199.707	937.357	1021.973	Measured	236.394	944.561	1008.138	Measured	172.336	961.537	1066.190	Measured	206.831	1003.242	1015.108	Measured	308.099	850.785	847.262	Virtual	335.671	868.436	848.791	Virtual	296.016	872.875	880.453	Virtual	321.647	855.931	868.741	Virtual	311.240	876.374	852.362	Virtual
518	5.17000	308.726	891.915	850.596	Measured	279.612	815.887	839.150	Measured	317.078	755.206	877.639	Measured	397.365	804.707	934.639	Measured	358.274	828.239	868.777	Virtual	199.061	936.973	1021.398	Measured	235.902	944.002	1007.846	Measured	171.567	961.005	1065.563	Measured	206.656	1002.791	1014.967	Measured	308.094	850.753	846.877	Virtual	335.764	868.222	848.697	Virtual	295.927	872.716	880.121	Virtual	321.530	855.684	868.477	Virtual	311.360	876.290	852.153	Virtual
519	5.18000	308.341	891.770	850.320	Measured	279.721	815.677	838.841	Measured	317.225	755.080	877.467	Measured	397.266	804.813	934.633	Measured	358.190	828.265	868.660	Virtual	198.382	936.589	1020.793	Measured	235.410	943.452	1007.570	Measured	170.756	960.489	1064.930	Measured	206.356	1002.487	1014.786	Measured	308.195	850.807	846.543	Virtual	335.938	868.126	848.649	Virtual	295.912	872.643	879.828	Virtual	321.507	855.548	868.261	Virtual	311.552	876.298	851.987	Virtual
520	5.19000	308.347	891.713	849.969	Measured	279.944	815.473	838.658	Measured	317.543	754.964	877.154	Measured	397.285	804.858	934.713	Measured	358.322	828.262	868.559	Virtual	197.741	936.225	1020.193	Measured	234.853	942.926	1007.358	Measured	169.912	959.994	1064.357	Measured	205.991	1002.223	1014.698	Measured	308.312	851.011	846.222	Virtual	336.120	868.187	848.623	Virtual	295.903	872.700	879.556	Virtual	321.498	855.557	868.059	Virtual	311.750	876.452	851.845	Virtual
521	5.20000	308.030	891.565	849.882	Measured	280.088	815.291	838.406	Measured	317.755	754.831	876.865	Measured	397.323	804.856	934.706	Measured	358.308	828.284	868.478	Virtual	197.071	935.845	1019.719	Measured	234.332	942.413	1007.103	Measured	169.060	959.465	1063.712	Measured	205.636	1001.924	1014.620	Measured	308.527	851.174	845.982	Virtual	336.391	868.215	848.681	Virtual	295.974	872.722	879.354	Virtual	321.576	855.536	867.938	Virtual	312.034	876.567	851.778	Virtual
522	5.21000	307.935	891.521	849.747	Measured	280.319	815.206	838.118	Measured	318.023	754.730	876.628	Measured	397.431	804.878	934.800	Measured	358.420	828.330	868.433	Virtual	196.452	935.515	1019.123	Measured	233.860	941.916	1006.887	Measured	168.238	958.985	1063.170	Measured	205.449	1001.578	1014.553	Measured	308.674	851.334	845.682	Virtual	336.618	868.190	848.699	Virtual	296.005	872.733	879.106	Virtual	321.588	855.471	867.762	Virtual	312.289	876.666	851.674	Virtual
523	5.22000	307.973	891.442	849.598	Measured	280.499	815.090	837.861	Measured	318.355	754.724	876.425	Measured	397.493	804.974	934.874	Measured	358.559	828.388	868.385	Virtual	195.880	935.182	1018.594	Measured	233.380	941.458	1006.642	Measured	167.475	958.554	1062.563	Measured	205.332	1001.153	1014.496	Measured	308.808	851.376	845.421	Virtual	336.835	868.034	848.745	Virtual	296.033	872.644	878.888	Virtual	321.588	855.291	867.619	Virtual	312.539	876.646	851.599	Virtual
524	5.23000	307.885	891.330	849.486	Measured	280.765	814.921	837.772	Measured	318.706	754.671	876.386	Measured	397.652	805.142	935.004	Measured	358.702	828.451	868.408	Virtual	195.343	934.947	1017.965	Measured	232.973	940.987	1006.342	Measured	166.790	958.187	1061.906	Measured	205.954	1000.489	1014.421	Measured	308.666	851.066	844.997	Virtual	336.896	867.290	848.731	Virtual	295.887	872.206	878.544	Virtual	321.295	854.593	867.345	Virtual	312.699	876.222	851.445	Virtual
525	5.24000	308.045	891.122	849.375	Measured	281.073	814.632	837.789	Measured	319.164	754.563	876.618	Measured	397.951	805.432	935.184	Measured	358.983	828.439	868.484	Virtual	194.820	934.754	1017.363	Measured	232.504	940.679	1006.085	Measured	165.977	957.915	1061.221	Measured	206.045	1000.090	1014.377	Measured	308.956	851.197	844.781	Virtual	337.288	867.150	848.893	Virtual	296.052	872.195	878.369	Virtual	321.410	854.449	867.269	Virtual	313.144	876.269	851.455	Virtual
526	5.25000	308.060	890.842	849.255	Measured	281.460	814.181	837.918	Measured	319.820	754.357	876.959	Measured	398.283	805.726	934.855	Measured	359.269	828.384	868.375	Virtual	194.068	934.774	1016.602	Measured	232.066	940.459	1005.843	Measured	165.140	957.721	1060.470	Measured	206.222	999.723	1014.214	Measured	309.139	851.332	844.501	Virtual	337.596	866.945	849.027	Virtual	296.124	872.188	878.134	Virtual	321.402	854.264	867.137	Virtual	313.527	876.301	851.426	Virtual
527	5.26000	308.411	890.493	849.239	Measured	281.761	813.686	838.398	Measured	320.427	754.121	877.431	Measured	398.881	806.041	935.237	Measured	359.698	828.239	868.611	Virtual	193.526	934.786	1016.112	Measured	231.575	940.359	1005.719	Measured	164.091	957.599	1059.680	Measured	205.700	999.865	1014.119	Measured	310.303	851.914	844.890	Virtual	338.731	867.467	849.794	Virtual	296.949	872.648	878.467	Virtual	322.321	854.733	867.672	Virtual	314.650	876.848	851.968	Virtual
528	5.27000	308.907	890.149	849.553	Measured	282.097	813.276	839.018	Measured	321.123	753.882	877.997	Measured	399.538	806.204	935.146	Measured	360.198	828.052	868.775	Virtual	192.677	934.938	1015.430	Measured	230.978	940.407	1005.721	Measured	162.920	957.480	1058.975	Measured	205.155	999.956	1014.362	Measured	311.230	853.248	844.922	Virtual	339.665	868.620	850.331	Virtual	297.557	873.704	878.540	Virtual	322.979	855.783	867.877	Virtual	315.601	878.089	852.304	Virtual
529	5.28000	309.333	889.822	850.089	Measured	282.247	812.879	839.915	Measured	321.713	753.687	878.732	Measured	400.565	806.344	935.354	Measured	360.690	827.861	869.111	Virtual	192.101	935.122	1015.050	Measured	230.470	940.539	1005.884	Measured	161.734	957.452	1058.360	Measured	204.809	1000.150	1014.611	Measured	312.661	854.280	845.579	Virtual	341.073	869.507	851.495	Virtual	298.598	874.537	879.157	Virtual	324.101	856.601	868.713	Virtual	317.019	879.049	853.207	Virtual
530	5.29000	309.811	889.519	850.570	Measured	282.277	812.643	840.907	Measured	322.150	753.518	879.667	Measured	401.353	806.541	935.422	Measured	361.083	827.663	869.426	Virtual	191.570	935.315	1014.819	Measured	230.007	940.769	1006.158	Measured	160.568	957.401	1057.804	Measured	204.360	1000.414	1015.221	Measured	314.346	855.927	846.272	Virtual	342.705	871.022	852.753	Virtual	299.843	875.884	879.842	Virtual	325.452	857.989	869.592	Virtual	318.651	880.608	854.209	Virtual
531	5.30000	309.643	889.500	851.259	Measured	282.217	812.481	842.068	Measured	322.555	753.545	880.679	Measured	402.183	806.832	935.606	Measured	361.246	827.739	869.871	Virtual	191.100	935.644	1014.555	Measured	229.668	941.060	1006.579	Measured	159.526	957.458	1057.310	Measured	204.116	1000.735	1015.859	Measured	316.146	857.532	847.129	Virtual	344.459	872.445	854.201	Virtual	301.203	877.200	880.676	Virtual	326.899	859.309	870.636	Virtual	320.423	882.112	855.386	Virtual
532	5.31000	309.438	889.306	851.799	Measured	282.127	812.291	843.073	Measured	322.800	753.524	881.670	Measured	402.811	807.281	935.513	Measured	361.301	827.773	870.141	Virtual	190.795	936.040	1014.315	Measured	229.440	941.315	1006.826	Measured	158.713	957.648	1056.768	Measured	203.930	1001.151	1016.318	Measured	317.710	858.839	847.880	Virtual	345.979	873.597	855.439	Virtual	302.398	878.291	881.387	Virtual	328.162	860.391	871.539	Virtual	321.962	883.338	856.389	Virtual
533	5.32000	309.217	889.259	852.409	Measured	282.051	812.219	844.241	Measured	323.049	753.651	882.816	Measured	403.355	807.673	936.097	Measured	361.361	827.891	870.788	Virtual	190.528	936.487	1013.893	Measured	229.268	941.664	1007.004	Measured	157.902	957.956	1056.168	Measured	203.832	1001.656	1016.627	Measured	319.329	860.124	848.616	Virtual	347.550	874.714	856.665	Virtual	303.644	879.377	882.066	Virtual	329.470	861.454	872.424	Virtual	323.559	884.540	857.371	Virtual
534	5.33000	309.189	889.308	852.886	Measured	281.897	812.137	845.331	Measured	323.135	753.794	884.178	Measured	403.809	808.193	936.470	Measured	361.403	827.972	871.322	Virtual	190.276	937.078	1013.492	Measured	229.074	942.158	1007.105	Measured	157.153	958.381	1055.485	Measured	203.482	1002.277	1016.741	Measured	320.955	861.404	849.417	Virtual	349.086	875.940	857.869	Virtual	304.885	880.510	882.769	Virtual	330.813	862.617	873.349	Virtual	325.094	885.777	858.335	Virtual
535	5.34000	308.941	889.196	853.335	Measured	281.855	811.956	846.396	Measured	323.409	753.940	885.328	Measured	404.239	808.714	936.980	Measured	361.438	828.092	871.894	Virtual	190.090	937.676	1013.042	Measured	228.946	942.714	1007.039	Measured	156.556	958.964	1054.681	Measured	203.470	1002.876	1016.562	Measured	322.340	862.100	850.161	Virtual	350.416	876.537	858.956	Virtual	305.959	881.161	883.386	Virtual	331.940	863.223	874.202	Virtual	326.447	886.437	859.188	Virtual
536	5.35000	308.740	888.892	853.715	Measured	281.962	811.750	847.171	Measured	323.682	753.948	886.448	Measured	404.623	809.215	937.497	Measured	361.522	828.125	872.430	Virtual	189.882	938.351	1012.291	Measured	228.776	943.235	1006.755	Measured	156.054	959.604	1053.754	Measured	203.255	1003.531	1016.204	Measured	323.408	862.955	850.448	Virtual	351.432	877.314	859.532	Virtual	306.769	881.956	883.579	Virtual	332.796	863.993	874.576	Virtual	327.480	887.259	859.579	Virtual
537	5.36000	310.006	888.468	853.646	Measured	282.626	811.157	847.906	Measured	324.243	753.833	887.421	Measured	405.060	809.689	938.037	Measured	362.289	827.799	872.880	Virtual	189.688	938.894	1011.662	Measured	228.633	943.707	1006.318	Measured	155.653	960.301	1052.764	Measured	203.303	1004.076	1015.393	Measured	324.136	862.691	850.889	Virtual	352.136	877.002	860.122	Virtual	307.324	881.830	883.852	Virtual	333.363	863.773	875.077	Virtual	328.211	887.011	859.978	Virtual
538	5.37000	309.742	888.177	853.914	Measured	283.000	810.631	848.644	Measured	324.899	753.675	888.365	Measured	405.584	810.096	938.541	Measured	362.527	827.789	873.373	Virtual	189.425	939.508	1010.833	Measured	228.411	944.113	1005.750	Measured	155.212	961.013	1051.731	Measured	203.190	1004.571	1014.567	Measured	324.583	862.614	850.985	Virtual	352.572	876.852	860.365	Virtual	307.634	881.851	883.822	Virtual	333.670	863.702	875.226	Virtual	328.679	886.934	860.065	Virtual
539	5.38000	309.693	887.776	854.140	Measured	283.570	810.043	849.341	Measured	325.890	753.578	889.129	Measured	406.165	810.395	939.102	Measured	362.968	827.758	873.872	Virtual	189.178	939.943	1010.103	Measured	228.165	944.477	1005.228	Measured	154.695	961.670	1050.693	Measured	203.016	1005.013	1013.722	Measured	325.205	862.313	851.372	Virtual	353.160	876.526	860.891	Virtual	308.078	881.683	884.037	Virtual	334.135	863.458	875.669	Virtual	329.288	886.653	860.403	Virtual
540	5.39000	309.818	887.365	854.436	Measured	283.773	809.554	849.950	Measured	326.498	753.299	889.912	Measured	406.790	810.694	939.430	Measured	363.293	827.598	874.228	Virtual	188.801	940.371	1009.431	Measured	227.866	944.724	1004.779	Measured	154.224	962.195	1049.757	Measured	203.004	1005.346	1013.056	Measured	325.476	862.028	851.530	Virtual	353.438	876.113	861.217	Virtual	308.240	881.489	884.084	Virtual	334.262	863.139	875.881	Virtual	329.618	886.351	860.580	Virtual
541	5.40000	309.592	886.999	855.011	Measured	284.122	809.081	850.548	Measured	327.336	753.152	890.508	Measured	407.333	810.864	939.814	Measured	363.569	827.598	874.700	Virtual	188.578	940.413	1008.167	Measured	227.688	944.777	1003.909	Measured	153.794	962.594	1048.847	Measured	202.907	1005.600	1012.642	Measured	325.404	862.715	850.491	Virtual	353.400	876.578	860.397	Virtual	308.135	882.034	883.113	Virtual	334.093	863.603	874.886	Virtual	329.638	886.950	859.734	Virtual
542	5.41000	309.418	886.753	855.314	Measured	284.457	808.725	850.921	Measured	327.901	752.930	890.898	Measured	407.907	811.034	939.939	Measured	363.812	827.570	874.907	Virtual	188.234	940.479	1007.617	Measured	227.461	944.678	1003.708	Measured	153.414	962.839	1048.118	Measured	203.157	1005.677	1012.375	Measured	325.682	862.269	850.725	Virtual	353.710	875.888	860.875	Virtual	308.323	881.624	883.277	Virtual	334.199	863.019	875.185	Virtual	330.034	886.443	860.070	Virtual
543	5.42000	309.292	886.564	855.569	Measured	284.745	808.447	851.223	Measured	328.511	752.750	891.194	Measured	408.445	810.999	940.116	Measured	364.075	827.519	875.110	Virtual	188.131	940.628	1006.867	Measured	227.307	944.658	1003.163	Measured	153.049	963.045	1047.244	Measured	203.290	1005.721	1012.254	Measured	326.102	862.784	850.330	Virtual	354.142	876.150	860.779	Virtual	308.635	882.004	882.904	Virtual	334.450	863.297	874.854	Virtual	330.539	886.860	859.887	Virtual
544	5.43000	309.532	886.333	855.828	Measured	285.016	808.175	851.637	Measured	329.101	752.585	891.392	Measured	409.064	810.996	940.130	Measured	364.450	827.408	875.228	Virtual	187.869	940.912	1006.462	Measured	227.159	944.574	1003.008	Measured	152.726	963.257	1046.554	Measured	203.464	1005.809	1011.947	Measured	326.521	862.380	850.708	Virtual	354.566	875.568	861.370	Virtual	308.943	881.654	883.190	Virtual	334.703	862.809	875.290	Virtual	331.032	886.416	860.332	Virtual
545	5.44000	309.189	886.149	856.462	Measured	285.079	807.906	852.170	Measured	329.680	752.359	891.590	Measured	409.747	810.909	940.051	Measured	364.581	827.386	875.403	Virtual	187.711	941.078	1005.861	Measured	227.009	944.581	1002.643	Measured	152.271	963.461	1045.633	Measured	203.620	1005.852	1011.716	Measured	327.295	862.476	850.933	Virtual	355.316	875.457	861.906	Virtual	309.533	881.703	883.343	Virtual	335.257	862.749	875.589	Virtual	331.854	886.443	860.706	Virtual
546	5.45000	309.111	885.994	857.017	Measured	285.210	807.712	852.602	Measured	330.121	752.201	891.900	Measured	410.383	810.890	939.881	Measured	364.777	827.340	875.527	Virtual	187.502	941.427	1005.184	Measured	226.853	944.651	1002.239	Measured	152.039	963.763	1044.722	Measured	203.750	1006.031	1011.225	Measured	327.693	862.373	850.934	Virtual	355.710	875.190	862.108	Virtual	309.826	881.621	883.274	Virtual	335.503	862.554	875.639	Virtual	332.311	886.296	860.785	Virtual
547	5.46000	308.927	885.688	857.129	Measured	285.439	807.344	852.962	Measured	330.612	752.007	892.148	Measured	410.964	811.026	939.754	Measured	364.968	827.255	875.529	Virtual	187.379	941.750	1004.433	Measured	226.690	944.826	1001.781	Measured	151.605	964.148	1043.716	Measured	203.864	1006.237	1010.805	Measured	328.452	862.524	851.101	Virtual	356.435	875.165	862.558	Virtual	310.403	881.753	883.351	Virtual	336.051	862.584	875.873	Virtual	333.103	886.391	861.072	Virtual
548	5.47000	308.795	885.363	856.990	Measured	285.674	806.905	853.036	Measured	331.133	751.799	892.378	Measured	411.329	811.229	939.755	Measured	365.151	827.163	875.506	Virtual	187.214	942.248	1003.610	Measured	226.543	945.163	1001.251	Measured	151.342	964.620	1042.626	Measured	203.906	1006.595	1010.046	Measured	329.076	862.549	851.176	Virtual	357.021	875.107	862.813	Virtual	310.876	881.829	883.309	Virtual	336.515	862.586	875.996	Virtual	333.732	886.401	861.178	Virtual
549	5.48000	308.687	885.070	856.632	Measured	286.183	806.492	852.991	Measured	331.485	751.623	892.538	Measured	411.429	811.519	939.833	Measured	365.333	827.099	875.481	Virtual	187.069	942.738	1002.888	Measured	226.381	945.542	1000.620	Measured	150.994	965.187	1041.613	Measured	203.860	1007.010	1009.426	Measured	329.533	862.780	851.107	Virtual	357.446	875.252	862.912	Virtual	311.206	882.082	883.155	Virtual	336.833	862.775	875.968	Virtual	334.198	886.611	861.156	Virtual
550	5.49000	308.544	884.883	856.301	Measured	286.175	806.279	852.902	Measured	331.658	751.607	892.713	Measured	411.435	811.836	939.855	Measured	365.317	827.108	875.397	Virtual	186.895	943.242	1002.047	Measured	226.287	945.931	1000.091	Measured	150.659	965.645	1040.538	Measured	203.866	1007.474	1008.722	Measured	330.309	863.074	851.207	Virtual	358.165	875.477	863.219	Virtual	311.797	882.389	883.142	Virtual	337.433	863.033	876.120	Virtual	334.953	886.887	861.309	Virtual
551	5.50000	308.436	884.894	856.065	Measured	286.110	806.216	852.979	Measured	331.602	751.693	892.905	Measured	411.399	812.135	939.797	Measured	365.239	827.167	875.324	Virtual	186.896	943.765	1001.383	Measured	226.212	946.295	999.617	Measured	150.419	966.127	1039.583	Measured	203.962	1007.829	1008.384	Measured	331.075	863.650	851.213	Virtual	358.885	875.910	863.475	Virtual	312.398	882.905	883.087	Virtual	338.017	863.488	876.176	Virtual	335.728	887.407	861.440	Virtual
552	5.51000	308.317	885.036	855.992	Measured	285.774	806.355	853.077	Measured	331.315	751.870	893.019	Measured	411.334	812.322	939.579	Measured	365.033	827.258	875.197	Virtual	186.875	944.204	1000.675	Measured	226.240	946.567	999.241	Measured	150.183	966.475	1038.696	Measured	204.159	1008.199	1008.092	Measured	331.972	864.248	851.281	Virtual	359.728	876.348	863.821	Virtual	313.112	883.423	883.095	Virtual	338.715	863.945	876.298	Virtual	336.629	887.940	861.656	Virtual
553	5.52000	308.019	885.248	856.012	Measured	285.330	806.629	853.184	Measured	331.005	752.058	892.981	Measured	411.242	812.402	939.268	Measured	364.728	827.406	875.033	Virtual	187.038	944.640	1000.021	Measured	226.343	946.826	998.896	Measured	150.003	966.762	1037.804	Measured	204.471	1008.403	1008.065	Measured	333.151	865.175	851.348	Virtual	360.838	877.053	864.247	Virtual	314.071	884.186	883.131	Virtual	339.652	864.646	876.425	Virtual	337.813	888.765	861.953	Virtual
554	5.53000	307.195	885.444	856.099	Measured	284.992	806.899	853.163	Measured	330.672	752.251	892.860	Measured	411.358	812.398	938.770	Measured	364.317	827.616	874.757	Virtual	187.133	945.025	999.467	Measured	226.487	946.975	998.639	Measured	149.950	966.950	1037.112	Measured	204.855	1008.609	1008.090	Measured	334.003	865.954	851.261	Virtual	361.649	877.599	864.458	Virtual	314.776	884.813	883.046	Virtual	340.314	865.202	876.381	Virtual	338.698	889.439	862.082	Virtual
555	5.54000	307.434	885.159	855.598	Measured	285.038	806.631	853.033	Measured	330.929	752.106	892.662	Measured	411.688	812.448	938.084	Measured	364.501	827.408	874.221	Virtual	187.463	945.505	998.958	Measured	226.719	947.017	998.256	Measured	150.007	967.163	1036.269	Measured	205.412	1008.669	1008.316	Measured	335.043	866.919	851.066	Virtual	362.648	878.220	864.643	Virtual	315.658	885.561	882.883	Virtual	341.117	865.844	876.232	Virtual	339.803	890.249	862.191	Virtual
556	5.55000	307.222	884.778	855.176	Measured	285.366	806.258	852.364	Measured	331.453	751.774	891.864	Measured	411.943	812.303	937.589	Measured	364.665	827.292	873.695	Virtual	187.697	945.888	998.230	Measured	227.002	946.998	997.675	Measured	150.363	967.559	1035.518	Measured	206.284	1008.804	1007.683	Measured	335.025	866.316	850.509	Virtual	362.690	877.362	864.173	Virtual	315.719	885.048	882.320	Virtual	341.032	865.138	875.687	Virtual	339.949	889.582	861.694	Virtual
557	5.56000	307.394	884.354	854.616	Measured	286.021	805.685	851.615	Measured	332.309	751.343	891.088	Measured	412.397	812.265	937.050	Measured	365.141	827.117	873.117	Virtual	187.866	946.294	997.499	Measured	227.119	947.100	996.972	Measured	150.417	967.936	1034.503	Measured	206.592	1008.913	1007.339	Measured	335.550	866.705	850.046	Virtual	363.195	877.526	863.928	Virtual	316.164	885.361	881.854	Virtual	341.408	865.353	875.250	Virtual	340.534	889.881	861.390	Virtual
558	5.57000	307.589	883.952	854.176	Measured	286.324	805.199	850.993	Measured	332.872	751.017	890.352	Measured	412.663	812.161	936.559	Measured	365.433	826.917	872.600	Virtual	187.967	946.680	996.559	Measured	227.262	947.223	996.196	Measured	150.570	968.425	1033.443	Measured	207.051	1009.256	1006.120	Measured	335.685	865.808	849.765	Virtual	363.345	876.581	863.656	Virtual	316.309	884.675	881.454	Virtual	341.488	864.541	874.986	Virtual	340.737	889.013	861.019	Virtual
559	5.58000	307.576	883.707	853.670	Measured	286.805	804.820	850.401	Measured	333.480	750.764	889.746	Measured	412.921	812.127	936.173	Measured	365.722	826.842	872.151	Virtual	188.092	947.069	995.782	Measured	227.374	947.377	995.366	Measured	150.604	968.798	1032.397	Measured	207.333	1009.313	1005.603	Measured	336.036	866.093	849.138	Virtual	363.685	876.675	863.197	Virtual	316.610	884.909	880.827	Virtual	341.723	864.687	874.378	Virtual	341.147	889.224	860.518	Virtual
560	5.59000	307.813	883.368	853.040	Measured	287.121	804.471	849.747	Measured	333.823	750.545	889.285	Measured	413.135	812.190	935.731	Measured	365.989	826.672	871.630	Virtual	188.172	947.371	994.750	Measured	227.489	947.375	994.586	Measured	150.694	969.136	1031.346	Measured	207.739	1009.502	1004.693	Measured	336.240	865.700	848.610	Virtual	363.893	876.135	862.771	Virtual	316.799	884.591	880.246	Virtual	341.833	864.249	873.869	Virtual	341.427	888.798	860.024	Virtual
561	5.60000	307.985	883.086	852.563	Measured	287.444	804.096	849.276	Measured	334.353	750.328	888.792	Measured	413.349	812.138	935.396	Measured	366.272	826.532	871.231	Virtual	188.312	947.691	993.917	Measured	227.625	947.477	993.732	Measured	150.810	969.406	1030.301	Measured	208.249	1009.490	1004.236	Measured	336.506	866.019	847.754	Virtual	364.162	876.183	862.104	Virtual	317.046	884.821	879.430	Virtual	341.979	864.364	873.026	Virtual	341.789	889.006	859.344	Virtual
562	5.61000	308.199	882.818	852.087	Measured	287.814	803.843	848.855	Measured	334.784	750.107	888.291	Measured	413.716	812.140	934.970	Measured	366.591	826.405	870.775	Virtual	188.314	948.028	992.970	Measured	227.682	947.527	993.048	Measured	150.717	969.716	1029.237	Measured	208.459	1009.693	1003.554	Measured	337.006	866.041	847.455	Virtual	364.623	876.056	861.984	Virtual	317.447	884.846	879.068	Virtual	342.331	864.302	872.754	Virtual	342.318	888.978	859.131	Virtual
563	5.62000	308.308	882.640	852.028	Measured	288.163	803.599	848.595	Measured	335.357	749.895	887.804	Measured	414.181	811.941	934.502	Measured	366.908	826.310	870.444	Virtual	188.397	948.413	992.049	Measured	227.730	947.684	992.445	Measured	150.652	970.052	1028.151	Measured	208.875	1009.773	1003.234	Measured	337.733	866.500	847.133	Virtual	365.295	876.223	861.962	Virtual	318.039	885.200	878.726	Virtual	342.838	864.537	872.460	Virtual	343.100	889.314	859.024	Virtual
564	5.63000	308.342	882.458	852.169	Measured	288.393	803.365	848.535	Measured	335.860	749.655	887.412	Measured	414.797	811.868	933.845	Measured	367.163	826.238	870.090	Virtual	188.431	948.762	991.212	Measured	227.787	947.765	991.931	Measured	150.542	970.353	1027.195	Measured	209.066	1009.942	1002.826	Measured	338.424	866.786	847.011	Virtual	365.923	876.327	862.073	Virtual	318.591	885.434	878.547	Virtual	343.344	864.692	872.365	Virtual	343.806	889.525	859.038	Virtual
565	5.64000	308.383	882.411	852.400	Measured	288.591	803.218	848.625	Measured	336.301	749.546	887.058	Measured	415.255	811.781	933.473	Measured	367.377	826.247	869.931	Virtual	188.489	949.042	990.414	Measured	227.851	947.777	991.525	Measured	150.466	970.630	1026.270	Measured	209.490	1009.892	1002.523	Measured	339.099	866.765	847.020	Virtual	366.540	876.035	862.354	Virtual	319.140	885.379	878.496	Virtual	343.800	864.502	872.400	Virtual	344.538	889.402	859.212	Virtual
566	5.65000	308.360	882.274	852.541	Measured	288.678	803.026	848.705	Measured	336.628	749.445	886.906	Measured	415.630	811.899	933.119	Measured	367.496	826.253	869.769	Virtual	188.592	949.249	989.715	Measured	227.942	947.683	991.192	Measured	150.340	970.744	1025.404	Measured	209.814	1009.859	1002.409	Measured	340.022	867.043	847.138	Virtual	367.375	876.059	862.778	Virtual	319.884	885.559	878.558	Virtual	344.483	864.585	872.544	Virtual	345.476	889.568	859.529	Virtual
567	5.66000	308.158	882.144	852.678	Measured	288.761	802.844	848.848	Measured	336.988	749.455	886.861	Measured	415.829	812.012	933.021	Measured	367.537	826.321	869.764	Virtual	188.711	949.399	989.092	Measured	228.100	947.547	990.948	Measured	150.376	970.853	1024.683	Measured	210.365	1009.699	1002.624	Measured	340.800	867.453	847.049	Virtual	368.083	876.083	863.026	Virtual	320.529	885.807	878.478	Virtual	345.011	864.697	872.467	Virtual	346.324	889.803	859.722	Virtual
568	5.67000	308.064	881.944	852.619	Measured	288.891	802.591	848.934	Measured	337.417	749.418	887.140	Measured	416.077	812.314	932.894	Measured	367.652	826.338	869.718	Virtual	188.870	949.532	988.560	Measured	228.217	947.371	990.819	Measured	150.314	970.920	1024.093	Measured	210.874	1009.527	1002.917	Measured	341.625	867.836	847.144	Virtual	368.823	876.096	863.456	Virtual	321.204	886.032	878.568	Virtual	345.579	864.795	872.570	Virtual	347.201	890.016	860.091	Virtual
569	5.68000	307.913	881.773	852.643	Measured	289.037	802.299	849.017	Measured	337.819	749.263	887.178	Measured	416.286	812.482	932.870	Measured	367.739	826.335	869.720	Virtual	189.035	949.657	988.172	Measured	228.385	947.237	990.735	Measured	150.468	971.007	1023.632	Measured	211.338	1009.376	1003.226	Measured	342.268	868.182	847.136	Virtual	369.406	876.124	863.705	Virtual	321.749	886.242	878.574	Virtual	346.027	864.897	872.562	Virtual	347.899	890.214	860.311	Virtual
570	5.69000	307.671	881.547	852.766	Measured	289.111	802.047	849.054	Measured	338.096	749.115	887.199	Measured	416.486	812.615	932.766	Measured	367.747	826.322	869.699	Virtual	189.232	949.804	987.753	Measured	228.532	947.084	990.731	Measured	150.418	971.087	1023.095	Measured	211.805	1009.232	1003.658	Measured	343.301	868.656	847.491	Virtual	370.325	876.237	864.413	Virtual	322.592	886.547	878.901	Virtual	346.778	865.090	872.919	Virtual	348.953	890.513	860.944	Virtual
571	5.70000	307.401	881.444	852.877	Measured	289.130	801.902	849.031	Measured	338.357	749.007	886.902	Measured	416.578	812.590	932.619	Measured	367.710	826.358	869.622	Virtual	189.426	949.922	987.416	Measured	228.716	946.959	990.808	Measured	150.484	971.186	1022.670	Measured	212.259	1009.080	1004.116	Measured	344.248	869.045	847.868	Virtual	371.166	876.295	865.099	Virtual	323.373	886.791	879.251	Virtual	347.471	865.229	873.293	Virtual	349.920	890.744	861.567	Virtual
572	5.71000	307.107	881.473	853.087	Measured	288.924	801.939	849.069	Measured	338.253	748.954	886.759	Measured	416.526	812.548	932.397	Measured	367.508	826.401	869.558	Virtual	189.627	950.050	987.092	Measured	228.862	946.796	990.921	Measured	150.416	971.157	1022.187	Measured	212.602	1008.925	1004.704	Measured	345.514	869.778	848.414	Virtual	372.282	876.689	866.015	Virtual	324.396	887.307	879.756	Virtual	348.436	865.672	873.830	Virtual	351.158	891.296	862.406	Virtual
573	5.72000	306.773	881.665	853.327	Measured	288.544	802.078	849.196	Measured	338.077	749.041	886.565	Measured	416.507	812.489	932.041	Measured	367.238	826.516	869.429	Virtual	189.785	950.083	986.716	Measured	228.990	946.609	991.072	Measured	150.364	971.071	1021.706	Measured	212.963	1008.615	1005.320	Measured	346.760	870.438	848.957	Virtual	373.369	876.980	866.935	Virtual	325.398	887.743	880.258	Virtual	349.370	866.026	874.356	Virtual	352.378	891.760	863.257	Virtual
574	5.73000	306.410	881.862	853.780	Measured	288.111	802.277	849.479	Measured	337.744	749.152	886.578	Measured	416.461	812.431	931.823	Measured	366.907	826.632	869.466	Virtual	189.958	950.056	986.320	Measured	229.093	946.332	991.105	Measured	150.275	970.963	1021.246	Measured	213.214	1008.354	1005.838	Measured	347.846	871.034	849.362	Virtual	374.311	877.250	867.666	Virtual	326.267	888.131	880.629	Virtual	350.183	866.347	874.738	Virtual	353.434	892.178	863.935	Virtual
575	5.74000	306.351	881.550	853.882	Measured	288.167	801.930	849.832	Measured	338.073	748.976	886.800	Measured	416.839	812.488	931.614	Measured	367.009	826.472	869.431	Virtual	190.084	949.932	985.931	Measured	229.184	945.951	991.109	Measured	150.228	970.753	1020.741	Measured	213.508	1007.882	1006.452	Measured	348.884	871.597	849.669	Virtual	375.199	877.416	868.317	Virtual	327.095	888.453	880.921	Virtual	350.929	866.586	875.009	Virtual	354.458	892.525	864.556	Virtual
576	5.75000	306.425	881.012	854.164	Measured	288.576	801.288	850.092	Measured	338.811	748.557	886.843	Measured	417.356	812.431	931.610	Measured	367.347	826.214	869.535	Virtual	190.349	949.761	985.490	Measured	229.378	945.471	990.876	Measured	150.547	970.786	1020.307	Measured	214.219	1007.495	1006.330	Measured	348.973	870.603	849.552	Virtual	375.270	876.144	868.309	Virtual	327.216	887.532	880.787	Virtual	350.890	865.491	874.882	Virtual	354.667	891.435	864.529	Virtual
577	5.76000	306.489	880.326	854.355	Measured	289.230	800.534	850.296	Measured	339.747	748.059	886.991	Measured	417.955	812.447	931.739	Measured	367.805	825.925	869.690	Virtual	190.521	949.565	985.030	Measured	229.553	945.026	990.628	Measured	150.636	970.762	1019.675	Measured	214.570	1007.049	1006.427	Measured	349.620	870.236	849.756	Virtual	375.816	875.488	868.737	Virtual	327.748	887.119	880.936	Virtual	351.319	864.957	875.067	Virtual	355.342	890.938	864.902	Virtual
578	5.77000	306.641	879.872	854.529	Measured	289.629	800.038	850.529	Measured	340.375	747.717	887.273	Measured	418.441	812.424	931.904	Measured	368.161	825.681	869.865	Virtual	190.681	949.471	984.465	Measured	229.687	944.716	990.244	Measured	150.857	970.836	1019.126	Measured	215.215	1006.822	1006.049	Measured	349.590	869.324	849.466	Virtual	375.777	874.363	868.516	Virtual	327.761	886.299	880.625	Virtual	351.194	863.988	874.771	Virtual	355.417	889.959	864.661	Virtual
579	5.78000	306.722	879.618	854.630	Measured	289.899	799.731	850.801	Measured	340.807	747.502	887.494	Measured	418.797	812.304	931.981	Measured	368.407	825.494	869.981	Virtual	190.770	949.474	983.920	Measured	229.755	944.572	989.905	Measured	150.849	970.932	1018.423	Measured	215.295	1006.657	1006.042	Measured	350.287	869.529	849.552	Virtual	376.363	874.358	868.808	Virtual	328.311	886.413	880.658	Virtual	351.698	864.044	874.836	Virtual	356.090	890.055	864.904	Virtual
580	5.79000	306.650	879.439	854.872	Measured	290.058	799.501	851.184	Measured	341.091	747.363	887.710	Measured	419.162	812.196	932.063	Measured	368.540	825.373	870.139	Virtual	190.911	949.553	983.435	Measured	229.805	944.460	989.619	Measured	150.859	971.095	1017.788	Measured	215.592	1006.632	1005.854	Measured	350.782	869.264	849.725	Virtual	376.774	873.923	869.136	Virtual	328.714	886.163	880.757	Virtual	352.030	863.705	875.002	Virtual	356.594	889.722	865.164	Virtual
581	5.80000	305.449	878.365	856.220	Measured	290.251	799.295	851.456	Measured	341.394	747.196	887.797	Measured	419.498	812.056	932.052	Measured	368.234	825.361	870.555	Virtual	191.038	949.622	983.004	Measured	229.877	944.363	989.369	Measured	150.878	971.213	1017.124	Measured	215.846	1006.474	1005.889	Measured	351.481	869.323	849.949	Virtual	377.357	873.749	869.569	Virtual	329.275	886.158	880.917	Virtual	352.523	863.619	875.203	Virtual	357.282	889.667	865.542	Virtual
582	5.81000	304.652	877.479	856.665	Measured	290.456	799.086	851.711	Measured	341.782	747.072	887.949	Measured	419.870	812.042	932.018	Measured	368.127	825.274	870.692	Virtual	191.179	949.672	982.591	Measured	229.970	944.208	989.186	Measured	150.910	971.316	1016.622	Measured	216.142	1006.372	1005.946	Measured	352.029	869.302	850.109	Virtual	377.809	873.507	869.903	Virtual	329.720	886.089	881.030	Virtual	352.895	863.468	875.340	Virtual	357.834	889.541	865.837	Virtual
583	5.82000	304.908	877.375	856.948	Measured	290.577	798.783	852.006	Measured	342.145	746.963	888.168	Measured	420.218	812.047	932.105	Measured	368.363	825.170	870.856	Virtual	191.314	949.770	982.182	Measured	230.025	944.052	989.097	Measured	150.945	971.447	1016.132	Measured	216.454	1006.188	1006.089	Measured	352.619	869.247	850.394	Virtual	378.285	873.184	870.391	Virtual	330.193	885.982	881.258	Virtual	353.275	863.259	875.595	Virtual	358.432	889.358	866.282	Virtual
584	5.83000	304.695	877.055	857.344	Measured	290.738	798.534	852.420	Measured	342.501	746.878	888.450	Measured	420.490	812.172	932.229	Measured	368.420	825.146	871.098	Virtual	191.425	949.866	981.786	Measured	230.052	943.939	988.981	Measured	150.937	971.556	1015.649	Measured	216.588	1006.083	1006.197	Measured	353.248	869.382	850.673	Virtual	378.799	873.114	870.855	Virtual	330.689	886.048	881.478	Virtual	353.717	863.263	875.847	Virtual	359.038	889.388	866.701	Virtual
585	5.84000	304.808	877.007	857.479	Measured	290.869	798.339	852.666	Measured	342.816	746.853	888.746	Measured	420.699	812.379	932.404	Measured	368.580	825.160	871.273	Virtual	191.514	949.909	981.466	Measured	230.117	943.771	988.866	Measured	150.947	971.657	1015.239	Measured	216.906	1005.875	1006.307	Measured	353.643	869.214	850.853	Virtual	379.102	872.706	871.194	Virtual	331.005	885.848	881.617	Virtual	353.940	862.966	875.998	Virtual	359.452	889.108	867.014	Virtual
586	5.85000	305.036	877.133	857.322	Measured	291.007	798.174	852.884	Measured	343.056	746.754	889.061	Measured	420.824	812.623	932.637	Measured	368.769	825.152	871.392	Virtual	191.634	949.956	981.097	Measured	230.161	943.628	988.684	Measured	151.007	971.696	1014.827	Measured	217.100	1005.707	1006.466	Measured	354.106	869.457	850.833	Virtual	379.473	872.715	871.327	Virtual	331.376	885.988	881.585	Virtual	354.247	863.048	875.939	Virtual	359.912	889.223	867.150	Virtual
587	5.86000	305.150	877.187	857.085	Measured	291.116	797.972	852.998	Measured	343.353	746.759	889.281	Measured	420.920	812.849	932.750	Measured	368.913	825.167	871.412	Virtual	191.765	950.007	980.795	Measured	230.238	943.489	988.549	Measured	151.088	971.761	1014.509	Measured	217.430	1005.505	1006.604	Measured	354.411	869.471	850.793	Virtual	379.706	872.491	871.412	Virtual	331.631	885.939	881.541	Virtual	354.415	862.921	875.862	Virtual	360.243	889.118	867.245	Virtual
588	5.87000	305.232	877.172	856.903	Measured	291.217	797.807	852.995	Measured	343.530	746.684	889.350	Measured	421.000	813.015	932.804	Measured	369.015	825.152	871.387	Virtual	191.870	950.086	980.541	Measured	230.252	943.375	988.556	Measured	151.065	971.787	1014.200	Measured	217.588	1005.318	1006.935	Measured	355.018	869.798	851.067	Virtual	380.192	872.573	871.867	Virtual	332.107	886.146	881.782	Virtual	354.834	863.075	876.090	Virtual	360.823	889.307	867.691	Virtual
589	5.88000	305.455	877.348	856.578	Measured	291.333	797.690	852.833	Measured	343.688	746.649	889.202	Measured	421.035	813.087	932.768	Measured	369.167	825.160	871.245	Virtual	191.987	950.117	980.453	Measured	230.297	943.226	988.665	Measured	151.067	971.753	1013.994	Measured	217.742	1005.103	1007.329	Measured	355.641	870.030	851.488	Virtual	380.698	872.595	872.455	Virtual	332.601	886.276	882.162	Virtual	355.283	863.160	876.469	Virtual	361.412	889.420	868.263	Virtual
590	5.89000	304.416	875.822	857.912	Measured	291.420	797.606	852.617	Measured	343.875	746.615	888.939	Measured	421.028	813.134	932.626	Measured	368.760	825.194	871.517	Virtual	192.102	950.134	980.454	Measured	230.344	943.036	988.841	Measured	151.010	971.650	1013.821	Measured	217.850	1004.757	1007.902	Measured	356.400	870.437	852.023	Virtual	381.313	872.745	873.192	Virtual	333.197	886.527	882.655	Virtual	355.835	863.373	876.947	Virtual	362.119	889.674	868.991	Virtual
591	5.90000	304.568	876.029	857.697	Measured	291.606	797.516	852.316	Measured	344.053	746.531	888.570	Measured	421.075	813.178	932.461	Measured	368.902	825.252	871.314	Virtual	192.254	950.085	980.441	Measured	230.406	942.802	988.973	Measured	151.041	971.536	1013.695	Measured	218.045	1004.416	1008.428	Measured	357.001	870.700	852.391	Virtual	381.796	872.758	873.723	Virtual	333.678	886.657	883.001	Virtual	356.260	863.458	877.258	Virtual	362.693	889.791	869.532	Virtual
592	5.91000	304.641	875.940	857.726	Measured	291.743	797.463	852.086	Measured	344.315	746.514	888.275	Measured	421.063	813.243	932.353	Measured	368.991	825.318	871.231	Virtual	192.396	950.066	980.363	Measured	230.480	942.579	989.033	Measured	151.079	971.395	1013.504	Measured	218.182	1004.090	1008.915	Measured	357.656	871.139	852.664	Virtual	382.329	872.948	874.160	Virtual	334.201	886.933	883.258	Virtual	356.742	863.705	877.469	Virtual	363.307	890.076	869.988	Virtual
593	5.92000	304.604	875.914	857.717	Measured	291.883	797.349	852.014	Measured	344.489	746.473	888.265	Measured	421.188	813.433	932.307	Measured	369.058	825.373	871.193	Virtual	192.542	950.090	980.187	Measured	230.539	942.451	988.989	Measured	151.100	971.358	1013.213	Measured	218.340	1003.867	1009.113	Measured	358.189	871.313	852.892	Virtual	382.761	872.942	874.518	Virtual	334.630	887.022	883.450	Virtual	357.132	863.757	877.654	Virtual	363.810	890.146	870.339	Virtual
594	5.93000	304.881	876.224	857.621	Measured	291.897	797.277	852.251	Measured	344.714	746.506	888.456	Measured	421.328	813.595	932.318	Measured	369.227	825.429	871.212	Virtual	192.688	950.149	979.922	Measured	230.628	942.366	988.817	Measured	151.154	971.362	1012.828	Measured	218.443	1003.755	1009.149	Measured	358.708	871.529	852.997	Virtual	383.191	873.023	874.732	Virtual	335.051	887.164	883.517	Virtual	357.531	863.878	877.725	Virtual	364.292	890.282	870.541	Virtual
595	5.94000	305.001	876.296	857.676	Measured	291.999	797.139	852.673	Measured	345.009	746.545	888.755	Measured	421.560	813.768	932.427	Measured	369.386	825.457	871.349	Virtual	192.820	950.149	979.582	Measured	230.695	942.242	988.581	Measured	151.184	971.336	1012.426	Measured	218.625	1003.582	1009.059	Measured	359.053	871.524	852.949	Virtual	383.468	872.887	874.769	Virtual	335.333	887.119	883.441	Virtual	357.775	863.795	877.648	Virtual	364.625	890.206	870.573	Virtual
596	5.95000	305.181	876.433	857.678	Measured	292.085	797.042	853.001	Measured	345.216	746.523	889.061	Measured	421.882	813.917	932.395	Measured	369.567	825.448	871.384	Virtual	192.953	950.057	979.204	Measured	230.753	942.025	988.317	Measured	151.283	971.243	1012.066	Measured	218.775	1003.325	1009.089	Measured	359.368	871.661	852.735	Virtual	383.716	872.845	874.641	Virtual	335.593	887.163	883.231	Virtual	357.989	863.809	877.390	Virtual	364.934	890.237	870.473	Virtual
597	5.96000	305.265	876.396	857.724	Measured	292.167	796.924	853.153	Measured	345.538	746.491	889.144	Measured	422.127	814.021	932.432	Measured	369.717	825.459	871.427	Virtual	193.063	949.897	978.975	Measured	230.802	941.717	988.208	Measured	151.292	971.022	1011.767	Measured	218.896	1002.882	1009.308	Measured	359.843	871.797	852.805	Virtual	384.089	872.770	874.833	Virtual	335.969	887.180	883.284	Virtual	358.322	863.795	877.403	Virtual	365.380	890.244	870.685	Virtual
598	5.97000	305.485	876.396	857.762	Measured	292.943	796.833	853.337	Measured	345.845	746.406	889.159	Measured	422.414	814.041	932.361	Measured	370.096	825.448	871.466	Virtual	193.209	949.726	978.860	Measured	230.854	941.342	988.184	Measured	151.339	970.770	1011.575	Measured	219.101	1002.395	1009.656	Measured	360.276	871.867	852.913	Virtual	384.422	872.595	875.060	Virtual	336.317	887.129	883.386	Virtual	358.610	863.701	877.447	Virtual	365.798	890.169	870.946	Virtual
599	5.98000	305.452	876.211	857.797	Measured	292.811	796.659	853.235	Measured	346.164	746.298	889.100	Measured	422.680	814.061	932.343	Measured	370.156	825.401	871.415	Virtual	193.301	949.535	978.786	Measured	230.897	940.922	988.278	Measured	151.344	970.476	1011.461	Measured	219.209	1001.904	1010.093	Measured	360.768	871.967	853.188	Virtual	384.802	872.465	875.464	Virtual	336.702	887.101	883.641	Virtual	358.949	863.640	877.657	Virtual	366.257	890.128	871.374	Virtual
600	5.99000	305.533	876.119	857.801	Measured	293.318	796.536	853.159	Measured	346.456	746.199	889.022	Measured	422.890	814.023	932.276	Measured	370.406	825.372	871.391	Virtual	193.444	949.353	978.758	Measured	230.963	940.588	988.380	Measured	151.405	970.213	1011.386	Measured	219.448	1001.407	1010.554	Measured	361.218	872.075	853.390	Virtual	385.151	872.328	875.779	Virtual	337.067	887.081	883.839	Virtual	359.256	863.582	877.791	Virtual	366.689	890.087	871.729	Virtual
601	6.00000	305.604	876.108	857.775	Measured	293.393	796.498	853.009	Measured	346.724	746.134	888.882	Measured	423.070	814.077	932.191	Measured	370.531	825.404	871.304	Virtual	193.638	949.224	978.711	Measured	231.091	940.324	988.463	Measured	151.522	970.041	1011.316	Measured	219.610	1001.069	1010.967	Measured	361.758	872.297	853.635	Virtual	385.594	872.357	876.128	Virtual	337.512	887.183	884.068	Virtual	359.669	863.664	877.977	Virtual	367.194	890.186	872.104	Virtual
602	6.01000	305.527	876.002	857.922	Measured	293.498	796.413	853.063	Measured	346.926	746.121	888.822	Measured	423.218	814.112	932.111	Measured	370.580	825.429	871.306	Virtual	193.863	949.202	978.705	Measured	231.226	940.180	988.582	Measured	151.637	969.966	1011.256	Measured	219.824	1000.808	1011.383	Measured	362.322	872.561	853.946	Virtual	386.058	872.430	876.544	Virtual	337.981	887.338	884.356	Virtual	360.103	863.795	878.228	Virtual	367.723	890.330	872.541	Virtual
603	6.02000	305.514	875.934	858.047	Measured	293.344	796.065	853.596	Measured	347.384	746.240	888.746	Measured	423.461	814.274	931.986	Measured	370.618	825.469	871.302	Virtual	194.142	949.250	978.702	Measured	231.466	940.087	988.678	Measured	151.850	969.957	1011.223	Measured	220.133	1000.636	1011.795	Measured	362.888	872.901	854.157	Virtual	386.537	872.579	876.844	Virtual	338.470	887.567	884.558	Virtual	360.554	864.002	878.380	Virtual	368.264	890.549	872.874	Virtual
604	6.03000	305.537	875.890	858.225	Measured	293.395	795.951	853.807	Measured	347.595	746.178	888.941	Measured	423.685	814.422	931.889	Measured	370.699	825.470	871.340	Virtual	194.462	949.338	978.744	Measured	231.697	940.013	988.808	Measured	152.113	969.985	1011.247	Measured	220.498	1000.483	1012.212	Measured	363.388	873.165	854.358	Virtual	386.961	872.650	877.121	Virtual	338.912	887.739	884.756	Virtual	360.947	864.143	878.524	Virtual	368.754	890.696	873.187	Virtual
605	6.04000	305.541	875.745	858.289	Measured	293.578	795.746	853.969	Measured	348.024	746.203	889.053	Measured	423.949	814.654	931.828	Measured	370.852	825.515	871.351	Virtual	194.769	949.368	978.857	Measured	231.956	939.869	988.974	Measured	152.360	969.934	1011.302	Measured	220.812	1000.182	1012.751	Measured	363.970	873.533	854.610	Virtual	387.449	872.792	877.463	Virtual	339.415	887.973	885.009	Virtual	361.405	864.354	878.704	Virtual	369.312	890.919	873.580	Virtual
606	6.05000	305.514	875.672	858.364	Measured	293.709	795.638	854.042	Measured	348.285	746.187	889.090	Measured	424.136	814.856	931.793	Measured	370.941	825.576	871.361	Virtual	195.070	949.312	978.969	Measured	232.207	939.651	989.189	Measured	152.696	969.774	1011.502	Measured	221.241	999.838	1013.297	Measured	364.341	873.774	854.648	Virtual	387.766	872.813	877.548	Virtual	339.762	888.091	885.087	Virtual	361.694	864.446	878.677	Virtual	369.693	891.020	873.743	Virtual
607	6.06000	305.525	875.670	858.343	Measured	293.849	795.601	854.103	Measured	348.478	746.242	889.144	Measured	424.288	815.068	931.691	Measured	371.031	825.657	871.314	Virtual	195.310	949.196	979.162	Measured	232.405	939.339	989.422	Measured	152.825	969.542	1011.596	Measured	221.410	999.361	1013.956	Measured	364.989	874.140	855.064	Virtual	388.299	872.943	878.071	Virtual	340.299	888.292	885.490	Virtual	362.199	864.637	879.008	Virtual	370.293	891.226	874.315	Virtual
608	6.07000	305.417	875.675	858.358	Measured	293.808	795.627	854.123	Measured	348.606	746.347	889.090	Measured	424.426	815.214	931.549	Measured	371.019	825.763	871.231	Virtual	195.540	948.977	979.280	Measured	232.560	938.976	989.603	Measured	153.032	969.208	1011.773	Measured	221.740	998.838	1014.535	Measured	365.325	874.346	855.095	Virtual	388.572	872.912	878.151	Virtual	340.598	888.348	885.559	Virtual	362.445	864.677	878.961	Virtual	370.629	891.275	874.484	Virtual
609	6.08000	305.351	875.779	858.251	Measured	293.829	795.721	854.048	Measured	348.581	746.416	888.958	Measured	424.495	815.340	931.348	Measured	371.005	825.864	871.074	Virtual	195.710	948.725	979.383	Measured	232.685	938.572	989.720	Measured	153.128	968.881	1011.852	Measured	221.907	998.245	1015.095	Measured	365.731	874.572	855.229	Virtual	388.889	872.895	878.359	Virtual	340.933	888.414	885.709	Virtual	362.736	864.730	879.011	Virtual	371.013	891.338	874.766	Virtual
610	6.09000	305.307	875.813	858.121	Measured	293.801	795.771	853.851	Measured	348.679	746.478	888.640	Measured	424.566	815.403	930.972	Measured	370.999	825.948	870.794	Virtual	195.872	948.444	979.402	Measured	232.747	938.091	989.780	Measured	153.177	968.481	1011.944	Measured	222.075	997.706	1015.583	Measured	366.011	874.762	855.210	Virtual	389.101	872.861	878.390	Virtual	341.164	888.447	885.721	Virtual	362.927	864.757	878.912	Virtual	371.281	891.374	874.881	Virtual
611	6.10000	305.267	875.886	857.960	Measured	293.918	795.833	853.520	Measured	348.804	746.501	888.214	Measured	424.686	815.483	930.573	Measured	371.049	826.062	870.474	Virtual	195.993	948.124	979.426	Measured	232.805	937.604	989.839	Measured	153.272	968.026	1012.012	Measured	222.213	996.954	1016.090	Measured	366.289	874.993	855.125	Virtual	389.302	872.825	878.358	Virtual	341.390	888.493	885.677	Virtual	363.102	864.796	878.731	Virtual	371.549	891.421	874.953	Virtual
612	6.11000	305.296	876.004	857.720	Measured	294.001	795.920	853.134	Measured	348.946	746.527	887.763	Measured	424.829	815.515	930.163	Measured	371.131	826.162	870.113	Virtual	196.095	947.768	979.386	Measured	232.802	937.054	989.805	Measured	153.289	967.472	1012.045	Measured	222.309	996.264	1016.540	Measured	366.519	875.308	854.915	Virtual	389.469	872.896	878.187	Virtual	341.571	888.605	885.516	Virtual	363.250	864.921	878.427	Virtual	371.764	891.558	874.893	Virtual
613	6.12000	305.196	876.099	857.618	Measured	294.014	796.015	852.893	Measured	349.039	746.581	887.287	Measured	425.001	815.592	929.657	Measured	371.129	826.295	869.751	Virtual	196.162	947.362	979.365	Measured	232.839	936.420	989.837	Measured	153.301	966.877	1012.022	Measured	222.400	995.374	1016.971	Measured	366.831	875.381	854.897	Virtual	389.689	872.704	878.230	Virtual	341.813	888.498	885.517	Virtual	363.446	864.808	878.309	Virtual	372.052	891.447	875.028	Virtual
614	6.13000	305.132	876.149	857.605	Measured	293.995	796.118	852.608	Measured	349.156	746.654	886.826	Measured	425.082	815.607	929.256	Measured	371.120	826.423	869.473	Virtual	196.265	946.937	979.222	Measured	232.859	935.849	989.707	Measured	153.342	966.272	1011.931	Measured	222.447	994.660	1017.317	Measured	367.156	875.707	854.668	Virtual	389.944	872.809	878.043	Virtual	342.072	888.618	885.323	Virtual	363.689	864.953	877.986	Virtual	372.345	891.604	874.942	Virtual
615	6.14000	304.920	876.157	857.358	Measured	293.944	796.182	852.299	Measured	349.150	746.654	886.427	Measured	425.187	815.730	928.730	Measured	371.034	826.508	869.055	Virtual	196.334	946.578	979.092	Measured	232.877	935.311	989.581	Measured	153.397	965.764	1011.830	Measured	222.613	993.898	1017.628	Measured	367.332	875.828	854.382	Virtual	390.052	872.668	877.789	Virtual	342.211	888.567	885.078	Virtual	363.772	864.895	877.602	Virtual	372.519	891.543	874.798	Virtual
616	6.15000	304.849	876.165	857.249	Measured	293.945	796.183	852.014	Measured	349.260	746.667	886.007	Measured	425.258	815.743	928.220	Measured	371.020	826.568	868.703	Virtual	196.452	946.289	978.926	Measured	232.926	934.870	989.454	Measured	153.476	965.360	1011.664	Measured	222.697	993.321	1017.869	Measured	367.681	876.000	854.285	Virtual	390.322	872.638	877.740	Virtual	342.493	888.591	884.987	Virtual	364.027	864.922	877.422	Virtual	372.839	891.569	874.819	Virtual
617	6.16000	304.733	876.088	857.081	Measured	293.811	795.974	852.020	Measured	349.513	746.726	885.505	Measured	425.421	815.882	927.725	Measured	370.976	826.624	868.336	Virtual	196.582	946.073	978.859	Measured	232.999	934.441	989.359	Measured	153.588	965.021	1011.659	Measured	222.907	992.719	1018.178	Measured	367.796	876.144	853.990	Virtual	390.386	872.538	877.458	Virtual	342.595	888.589	884.741	Virtual	364.067	864.908	877.039	Virtual	372.968	891.546	874.647	Virtual
618	6.17000	304.693	876.087	856.823	Measured	293.943	795.943	851.699	Measured	349.788	746.800	885.028	Measured	425.528	815.864	927.344	Measured	371.059	826.699	867.997	Virtual	196.701	945.797	978.797	Measured	233.074	934.010	989.343	Measured	153.679	964.641	1011.571	Measured	223.045	992.082	1018.547	Measured	368.178	876.291	854.027	Virtual	390.674	872.450	877.549	Virtual	342.904	888.586	884.779	Virtual	364.335	864.899	876.981	Virtual	373.321	891.528	874.814	Virtual
619	6.18000	304.624	876.114	856.683	Measured	293.887	795.948	851.432	Measured	349.911	746.857	884.679	Measured	425.593	815.986	927.051	Measured	371.041	826.807	867.738	Virtual	196.844	945.466	978.757	Measured	233.151	933.481	989.328	Measured	153.767	964.151	1011.585	Measured	223.232	991.306	1019.082	Measured	368.528	876.639	853.912	Virtual	390.930	872.492	877.471	Virtual	343.189	888.715	884.696	Virtual	364.569	865.035	876.738	Virtual	373.649	891.654	874.864	Virtual
620	6.19000	304.557	876.304	856.477	Measured	293.783	796.101	851.175	Measured	349.758	746.985	884.381	Measured	425.475	816.057	926.819	Measured	370.940	826.937	867.507	Virtual	196.945	945.079	978.758	Measured	233.179	932.862	989.362	Measured	153.807	963.557	1011.596	Measured	223.311	990.430	1019.675	Measured	368.953	877.000	853.940	Virtual	391.242	872.539	877.549	Virtual	343.521	888.838	884.740	Virtual	364.861	865.174	876.629	Virtual	374.032	891.781	875.068	Virtual
621	6.20000	304.290	876.484	856.237	Measured	293.582	796.278	850.939	Measured	349.548	747.126	884.138	Measured	425.311	816.240	926.477	Measured	370.718	827.109	867.216	Virtual	197.021	944.658	978.742	Measured	233.159	932.241	989.430	Measured	153.742	962.898	1011.631	Measured	223.278	989.485	1020.288	Measured	369.426	877.497	854.031	Virtual	391.593	872.728	877.694	Virtual	343.879	889.067	884.838	Virtual	365.199	865.438	876.572	Virtual	374.442	892.038	875.340	Virtual
622	6.21000	304.110	876.736	856.008	Measured	293.317	796.432	850.752	Measured	349.342	747.282	883.881	Measured	425.128	816.379	926.216	Measured	370.511	827.273	866.969	Virtual	197.107	944.252	978.737	Measured	233.146	931.594	989.490	Measured	153.750	962.256	1011.609	Measured	223.270	988.536	1020.883	Measured	369.938	877.876	854.191	Virtual	391.972	872.790	877.913	Virtual	344.271	889.197	884.991	Virtual	365.562	865.593	876.582	Virtual	374.890	892.176	875.678	Virtual
623	6.22000	303.892	876.813	855.822	Measured	293.153	796.471	850.613	Measured	349.273	747.375	883.630	Measured	425.057	816.574	925.768	Measured	370.339	827.394	866.650	Virtual	197.172	943.831	978.738	Measured	233.121	931.012	989.559	Measured	153.640	961.704	1011.610	Measured	223.210	987.687	1021.455	Measured	370.421	878.196	854.452	Virtual	392.324	872.832	878.233	Virtual	344.631	889.297	885.229	Virtual	365.902	865.717	876.706	Virtual	375.303	892.283	876.095	Virtual
624	6.23000	303.633	876.667	855.832	Measured	293.128	796.403	850.603	Measured	349.432	747.440	883.443	Measured	425.134	816.709	925.517	Measured	370.256	827.473	866.504	Virtual	197.266	943.482	978.734	Measured	233.130	930.458	989.649	Measured	153.646	961.196	1011.486	Measured	223.285	986.798	1021.939	Measured	370.981	878.279	854.809	Virtual	392.731	872.619	878.662	Virtual	345.062	889.204	885.540	Virtual	366.291	865.619	876.924	Virtual	375.796	892.153	876.603	Virtual
625	6.24000	303.620	876.608	855.731	Measured	292.887	796.062	850.739	Measured	349.815	747.408	883.226	Measured	425.352	816.882	925.258	Measured	370.262	827.467	866.302	Virtual	197.376	943.176	978.760	Measured	233.123	929.968	989.683	Measured	153.632	960.752	1011.396	Measured	223.300	986.124	1022.348	Measured	371.451	878.401	855.103	Virtual	393.082	872.518	879.010	Virtual	345.425	889.175	885.797	Virtual	366.633	865.598	877.108	Virtual	376.205	892.109	877.015	Virtual
626	6.25000	303.529	876.404	855.804	Measured	292.965	795.833	850.859	Measured	350.183	747.360	883.202	Measured	425.604	817.093	925.062	Measured	370.326	827.482	866.224	Virtual	197.466	942.843	978.696	Measured	233.132	929.425	989.677	Measured	153.661	960.274	1011.356	Measured	223.346	985.350	1022.728	Measured	371.780	878.530	855.157	Virtual	393.310	872.395	879.093	Virtual	345.678	889.136	885.846	Virtual	366.848	865.567	877.044	Virtual	376.497	892.050	877.195	Virtual
627	6.26000	303.435	876.349	855.938	Measured	293.060	795.783	851.089	Measured	350.400	747.365	883.267	Measured	425.824	817.229	924.977	Measured	370.378	827.534	866.246	Virtual	197.534	942.468	978.649	Measured	233.125	928.814	989.592	Measured	153.663	959.745	1011.288	Measured	223.432	984.568	1023.082	Measured	372.012	878.584	855.097	Virtual	393.454	872.196	879.046	Virtual	345.853	889.028	885.792	Virtual	366.977	865.464	876.866	Virtual	376.705	891.917	877.253	Virtual
628	6.27000	303.490	876.450	855.967	Measured	293.102	795.844	851.319	Measured	350.472	747.435	883.487	Measured	425.924	817.383	924.929	Measured	370.433	827.596	866.278	Virtual	197.535	941.967	978.508	Measured	233.046	928.137	989.463	Measured	153.618	959.047	1011.087	Measured	223.335	983.556	1023.462	Measured	372.435	878.862	855.120	Virtual	393.749	872.181	879.102	Virtual	346.161	889.070	885.796	Virtual	367.266	865.540	876.735	Virtual	377.060	891.962	877.428	Virtual
629	6.28000	303.374	876.492	856.086	Measured	293.073	795.928	851.609	Measured	350.521	747.491	883.701	Measured	426.111	817.524	924.858	Measured	370.418	827.664	866.318	Virtual	197.500	941.397	978.358	Measured	232.941	927.366	989.243	Measured	153.505	958.348	1011.011	Measured	223.362	982.516	1023.777	Measured	372.435	878.886	854.750	Virtual	393.676	871.908	878.713	Virtual	346.131	888.894	885.466	Virtual	367.175	865.380	876.228	Virtual	377.057	891.760	877.191	Virtual
630	6.29000	303.544	876.840	855.952	Measured	293.058	795.962	851.812	Measured	350.616	747.509	883.824	Measured	426.249	817.650	924.739	Measured	370.521	827.726	866.250	Virtual	197.443	940.808	978.212	Measured	232.792	926.536	989.101	Measured	153.386	957.539	1010.785	Measured	223.187	981.290	1024.181	Measured	372.832	879.074	854.807	Virtual	393.921	871.755	878.802	Virtual	346.398	888.828	885.495	Virtual	367.412	865.346	876.104	Virtual	377.378	891.680	877.415	Virtual
631	6.30000	303.446	876.836	856.004	Measured	293.154	795.962	851.992	Measured	350.356	747.360	884.236	Measured	426.405	817.804	924.673	Measured	370.490	827.653	866.282	Virtual	197.352	940.228	978.058	Measured	232.581	925.755	988.930	Measured	153.187	956.807	1010.594	Measured	223.049	980.216	1024.516	Measured	373.023	879.099	854.771	Virtual	393.990	871.482	878.780	Virtual	346.498	888.649	885.443	Virtual	367.472	865.187	875.915	Virtual	377.518	891.474	877.516	Virtual
632	6.31000	303.427	876.839	856.119	Measured	293.167	795.948	852.121	Measured	350.625	747.410	884.153	Measured	426.499	818.010	924.646	Measured	370.529	827.782	866.303	Virtual	197.251	939.685	977.902	Measured	232.380	924.994	988.863	Measured	152.972	956.078	1010.408	Measured	222.813	979.145	1024.925	Measured	373.401	879.240	854.990	Virtual	394.217	871.325	879.035	Virtual	346.740	888.569	885.613	Virtual	367.695	865.139	875.966	Virtual	377.811	891.378	877.879	Virtual
633	6.32000	303.349	876.889	856.168	Measured	293.296	796.024	852.230	Measured	350.610	747.485	884.266	Measured	426.514	818.229	924.678	Measured	370.525	827.898	866.361	Virtual	197.124	939.231	977.915	Measured	232.149	924.362	988.849	Measured	152.712	955.508	1010.264	Measured	222.581	978.244	1025.259	Measured	373.639	879.161	855.299	Virtual	394.323	871.011	879.379	Virtual	346.867	888.344	885.869	Virtual	367.798	864.924	876.146	Virtual	377.980	891.120	878.295	Virtual
634	6.33000	303.190	876.942	856.468	Measured	293.094	796.198	852.418	Measured	350.671	747.800	884.378	Measured	426.418	818.480	924.711	Measured	370.382	828.147	866.498	Virtual	196.823	938.716	978.000	Measured	231.835	923.735	988.926	Measured	152.401	954.886	1010.120	Measured	222.200	977.378	1025.680	Measured	373.880	879.084	855.807	Virtual	394.427	870.731	879.934	Virtual	346.977	888.125	886.303	Virtual	367.906	864.724	876.530	Virtual	378.133	890.882	878.902	Virtual
635	6.34000	302.886	877.229	856.491	Measured	292.890	796.421	852.672	Measured	350.270	747.907	884.790	Measured	426.186	818.782	924.857	Measured	370.111	828.311	866.644	Virtual	196.617	938.280	978.020	Measured	231.537	923.143	989.076	Measured	152.092	954.322	1009.959	Measured	221.847	976.592	1026.086	Measured	374.276	878.962	856.508	Virtual	394.662	870.416	880.704	Virtual	347.215	887.881	886.901	Virtual	368.148	864.491	877.109	Virtual	378.420	890.611	879.698	Virtual
636	6.35000	302.615	877.474	856.882	Measured	292.458	796.719	853.065	Measured	349.863	748.153	885.163	Measured	426.087	819.038	924.852	Measured	369.788	828.522	866.820	Virtual	196.375	937.848	978.051	Measured	231.287	922.602	989.094	Measured	151.730	953.740	1009.807	Measured	221.449	975.781	1026.521	Measured	374.626	879.250	856.973	Virtual	394.873	870.488	881.210	Virtual	347.418	887.971	887.292	Virtual	368.370	864.628	877.429	Virtual	378.665	890.713	880.275	Virtual
637	6.36000	302.203	877.724	857.228	Measured	292.156	796.943	853.506	Measured	349.504	748.389	885.574	Measured	425.945	819.297	924.946	Measured	369.455	828.739	867.050	Virtual	196.260	937.454	978.031	Measured	231.046	922.074	989.218	Measured	151.472	953.151	1009.732	Measured	221.090	974.986	1026.904	Measured	375.033	879.460	857.495	Virtual	395.146	870.508	881.772	Virtual	347.681	888.004	887.734	Virtual	368.656	864.705	877.817	Virtual	378.966	890.757	880.895	Virtual
638	6.37000	302.064	877.999	857.488	Measured	291.747	797.198	853.995	Measured	349.224	748.620	885.859	Measured	425.885	819.546	924.895	Measured	369.213	828.927	867.165	Virtual	196.086	937.045	978.017	Measured	230.780	921.506	989.255	Measured	151.181	952.549	1009.645	Measured	220.797	974.157	1027.270	Measured	375.262	879.617	857.808	Virtual	395.257	870.450	882.102	Virtual	347.797	887.985	887.995	Virtual	368.774	864.723	877.993	Virtual	379.116	890.734	881.308	Virtual
639	6.38000	301.765	878.239	857.704	Measured	291.425	797.419	854.341	Measured	349.008	748.831	886.036	Measured	425.736	819.732	924.927	Measured	368.942	829.131	867.294	Virtual	195.874	936.615	978.068	Measured	230.479	920.968	989.403	Measured	150.843	951.995	1009.525	Measured	220.353	973.358	1027.708	Measured	375.671	879.705	858.529	Virtual	395.508	870.343	882.879	Virtual	348.043	887.916	888.610	Virtual	369.040	864.687	878.576	Virtual	379.404	890.658	882.125	Virtual
640	6.39000	301.547	878.508	857.836	Measured	291.126	797.663	854.598	Measured	348.721	749.071	886.202	Measured	425.564	819.919	924.929	Measured	368.693	829.329	867.374	Virtual	195.708	936.228	978.121	Measured	230.200	920.451	989.546	Measured	150.565	951.466	1009.460	Measured	220.012	972.633	1028.068	Measured	375.953	879.689	859.089	Virtual	395.665	870.160	883.476	Virtual	348.200	887.775	889.089	Virtual	369.208	864.570	879.021	Virtual	379.595	890.504	882.763	Virtual
641	6.40000	301.186	878.742	858.083	Measured	290.792	797.916	854.831	Measured	348.407	749.340	886.398	Measured	425.302	820.164	924.989	Measured	368.356	829.580	867.522	Virtual	195.510	935.816	978.179	Measured	229.936	919.947	989.737	Measured	150.175	950.952	1009.321	Measured	219.582	971.897	1028.538	Measured	376.462	879.775	859.983	Virtual	396.000	870.064	884.438	Virtual	348.526	887.714	889.851	Virtual	369.565	864.541	879.775	Virtual	379.965	890.436	883.747	Virtual
642	6.41000	300.876	878.912	858.240	Measured	290.472	798.105	855.073	Measured	348.186	749.578	886.582	Measured	425.145	820.401	925.028	Measured	368.080	829.783	867.622	Virtual	195.313	935.389	978.180	Measured	229.625	919.321	989.934	Measured	149.838	950.445	1009.212	Measured	219.158	971.184	1028.845	Measured	376.768	879.381	860.787	Virtual	396.152	869.531	885.308	Virtual	348.687	887.263	890.535	Virtual	369.731	864.084	880.481	Virtual	380.166	889.940	884.612	Virtual
643	6.42000	300.664	879.103	858.409	Measured	290.179	798.269	855.421	Measured	347.939	749.751	886.930	Measured	425.062	820.659	924.981	Measured	367.849	829.927	867.713	Virtual	195.141	934.891	978.134	Measured	229.371	918.684	990.007	Measured	149.551	949.828	1009.085	Measured	218.850	970.328	1029.092	Measured	376.992	879.162	861.234	Virtual	396.254	869.145	885.784	Virtual	348.800	886.935	890.905	Virtual	369.844	863.772	880.816	Virtual	380.307	889.587	885.130	Virtual
644	6.43000	300.633	879.237	858.727	Measured	289.893	798.396	855.951	Measured	347.898	749.972	887.088	Measured	425.144	820.791	924.864	Measured	367.733	830.052	867.807	Virtual	194.889	934.293	978.081	Measured	229.031	917.940	989.996	Measured	149.193	949.118	1008.926	Measured	218.426	969.339	1029.367	Measured	377.148	878.975	861.625	Virtual	396.281	868.758	886.194	Virtual	348.839	886.608	891.221	Virtual	369.883	863.471	881.072	Virtual	380.377	889.236	885.603	Virtual
645	6.44000	300.108	879.310	859.450	Measured	289.651	798.540	856.496	Measured	347.748	750.028	887.404	Measured	425.258	820.901	924.722	Measured	367.429	830.199	868.035	Virtual	194.638	933.629	977.975	Measured	228.666	917.092	989.911	Measured	148.813	948.244	1008.724	Measured	218.001	968.187	1029.692	Measured	377.349	878.987	861.916	Virtual	396.345	868.518	886.486	Virtual	348.911	886.412	891.442	Virtual	369.961	863.326	881.191	Virtual	380.481	889.030	885.999	Virtual
646	6.45000	300.060	879.549	859.989	Measured	289.337	798.749	857.176	Measured	347.547	750.129	887.625	Measured	425.436	820.873	924.518	Measured	367.285	830.269	868.175	Virtual	194.243	932.938	977.797	Measured	228.191	916.264	989.825	Measured	148.345	947.430	1008.498	Measured	217.432	967.053	1029.933	Measured	377.399	878.823	862.218	Virtual	396.257	868.126	886.795	Virtual	348.838	886.080	891.666	Virtual	369.888	863.029	881.337	Virtual	380.438	888.674	886.392	Virtual
647	6.46000	299.639	879.708	860.951	Measured	289.010	799.003	857.854	Measured	347.322	750.280	887.936	Measured	425.575	820.870	924.428	Measured	366.982	830.447	868.513	Virtual	193.850	932.232	977.576	Measured	227.751	915.390	989.537	Measured	147.750	946.559	1008.168	Measured	216.780	965.869	1030.150	Measured	377.503	878.987	862.398	Virtual	396.221	868.032	886.968	Virtual	348.802	886.004	891.768	Virtual	369.874	863.023	881.328	Virtual	380.432	888.604	886.680	Virtual
648	6.47000	299.544	879.925	861.702	Measured	288.689	799.238	858.696	Measured	347.179	750.462	888.310	Measured	425.772	820.962	924.314	Measured	366.817	830.594	868.794	Virtual	193.415	931.611	977.406	Measured	227.232	914.608	989.411	Measured	147.194	945.774	1007.732	Measured	216.087	964.814	1030.336	Measured	377.754	878.877	863.005	Virtual	396.292	867.708	887.616	Virtual	348.873	885.730	892.237	Virtual	369.974	862.788	881.767	Virtual	380.541	888.310	887.376	Virtual
649	6.48000	299.351	880.071	862.414	Measured	288.370	799.413	859.628	Measured	346.989	750.654	888.985	Measured	425.959	821.111	924.425	Measured	366.622	830.701	869.209	Virtual	193.019	931.008	977.144	Measured	226.715	913.882	989.237	Measured	146.586	945.017	1007.307	Measured	215.421	963.838	1030.412	Measured	377.917	878.794	863.449	Virtual	396.303	867.445	888.091	Virtual	348.879	885.491	892.561	Virtual	370.013	862.593	882.062	Virtual	380.576	888.067	887.895	Virtual
650	6.49000	299.202	880.151	863.273	Measured	288.219	799.609	860.535	Measured	347.008	750.846	889.681	Measured	426.109	821.345	924.568	Measured	366.503	830.872	869.702	Virtual	192.590	930.460	976.918	Measured	226.170	913.189	989.077	Measured	146.002	944.323	1006.873	Measured	214.728	962.906	1030.430	Measured	378.022	878.599	863.913	Virtual	396.257	867.084	888.591	Virtual	348.835	885.172	892.904	Virtual	369.993	862.304	882.391	Virtual	380.560	887.729	888.426	Virtual
651	6.50000	299.070	880.138	863.866	Measured	288.154	799.661	861.394	Measured	347.082	751.076	890.477	Measured	426.355	821.641	924.888	Measured	366.465	830.989	870.192	Virtual	192.109	929.890	976.582	Measured	225.632	912.523	988.861	Measured	145.387	943.624	1006.385	Measured	213.999	962.033	1030.445	Measured	378.141	878.529	864.337	Virtual	396.230	866.860	889.049	Virtual	348.798	884.961	893.203	Virtual	369.998	862.137	882.677	Virtual	380.551	887.518	888.915	Virtual
652	6.51000	298.949	880.275	864.255	Measured	288.072	799.719	862.406	Measured	347.155	751.235	891.327	Measured	426.543	822.004	925.170	Measured	366.416	831.095	870.629	Virtual	191.617	929.316	976.276	Measured	225.065	911.941	988.485	Measured	144.773	942.992	1005.891	Measured	213.270	961.209	1030.361	Measured	378.067	878.522	864.459	Virtual	396.049	866.710	889.181	Virtual	348.610	884.812	893.239	Virtual	369.841	862.034	882.676	Virtual	380.381	887.376	889.095	Virtual
653	6.52000	298.974	880.240	864.942	Measured	288.033	799.720	863.239	Measured	347.322	751.448	892.070	Measured	426.792	822.263	925.417	Measured	366.442	831.190	871.110	Virtual	191.151	928.716	975.952	Measured	224.517	911.220	988.327	Measured	144.128	942.257	1005.432	Measured	212.543	960.360	1030.284	Measured	378.124	878.202	864.924	Virtual	395.975	866.288	889.692	Virtual	348.526	884.401	893.578	Virtual	369.798	861.651	883.038	Virtual	380.318	886.963	889.604	Virtual
654	6.53000	298.972	880.492	865.372	Measured	287.847	799.830	864.228	Measured	347.280	751.566	892.783	Measured	427.072	822.506	925.463	Measured	366.392	831.260	871.423	Virtual	190.635	928.070	975.582	Measured	223.933	910.548	987.953	Measured	143.537	941.518	1004.882	Measured	211.817	959.437	1030.185	Measured	378.085	878.113	865.073	Virtual	395.818	866.047	889.853	Virtual	348.362	884.167	893.631	Virtual	369.668	861.464	883.055	Virtual	380.174	886.732	889.813	Virtual
655	6.54000	298.651	880.676	866.192	Measured	287.527	799.933	865.080	Measured	347.292	751.770	893.260	Measured	427.249	822.581	925.440	Measured	366.170	831.418	871.790	Virtual	190.159	927.442	975.232	Measured	223.433	909.801	987.668	Measured	142.929	940.688	1004.403	Measured	211.088	958.483	1030.090	Measured	378.120	878.088	865.300	Virtual	395.744	865.890	890.092	Virtual	348.269	883.981	893.756	Virtual	369.625	861.340	883.153	Virtual	380.096	886.572	890.095	Virtual
656	6.55000	298.503	881.055	866.943	Measured	287.195	800.197	866.040	Measured	347.134	751.880	893.570	Measured	427.550	822.544	925.191	Measured	365.991	831.543	872.017	Virtual	189.673	926.797	974.884	Measured	222.859	909.120	987.353	Measured	142.311	939.925	1003.895	Measured	210.374	957.522	1029.990	Measured	378.093	877.996	865.498	Virtual	395.600	865.648	890.300	Virtual	348.117	883.742	893.854	Virtual	369.511	861.150	883.218	Virtual	379.963	886.337	890.350	Virtual
657	6.56000	298.216	881.332	867.803	Measured	286.780	800.460	866.738	Measured	346.910	752.031	893.702	Measured	427.649	822.434	924.859	Measured	365.682	831.697	872.202	Virtual	189.263	926.163	974.470	Measured	222.390	908.359	987.115	Measured	141.729	939.169	1003.415	Measured	209.691	956.647	1029.891	Measured	378.178	877.721	865.864	Virtual	395.560	865.261	890.697	Virtual	348.068	883.360	894.098	Virtual	369.503	860.805	883.470	Virtual	379.931	885.957	890.759	Virtual
658	6.57000	297.982	881.502	868.275	Measured	286.730	800.637	867.332	Measured	346.641	752.175	893.776	Measured	427.731	822.430	924.436	Measured	365.477	831.797	872.219	Virtual	188.786	925.575	974.137	Measured	221.807	907.747	986.853	Measured	141.120	938.463	1002.862	Measured	208.993	955.787	1029.769	Measured	378.207	877.556	866.209	Virtual	395.462	864.974	891.069	Virtual	347.962	883.079	894.322	Virtual	369.439	860.563	883.695	Virtual	379.842	885.677	891.150	Virtual
659	6.58000	297.862	881.838	868.814	Measured	286.611	800.883	867.744	Measured	346.329	752.341	893.706	Measured	427.698	822.381	924.009	Measured	365.270	831.964	872.227	Virtual	188.319	925.038	973.815	Measured	221.321	907.141	986.570	Measured	140.535	937.872	1002.362	Measured	208.225	955.006	1029.718	Measured	378.288	877.482	866.633	Virtual	395.407	864.766	891.519	Virtual	347.900	882.882	894.615	Virtual	369.420	860.407	883.987	Virtual	379.798	885.477	891.622	Virtual
660	6.59000	297.453	882.128	869.099	Measured	286.411	801.102	868.197	Measured	346.025	752.577	893.460	Measured	427.637	822.380	923.788	Measured	364.963	832.181	872.228	Virtual	187.874	924.502	973.321	Measured	220.861	906.627	986.313	Measured	140.017	937.259	1001.909	Measured	207.645	954.323	1029.605	Measured	378.255	877.426	866.759	Virtual	395.290	864.621	891.657	Virtual	347.769	882.715	894.655	Virtual	369.330	860.284	884.019	Virtual	379.676	885.328	891.783	Virtual
661	6.60000	297.355	882.450	869.584	Measured	285.812	801.418	868.593	Measured	345.565	752.750	893.575	Measured	427.560	822.332	923.467	Measured	364.618	832.300	872.264	Virtual	187.563	924.059	972.999	Measured	220.507	906.055	986.114	Measured	139.589	936.690	1001.544	Measured	207.093	953.554	1029.550	Measured	378.344	877.376	867.031	Virtual	395.269	864.434	891.933	Virtual	347.747	882.544	894.828	Virtual	369.338	860.153	884.167	Virtual	379.667	885.151	892.100	Virtual
662	6.61000	296.918	882.665	870.057	Measured	285.424	801.684	869.023	Measured	345.216	752.978	893.588	Measured	427.469	822.429	923.219	Measured	364.223	832.521	872.331	Virtual	187.309	923.661	972.709	Measured	220.235	905.695	985.923	Measured	139.263	936.162	1001.208	Measured	206.723	953.107	1029.440	Measured	378.395	877.452	867.113	Virtual	395.284	864.488	892.028	Virtual	347.731	882.526	894.854	Virtual	369.376	860.185	884.198	Virtual	379.653	885.182	892.200	Virtual
663	6.62000	296.745	882.940	870.276	Measured	285.032	801.995	869.407	Measured	344.892	753.164	893.668	Measured	427.305	822.435	922.965	Measured	363.929	832.654	872.327	Virtual	187.150	923.380	972.536	Measured	220.091	905.436	985.781	Measured	139.069	935.828	1001.038	Measured	206.445	952.755	1029.321	Measured	378.383	877.482	867.093	Virtual	395.257	864.499	892.008	Virtual	347.685	882.492	894.808	Virtual	369.361	860.184	884.145	Virtual	379.608	885.179	892.191	Virtual
664	6.63000	296.769	883.565	870.285	Measured	284.717	802.282	869.515	Measured	344.581	753.306	893.854	Measured	427.350	822.515	922.841	Measured	363.814	832.824	872.290	Virtual	187.038	923.247	972.450	Measured	220.018	905.436	985.700	Measured	138.953	935.698	1000.885	Measured	206.329	952.955	1029.038	Measured	378.271	877.284	867.004	Virtual	395.203	864.467	891.967	Virtual	347.590	882.357	894.726	Virtual	369.309	860.050	884.152	Virtual	379.503	885.110	892.062	Virtual
665	6.64000	296.267	883.948	870.659	Measured	283.831	802.491	870.230	Measured	344.252	753.518	894.031	Measured	427.184	822.583	922.485	Measured	363.241	832.992	872.313	Virtual	187.015	923.245	972.442	Measured	220.010	905.550	985.744	Measured	138.922	935.825	1000.902	Measured	206.297	953.188	1028.883	Measured	378.163	877.005	867.013	Virtual	395.125	864.298	892.011	Virtual	347.503	882.169	894.743	Virtual	369.227	859.833	884.237	Virtual	379.412	884.931	892.039	Virtual
666	6.65000	296.011	884.276	871.189	Measured	283.206	802.930	870.585	Measured	343.747	753.835	894.335	Measured	426.990	822.660	922.176	Measured	362.800	833.214	872.394	Virtual	186.987	923.325	972.513	Measured	220.007	905.713	985.808	Measured	138.998	936.064	1000.996	Measured	206.519	953.735	1028.644	Measured	377.760	876.268	866.731	Virtual	394.819	863.767	891.767	Virtual	347.203	881.647	894.532	Virtual	368.894	859.233	884.126	Virtual	379.101	884.395	891.688	Virtual
667	6.66000	295.404	884.581	871.911	Measured	282.509	803.448	871.321	Measured	343.136	754.137	894.404	Measured	426.757	822.993	921.834	Measured	362.141	833.594	872.528	Virtual	187.013	923.411	972.603	Measured	220.038	905.725	986.001	Measured	139.065	936.342	1001.147	Measured	206.591	953.963	1028.590	Measured	377.606	875.515	866.905	Virtual	394.660	863.084	891.979	Virtual	347.080	881.068	894.706	Virtual	368.720	858.569	884.376	Virtual	378.981	883.742	891.827	Virtual
668	6.67000	295.348	885.370	872.104	Measured	281.859	803.967	871.725	Measured	342.688	754.470	894.438	Measured	426.834	822.883	921.066	Measured	361.819	833.816	872.260	Virtual	187.005	923.442	972.670	Measured	220.002	905.765	986.084	Measured	139.128	936.537	1001.255	Measured	206.804	954.218	1028.485	Measured	377.266	874.773	866.731	Virtual	394.362	862.431	891.820	Virtual	346.816	880.497	894.581	Virtual	368.397	857.920	884.301	Virtual	378.714	883.112	891.611	Virtual
669	6.68000	294.985	885.580	872.640	Measured	281.405	804.502	872.095	Measured	342.230	754.706	894.402	Measured	426.693	823.087	920.366	Measured	361.351	834.104	872.132	Virtual	186.997	923.402	972.712	Measured	219.999	905.685	986.108	Measured	139.156	936.535	1001.328	Measured	206.791	954.099	1028.545	Measured	377.219	874.670	866.729	Virtual	394.304	862.287	891.807	Virtual	346.774	880.394	894.585	Virtual	368.335	857.807	884.283	Virtual	378.674	882.983	891.618	Virtual
670	6.69000	294.560	885.718	873.047	Measured	280.927	804.865	872.079	Measured	341.888	754.890	894.216	Measured	426.658	823.071	919.832	Measured	360.954	834.308	871.977	Virtual	186.936	923.311	972.846	Measured	219.975	905.634	986.221	Measured	139.083	936.558	1001.377	Measured	206.770	954.218	1028.510	Measured	377.107	874.185	866.904	Virtual	394.205	861.896	892.018	Virtual	346.676	880.013	894.753	Virtual	368.232	857.388	884.524	Virtual	378.575	882.590	891.761	Virtual
671	6.70000	294.269	885.751	873.413	Measured	280.563	805.133	872.265	Measured	341.520	755.082	894.024	Measured	426.594	823.151	919.195	Measured	360.583	834.468	871.785	Virtual	186.852	923.310	972.912	Measured	219.942	905.775	986.223	Measured	139.059	936.584	1001.476	Measured	206.709	954.277	1028.505	Measured	376.955	874.423	866.720	Virtual	394.100	862.163	891.817	Virtual	346.554	880.224	894.607	Virtual	368.123	857.622	884.358	Virtual	378.445	882.839	891.572	Virtual
672	6.71000	293.968	885.793	873.598	Measured	280.283	805.290	872.359	Measured	341.452	755.221	893.877	Measured	426.583	823.261	918.822	Measured	360.340	834.622	871.657	Virtual	186.836	923.410	973.024	Measured	219.946	905.967	986.354	Measured	139.043	936.749	1001.598	Measured	206.728	954.812	1028.375	Measured	376.776	874.140	866.750	Virtual	393.999	862.087	891.892	Virtual	346.424	880.074	894.663	Virtual	368.015	857.444	884.522	Virtual	378.304	882.730	891.540	Virtual
673	6.72000	293.733	885.828	873.805	Measured	280.074	805.423	872.633	Measured	341.370	755.406	893.935	Measured	426.596	823.471	918.446	Measured	360.119	834.767	871.577	Virtual	186.841	923.617	973.312	Measured	220.103	906.381	986.522	Measured	139.198	937.063	1001.903	Measured	206.934	955.430	1028.297	Measured	376.473	874.106	866.477	Virtual	393.832	862.257	891.624	Virtual	346.227	880.153	894.482	Virtual	367.827	857.506	884.396	Virtual	378.087	882.861	891.204	Virtual
674	6.73000	293.864	886.453	873.379	Measured	279.920	805.476	872.983	Measured	341.379	755.644	894.185	Measured	426.307	824.150	919.016	Measured	360.100	835.094	871.771	Virtual	186.927	923.886	973.645	Measured	220.264	906.844	986.855	Measured	139.342	937.511	1002.363	Measured	207.188	956.295	1028.222	Measured	376.105	873.753	866.359	Virtual	393.618	862.192	891.533	Virtual	345.987	880.008	894.454	Virtual	367.588	857.311	884.484	Virtual	377.823	882.756	890.989	Virtual
675	6.74000	293.659	886.722	873.525	Measured	279.632	805.599	873.596	Measured	341.341	755.937	894.476	Measured	426.441	824.125	918.443	Measured	359.887	835.160	871.644	Virtual	187.003	924.155	974.061	Measured	220.408	907.241	987.259	Measured	139.560	937.996	1002.891	Measured	207.584	956.975	1028.305	Measured	375.671	873.202	866.245	Virtual	393.305	861.830	891.421	Virtual	345.689	879.672	894.438	Virtual	367.241	856.898	884.535	Virtual	377.509	882.390	890.799	Virtual
676	6.75000	293.448	886.975	873.797	Measured	279.431	805.813	874.277	Measured	341.145	756.230	894.920	Measured	426.431	824.677	918.370	Measured	359.642	835.437	871.808	Virtual	186.979	924.346	974.405	Measured	220.563	907.727	987.608	Measured	139.482	938.238	1003.538	Measured	207.919	957.590	1028.295	Measured	375.040	873.345	865.657	Virtual	392.896	862.219	890.785	Virtual	345.237	879.904	894.017	Virtual	366.803	857.141	884.122	Virtual	377.019	882.715	890.130	Virtual
677	6.76000	293.402	887.310	874.250	Measured	279.077	806.023	875.033	Measured	340.890	756.563	895.207	Measured	426.460	824.661	917.911	Measured	359.385	835.557	871.848	Virtual	187.112	924.458	974.808	Measured	220.613	907.879	987.998	Measured	140.045	938.474	1003.988	Measured	208.175	957.919	1028.437	Measured	374.836	872.719	865.738	Virtual	392.757	861.699	890.867	Virtual	345.124	879.446	894.154	Virtual	366.638	856.613	884.307	Virtual	376.897	882.207	890.159	Virtual
678	6.77000	293.275	887.581	874.593	Measured	278.771	806.324	875.529	Measured	340.650	756.811	895.217	Measured	426.625	824.693	917.442	Measured	359.164	835.725	871.780	Virtual	186.884	924.470	975.257	Measured	220.532	907.896	988.229	Measured	140.010	938.515	1004.569	Measured	208.401	958.187	1028.501	Measured	373.914	872.211	865.094	Virtual	392.015	861.333	890.156	Virtual	344.395	879.070	893.681	Virtual	365.855	856.199	883.803	Virtual	376.139	881.828	889.451	Virtual
679	6.78000	293.353	887.969	875.033	Measured	278.554	806.688	875.848	Measured	340.408	756.954	894.956	Measured	426.646	824.675	916.878	Measured	359.002	835.938	871.666	Virtual	186.878	924.398	975.574	Measured	220.411	907.753	988.558	Measured	140.004	938.648	1005.118	Measured	208.415	958.221	1028.839	Measured	373.488	871.602	865.200	Virtual	391.615	860.721	890.242	Virtual	344.041	878.567	893.835	Virtual	365.431	855.635	883.949	Virtual	375.782	881.250	889.538	Virtual
680	6.79000	293.031	888.024	875.356	Measured	278.769	807.609	875.476	Measured	340.223	757.020	894.506	Measured	426.672	824.505	916.255	Measured	358.906	836.224	871.409	Virtual	186.642	924.224	975.978	Measured	220.229	907.526	988.840	Measured	140.151	938.526	1005.535	Measured	208.525	958.144	1029.010	Measured	372.840	870.774	864.994	Virtual	391.047	859.941	889.999	Virtual	343.514	877.869	893.721	Virtual	364.832	854.875	883.822	Virtual	375.242	880.491	889.294	Virtual
681	6.80000	292.977	888.194	875.599	Measured	278.632	808.000	875.491	Measured	340.052	757.036	894.002	Measured	426.709	824.390	915.571	Measured	358.758	836.371	871.119	Virtual	186.491	924.133	976.366	Measured	220.082	907.311	989.199	Measured	140.042	938.550	1006.018	Measured	208.549	958.074	1029.244	Measured	372.298	869.994	865.070	Virtual	390.541	859.178	890.057	Virtual	343.055	877.215	893.849	Virtual	364.301	854.154	883.952	Virtual	374.777	879.760	889.342	Virtual
682	6.81000	292.804	888.312	875.855	Measured	278.476	808.290	875.465	Measured	339.705	757.101	893.605	Measured	426.657	824.239	915.168	Measured	358.544	836.488	870.969	Virtual	186.322	924.057	976.845	Measured	219.928	907.233	989.540	Measured	140.029	938.793	1006.576	Measured	208.775	958.300	1029.313	Measured	371.364	868.651	864.864	Virtual	389.715	857.960	889.825	Virtual	342.297	876.149	893.752	Virtual	363.428	852.963	883.899	Virtual	374.002	878.578	889.055	Virtual
683	6.82000	292.728	888.512	876.091	Measured	278.130	808.391	875.600	Measured	339.408	757.241	893.337	Measured	426.528	824.127	914.686	Measured	358.277	836.571	870.806	Virtual	186.195	924.097	977.306	Measured	219.796	907.248	989.903	Measured	140.065	939.175	1007.216	Measured	208.996	958.616	1029.439	Measured	370.421	867.455	864.653	Virtual	388.879	856.865	889.578	Virtual	341.538	875.218	893.653	Virtual	362.545	851.910	883.828	Virtual	373.222	877.524	888.766	Virtual
684	6.83000	292.548	888.769	876.530	Measured	277.800	808.707	875.878	Measured	338.983	757.345	893.261	Measured	426.326	823.978	914.387	Measured	357.955	836.693	870.835	Virtual	185.975	924.081	977.831	Measured	219.641	907.244	990.332	Measured	140.028	939.535	1007.873	Measured	209.167	958.928	1029.581	Measured	369.424	866.142	864.557	Virtual	387.992	855.682	889.455	Virtual	340.723	874.193	893.660	Virtual	361.613	850.757	883.888	Virtual	372.386	876.378	888.581	Virtual
685	6.84000	292.365	889.050	876.862	Measured	277.367	808.971	876.392	Measured	338.575	757.495	893.235	Measured	426.218	823.883	914.043	Measured	357.607	836.797	870.831	Virtual	185.716	923.976	978.349	Measured	219.338	907.083	990.788	Measured	139.892	939.670	1008.463	Measured	209.142	958.981	1029.860	Measured	368.616	865.050	864.714	Virtual	387.236	854.645	889.596	Virtual	340.032	873.303	893.876	Virtual	360.826	849.769	884.135	Virtual	371.684	875.379	888.684	Virtual
686	6.85000	292.393	889.556	877.281	Measured	277.006	809.282	876.958	Measured	338.209	757.641	893.310	Measured	426.116	823.826	913.672	Measured	357.347	836.950	870.866	Virtual	185.356	923.715	978.819	Measured	218.984	906.774	991.151	Measured	139.564	939.470	1008.975	Measured	208.836	958.704	1030.257	Measured	368.025	864.625	864.898	Virtual	386.672	854.205	889.754	Virtual	339.490	872.904	894.100	Virtual	360.250	849.351	884.331	Virtual	371.136	874.953	888.863	Virtual
687	6.86000	292.527	890.040	877.609	Measured	276.743	809.522	877.405	Measured	337.937	757.722	893.397	Measured	426.318	823.593	913.483	Measured	357.276	837.007	870.934	Virtual	184.896	923.224	979.339	Measured	218.501	906.249	991.537	Measured	139.074	939.050	1009.439	Measured	208.396	958.102	1030.773	Measured	367.477	864.084	865.280	Virtual	386.103	853.592	890.120	Virtual	338.949	872.355	894.492	Virtual	359.675	848.788	884.685	Virtual	370.600	874.365	889.263	Virtual
688	6.87000	292.350	890.233	878.112	Measured	276.493	809.690	877.792	Measured	337.665	757.788	893.510	Measured	426.254	823.577	913.148	Measured	357.003	837.106	870.999	Virtual	184.400	922.702	979.753	Measured	217.954	905.586	991.874	Measured	138.581	938.531	1009.725	Measured	207.893	957.296	1031.320	Measured	367.097	863.523	865.812	Virtual	385.636	852.877	890.652	Virtual	338.525	871.753	894.993	Virtual	359.208	848.169	885.136	Virtual	370.193	873.697	889.845	Virtual
689	6.88000	292.383	890.431	878.449	Measured	276.219	809.777	878.299	Measured	337.464	757.837	893.591	Measured	426.241	823.455	912.920	Measured	356.832	837.115	871.066	Virtual	183.912	922.143	980.104	Measured	217.434	904.938	992.196	Measured	138.070	937.987	1010.159	Measured	207.389	956.449	1031.885	Measured	366.586	863.165	866.080	Virtual	385.078	852.359	890.886	Virtual	338.002	871.313	895.272	Virtual	358.645	847.734	885.321	Virtual	369.679	873.215	890.166	Virtual
690	6.89000	292.209	890.434	878.899	Measured	275.987	809.821	878.666	Measured	337.264	757.856	893.671	Measured	426.144	823.421	912.694	Measured	356.580	837.142	871.157	Virtual	183.492	921.695	980.518	Measured	216.914	904.345	992.583	Measured	137.640	937.567	1010.562	Measured	207.036	955.741	1032.410	Measured	366.072	862.495	866.467	Virtual	384.505	851.548	891.256	Virtual	337.486	870.639	895.658	Virtual	358.063	847.026	885.650	Virtual	369.174	872.456	890.588	Virtual
691	6.90000	292.046	890.475	879.219	Measured	275.765	809.880	878.911	Measured	337.018	757.868	893.702	Measured	426.015	823.346	912.576	Measured	356.351	837.159	871.238	Virtual	183.139	921.345	980.927	Measured	216.560	903.930	992.972	Measured	137.378	937.309	1011.039	Measured	206.779	955.264	1032.895	Measured	365.565	861.941	866.732	Virtual	383.981	850.910	891.496	Virtual	337.007	870.101	895.946	Virtual	357.527	846.458	885.891	Virtual	368.698	871.854	890.870	Virtual
692	6.91000	291.863	890.524	879.510	Measured	275.463	809.952	879.105	Measured	336.714	757.889	893.703	Measured	425.961	823.192	912.508	Measured	356.117	837.158	871.316	Virtual	182.792	921.114	981.381	Measured	216.251	903.681	993.404	Measured	137.120	937.210	1011.588	Measured	206.624	955.093	1033.259	Measured	364.886	861.256	866.892	Virtual	383.343	850.241	891.632	Virtual	336.407	869.508	896.156	Virtual	356.869	845.818	886.095	Virtual	368.088	871.205	891.004	Virtual
693	6.92000	291.630	890.646	879.761	Measured	275.163	810.071	879.317	Measured	336.350	757.904	893.728	Measured	425.643	823.047	912.271	Measured	355.780	837.166	871.323	Virtual	182.536	921.008	981.877	Measured	215.996	903.647	993.848	Measured	136.988	937.232	1012.138	Measured	206.555	955.176	1033.508	Measured	364.229	860.639	867.006	Virtual	382.764	849.718	891.729	Virtual	335.849	869.017	896.332	Virtual	356.271	845.280	886.298	Virtual	367.514	870.684	891.068	Virtual
694	6.93000	291.447	890.833	880.039	Measured	274.740	810.305	879.577	Measured	335.920	758.025	893.738	Measured	425.364	822.904	912.162	Measured	355.439	837.237	871.393	Virtual	182.273	920.959	982.382	Measured	215.866	903.689	994.286	Measured	136.818	937.344	1012.780	Measured	206.464	955.417	1033.769	Measured	363.552	860.222	867.057	Virtual	382.200	849.435	891.755	Virtual	335.287	868.715	896.460	Virtual	355.688	844.949	886.455	Virtual	366.928	870.385	891.057	Virtual
695	6.94000	291.221	891.088	880.259	Measured	274.276	810.555	879.911	Measured	335.286	758.142	893.931	Measured	425.032	822.775	911.962	Measured	355.006	837.268	871.431	Virtual	182.077	921.027	982.912	Measured	215.687	903.848	994.794	Measured	136.741	937.512	1013.369	Measured	206.450	955.805	1033.992	Measured	362.957	859.744	867.244	Virtual	381.710	849.122	891.933	Virtual	334.799	868.388	896.705	Virtual	355.182	844.580	886.763	Virtual	366.417	870.053	891.169	Virtual
696	6.95000	290.983	891.349	880.561	Measured	273.767	810.899	880.222	Measured	334.665	758.302	894.018	Measured	424.639	822.622	911.797	Measured	354.554	837.358	871.500	Virtual	181.891	921.089	983.486	Measured	215.540	903.970	995.401	Measured	136.636	937.733	1014.022	Measured	206.403	956.198	1034.285	Measured	362.413	859.125	867.649	Virtual	381.251	848.669	892.345	Virtual	334.347	867.947	897.146	Virtual	354.709	844.084	887.291	Virtual	365.946	869.589	891.496	Virtual
697	6.96000	290.649	891.541	880.794	Measured	273.307	811.182	880.445	Measured	334.159	758.453	894.094	Measured	424.317	822.505	911.647	Measured	354.130	837.445	871.540	Virtual	181.672	921.136	984.079	Measured	215.399	904.122	996.023	Measured	136.514	937.947	1014.711	Measured	206.360	956.534	1034.619	Measured	361.839	858.613	868.002	Virtual	380.766	848.305	892.692	Virtual	333.870	867.588	897.544	Virtual	354.209	843.679	887.754	Virtual	365.449	869.213	891.778	Virtual
698	6.97000	290.409	891.749	880.930	Measured	272.906	811.404	880.508	Measured	333.704	758.587	894.081	Measured	423.935	822.469	911.611	Measured	353.773	837.557	871.576	Virtual	181.409	921.128	984.823	Measured	215.122	904.120	996.717	Measured	136.331	938.054	1015.359	Measured	206.247	956.696	1035.047	Measured	361.301	857.869	868.629	Virtual	380.269	847.665	893.331	Virtual	333.396	867.008	898.183	Virtual	353.698	843.036	888.468	Virtual	364.965	868.581	892.346	Virtual
699	6.98000	290.125	891.778	880.996	Measured	272.607	811.562	880.534	Measured	333.320	758.650	894.088	Measured	423.570	822.479	911.496	Measured	353.432	837.608	871.552	Virtual	181.112	921.064	985.488	Measured	214.819	904.062	997.460	Measured	136.086	938.158	1016.119	Measured	206.015	956.754	1035.715	Measured	360.835	857.377	869.350	Virtual	379.809	847.199	894.058	Virtual	332.965	866.610	898.906	Virtual	353.229	842.594	889.225	Virtual	364.531	868.132	893.043	Virtual
700	6.99000	289.957	891.984	880.804	Measured	272.311	811.657	880.502	Measured	332.990	758.728	894.068	Measured	423.309	822.485	911.488	Measured	353.196	837.652	871.479	Virtual	180.701	920.928	986.177	Measured	214.437	903.904	998.242	Measured	135.763	938.131	1016.768	Measured	205.690	956.667	1036.338	Measured	360.404	856.715	870.240	Virtual	379.358	846.566	894.975	Virtual	332.540	866.054	899.769	Virtual	352.773	841.987	890.146	Virtual	364.110	867.518	893.909	Virtual
701	7.00000	289.754	892.064	880.933	Measured	272.086	811.788	880.525	Measured	332.689	758.770	893.973	Measured	423.353	822.371	911.373	Measured	353.014	837.687	871.452	Virtual	180.294	920.705	986.953	Measured	213.991	903.670	999.003	Measured	135.354	938.065	1017.494	Measured	205.319	956.497	1037.021	Measured	359.867	856.011	871.093	Virtual	378.806	845.875	895.845	Virtual	332.020	865.447	900.607	Virtual	352.213	841.331	891.025	Virtual	363.592	866.849	894.743	Virtual
702	7.01000	289.613	892.180	881.154	Measured	271.773	811.987	880.660	Measured	332.369	758.861	893.734	Measured	423.197	822.251	910.874	Measured	352.721	837.760	871.288	Virtual	179.914	920.536	987.582	Measured	213.549	903.463	999.743	Measured	134.976	937.980	1018.121	Measured	204.947	956.337	1037.700	Measured	359.498	855.483	871.991	Virtual	378.397	845.336	896.769	Virtual	331.637	864.983	901.471	Virtual	351.802	840.829	891.927	Virtual	363.216	866.333	895.637	Virtual
703	7.02000	289.581	892.523	881.447	Measured	271.509	812.279	880.818	Measured	332.084	758.937	893.445	Measured	423.146	822.058	910.519	Measured	352.534	837.895	871.210	Virtual	179.493	920.378	988.335	Measured	213.083	903.240	1000.576	Measured	134.548	937.898	1018.825	Measured	204.567	956.239	1038.359	Measured	359.013	854.755	872.966	Virtual	377.893	844.648	897.775	Virtual	331.157	864.368	902.414	Virtual	351.293	840.163	892.937	Virtual	362.740	865.661	896.584	Virtual
704	7.03000	289.484	892.692	881.798	Measured	271.249	812.658	881.038	Measured	331.686	759.055	893.188	Measured	422.948	821.838	909.838	Measured	352.220	837.993	871.021	Virtual	179.131	920.257	989.034	Measured	212.701	903.153	1001.319	Measured	134.233	937.879	1019.552	Measured	204.251	956.255	1038.936	Measured	358.491	854.241	873.676	Virtual	377.396	844.202	898.493	Virtual	330.671	863.949	903.126	Virtual	350.789	839.710	893.699	Virtual	362.247	865.216	897.257	Virtual
705	7.04000	289.481	893.088	882.038	Measured	270.888	812.980	881.230	Measured	331.226	759.227	892.993	Measured	422.775	821.663	909.452	Measured	351.950	838.132	870.927	Virtual	178.698	920.163	989.762	Measured	212.308	903.155	1002.016	Measured	133.855	937.886	1020.293	Measured	203.891	956.409	1039.469	Measured	357.868	853.866	874.269	Virtual	376.836	843.944	899.085	Virtual	330.103	863.667	903.741	Virtual	350.223	839.409	894.366	Virtual	361.665	864.939	897.798	Virtual
706	7.05000	289.301	893.226	882.227	Measured	270.673	813.357	881.381	Measured	330.869	759.392	892.927	Measured	422.525	821.648	909.084	Measured	351.658	838.275	870.838	Virtual	178.293	920.142	990.458	Measured	211.963	903.164	1002.726	Measured	133.499	937.952	1020.993	Measured	203.588	956.579	1039.982	Measured	357.300	853.430	874.919	Virtual	376.313	843.611	899.742	Virtual	329.582	863.338	904.401	Virtual	349.694	839.049	895.087	Virtual	361.134	864.596	898.399	Virtual
707	7.06000	289.180	893.468	882.097	Measured	270.419	813.618	881.261	Measured	330.489	759.623	892.898	Measured	422.266	821.693	908.998	Measured	351.435	838.416	870.739	Virtual	177.853	920.093	991.129	Measured	211.528	903.202	1003.422	Measured	133.094	937.998	1021.659	Measured	203.184	956.749	1040.475	Measured	356.736	853.049	875.608	Virtual	375.791	843.341	900.442	Virtual	329.053	863.055	905.088	Virtual	349.168	838.743	895.843	Virtual	360.596	864.311	899.037	Virtual
708	7.07000	288.921	893.604	881.810	Measured	270.182	813.817	880.997	Measured	330.252	759.850	892.941	Measured	421.954	822.011	909.181	Measured	351.224	838.617	870.700	Virtual	177.429	920.060	991.809	Measured	211.095	903.193	1004.068	Measured	132.687	938.068	1022.289	Measured	202.799	956.830	1041.006	Measured	356.182	852.656	876.282	Virtual	375.253	843.003	901.126	Virtual	328.527	862.748	905.760	Virtual	348.625	838.405	896.560	Virtual	360.065	863.976	899.680	Virtual
709	7.08000	288.722	893.699	881.405	Measured	270.053	813.962	880.761	Measured	330.159	760.108	893.050	Measured	421.670	822.348	909.448	Measured	351.105	838.792	870.672	Virtual	176.941	919.998	992.459	Measured	210.553	903.142	1004.781	Measured	132.221	938.146	1022.868	Measured	202.305	956.986	1041.552	Measured	355.665	852.038	877.241	Virtual	374.724	842.470	902.126	Virtual	328.010	862.262	906.673	Virtual	348.094	837.871	897.572	Virtual	359.550	863.447	900.595	Virtual
710	7.09000	288.513	893.782	881.105	Measured	269.960	814.120	880.665	Measured	330.077	760.349	893.281	Measured	421.500	822.799	909.753	Measured	351.001	838.994	870.722	Virtual	176.400	919.954	993.036	Measured	210.082	903.108	1005.384	Measured	131.762	938.246	1023.510	Measured	201.946	956.950	1041.946	Measured	354.811	851.443	877.627	Virtual	373.909	841.910	902.496	Virtual	327.231	861.779	907.091	Virtual	347.262	837.336	898.009	Virtual	358.761	862.904	900.945	Virtual
711	7.10000	288.422	893.906	880.977	Measured	269.956	814.316	880.664	Measured	330.084	760.609	893.487	Measured	421.367	823.123	909.912	Measured	350.959	839.195	870.776	Virtual	175.913	919.914	993.593	Measured	209.567	903.048	1006.026	Measured	131.307	938.377	1024.104	Measured	201.499	957.116	1042.400	Measured	354.144	850.762	878.362	Virtual	373.253	841.310	903.254	Virtual	326.599	861.244	907.806	Virtual	346.599	836.745	898.806	Virtual	358.124	862.313	901.630	Virtual
712	7.11000	288.372	894.082	880.918	Measured	269.931	814.512	880.773	Measured	330.096	760.820	893.662	Measured	421.419	823.432	909.915	Measured	350.935	839.387	870.785	Virtual	175.416	919.882	994.174	Measured	209.079	903.046	1006.511	Measured	130.915	938.502	1024.635	Measured	201.150	957.195	1042.766	Measured	353.350	850.197	878.742	Virtual	372.495	840.794	903.624	Virtual	325.874	860.797	908.210	Virtual	345.827	836.248	899.242	Virtual	357.389	861.810	901.970	Virtual
713	7.12000	288.260	894.171	881.061	Measured	269.921	814.728	880.856	Measured	330.118	761.066	893.703	Measured	421.389	823.624	909.856	Measured	350.872	839.597	870.821	Virtual	174.959	919.837	994.697	Measured	208.602	902.995	1007.035	Measured	130.492	938.612	1025.187	Measured	200.822	957.312	1043.122	Measured	352.580	849.535	879.193	Virtual	371.761	840.201	904.073	Virtual	325.172	860.273	908.673	Virtual	345.080	835.670	899.757	Virtual	356.675	861.228	902.370	Virtual
714	7.13000	288.199	894.306	881.095	Measured	269.883	814.955	880.861	Measured	330.036	761.260	893.685	Measured	421.342	823.782	909.757	Measured	350.803	839.774	870.786	Virtual	174.463	919.776	995.131	Measured	208.125	902.933	1007.502	Measured	130.057	938.687	1025.599	Measured	200.408	957.349	1043.436	Measured	351.951	848.962	879.714	Virtual	371.138	839.676	904.608	Virtual	324.573	859.811	909.182	Virtual	344.449	835.161	900.321	Virtual	356.074	860.714	902.856	Virtual
715	7.14000	288.491	895.391	880.442	Measured	269.794	815.144	880.757	Measured	329.924	761.437	893.569	Measured	421.253	823.892	909.663	Measured	350.881	840.009	870.512	Virtual	173.939	919.686	995.549	Measured	207.628	902.876	1007.971	Measured	129.571	938.703	1026.028	Measured	199.958	957.356	1043.766	Measured	351.324	848.521	880.193	Virtual	370.525	839.283	905.095	Virtual	323.972	859.452	909.655	Virtual	343.830	834.772	900.838	Virtual	355.469	860.325	903.305	Virtual
716	7.15000	288.400	895.427	880.265	Measured	269.703	815.339	880.479	Measured	329.762	761.579	893.386	Measured	421.038	824.061	909.599	Measured	350.770	840.153	870.375	Virtual	173.430	919.610	995.943	Measured	207.098	902.782	1008.342	Measured	129.086	938.707	1026.382	Measured	199.481	957.381	1043.992	Measured	350.656	848.022	880.591	Virtual	369.875	838.844	905.501	Virtual	323.337	859.047	910.048	Virtual	343.174	834.334	901.281	Virtual	354.828	859.888	903.666	Virtual
717	7.16000	288.455	895.984	879.603	Measured	269.644	815.457	879.900	Measured	329.694	761.713	893.178	Measured	420.847	824.270	909.628	Measured	350.803	840.349	870.089	Virtual	172.845	919.503	996.341	Measured	206.497	902.719	1008.751	Measured	128.534	938.720	1026.741	Measured	198.992	957.424	1044.227	Measured	349.903	847.433	881.028	Virtual	369.144	838.328	905.948	Virtual	322.622	858.572	910.477	Virtual	342.437	833.818	901.772	Virtual	354.107	859.374	904.059	Virtual
718	7.17000	288.244	895.803	879.208	Measured	269.552	815.457	879.375	Measured	329.596	761.834	893.090	Measured	420.613	824.495	909.827	Measured	350.711	840.411	869.979	Virtual	172.276	919.416	996.662	Measured	205.936	902.627	1009.080	Measured	127.991	938.738	1027.043	Measured	198.430	957.471	1044.449	Measured	349.249	846.995	881.447	Virtual	368.500	837.948	906.379	Virtual	321.987	858.219	910.880	Virtual	341.789	833.436	902.229	Virtual	353.469	858.994	904.444	Virtual
719	7.18000	288.108	895.900	878.491	Measured	269.492	815.459	879.036	Measured	329.580	761.972	893.117	Measured	420.437	824.833	910.124	Measured	350.691	840.500	869.843	Virtual	171.648	919.313	996.950	Measured	205.311	902.521	1009.460	Measured	127.418	938.790	1027.336	Measured	197.910	957.434	1044.630	Measured	348.459	846.273	881.882	Virtual	367.708	837.266	906.831	Virtual	321.230	857.625	911.297	Virtual	340.987	832.786	902.706	Virtual	352.709	858.330	904.843	Virtual
720	7.19000	287.912	895.829	878.126	Measured	269.448	815.509	878.869	Measured	329.571	762.153	893.223	Measured	420.341	825.128	910.298	Measured	350.629	840.593	869.792	Virtual	171.124	919.183	997.198	Measured	204.699	902.353	1009.769	Measured	126.899	938.786	1027.568	Measured	197.410	957.403	1044.855	Measured	347.827	845.645	882.348	Virtual	367.055	836.659	907.320	Virtual	320.607	857.099	911.733	Virtual	340.329	832.212	903.197	Virtual	352.090	857.742	905.286	Virtual
721	7.20000	287.915	895.994	878.009	Measured	269.404	815.603	878.894	Measured	329.575	762.305	893.326	Measured	420.273	825.329	910.326	Measured	350.605	840.716	869.781	Virtual	170.573	919.073	997.444	Measured	204.162	902.203	1010.050	Measured	126.416	938.844	1027.805	Measured	196.959	957.293	1045.065	Measured	347.130	845.007	882.694	Virtual	366.338	836.007	907.677	Virtual	319.937	856.558	912.066	Virtual	339.602	831.616	903.560	Virtual	351.420	857.122	905.617	Virtual
722	7.21000	287.788	895.994	878.129	Measured	269.336	815.782	879.051	Measured	329.495	762.470	893.371	Measured	420.315	825.413	910.144	Measured	350.499	840.818	869.757	Virtual	170.017	918.950	997.694	Measured	203.587	902.004	1010.309	Measured	125.946	938.874	1028.030	Measured	196.580	957.192	1045.227	Measured	346.313	844.184	882.960	Virtual	365.514	835.182	907.947	Virtual	319.171	855.864	912.329	Virtual	338.764	830.853	903.858	Virtual	350.652	856.332	905.857	Virtual
723	7.22000	287.693	896.796	878.532	Measured	269.152	815.966	879.272	Measured	329.279	762.575	893.432	Measured	420.287	825.383	909.770	Measured	350.314	841.066	869.758	Virtual	169.502	918.829	997.866	Measured	203.035	901.850	1010.515	Measured	125.480	938.936	1028.210	Measured	196.185	957.063	1045.327	Measured	345.543	843.436	883.176	Virtual	364.733	834.423	908.168	Virtual	318.446	855.233	912.539	Virtual	337.969	830.158	904.098	Virtual	349.924	855.609	906.052	Virtual
724	7.23000	287.687	896.751	878.528	Measured	269.035	816.200	879.341	Measured	329.079	762.707	893.338	Measured	420.276	825.274	909.490	Measured	350.210	841.076	869.624	Virtual	169.014	918.754	998.012	Measured	202.472	901.677	1010.721	Measured	125.008	939.004	1028.307	Measured	195.733	956.987	1045.408	Measured	344.914	842.684	883.570	Virtual	364.066	833.668	908.590	Virtual	317.829	854.603	912.895	Virtual	337.294	829.463	904.512	Virtual	349.312	854.887	906.426	Virtual
725	7.24000	287.657	897.045	878.600	Measured	268.853	816.411	879.307	Measured	328.839	762.769	893.205	Measured	420.229	825.243	909.206	Measured	350.073	841.190	869.499	Virtual	168.426	918.628	998.183	Measured	201.872	901.528	1010.880	Measured	124.527	939.056	1028.381	Measured	195.258	956.929	1045.481	Measured	344.179	841.927	883.875	Virtual	363.312	832.924	908.914	Virtual	317.122	853.972	913.174	Virtual	336.530	828.770	904.846	Virtual	348.606	854.171	906.704	Virtual
726	7.25000	287.680	897.072	878.542	Measured	268.665	816.504	879.331	Measured	328.626	762.855	893.030	Measured	420.125	825.111	908.874	Measured	349.933	841.170	869.312	Virtual	167.883	918.551	998.284	Measured	201.242	901.380	1011.054	Measured	123.933	939.115	1028.389	Measured	194.727	956.853	1045.551	Measured	343.597	841.255	884.346	Virtual	362.673	832.246	909.427	Virtual	316.527	853.408	913.588	Virtual	335.888	828.148	905.327	Virtual	348.020	853.524	907.163	Virtual
727	7.26000	287.601	897.032	878.570	Measured	268.494	816.598	879.310	Measured	328.436	762.880	892.953	Measured	420.093	825.069	908.706	Measured	349.801	841.170	869.230	Virtual	167.302	918.469	998.413	Measured	200.619	901.233	1011.194	Measured	123.360	939.130	1028.425	Measured	194.163	956.743	1045.621	Measured	342.968	840.721	884.677	Virtual	362.006	831.703	909.783	Virtual	315.895	852.953	913.883	Virtual	335.217	827.650	905.664	Virtual	347.394	853.005	907.485	Virtual
728	7.27000	287.553	897.072	878.584	Measured	268.319	816.641	879.444	Measured	328.338	762.949	892.965	Measured	420.035	825.020	908.489	Measured	349.671	841.165	869.152	Virtual	166.708	918.343	998.467	Measured	199.989	901.068	1011.349	Measured	122.773	939.096	1028.431	Measured	193.536	956.626	1045.762	Measured	342.486	840.317	885.116	Virtual	361.463	831.279	910.261	Virtual	315.375	852.598	914.267	Virtual	334.676	827.264	906.093	Virtual	346.886	852.602	907.928	Virtual
729	7.28000	287.533	897.111	878.754	Measured	268.212	816.733	879.798	Measured	328.250	763.009	893.122	Measured	420.092	824.988	908.328	Measured	349.577	841.163	869.189	Virtual	166.136	918.236	998.562	Measured	199.373	900.914	1011.491	Measured	122.163	939.049	1028.448	Measured	192.963	956.494	1045.875	Measured	341.961	839.929	885.476	Virtual	360.891	830.874	910.650	Virtual	314.827	852.257	914.585	Virtual	334.104	826.894	906.446	Virtual	346.346	852.216	908.289	Virtual
730	7.29000	287.580	897.186	879.033	Measured	268.060	816.787	880.366	Measured	328.237	763.125	893.387	Measured	420.149	825.046	907.990	Measured	349.453	841.186	869.220	Virtual	165.607	918.139	998.622	Measured	198.800	900.808	1011.573	Measured	121.645	939.010	1028.490	Measured	192.411	956.417	1045.928	Measured	341.409	839.650	885.654	Virtual	360.323	830.597	910.841	Virtual	314.272	852.014	914.745	Virtual	333.535	826.632	906.629	Virtual	345.794	851.947	908.462	Virtual
731	7.30000	287.577	897.243	879.433	Measured	268.058	816.974	881.143	Measured	328.278	763.271	893.651	Measured	420.347	824.981	907.661	Measured	349.383	841.217	869.318	Virtual	165.100	918.060	998.685	Measured	198.263	900.698	1011.687	Measured	121.138	939.015	1028.509	Measured	191.961	956.341	1045.938	Measured	340.827	839.155	885.885	Virtual	359.721	830.110	911.090	Virtual	313.698	851.597	914.950	Virtual	332.928	826.177	906.875	Virtual	345.222	851.478	908.678	Virtual
732	7.31000	287.754	897.397	879.897	Measured	268.044	817.157	881.836	Measured	328.259	763.382	894.028	Measured	420.553	825.069	907.129	Measured	349.323	841.276	869.352	Virtual	164.680	918.035	998.728	Measured	197.804	900.643	1011.718	Measured	120.773	939.123	1028.543	Measured	191.600	956.359	1045.891	Measured	340.193	838.665	885.938	Virtual	359.088	829.631	911.146	Virtual	313.103	851.199	915.000	Virtual	332.286	825.735	906.954	Virtual	344.622	851.018	908.707	Virtual
733	7.32000	287.685	897.435	880.343	Measured	267.969	817.285	882.617	Measured	328.267	763.492	894.235	Measured	420.742	825.003	906.582	Measured	349.167	841.291	869.365	Virtual	164.263	918.050	998.740	Measured	197.373	900.598	1011.776	Measured	120.442	939.306	1028.575	Measured	191.338	956.429	1045.792	Measured	339.469	837.958	885.987	Virtual	358.371	828.947	911.197	Virtual	312.441	850.633	915.046	Virtual	331.556	825.103	907.047	Virtual	343.954	850.362	908.718	Virtual
734	7.33000	287.747	897.596	880.753	Measured	267.895	817.447	883.056	Measured	328.213	763.592	894.387	Measured	420.821	825.008	906.146	Measured	349.062	841.374	869.374	Virtual	163.859	918.042	998.770	Measured	196.956	900.574	1011.757	Measured	120.149	939.503	1028.585	Measured	191.128	956.495	1045.677	Measured	338.695	837.259	885.912	Virtual	357.616	828.263	911.115	Virtual	311.746	850.073	914.983	Virtual	330.784	824.475	907.016	Virtual	343.247	849.707	908.606	Virtual
735	7.34000	287.655	897.664	881.084	Measured	267.766	817.622	883.517	Measured	328.102	763.629	894.515	Measured	420.906	824.968	905.709	Measured	348.886	841.405	869.354	Virtual	163.474	918.046	998.778	Measured	196.527	900.471	1011.774	Measured	119.817	939.638	1028.599	Measured	190.860	956.448	1045.589	Measured	338.001	836.611	885.908	Virtual	356.914	827.599	911.110	Virtual	311.106	849.537	914.980	Virtual	330.070	823.878	907.035	Virtual	342.602	849.078	908.581	Virtual
736	7.35000	287.547	897.748	881.382	Measured	267.543	817.809	884.000	Measured	327.883	763.768	894.555	Measured	420.856	825.035	905.132	Measured	348.601	841.496	869.256	Virtual	163.049	917.925	998.773	Measured	196.050	900.288	1011.769	Measured	119.447	939.631	1028.576	Measured	190.525	956.308	1045.618	Measured	337.427	836.102	885.961	Virtual	356.312	827.047	911.169	Virtual	310.554	849.091	915.024	Virtual	329.461	823.388	907.086	Virtual	342.050	848.560	908.635	Virtual
737	7.36000	287.539	898.034	881.612	Measured	267.297	818.079	884.465	Measured	327.667	763.916	894.566	Measured	420.701	825.000	904.283	Measured	348.295	841.591	869.017	Virtual	162.590	917.787	998.768	Measured	195.540	900.057	1011.786	Measured	118.992	939.551	1028.562	Measured	190.088	956.010	1045.664	Measured	336.887	835.700	886.025	Virtual	355.726	826.569	911.241	Virtual	310.014	848.713	915.079	Virtual	328.870	822.977	907.126	Virtual	341.515	848.117	908.720	Virtual
738	7.37000	287.323	898.250	882.073	Measured	267.072	818.603	885.064	Measured	327.335	764.110	894.506	Measured	420.708	824.997	903.731	Measured	347.971	841.811	868.986	Virtual	162.135	917.591	998.758	Measured	194.997	899.778	1011.783	Measured	118.526	939.409	1028.508	Measured	189.613	955.663	1045.759	Measured	336.427	835.331	886.152	Virtual	355.202	826.110	911.382	Virtual	309.533	848.349	915.183	Virtual	328.345	822.586	907.214	Virtual	341.044	847.695	908.878	Virtual
739	7.38000	287.207	898.610	882.603	Measured	266.770	819.106	885.743	Measured	326.900	764.318	894.455	Measured	420.494	824.816	902.664	Measured	347.508	841.970	868.772	Virtual	161.641	917.427	998.751	Measured	194.469	899.502	1011.755	Measured	118.079	939.268	1028.480	Measured	189.166	955.352	1045.860	Measured	335.890	835.020	886.149	Virtual	354.618	825.706	911.380	Virtual	308.994	848.037	915.178	Virtual	327.758	822.249	907.176	Virtual	340.510	847.327	908.906	Virtual
740	7.39000	287.121	898.984	883.033	Measured	266.486	819.624	886.266	Measured	326.479	764.544	894.375	Measured	420.437	824.880	901.785	Measured	347.130	842.226	868.583	Virtual	161.223	917.307	998.739	Measured	193.978	899.285	1011.758	Measured	117.604	939.200	1028.460	Measured	188.774	955.104	1045.924	Measured	335.393	834.672	886.218	Virtual	354.074	825.285	911.457	Virtual	308.493	847.708	915.236	Virtual	327.211	821.890	907.220	Virtual	340.014	846.939	908.996	Virtual
741	7.40000	286.707	899.079	883.666	Measured	266.031	819.956	886.966	Measured	325.986	764.798	894.250	Measured	420.044	824.798	900.625	Measured	346.441	842.382	868.360	Virtual	160.847	917.252	998.716	Measured	193.582	899.173	1011.696	Measured	117.278	939.198	1028.425	Measured	188.446	955.010	1045.879	Measured	334.883	834.388	886.133	Virtual	353.557	824.975	911.368	Virtual	308.007	847.458	915.158	Virtual	326.689	821.616	907.136	Virtual	339.526	846.648	908.911	Virtual
742	7.41000	286.526	899.540	883.986	Measured	265.527	820.344	887.564	Measured	325.578	765.057	894.195	Measured	420.045	824.899	899.794	Measured	345.990	842.636	868.169	Virtual	160.463	917.238	998.636	Measured	193.204	899.120	1011.637	Measured	116.962	939.267	1028.394	Measured	188.171	955.011	1045.757	Measured	334.288	834.023	885.991	Virtual	352.975	824.613	911.217	Virtual	307.458	847.159	915.029	Virtual	326.098	821.284	907.016	Virtual	338.970	846.301	908.751	Virtual
743	7.42000	286.386	900.898	884.197	Measured	265.352	821.110	887.282	Measured	325.082	765.440	894.015	Measured	419.385	825.128	898.931	Measured	345.579	843.286	867.828	Virtual	160.132	917.209	998.571	Measured	192.884	899.102	1011.517	Measured	116.699	939.309	1028.366	Measured	187.921	955.033	1045.617	Measured	333.744	833.822	885.728	Virtual	352.465	824.425	910.934	Virtual	306.965	846.998	914.795	Virtual	325.580	821.107	906.777	Virtual	338.466	846.118	908.470	Virtual
744	7.43000	285.953	901.336	884.345	Measured	264.738	821.506	887.649	Measured	324.421	765.766	893.939	Measured	419.081	825.288	898.193	Measured	344.937	843.565	867.593	Virtual	159.807	917.155	998.501	Measured	192.558	899.039	1011.413	Measured	116.474	939.315	1028.353	Measured	187.726	955.022	1045.468	Measured	333.146	833.498	885.434	Virtual	351.905	824.114	910.615	Virtual	306.432	846.729	914.536	Virtual	325.010	820.813	906.513	Virtual	337.921	845.816	908.153	Virtual
745	7.44000	285.628	902.151	884.331	Measured	264.010	821.951	887.787	Measured	323.761	766.178	893.721	Measured	418.392	825.630	897.493	Measured	344.248	844.023	867.285	Virtual	159.447	917.080	998.424	Measured	192.229	898.896	1011.292	Measured	116.220	939.283	1028.390	Measured	187.532	954.874	1045.376	Measured	332.462	833.219	884.999	Virtual	351.256	823.794	910.139	Virtual	305.823	846.474	914.158	Virtual	324.348	820.535	906.086	Virtual	337.299	845.518	907.715	Virtual
746	7.45000	285.035	902.502	884.307	Measured	263.372	822.398	888.045	Measured	323.022	766.569	893.519	Measured	417.847	825.845	896.915	Measured	343.520	844.338	867.036	Virtual	159.131	916.976	998.366	Measured	191.883	898.743	1011.239	Measured	115.991	939.268	1028.394	Measured	187.333	954.719	1045.319	Measured	331.890	832.782	884.816	Virtual	350.686	823.319	909.940	Virtual	305.302	846.089	913.997	Virtual	323.768	820.114	905.909	Virtual	336.770	845.070	907.528	Virtual
747	7.46000	284.628	902.864	884.587	Measured	262.642	822.886	888.352	Measured	322.246	766.950	893.368	Measured	417.196	826.056	896.084	Measured	342.735	844.677	866.796	Virtual	158.788	916.907	998.344	Measured	191.485	898.556	1011.208	Measured	115.688	939.304	1028.393	Measured	187.109	954.574	1045.256	Measured	331.237	832.184	884.726	Virtual	350.022	822.679	909.843	Virtual	304.702	845.573	913.918	Virtual	323.094	819.545	905.829	Virtual	336.163	844.467	907.431	Virtual
748	7.47000	284.090	903.431	884.621	Measured	261.909	823.279	888.722	Measured	321.549	767.327	893.058	Measured	416.690	826.168	895.196	Measured	341.963	845.002	866.439	Virtual	158.405	916.859	998.290	Measured	191.058	898.449	1011.224	Measured	115.368	939.415	1028.348	Measured	186.838	954.535	1045.185	Measured	330.634	831.530	884.819	Virtual	349.395	822.014	909.950	Virtual	304.135	845.031	913.993	Virtual	322.459	818.943	905.942	Virtual	335.593	843.834	907.506	Virtual
749	7.48000	283.969	903.760	885.025	Measured	261.289	823.732	889.119	Measured	320.897	767.621	892.667	Measured	416.104	826.212	894.282	Measured	341.319	845.297	866.193	Virtual	157.981	916.820	998.330	Measured	190.607	898.352	1011.276	Measured	115.025	939.549	1028.303	Measured	186.545	954.498	1045.108	Measured	329.979	830.761	885.007	Virtual	348.717	821.249	910.156	Virtual	303.520	844.399	914.153	Virtual	321.772	818.244	906.157	Virtual	334.974	843.102	907.666	Virtual
750	7.49000	283.300	904.179	885.215	Measured	260.709	824.137	889.378	Measured	320.173	767.918	892.296	Measured	415.620	826.351	893.135	Measured	340.504	845.624	865.762	Virtual	157.517	916.777	998.294	Measured	190.158	898.280	1011.315	Measured	114.687	939.673	1028.291	Measured	186.220	954.500	1045.065	Measured	329.320	830.168	885.093	Virtual	348.046	820.655	910.251	Virtual	302.902	843.913	914.226	Virtual	321.092	817.704	906.267	Virtual	334.351	842.535	907.730	Virtual
751	7.50000	283.141	904.434	885.532	Measured	260.039	824.516	889.649	Measured	319.525	768.179	891.932	Measured	415.029	826.328	892.376	Measured	339.875	845.856	865.541	Virtual	157.193	916.671	998.354	Measured	189.814	898.122	1011.455	Measured	114.351	939.721	1028.292	Measured	185.913	954.399	1045.078	Measured	328.929	829.514	885.482	Virtual	347.611	820.009	910.675	Virtual	302.510	843.363	914.565	Virtual	320.656	817.104	906.670	Virtual	333.962	841.911	908.101	Virtual
752	7.51000	282.568	904.824	885.683	Measured	259.478	824.935	889.864	Measured	318.857	768.517	891.622	Measured	414.342	826.589	891.384	Measured	339.077	846.219	865.168	Virtual	156.758	916.630	998.394	Measured	189.382	898.016	1011.469	Measured	113.983	939.689	1028.339	Measured	185.581	954.312	1045.109	Measured	328.351	829.281	885.404	Virtual	347.037	819.751	910.586	Virtual	301.965	843.156	914.505	Virtual	320.076	816.877	906.595	Virtual	333.411	841.669	908.023	Virtual
753	7.52000	282.140	905.037	885.805	Measured	258.846	825.278	889.968	Measured	318.207	768.859	891.454	Measured	413.982	826.669	890.898	Measured	338.487	846.458	864.998	Virtual	156.401	916.517	998.438	Measured	188.992	897.890	1011.509	Measured	113.626	939.619	1028.407	Measured	185.224	954.150	1045.170	Measured	327.911	829.096	885.416	Virtual	346.588	819.537	910.593	Virtual	301.535	842.977	914.522	Virtual	319.625	816.687	906.600	Virtual	332.981	841.467	908.042	Virtual
754	7.53000	281.536	905.372	885.646	Measured	258.257	825.604	889.899	Measured	317.567	769.144	891.307	Measured	413.189	827.073	890.439	Measured	337.766	846.780	864.727	Virtual	155.986	916.426	998.488	Measured	188.540	897.788	1011.537	Measured	113.219	939.535	1028.451	Measured	184.847	954.040	1045.241	Measured	327.437	828.960	885.417	Virtual	346.109	819.379	910.590	Virtual	301.070	842.844	914.530	Virtual	319.144	816.547	906.595	Virtual	332.515	841.318	908.048	Virtual
755	7.54000	280.909	905.715	885.094	Measured	257.659	825.822	889.680	Measured	317.057	769.422	891.100	Measured	412.657	827.366	890.296	Measured	337.215	847.013	864.429	Virtual	155.548	916.355	998.514	Measured	188.121	897.716	1011.554	Measured	112.795	939.528	1028.472	Measured	184.429	953.962	1045.257	Measured	326.954	828.780	885.453	Virtual	345.619	819.191	910.627	Virtual	300.594	842.685	914.563	Virtual	318.653	816.376	906.633	Virtual	332.039	841.139	908.082	Virtual
756	7.55000	280.185	905.857	884.564	Measured	257.162	825.988	888.979	Measured	316.613	769.686	890.851	Measured	412.125	827.785	890.373	Measured	336.752	847.283	864.163	Virtual	155.107	916.336	998.519	Measured	187.688	897.662	1011.656	Measured	112.419	939.582	1028.457	Measured	184.057	953.964	1045.245	Measured	326.469	828.357	885.680	Virtual	345.114	818.784	910.875	Virtual	300.118	842.340	914.760	Virtual	318.146	815.996	906.877	Virtual	331.562	840.744	908.292	Virtual
757	7.56000	279.428	906.115	883.735	Measured	256.553	826.053	888.496	Measured	316.192	769.929	890.642	Measured	411.538	828.335	890.396	Measured	336.208	847.528	863.808	Virtual	154.743	916.374	998.544	Measured	187.293	897.688	1011.656	Measured	112.074	939.715	1028.420	Measured	183.685	954.040	1045.187	Measured	326.016	828.093	885.801	Virtual	344.651	818.536	911.010	Virtual	299.676	842.138	914.861	Virtual	317.680	815.767	907.013	Virtual	331.119	840.505	908.396	Virtual
758	7.57000	278.568	906.145	883.186	Measured	255.989	826.084	887.818	Measured	315.696	770.117	890.430	Measured	410.934	828.710	890.492	Measured	335.654	847.709	863.552	Virtual	154.361	916.409	998.532	Measured	186.873	897.707	1011.643	Measured	111.700	939.897	1028.345	Measured	183.358	954.118	1045.089	Measured	325.473	827.653	885.926	Virtual	344.092	818.109	911.151	Virtual	299.157	841.794	914.962	Virtual	317.116	815.379	907.160	Virtual	330.597	840.097	908.499	Virtual
759	7.58000	278.226	906.204	882.564	Measured	255.623	826.154	887.160	Measured	315.358	770.272	890.047	Measured	410.548	829.096	890.418	Measured	335.368	847.886	863.184	Virtual	154.002	916.444	998.493	Measured	186.499	897.732	1011.603	Measured	111.413	940.037	1028.301	Measured	183.096	954.189	1045.004	Measured	324.931	827.332	885.888	Virtual	343.552	817.791	911.113	Virtual	298.652	841.543	914.923	Virtual	316.570	815.094	907.142	Virtual	330.086	839.795	908.444	Virtual
760	7.59000	277.423	906.288	882.112	Measured	255.114	826.087	886.830	Measured	315.084	770.381	889.569	Measured	410.109	829.303	890.067	Measured	334.828	848.024	862.787	Virtual	153.649	916.442	998.447	Measured	186.119	897.653	1011.549	Measured	111.127	940.160	1028.221	Measured	182.871	954.166	1044.925	Measured	324.352	826.816	885.880	Virtual	342.954	817.250	911.110	Virtual	298.113	841.116	914.908	Virtual	315.965	814.616	907.145	Virtual	329.542	839.285	908.425	Virtual
761	7.60000	277.278	906.282	882.003	Measured	254.865	826.142	886.471	Measured	314.839	770.440	889.018	Measured	409.886	829.360	889.501	Measured	334.579	848.130	862.402	Virtual	153.280	916.414	998.334	Measured	185.759	897.588	1011.474	Measured	110.841	940.222	1028.180	Measured	182.633	954.114	1044.813	Measured	323.754	826.459	885.694	Virtual	342.361	816.874	910.913	Virtual	297.564	840.816	914.739	Virtual	315.365	814.283	906.972	Virtual	328.984	838.929	908.229	Virtual
762	7.61000	276.978	906.356	881.948	Measured	254.676	826.163	886.367	Measured	314.650	770.430	888.469	Measured	409.653	829.369	888.760	Measured	334.250	848.218	861.996	Virtual	152.904	916.336	998.278	Measured	185.364	897.467	1011.384	Measured	110.526	940.230	1028.116	Measured	182.358	954.003	1044.726	Measured	323.173	826.068	885.561	Virtual	341.776	816.455	910.772	Virtual	297.022	840.476	914.615	Virtual	314.773	813.911	906.846	Virtual	328.435	838.533	908.091	Virtual
763	7.62000	276.900	906.368	882.094	Measured	254.433	826.214	886.241	Measured	314.409	770.426	887.768	Measured	409.351	829.372	887.689	Measured	333.892	848.330	861.500	Virtual	152.545	916.236	998.158	Measured	184.999	897.318	1011.262	Measured	110.204	940.184	1028.029	Measured	182.048	953.846	1044.642	Measured	322.697	825.819	885.392	Virtual	341.289	816.168	910.596	Virtual	296.566	840.244	914.455	Virtual	314.282	813.660	906.669	Virtual	327.977	838.265	907.928	Virtual
764	7.63000	276.730	906.321	882.089	Measured	254.346	826.271	885.947	Measured	314.215	770.411	887.194	Measured	409.371	829.186	887.226	Measured	333.766	848.359	861.200	Virtual	152.181	916.101	998.081	Measured	184.543	897.116	1011.131	Measured	109.861	940.083	1027.940	Measured	181.690	953.604	1044.582	Measured	322.180	825.520	885.231	Virtual	340.748	815.807	910.430	Virtual	296.066	839.957	914.304	Virtual	313.738	813.351	906.492	Virtual	327.474	837.931	907.784	Virtual
765	7.64000	276.602	906.359	881.949	Measured	254.105	826.261	885.663	Measured	314.002	770.434	886.563	Measured	408.950	829.231	886.534	Measured	333.455	848.450	860.755	Virtual	151.788	915.951	997.926	Measured	184.154	896.884	1010.998	Measured	109.508	939.953	1027.814	Measured	181.377	953.342	1044.470	Measured	321.680	825.185	885.038	Virtual	340.229	815.422	910.231	Virtual	295.584	839.637	914.119	Virtual	313.216	813.011	906.288	Virtual	326.991	837.568	907.602	Virtual
766	7.65000	276.338	906.287	881.731	Measured	253.866	826.189	885.347	Measured	313.891	770.446	886.100	Measured	408.948	829.193	886.286	Measured	333.305	848.466	860.484	Virtual	151.428	915.771	997.766	Measured	183.776	896.664	1010.810	Measured	109.236	939.829	1027.750	Measured	181.099	953.050	1044.368	Measured	321.090	824.912	884.635	Virtual	339.640	815.077	909.800	Virtual	295.040	839.363	913.757	Virtual	312.620	812.719	905.871	Virtual	326.438	837.250	907.215	Virtual
767	7.66000	276.199	906.253	881.388	Measured	253.742	826.193	884.921	Measured	313.759	770.483	885.703	Measured	408.669	829.383	886.046	Measured	333.153	848.550	860.168	Virtual	151.097	915.647	997.635	Measured	183.415	896.464	1010.628	Measured	108.981	939.771	1027.666	Measured	180.931	952.820	1044.209	Measured	320.417	824.458	884.243	Virtual	338.974	814.568	909.380	Virtual	294.434	838.953	913.404	Virtual	311.945	812.273	905.483	Virtual	325.820	836.772	906.823	Virtual
768	7.67000	275.857	906.234	881.128	Measured	253.588	826.150	884.424	Measured	313.598	770.453	885.507	Measured	408.405	829.604	885.813	Measured	332.927	848.616	859.896	Virtual	150.767	915.552	997.478	Measured	183.136	896.351	1010.388	Measured	108.800	939.811	1027.551	Measured	180.756	952.725	1044.026	Measured	319.798	824.099	883.832	Virtual	338.375	814.177	908.943	Virtual	293.883	838.641	913.031	Virtual	311.335	811.930	905.085	Virtual	325.255	836.404	906.404	Virtual
769	7.68000	275.554	906.242	880.582	Measured	253.419	826.069	884.105	Measured	313.530	770.467	885.226	Measured	408.306	829.688	885.655	Measured	332.782	848.606	859.572	Virtual	150.492	915.545	997.291	Measured	182.842	896.321	1010.179	Measured	108.630	939.991	1027.410	Measured	180.700	952.766	1043.708	Measured	319.042	823.443	883.477	Virtual	337.652	813.531	908.568	Virtual	293.229	838.112	912.702	Virtual	310.598	811.342	904.776	Virtual	324.581	835.785	906.009	Virtual
770	7.69000	275.436	906.177	880.357	Measured	253.333	826.009	883.812	Measured	313.463	770.439	884.968	Measured	408.207	829.774	885.448	Measured	332.689	848.614	859.342	Virtual	150.248	915.596	997.122	Measured	182.589	896.375	1009.984	Measured	108.494	940.192	1027.257	Measured	180.593	952.926	1043.398	Measured	318.454	822.988	883.219	Virtual	337.098	813.116	908.299	Virtual	292.717	837.768	912.456	Virtual	310.035	810.953	904.566	Virtual	324.053	835.380	905.709	Virtual
771	7.70000	275.368	906.105	880.171	Measured	253.303	825.934	883.501	Measured	313.486	770.414	884.560	Measured	408.340	829.711	885.266	Measured	332.719	848.608	859.116	Virtual	149.988	915.680	996.962	Measured	182.339	896.447	1009.834	Measured	108.315	940.394	1027.114	Measured	180.488	953.141	1043.058	Measured	317.859	822.516	883.016	Virtual	336.550	812.713	908.088	Virtual	292.201	837.419	912.259	Virtual	309.476	810.562	904.422	Virtual	323.519	834.980	905.450	Virtual
772	7.71000	275.289	905.985	880.202	Measured	253.309	825.845	883.285	Measured	313.514	770.368	884.201	Measured	408.283	829.751	884.894	Measured	332.649	848.635	858.903	Virtual	149.726	915.736	996.841	Measured	182.048	896.506	1009.684	Measured	108.113	940.528	1026.995	Measured	180.261	953.242	1042.822	Measured	317.382	822.285	882.827	Virtual	336.096	812.507	907.892	Virtual	291.769	837.250	912.078	Virtual	309.017	810.369	904.261	Virtual	323.077	834.779	905.236	Virtual
773	7.72000	275.309	905.903	880.164	Measured	253.332	825.756	883.082	Measured	313.548	770.295	883.809	Measured	408.197	829.759	884.233	Measured	332.563	848.627	858.543	Virtual	149.423	915.752	996.723	Measured	181.748	896.502	1009.590	Measured	107.848	940.571	1026.902	Measured	180.019	953.254	1042.697	Measured	316.985	822.146	882.697	Virtual	335.703	812.365	907.758	Virtual	291.393	837.138	911.951	Virtual	308.620	810.243	904.138	Virtual	322.697	834.645	905.098	Virtual
774	7.73000	275.267	905.754	880.079	Measured	253.360	825.627	882.827	Measured	313.621	770.180	883.404	Measured	408.212	829.792	883.818	Measured	332.537	848.607	858.262	Virtual	149.100	915.737	996.647	Measured	181.458	896.475	1009.497	Measured	107.524	940.540	1026.875	Measured	179.732	953.165	1042.671	Measured	316.637	822.255	882.475	Virtual	335.357	812.438	907.521	Virtual	291.052	837.214	911.754	Virtual	308.273	810.326	903.903	Virtual	322.354	834.724	904.892	Virtual
775	7.74000	275.227	905.606	879.877	Measured	253.342	825.502	882.576	Measured	313.672	770.091	882.972	Measured	408.383	829.660	883.510	Measured	332.567	848.527	857.983	Virtual	148.783	915.697	996.587	Measured	181.115	896.412	1009.454	Measured	107.210	940.480	1026.853	Measured	179.388	953.084	1042.674	Measured	316.331	822.286	882.403	Virtual	335.041	812.443	907.446	Virtual	290.740	837.223	911.687	Virtual	307.958	810.339	903.817	Virtual	322.044	834.733	904.834	Virtual
776	7.75000	275.181	905.607	879.370	Measured	253.341	825.296	882.276	Measured	313.738	769.953	882.626	Measured	408.363	829.670	883.256	Measured	332.569	848.435	857.628	Virtual	148.425	915.661	996.578	Measured	180.811	896.388	1009.404	Measured	106.905	940.426	1026.830	Measured	179.050	953.000	1042.689	Measured	316.022	822.381	882.297	Virtual	334.730	812.513	907.331	Virtual	290.428	837.288	911.593	Virtual	307.648	810.412	903.698	Virtual	321.732	834.805	904.740	Virtual
777	7.76000	275.129	905.410	879.019	Measured	253.420	825.182	881.755	Measured	313.795	769.851	882.249	Measured	408.387	829.539	883.160	Measured	332.652	848.331	857.358	Virtual	148.156	915.686	996.576	Measured	180.451	896.382	1009.403	Measured	106.547	940.442	1026.803	Measured	178.717	952.983	1042.705	Measured	315.760	822.381	882.378	Virtual	334.443	812.494	907.423	Virtual	290.148	837.285	911.660	Virtual	307.363	810.406	903.766	Virtual	321.457	834.793	904.831	Virtual
778	7.77000	275.051	905.274	878.508	Measured	253.409	824.934	881.237	Measured	313.905	769.703	881.884	Measured	408.397	829.558	882.983	Measured	332.691	848.222	857.004	Virtual	147.858	915.744	996.567	Measured	180.108	896.403	1009.413	Measured	106.245	940.519	1026.784	Measured	178.430	953.036	1042.693	Measured	315.404	822.272	882.435	Virtual	334.076	812.381	907.487	Virtual	289.797	837.204	911.708	Virtual	306.995	810.310	903.827	Virtual	321.106	834.688	904.885	Virtual
779	7.78000	275.038	904.992	878.145	Measured	253.454	824.703	880.774	Measured	313.973	769.527	881.488	Measured	408.368	829.459	882.865	Measured	332.749	848.064	856.727	Virtual	147.593	915.841	996.584	Measured	179.807	896.455	1009.452	Measured	105.973	940.652	1026.769	Measured	178.156	953.112	1042.677	Measured	315.089	822.137	882.569	Virtual	333.743	812.246	907.634	Virtual	289.483	837.109	911.823	Virtual	306.662	810.196	903.965	Virtual	320.793	834.562	905.013	Virtual
780	7.79000	274.832	904.788	877.568	Measured	253.386	824.373	880.259	Measured	314.085	769.357	881.029	Measured	408.446	829.413	882.655	Measured	332.749	847.907	856.326	Virtual	147.290	915.887	996.611	Measured	179.496	896.504	1009.508	Measured	105.708	940.803	1026.779	Measured	177.923	953.214	1042.689	Measured	314.685	821.880	882.709	Virtual	333.330	811.999	907.784	Virtual	289.098	836.916	911.946	Virtual	306.246	809.975	904.120	Virtual	320.404	834.326	905.138	Virtual
781	7.80000	275.018	904.447	877.347	Measured	253.554	824.125	879.722	Measured	314.261	769.128	880.500	Measured	408.434	829.264	882.311	Measured	332.894	847.739	855.979	Virtual	147.030	915.969	996.684	Measured	179.248	896.558	1009.552	Measured	105.493	940.946	1026.843	Measured	177.746	953.284	1042.661	Measured	314.228	821.672	882.698	Virtual	332.888	811.799	907.766	Virtual	288.684	836.763	911.945	Virtual	305.798	809.797	904.130	Virtual	319.981	834.136	905.109	Virtual
782	7.81000	274.918	904.218	876.951	Measured	253.582	823.784	879.272	Measured	314.352	768.889	879.932	Measured	408.562	829.125	881.811	Measured	332.903	847.555	855.513	Virtual	146.752	916.023	996.757	Measured	178.955	896.608	1009.618	Measured	105.255	941.088	1026.912	Measured	177.535	953.392	1042.675	Measured	313.782	821.443	882.773	Virtual	332.451	811.585	907.840	Virtual	288.273	836.594	912.019	Virtual	305.358	809.602	904.226	Virtual	319.562	833.930	905.163	Virtual
783	7.82000	274.996	903.919	876.863	Measured	253.669	823.521	878.865	Measured	314.445	768.592	879.331	Measured	408.388	829.010	881.090	Measured	332.856	847.402	855.063	Virtual	146.506	916.099	996.824	Measured	178.718	896.650	1009.683	Measured	105.079	941.228	1026.989	Measured	177.348	953.490	1042.653	Measured	313.354	821.211	882.812	Virtual	332.039	811.372	907.875	Virtual	287.885	836.423	912.061	Virtual	304.940	809.407	904.289	Virtual	319.165	833.724	905.180	Virtual
784	7.83000	275.038	903.681	876.748	Measured	253.788	823.283	878.492	Measured	314.526	768.330	878.790	Measured	408.719	828.650	880.690	Measured	332.995	847.195	854.748	Virtual	146.267	916.147	996.905	Measured	178.458	896.709	1009.754	Measured	104.898	941.352	1027.083	Measured	177.178	953.606	1042.609	Measured	312.878	820.940	882.828	Virtual	331.594	811.139	907.882	Virtual	287.461	836.223	912.085	Virtual	304.489	809.182	904.340	Virtual	318.730	833.493	905.162	Virtual
785	7.84000	275.002	903.386	876.621	Measured	253.840	823.030	878.080	Measured	314.594	768.137	878.189	Measured	408.766	828.533	880.115	Measured	332.981	847.075	854.345	Virtual	146.028	916.175	996.996	Measured	178.206	896.701	1009.813	Measured	104.722	941.469	1027.239	Measured	177.010	953.634	1042.648	Measured	312.357	820.717	882.752	Virtual	331.096	810.906	907.786	Virtual	286.998	836.046	912.035	Virtual	303.983	808.981	904.281	Virtual	318.255	833.275	905.072	Virtual
786	7.85000	275.024	903.341	876.069	Measured	253.790	822.771	877.730	Measured	314.679	767.978	877.587	Measured	408.786	828.268	879.794	Measured	333.023	846.898	853.911	Virtual	145.770	916.174	997.089	Measured	177.937	896.692	1009.892	Measured	104.546	941.496	1027.413	Measured	176.842	953.617	1042.703	Measured	311.857	820.579	882.627	Virtual	330.626	810.759	907.634	Virtual	286.553	835.931	911.946	Virtual	303.507	808.852	904.171	Virtual	317.797	833.136	904.936	Virtual
787	7.86000	275.057	902.994	875.833	Measured	253.806	822.577	877.321	Measured	314.698	767.828	877.075	Measured	408.784	828.211	879.474	Measured	333.039	846.779	853.587	Virtual	145.480	916.139	997.186	Measured	177.628	896.622	1009.952	Measured	104.293	941.529	1027.611	Measured	176.646	953.523	1042.797	Measured	311.271	820.402	882.465	Virtual	330.060	810.542	907.442	Virtual	286.027	835.771	911.826	Virtual	302.934	808.674	904.013	Virtual	317.258	832.938	904.774	Virtual
788	7.87000	274.927	902.781	875.552	Measured	253.821	822.432	876.772	Measured	314.711	767.656	876.726	Measured	408.529	828.240	879.087	Measured	332.943	846.699	853.221	Virtual	145.152	916.100	997.302	Measured	177.323	896.555	1010.058	Measured	104.023	941.516	1027.834	Measured	176.409	953.432	1042.913	Measured	310.725	820.297	882.340	Virtual	329.539	810.410	907.287	Virtual	285.531	835.670	911.743	Virtual	302.407	808.564	903.894	Virtual	316.750	832.817	904.647	Virtual
789	7.88000	274.888	902.496	875.353	Measured	253.777	822.249	876.365	Measured	314.726	767.578	876.381	Measured	408.709	828.094	879.096	Measured	333.024	846.580	853.067	Virtual	144.800	916.088	997.450	Measured	176.957	896.496	1010.148	Measured	103.725	941.534	1028.006	Measured	176.126	953.359	1043.040	Measured	310.177	820.156	882.299	Virtual	328.999	810.235	907.227	Virtual	285.022	835.542	911.728	Virtual	301.862	808.421	903.853	Virtual	316.233	832.658	904.608	Virtual
790	7.89000	274.696	902.315	875.012	Measured	253.828	822.122	876.005	Measured	314.753	767.429	876.081	Measured	408.419	828.261	878.747	Measured	332.891	846.539	852.726	Virtual	144.449	916.109	997.588	Measured	176.592	896.467	1010.262	Measured	103.394	941.568	1028.191	Measured	175.812	953.328	1043.172	Measured	309.673	820.094	882.298	Virtual	328.502	810.148	907.210	Virtual	284.548	835.487	911.750	Virtual	301.362	808.357	903.852	Virtual	315.752	832.582	904.609	Virtual
791	7.90000	274.618	902.119	874.793	Measured	253.727	821.911	875.682	Measured	314.795	767.330	875.757	Measured	408.642	828.047	878.811	Measured	332.968	846.402	852.601	Virtual	144.060	916.139	997.792	Measured	176.194	896.470	1010.456	Measured	103.065	941.636	1028.340	Measured	175.475	953.361	1043.293	Measured	309.179	819.835	882.542	Virtual	328.008	809.902	907.460	Virtual	284.076	835.283	911.983	Virtual	300.865	808.129	904.111	Virtual	315.275	832.343	904.836	Virtual
792	7.91000	274.568	901.832	874.678	Measured	253.765	821.781	875.382	Measured	314.811	767.207	875.476	Measured	408.542	828.118	878.628	Measured	332.936	846.344	852.416	Virtual	143.711	916.201	997.981	Measured	175.786	896.541	1010.674	Measured	102.716	941.740	1028.548	Measured	175.102	953.429	1043.465	Measured	308.747	819.765	882.780	Virtual	327.573	809.835	907.701	Virtual	283.653	835.240	912.215	Virtual	300.429	808.074	904.356	Virtual	314.851	832.282	905.068	Virtual
793	7.92000	274.401	901.657	874.589	Measured	253.686	821.626	875.166	Measured	314.805	767.133	875.262	Measured	408.536	828.030	878.549	Measured	332.876	846.265	852.302	Virtual	143.303	916.261	998.217	Measured	175.358	896.569	1010.890	Measured	102.327	941.880	1028.805	Measured	174.738	953.505	1043.648	Measured	308.141	819.581	882.964	Virtual	326.977	809.653	907.879	Virtual	283.085	835.103	912.407	Virtual	299.829	807.915	904.556	Virtual	314.274	832.109	905.238	Virtual
794	7.93000	274.364	901.501	874.625	Measured	253.658	821.609	875.083	Measured	314.727	767.094	875.137	Measured	408.522	827.963	878.397	Measured	332.824	846.219	852.227	Virtual	142.888	916.335	998.429	Measured	174.938	896.624	1011.110	Measured	101.928	942.039	1029.005	Measured	174.361	953.588	1043.876	Measured	307.658	819.456	883.256	Virtual	326.475	809.516	908.179	Virtual	282.611	835.015	912.687	Virtual	299.327	807.806	904.849	Virtual	313.798	831.985	905.527	Virtual
795	7.94000	274.209	901.469	874.643	Measured	253.474	821.557	875.176	Measured	314.649	767.082	875.121	Measured	408.418	827.960	878.348	Measured	332.669	846.201	852.222	Virtual	142.473	916.404	998.690	Measured	174.510	896.665	1011.378	Measured	101.578	942.198	1029.266	Measured	174.035	953.675	1044.098	Measured	307.057	819.190	883.533	Virtual	325.874	809.248	908.456	Virtual	282.047	834.812	912.961	Virtual	298.722	807.573	905.142	Virtual	313.227	831.732	905.788	Virtual
796	7.95000	274.092	901.532	874.492	Measured	253.378	821.646	875.154	Measured	314.479	767.077	875.147	Measured	408.308	827.897	878.222	Measured	332.543	846.172	852.116	Virtual	142.071	916.476	998.941	Measured	174.098	896.685	1011.638	Measured	101.219	942.341	1029.536	Measured	173.724	953.703	1044.348	Measured	306.475	818.984	883.761	Virtual	325.284	809.016	908.680	Virtual	281.498	834.650	913.194	Virtual	298.127	807.383	905.374	Virtual	312.671	831.520	906.012	Virtual
797	7.96000	274.012	901.436	874.533	Measured	253.185	821.637	875.115	Measured	314.298	767.039	875.205	Measured	408.088	827.825	878.382	Measured	332.410	846.116	852.199	Virtual	141.706	916.526	999.247	Measured	173.673	896.667	1011.963	Measured	100.921	942.460	1029.885	Measured	173.429	953.714	1044.621	Measured	305.841	818.664	884.025	Virtual	324.649	808.677	908.937	Virtual	280.912	834.391	913.467	Virtual	297.487	807.090	905.651	Virtual	312.075	831.201	906.266	Virtual
798	7.97000	273.801	901.500	874.309	Measured	253.056	821.636	874.947	Measured	314.120	767.010	875.174	Measured	407.922	827.739	878.403	Measured	332.274	846.071	852.107	Virtual	141.293	916.585	999.622	Measured	173.268	896.695	1012.296	Measured	100.580	942.537	1030.279	Measured	173.093	953.714	1044.993	Measured	305.285	818.635	884.239	Virtual	324.098	808.616	909.134	Virtual	280.388	834.369	913.704	Virtual	296.933	807.057	905.863	Virtual	311.544	831.154	906.483	Virtual
799	7.98000	273.680	901.454	874.097	Measured	252.880	821.506	874.722	Measured	313.979	766.890	875.040	Measured	407.737	827.667	878.468	Measured	332.164	845.979	852.019	Virtual	140.844	916.634	1000.052	Measured	172.808	896.701	1012.674	Measured	100.141	942.644	1030.561	Measured	172.736	953.733	1045.321	Measured	304.747	818.304	884.764	Virtual	323.537	808.284	909.676	Virtual	279.864	834.105	914.204	Virtual	296.371	806.761	906.397	Virtual	311.016	830.837	906.996	Virtual
800	7.99000	273.412	901.348	873.765	Measured	252.780	821.293	874.502	Measured	313.894	766.751	874.825	Measured	407.659	827.588	878.448	Measured	332.052	845.852	851.845	Virtual	140.352	916.688	1000.430	Measured	172.323	896.746	1013.084	Measured	99.594	942.726	1030.857	Measured	172.336	953.763	1045.693	Measured	304.281	818.157	885.304	Virtual	323.044	808.134	910.235	Virtual	279.388	833.994	914.717	Virtual	295.879	806.632	906.937	Virtual	310.544	830.696	907.535	Virtual
801	8.00000	273.309	901.114	873.632	Measured	252.664	820.991	874.238	Measured	313.864	766.538	874.599	Measured	407.486	827.544	878.221	Measured	331.929	845.695	851.647	Virtual	139.842	916.765	1000.843	Measured	171.733	896.780	1013.487	Measured	99.132	942.867	1031.229	Measured	171.815	953.881	1046.107	Measured	303.682	817.978	885.831	Virtual	322.424	807.949	910.776	Virtual	278.797	833.862	915.225	Virtual	295.259	806.476	907.468	Virtual	309.951	830.524	908.056	Virtual
802	8.01000	273.193	900.925	873.525	Measured	252.689	820.735	873.987	Measured	313.869	766.324	874.317	Measured	407.571	827.279	878.241	Measured	331.965	845.512	851.557	Virtual	139.234	916.831	1001.233	Measured	171.150	896.865	1013.952	Measured	98.508	943.014	1031.678	Measured	171.262	953.964	1046.515	Measured	303.001	817.898	886.296	Virtual	321.743	807.876	911.243	Virtual	278.130	833.815	915.685	Virtual	294.576	806.415	907.942	Virtual	309.281	830.456	908.511	Virtual
803	8.02000	272.956	900.652	873.421	Measured	252.662	820.483	873.712	Measured	313.789	766.070	874.102	Measured	407.457	827.151	877.984	Measured	331.829	845.327	851.355	Virtual	138.602	916.928	1001.735	Measured	170.481	896.933	1014.486	Measured	97.869	943.159	1032.117	Measured	170.592	954.054	1046.954	Measured	302.347	817.720	886.996	Virtual	321.067	807.714	911.965	Virtual	277.471	833.690	916.351	Virtual	293.901	806.269	908.651	Virtual	308.624	830.300	909.200	Virtual
804	8.03000	272.880	900.472	873.322	Measured	252.490	820.234	873.598	Measured	313.688	765.860	873.854	Measured	407.307	826.864	877.888	Measured	331.716	845.115	851.240	Virtual	137.954	916.984	1002.262	Measured	169.813	896.981	1014.966	Measured	97.205	943.289	1032.544	Measured	169.958	954.124	1047.396	Measured	301.635	817.531	887.611	Virtual	320.342	807.535	912.595	Virtual	276.766	833.551	916.945	Virtual	293.176	806.109	909.276	Virtual	307.917	830.128	909.804	Virtual
805	8.04000	272.809	900.235	873.313	Measured	252.269	820.036	873.473	Measured	313.446	765.618	873.688	Measured	407.128	826.634	877.686	Measured	331.532	844.900	851.118	Virtual	137.276	917.058	1002.760	Measured	169.075	896.990	1015.522	Measured	96.556	943.439	1032.961	Measured	169.294	954.147	1047.958	Measured	300.967	817.257	888.409	Virtual	319.609	807.225	913.426	Virtual	276.079	833.331	917.697	Virtual	292.446	805.855	910.059	Virtual	307.236	829.843	910.611	Virtual
806	8.05000	272.439	900.074	873.208	Measured	252.034	819.912	873.308	Measured	313.161	765.438	873.516	Measured	406.864	826.349	877.660	Measured	331.270	844.725	851.033	Virtual	136.554	917.088	1003.319	Measured	168.348	897.019	1016.100	Measured	95.821	943.607	1033.511	Measured	168.648	954.198	1048.447	Measured	300.052	816.916	889.047	Virtual	318.692	806.896	914.071	Virtual	275.198	833.066	918.322	Virtual	291.526	805.557	910.718	Virtual	306.348	829.527	911.228	Virtual
807	8.06000	272.247	899.919	873.119	Measured	251.757	819.857	873.061	Measured	312.752	765.247	873.338	Measured	406.596	826.145	877.561	Measured	331.019	844.574	850.909	Virtual	135.839	917.178	1003.951	Measured	167.545	897.017	1016.774	Measured	95.167	943.756	1034.067	Measured	167.960	954.223	1049.083	Measured	299.234	816.551	889.904	Virtual	317.823	806.502	914.954	Virtual	274.385	832.773	919.143	Virtual	290.657	805.223	911.571	Virtual	305.534	829.159	912.086	Virtual
808	8.07000	271.876	899.790	872.880	Measured	251.671	819.880	872.601	Measured	312.672	765.287	873.045	Measured	406.313	825.922	877.545	Measured	330.874	844.537	850.735	Virtual	135.106	917.261	1004.586	Measured	166.761	897.075	1017.391	Measured	94.481	943.985	1034.694	Measured	167.309	954.324	1049.628	Measured	298.194	816.174	890.539	Virtual	316.785	806.125	915.588	Virtual	273.400	832.485	919.776	Virtual	289.614	804.893	912.230	Virtual	304.536	828.801	912.697	Virtual
809	8.08000	271.593	899.650	872.567	Measured	251.486	819.815	872.219	Measured	312.384	765.041	872.961	Measured	406.018	825.762	877.485	Measured	330.659	844.354	850.545	Virtual	134.300	917.404	1005.184	Measured	165.953	897.124	1018.079	Measured	93.735	944.239	1035.294	Measured	166.582	954.414	1050.218	Measured	297.217	815.803	891.337	Virtual	315.777	805.740	916.404	Virtual	272.450	832.202	920.548	Virtual	288.604	804.565	913.038	Virtual	303.580	828.441	913.484	Virtual
810	8.09000	271.211	899.504	872.397	Measured	251.327	819.702	872.003	Measured	312.271	764.998	872.827	Measured	405.818	825.638	877.535	Measured	330.471	844.271	850.468	Virtual	133.517	917.573	1005.918	Measured	165.084	897.253	1018.816	Measured	93.025	944.547	1035.952	Measured	165.855	954.601	1050.848	Measured	296.177	815.383	892.232	Virtual	314.717	805.328	917.316	Virtual	271.450	831.895	921.412	Virtual	287.542	804.207	913.956	Virtual	302.571	828.050	914.353	Virtual
811	8.10000	271.172	899.311	872.309	Measured	251.140	819.550	871.963	Measured	312.051	764.824	872.804	Measured	405.579	825.552	877.489	Measured	330.305	844.103	850.410	Virtual	132.700	917.770	1006.635	Measured	164.223	897.405	1019.598	Measured	92.231	944.877	1036.585	Measured	165.079	954.816	1051.482	Measured	295.220	815.000	893.263	Virtual	313.729	804.967	918.380	Virtual	270.510	831.626	922.393	Virtual	286.553	803.890	915.008	Virtual	301.627	827.705	915.358	Virtual
812	8.11000	270.821	899.176	872.235	Measured	251.034	819.407	871.812	Measured	311.977	764.663	872.660	Measured	405.477	825.416	877.474	Measured	330.151	843.996	850.345	Virtual	131.791	917.942	1007.396	Measured	163.253	897.532	1020.401	Measured	91.367	945.202	1037.329	Measured	164.219	955.031	1052.203	Measured	294.086	814.660	894.213	Virtual	312.575	804.634	919.347	Virtual	269.410	831.386	923.315	Virtual	285.397	803.606	915.978	Virtual	300.519	827.391	916.286	Virtual
813	8.12000	270.761	898.988	872.227	Measured	250.915	819.241	871.762	Measured	311.811	764.516	872.500	Measured	405.300	825.262	877.351	Measured	330.014	843.851	850.267	Virtual	130.823	918.117	1008.186	Measured	162.242	897.628	1021.242	Measured	90.424	945.495	1037.975	Measured	163.279	955.156	1052.960	Measured	293.068	814.272	895.387	Virtual	311.491	804.235	920.565	Virtual	268.384	831.097	924.425	Virtual	284.316	803.268	917.152	Virtual	299.495	827.017	917.454	Virtual
814	8.13000	270.498	898.876	872.220	Measured	250.731	819.082	871.680	Measured	311.713	764.359	872.340	Measured	405.235	825.151	877.276	Measured	329.851	843.755	850.206	Virtual	129.781	918.180	1009.000	Measured	161.125	897.690	1022.161	Measured	89.363	945.687	1038.738	Measured	162.199	955.274	1053.805	Measured	292.031	813.973	896.615	Virtual	310.403	803.947	921.834	Virtual	267.328	830.873	925.593	Virtual	283.232	803.013	918.383	Virtual	298.443	826.741	918.672	Virtual
815	8.14000	270.412	898.707	872.304	Measured	250.665	818.986	871.673	Measured	311.544	764.233	872.221	Measured	405.093	825.014	877.197	Measured	329.728	843.649	850.188	Virtual	128.645	918.273	1009.819	Measured	159.940	897.713	1023.024	Measured	88.237	945.872	1039.398	Measured	161.070	955.325	1054.642	Measured	290.937	813.625	897.844	Virtual	309.233	803.579	923.112	Virtual	266.207	830.600	926.754	Virtual	282.067	802.700	919.601	Virtual	297.328	826.396	919.906	Virtual
816	8.15000	270.274	898.664	872.324	Measured	250.420	818.912	871.684	Measured	311.378	764.153	872.230	Measured	404.911	824.918	877.149	Measured	329.539	843.570	850.177	Virtual	127.505	918.338	1010.668	Measured	158.698	897.685	1023.953	Measured	87.074	946.026	1040.205	Measured	159.914	955.300	1055.495	Measured	289.668	813.226	898.975	Virtual	307.907	803.152	924.272	Virtual	264.939	830.275	927.843	Virtual	280.744	802.334	920.726	Virtual	296.059	825.995	921.038	Virtual
817	8.16000	270.141	898.588	872.407	Measured	250.290	818.897	871.805	Measured	311.151	764.119	872.330	Measured	404.741	824.905	877.209	Measured	329.369	843.526	850.256	Virtual	126.290	918.387	1011.514	Measured	157.413	897.649	1024.851	Measured	85.916	946.215	1040.961	Measured	158.697	955.321	1056.370	Measured	288.368	812.761	900.178	Virtual	306.538	802.661	925.514	Virtual	263.635	829.899	928.990	Virtual	279.379	801.911	921.923	Virtual	294.756	825.532	922.241	Virtual
818	8.17000	269.948	898.515	872.432	Measured	250.056	818.874	871.872	Measured	310.924	764.074	872.440	Measured	404.487	824.787	877.285	Measured	329.151	843.439	850.317	Virtual	125.094	918.422	1012.376	Measured	156.094	897.622	1025.785	Measured	84.754	946.466	1041.750	Measured	157.604	955.275	1057.215	Measured	286.850	812.023	901.348	Virtual	304.952	801.883	926.716	Virtual	262.155	829.296	930.113	Virtual	277.794	801.237	923.097	Virtual	293.265	824.796	923.402	Virtual
819	8.18000	269.753	898.503	872.481	Measured	249.857	818.851	871.916	Measured	310.695	764.057	872.538	Measured	404.312	824.799	877.414	Measured	328.963	843.425	850.404	Virtual	123.834	918.494	1013.223	Measured	154.754	897.549	1026.695	Measured	83.604	946.701	1042.486	Measured	156.443	955.281	1058.067	Measured	285.354	811.300	902.566	Virtual	303.380	801.121	927.974	Virtual	260.686	828.707	931.272	Virtual	276.225	800.577	924.316	Virtual	291.788	824.076	924.613	Virtual
820	8.19000	269.559	898.362	872.539	Measured	249.610	818.840	871.922	Measured	310.470	764.031	872.587	Measured	403.995	824.726	877.512	Measured	328.733	843.365	850.473	Virtual	122.598	918.543	1014.114	Measured	153.375	897.481	1027.618	Measured	82.438	946.997	1043.278	Measured	155.338	955.249	1058.879	Measured	283.648	810.368	903.741	Virtual	301.609	800.152	929.179	Virtual	259.045	827.947	932.399	Virtual	274.454	799.730	925.506	Virtual	290.128	823.155	925.767	Virtual
821	8.20000	269.635	898.104	872.676	Measured	249.370	818.818	871.932	Measured	310.277	764.004	872.609	Measured	403.802	824.723	877.644	Measured	328.617	843.304	850.579	Virtual	121.303	918.575	1014.937	Measured	151.981	897.416	1028.538	Measured	81.341	947.241	1044.001	Measured	154.244	955.163	1059.564	Measured	281.837	809.263	904.866	Virtual	299.747	799.030	930.333	Virtual	257.321	827.044	933.474	Virtual	272.591	798.732	926.660	Virtual	288.381	822.080	926.856	Virtual
822	8.21000	269.395	898.007	872.850	Measured	249.219	818.805	871.958	Measured	310.046	763.993	872.647	Measured	403.645	824.639	877.692	Measured	328.422	843.276	850.667	Virtual	119.961	918.631	1015.842	Measured	150.514	897.311	1029.474	Measured	80.058	947.554	1044.774	Measured	153.039	955.154	1060.385	Measured	280.031	808.263	906.137	Virtual	297.869	798.000	931.643	Virtual	255.579	826.230	934.682	Virtual	270.714	797.828	927.947	Virtual	286.619	821.098	928.103	Virtual
823	8.22000	269.205	898.059	872.775	Measured	249.030	818.775	872.080	Measured	309.893	763.960	872.647	Measured	403.430	824.634	877.691	Measured	328.224	843.255	850.656	Virtual	118.621	918.698	1016.667	Measured	149.044	897.268	1030.366	Measured	78.852	947.791	1045.580	Measured	151.822	955.106	1061.172	Measured	278.231	807.513	907.133	Virtual	296.020	797.203	932.654	Virtual	253.849	825.616	935.653	Virtual	268.866	797.142	928.954	Virtual	284.869	820.345	929.086	Virtual
824	8.23000	269.122	897.961	872.914	Measured	248.945	818.753	872.192	Measured	309.746	763.932	872.647	Measured	403.369	824.560	877.693	Measured	328.118	843.212	850.719	Virtual	117.181	918.751	1017.462	Measured	147.488	897.165	1031.363	Measured	77.484	948.050	1046.352	Measured	150.472	955.124	1061.989	Measured	276.456	806.593	908.487	Virtual	294.169	796.273	934.057	Virtual	252.114	824.871	936.929	Virtual	267.019	796.317	930.321	Virtual	283.120	819.453	930.416	Virtual
825	8.24000	268.858	898.122	872.954	Measured	248.787	818.749	872.323	Measured	309.604	763.915	872.685	Measured	403.198	824.558	877.677	Measured	327.914	843.243	850.746	Virtual	115.733	918.782	1018.324	Measured	145.975	897.147	1032.181	Measured	76.117	948.267	1047.101	Measured	149.147	955.112	1062.764	Measured	274.663	805.988	909.466	Virtual	292.340	795.644	935.052	Virtual	250.377	824.380	937.882	Virtual	265.191	795.770	931.313	Virtual	281.365	818.854	931.380	Virtual
826	8.25000	268.853	898.044	873.123	Measured	248.640	818.736	872.430	Measured	309.431	763.908	872.722	Measured	403.028	824.523	877.658	Measured	327.778	843.216	850.814	Virtual	114.236	918.840	1019.151	Measured	144.395	897.063	1033.141	Measured	74.764	948.514	1047.843	Measured	147.796	955.111	1063.516	Measured	272.761	805.010	910.737	Virtual	290.378	794.665	936.363	Virtual	248.537	823.589	939.085	Virtual	263.232	794.896	932.607	Virtual	279.506	817.911	932.617	Virtual
827	8.26000	268.625	898.145	873.076	Measured	248.434	818.784	872.500	Measured	309.174	763.901	872.786	Measured	402.826	824.488	877.860	Measured	327.588	843.219	850.898	Virtual	112.804	918.884	1019.994	Measured	142.827	897.035	1033.970	Measured	73.390	948.727	1048.681	Measured	146.462	955.130	1064.321	Measured	270.884	804.474	911.614	Virtual	288.478	794.095	937.243	Virtual	246.731	823.154	939.956	Virtual	261.332	794.410	933.497	Virtual	277.678	817.372	933.481	Virtual
828	8.27000	268.482	898.174	873.136	Measured	248.192	818.860	872.509	Measured	308.898	763.934	872.880	Measured	402.575	824.473	877.877	Measured	327.370	843.231	850.937	Virtual	111.242	918.909	1020.840	Measured	141.225	896.948	1034.863	Measured	71.954	948.998	1049.509	Measured	145.085	955.078	1065.084	Measured	268.784	803.608	912.616	Virtual	286.346	793.204	938.255	Virtual	244.725	822.447	940.933	Virtual	259.199	793.628	934.523	Virtual	275.644	816.520	934.453	Virtual
829	8.28000	268.268	898.291	873.073	Measured	247.903	818.944	872.560	Measured	308.579	763.998	873.020	Measured	402.268	824.509	878.124	Measured	327.131	843.267	851.041	Virtual	109.688	918.911	1021.659	Measured	139.535	896.861	1035.722	Measured	70.565	949.236	1050.230	Measured	143.644	954.993	1065.920	Measured	266.820	802.759	913.752	Virtual	284.297	792.294	939.426	Virtual	242.816	821.743	942.018	Virtual	257.157	792.847	935.656	Virtual	273.714	815.658	935.587	Virtual
830	8.29000	268.047	898.427	873.095	Measured	247.509	819.003	872.645	Measured	308.265	764.077	873.160	Measured	402.009	824.474	878.284	Measured	326.861	843.293	851.142	Virtual	108.076	918.923	1022.476	Measured	137.792	896.685	1036.570	Measured	69.048	949.437	1051.013	Measured	142.184	954.827	1066.743	Measured	264.675	801.918	914.714	Virtual	282.080	791.372	940.403	Virtual	240.749	821.033	942.958	Virtual	254.947	792.062	936.614	Virtual	271.620	814.789	936.549	Virtual
831	8.30000	267.859	898.614	873.014	Measured	247.240	819.104	872.786	Measured	307.952	764.162	873.324	Measured	401.684	824.557	878.402	Measured	326.600	843.351	851.199	Virtual	106.406	918.901	1023.247	Measured	135.948	896.560	1037.378	Measured	67.505	949.596	1051.703	Measured	140.587	954.622	1067.587	Measured	262.631	801.181	915.734	Virtual	279.932	790.536	941.453	Virtual	238.743	820.402	943.939	Virtual	252.810	791.363	937.610	Virtual	269.596	814.006	937.590	Virtual
832	8.31000	267.752	898.669	873.171	Measured	246.978	819.164	872.854	Measured	307.682	764.231	873.490	Measured	401.476	824.553	878.515	Measured	326.403	843.381	851.326	Virtual	104.693	918.891	1024.029	Measured	134.238	896.299	1038.215	Measured	65.844	949.733	1052.442	Measured	138.953	954.431	1068.436	Measured	260.666	800.526	916.777	Virtual	277.879	789.809	942.525	Virtual	236.805	819.838	944.943	Virtual	250.767	790.745	938.634	Virtual	267.644	813.321	938.647	Virtual
833	8.32000	267.534	898.822	873.207	Measured	246.685	819.165	872.982	Measured	307.470	764.315	873.618	Measured	401.341	824.644	878.567	Measured	326.176	843.446	851.389	Virtual	102.955	918.831	1024.828	Measured	132.265	896.262	1038.978	Measured	64.209	949.893	1053.154	Measured	137.337	954.227	1069.212	Measured	258.385	799.776	917.632	Virtual	275.530	788.975	943.390	Virtual	234.600	819.201	945.783	Virtual	248.426	790.041	939.482	Virtual	265.410	812.536	939.507	Virtual
834	8.33000	267.408	898.932	873.233	Measured	246.438	819.136	873.110	Measured	307.301	764.375	873.721	Measured	401.180	824.692	878.606	Measured	325.991	843.474	851.441	Virtual	101.230	918.797	1025.553	Measured	130.494	896.054	1039.703	Measured	62.597	950.026	1053.825	Measured	135.708	954.027	1069.934	Measured	256.273	799.070	918.484	Virtual	273.350	788.200	944.258	Virtual	232.543	818.596	946.613	Virtual	246.254	789.378	940.326	Virtual	263.332	811.802	940.364	Virtual
835	8.34000	267.278	898.974	873.354	Measured	246.285	819.197	873.227	Measured	307.118	764.434	873.820	Measured	400.856	824.841	878.442	Measured	325.745	843.548	851.439	Virtual	99.406	918.777	1026.249	Measured	128.578	895.953	1040.446	Measured	60.981	950.201	1054.488	Measured	134.115	953.861	1070.636	Measured	253.904	798.222	919.291	Virtual	270.923	787.284	945.075	Virtual	230.267	817.884	947.404	Virtual	243.833	788.594	941.138	Virtual	261.022	810.933	941.164	Virtual
836	8.35000	267.168	899.099	873.415	Measured	246.092	819.267	873.307	Measured	306.965	764.485	873.828	Measured	400.888	824.742	878.642	Measured	325.675	843.580	851.555	Virtual	97.672	918.772	1026.926	Measured	126.687	895.851	1041.105	Measured	59.355	950.398	1055.135	Measured	132.453	953.709	1071.361	Measured	251.708	797.605	920.047	Virtual	268.649	786.573	945.842	Virtual	228.132	817.358	948.146	Virtual	241.570	788.011	941.877	Virtual	258.862	810.270	941.935	Virtual
837	8.36000	267.107	899.140	873.497	Measured	246.039	819.458	873.366	Measured	306.781	764.564	873.821	Measured	400.663	824.879	878.548	Measured	325.526	843.694	851.550	Virtual	95.923	918.777	1027.575	Measured	124.804	895.654	1041.791	Measured	57.690	950.635	1055.781	Measured	130.820	953.559	1071.988	Measured	249.333	796.715	920.852	Virtual	266.209	785.618	946.661	Virtual	225.850	816.612	948.928	Virtual	239.139	787.191	942.687	Virtual	256.545	809.361	942.732	Virtual
838	8.37000	266.993	899.224	873.675	Measured	246.100	819.700	873.266	Measured	306.598	764.627	873.808	Measured	400.583	824.794	878.588	Measured	325.479	843.786	851.616	Virtual	94.090	918.813	1028.219	Measured	122.838	895.609	1042.419	Measured	56.061	950.859	1056.304	Measured	129.176	953.401	1072.609	Measured	246.960	795.908	921.618	Virtual	263.754	784.727	947.445	Virtual	223.560	815.938	949.669	Virtual	236.696	786.444	943.447	Virtual	254.221	808.521	943.501	Virtual
839	8.38000	266.975	899.354	873.804	Measured	245.983	819.866	873.378	Measured	306.508	764.710	873.852	Measured	400.483	824.840	878.574	Measured	325.390	843.887	851.673	Virtual	92.264	918.835	1028.756	Measured	120.898	895.486	1043.058	Measured	54.400	951.130	1056.892	Measured	127.544	953.311	1073.112	Measured	244.413	794.951	922.317	Virtual	261.166	783.726	948.152	Virtual	221.136	815.150	950.349	Virtual	234.114	785.578	944.169	Virtual	251.754	807.563	944.174	Virtual
840	8.39000	266.893	899.455	873.960	Measured	245.945	819.975	873.447	Measured	306.417	764.756	873.933	Measured	400.438	824.884	878.551	Measured	325.312	843.966	851.735	Virtual	90.397	918.908	1029.274	Measured	118.932	895.419	1043.601	Measured	52.745	951.383	1057.408	Measured	125.878	953.233	1073.694	Measured	241.995	794.278	922.901	Virtual	258.681	782.966	948.741	Virtual	218.809	814.592	950.925	Virtual	231.641	784.955	944.746	Virtual	249.391	806.851	944.762	Virtual
841	8.40000	266.923	899.567	873.986	Measured	245.808	820.094	873.537	Measured	306.337	764.825	873.997	Measured	400.349	824.966	878.619	Measured	325.251	844.043	851.790	Virtual	88.543	918.932	1029.814	Measured	116.978	895.307	1044.176	Measured	51.083	951.674	1057.972	Measured	124.222	953.180	1074.134	Measured	239.356	793.319	923.521	Virtual	256.018	781.975	949.362	Virtual	216.310	813.807	951.533	Virtual	228.983	784.093	945.399	Virtual	246.844	805.898	945.346	Virtual
842	8.41000	266.832	899.627	874.130	Measured	245.719	820.138	873.557	Measured	306.196	764.863	874.121	Measured	400.319	825.006	878.662	Measured	325.162	844.090	851.873	Virtual	86.694	918.963	1030.374	Measured	114.983	895.201	1044.687	Measured	49.455	951.903	1058.527	Measured	122.569	953.058	1074.630	Measured	236.738	792.514	923.980	Virtual	253.363	781.094	949.812	Virtual	213.826	813.135	952.005	Virtual	226.336	783.352	945.873	Virtual	244.312	805.063	945.794	Virtual
843	8.42000	266.759	899.767	874.106	Measured	245.568	820.215	873.595	Measured	306.130	764.894	874.166	Measured	400.248	825.122	878.724	Measured	325.077	844.171	851.900	Virtual	84.823	918.974	1030.905	Measured	113.014	895.059	1045.243	Measured	47.778	952.208	1059.074	Measured	121.002	952.871	1075.053	Measured	233.911	791.409	924.503	Virtual	250.501	779.924	950.328	Virtual	211.170	812.218	952.528	Virtual	223.483	782.347	946.424	Virtual	241.595	803.944	946.285	Virtual
844	8.43000	266.615	899.817	874.264	Measured	245.513	820.314	873.631	Measured	305.957	764.929	874.236	Measured	400.186	825.145	878.786	Measured	324.972	844.234	851.993	Virtual	82.944	918.999	1031.475	Measured	110.931	894.956	1045.792	Measured	46.065	952.448	1059.604	Measured	119.306	952.731	1075.579	Measured	231.257	790.533	925.104	Virtual	247.787	778.970	950.933	Virtual	208.640	811.488	953.121	Virtual	220.783	781.543	947.033	Virtual	239.017	803.037	946.878	Virtual
845	8.44000	266.610	899.955	874.295	Measured	245.675	820.587	873.718	Measured	305.806	764.963	874.328	Measured	400.078	825.208	878.818	Measured	324.957	844.327	852.038	Virtual	80.949	919.062	1031.984	Measured	108.837	894.763	1046.436	Measured	44.302	952.739	1060.108	Measured	117.554	952.562	1076.103	Measured	228.490	789.420	925.909	Virtual	244.929	777.782	951.762	Virtual	205.999	810.563	953.886	Virtual	217.945	780.530	947.844	Virtual	236.322	801.902	947.669	Virtual
846	8.45000	266.554	900.079	874.446	Measured	245.456	820.723	873.739	Measured	305.666	765.044	874.360	Measured	400.061	825.230	878.818	Measured	324.852	844.423	852.095	Virtual	78.938	919.108	1032.457	Measured	106.585	894.666	1046.957	Measured	42.439	953.037	1060.552	Measured	115.662	952.442	1076.565	Measured	225.702	788.473	926.603	Virtual	242.055	776.760	952.477	Virtual	203.324	809.780	954.546	Virtual	215.090	779.669	948.540	Virtual	233.597	800.928	948.356	Virtual
847	8.46000	266.644	900.204	874.431	Measured	245.378	820.855	873.905	Measured	305.577	765.120	874.361	Measured	399.994	825.244	878.754	Measured	324.805	844.475	852.083	Virtual	76.842	919.135	1032.878	Measured	104.349	894.530	1047.449	Measured	40.526	953.305	1060.907	Measured	113.650	952.240	1077.018	Measured	223.015	787.573	927.341	Virtual	239.251	775.773	953.249	Virtual	200.715	809.025	955.236	Virtual	212.311	778.842	949.263	Virtual	230.946	799.990	949.103	Virtual
848	8.47000	266.611	900.284	874.627	Measured	245.246	820.866	873.963	Measured	305.507	765.193	874.331	Measured	399.964	825.244	878.669	Measured	324.718	844.543	852.119	Virtual	74.675	919.109	1033.329	Measured	102.012	894.417	1047.963	Measured	38.536	953.529	1061.345	Measured	111.655	952.050	1077.489	Measured	220.134	786.661	927.976	Virtual	236.290	774.786	953.900	Virtual	197.945	808.260	955.844	Virtual	209.370	778.007	949.899	Virtual	228.126	799.047	949.733	Virtual
849	8.48000	266.620	900.398	874.778	Measured	245.036	820.918	874.028	Measured	305.616	765.438	874.223	Measured	399.944	825.255	878.663	Measured	324.681	844.691	852.167	Virtual	72.532	919.086	1033.786	Measured	99.700	894.240	1048.421	Measured	36.566	953.682	1061.705	Measured	109.624	951.836	1077.988	Measured	217.439	785.844	928.637	Virtual	233.489	773.881	954.587	Virtual	195.324	807.564	956.471	Virtual	206.594	777.249	950.543	Virtual	225.464	798.186	950.407	Virtual
850	8.49000	266.618	900.477	874.905	Measured	244.491	820.783	874.630	Measured	305.670	765.635	874.244	Measured	399.884	825.309	878.684	Measured	324.471	844.739	852.296	Virtual	70.350	919.004	1034.183	Measured	97.376	893.986	1048.824	Measured	34.590	953.809	1062.108	Measured	107.588	951.521	1078.395	Measured	214.509	784.935	929.055	Virtual	230.480	772.874	955.008	Virtual	192.511	806.779	956.886	Virtual	203.605	776.399	950.956	Virtual	222.598	797.226	950.831	Virtual
851	8.50000	266.625	900.525	875.161	Measured	244.519	820.821	874.717	Measured	305.549	765.688	874.395	Measured	399.840	825.373	878.754	Measured	324.432	844.802	852.441	Virtual	68.152	918.934	1034.614	Measured	95.050	893.783	1049.075	Measured	32.609	953.950	1062.447	Measured	105.598	951.193	1078.876	Measured	211.625	784.256	929.257	Virtual	227.500	772.046	955.199	Virtual	189.735	806.175	957.113	Virtual	200.651	775.741	951.130	Virtual	219.769	796.454	951.064	Virtual
852	8.51000	266.570	900.598	875.271	Measured	244.521	820.974	874.879	Measured	305.517	765.791	874.474	Measured	399.832	825.383	878.797	Measured	324.400	844.880	852.526	Virtual	65.930	918.868	1034.955	Measured	92.722	893.516	1049.431	Measured	30.573	954.143	1062.779	Measured	103.493	950.887	1079.239	Measured	208.682	783.337	929.708	Virtual	224.460	771.028	955.662	Virtual	186.901	805.384	957.547	Virtual	197.638	774.886	951.571	Virtual	216.880	795.483	951.524	Virtual
853	8.52000	266.554	900.656	875.495	Measured	244.595	821.167	875.065	Measured	305.434	765.836	874.589	Measured	399.761	825.423	878.792	Measured	324.355	844.963	852.637	Virtual	63.703	918.843	1035.138	Measured	90.344	893.287	1049.742	Measured	28.521	954.370	1062.889	Measured	101.481	950.586	1079.616	Measured	205.840	782.309	930.327	Virtual	221.450	769.880	956.325	Virtual	184.134	804.507	958.106	Virtual	194.669	773.933	952.154	Virtual	214.060	794.390	952.170	Virtual
854	8.53000	266.493	900.733	875.706	Measured	244.573	821.298	875.245	Measured	305.304	765.900	874.705	Measured	399.726	825.410	878.811	Measured	324.277	845.024	852.753	Virtual	61.460	918.800	1035.466	Measured	87.885	893.061	1050.126	Measured	26.476	954.632	1063.235	Measured	99.376	950.329	1079.916	Measured	202.614	781.186	930.822	Virtual	218.135	768.676	956.834	Virtual	181.060	803.562	958.577	Virtual	191.383	772.910	952.657	Virtual	210.915	793.232	952.654	Virtual
855	8.54000	266.452	900.834	875.925	Measured	244.535	821.439	875.384	Measured	305.155	765.939	874.791	Measured	399.640	825.417	878.833	Measured	324.192	845.098	852.865	Virtual	59.176	918.765	1035.643	Measured	85.368	892.858	1050.407	Measured	24.409	954.816	1063.297	Measured	97.262	950.014	1080.221	Measured	199.627	780.081	931.436	Virtual	214.982	767.461	957.495	Virtual	178.161	802.621	959.126	Virtual	188.274	771.893	953.240	Virtual	207.956	792.069	953.290	Virtual
856	8.55000	266.407	900.901	876.101	Measured	244.435	821.504	875.515	Measured	304.985	765.999	874.825	Measured	399.513	825.383	878.828	Measured	324.073	845.141	852.944	Virtual	56.925	918.652	1035.918	Measured	82.935	892.577	1050.656	Measured	22.342	954.947	1063.530	Measured	95.174	949.646	1080.475	Measured	196.503	779.066	931.744	Virtual	211.765	766.348	957.808	Virtual	175.172	801.745	959.425	Virtual	185.088	770.951	953.543	Virtual	204.900	791.001	953.601	Virtual
857	8.56000	266.709	900.938	875.671	Measured	244.329	821.648	875.645	Measured	304.792	766.028	874.872	Measured	399.423	825.403	878.818	Measured	324.078	845.069	852.810	Virtual	54.618	918.504	1036.098	Measured	80.509	892.263	1050.873	Measured	20.239	955.009	1063.670	Measured	93.001	949.252	1080.751	Measured	193.577	778.144	932.105	Virtual	208.718	765.322	958.191	Virtual	172.333	800.936	959.760	Virtual	182.076	770.087	953.881	Virtual	202.007	790.018	953.983	Virtual
858	8.57000	267.043	900.864	876.047	Measured	244.225	821.711	875.854	Measured	304.656	766.100	874.942	Measured	399.313	825.365	878.851	Measured	324.071	845.087	852.988	Virtual	52.297	918.326	1036.292	Measured	78.003	891.942	1050.998	Measured	18.169	955.020	1063.874	Measured	90.919	948.777	1080.889	Measured	190.233	777.125	932.061	Virtual	205.315	764.191	958.125	Virtual	169.163	800.038	959.749	Virtual	178.701	769.130	953.844	Virtual	198.760	788.931	953.937	Virtual
859	8.58000	267.172	900.951	876.026	Measured	244.138	821.805	876.064	Measured	304.492	766.148	875.083	Measured	399.241	825.356	878.900	Measured	324.027	845.079	853.042	Virtual	50.020	918.153	1036.444	Measured	75.588	891.588	1051.113	Measured	16.091	955.033	1064.056	Measured	88.813	948.331	1081.059	Measured	187.133	776.250	932.071	Virtual	202.139	763.203	958.123	Virtual	166.196	799.259	959.781	Virtual	175.554	768.301	953.846	Virtual	195.728	787.986	953.959	Virtual
860	8.59000	267.185	901.002	876.264	Measured	244.039	821.857	876.272	Measured	304.354	766.089	875.420	Measured	399.170	825.398	879.025	Measured	323.942	845.070	853.238	Virtual	47.732	917.983	1036.538	Measured	73.130	891.274	1051.191	Measured	14.082	955.075	1064.221	Measured	86.765	947.917	1081.092	Measured	183.764	775.206	931.972	Virtual	198.729	762.067	958.001	Virtual	163.018	798.350	959.713	Virtual	172.170	767.333	953.766	Virtual	192.469	786.889	953.845	Virtual
861	8.60000	266.829	901.112	876.775	Measured	243.957	821.895	876.463	Measured	304.267	766.167	875.634	Measured	399.070	825.454	879.199	Measured	323.760	845.210	853.536	Virtual	45.459	917.818	1036.626	Measured	70.652	890.921	1051.257	Measured	12.122	955.148	1064.317	Measured	84.719	947.483	1081.135	Measured	180.357	774.012	931.998	Virtual	195.243	760.770	958.020	Virtual	159.801	797.315	959.747	Virtual	168.720	766.230	953.803	Virtual	189.163	785.636	953.862	Virtual
862	8.61000	266.824	901.132	876.834	Measured	243.861	822.113	876.616	Measured	304.208	766.216	875.929	Measured	398.943	825.499	879.520	Measured	323.725	845.247	853.743	Virtual	43.161	917.647	1036.674	Measured	68.140	890.571	1051.319	Measured	10.075	955.274	1064.351	Measured	82.720	947.063	1081.107	Measured	176.821	772.669	932.095	Virtual	191.633	759.348	958.119	Virtual	156.475	796.167	959.835	Virtual	165.149	765.006	953.923	Virtual	185.740	784.255	953.933	Virtual
863	8.62000	266.643	901.221	877.126	Measured	243.948	822.113	876.942	Measured	304.122	766.153	876.121	Measured	398.796	825.611	879.801	Measured	323.630	845.309	854.023	Virtual	40.765	917.411	1036.723	Measured	65.638	890.169	1051.306	Measured	8.149	955.375	1064.341	Measured	80.619	946.598	1081.133	Measured	173.266	771.303	932.170	Virtual	187.978	757.878	958.198	Virtual	153.124	794.986	959.901	Virtual	161.539	763.752	954.007	Virtual	182.287	782.830	953.997	Virtual
864	8.63000	266.602	901.228	877.327	Measured	243.956	822.756	876.464	Measured	303.988	766.310	876.466	Measured	398.681	825.669	880.107	Measured	323.673	845.504	854.201	Virtual	38.396	917.153	1036.727	Measured	63.045	889.728	1051.306	Measured	6.084	955.489	1064.291	Measured	78.523	946.032	1081.081	Measured	169.563	769.775	932.291	Virtual	184.159	756.247	958.331	Virtual	149.639	793.666	960.001	Virtual	157.773	762.351	954.138	Virtual	178.691	781.244	954.104	Virtual
865	8.64000	266.469	901.373	877.562	Measured	243.901	822.784	876.823	Measured	303.860	766.376	876.791	Measured	398.521	825.756	880.403	Measured	323.547	845.568	854.486	Virtual	35.943	916.902	1036.657	Measured	60.408	889.300	1051.268	Measured	4.073	955.526	1064.202	Measured	76.359	945.434	1081.036	Measured	165.852	768.326	932.304	Virtual	180.319	754.674	958.350	Virtual	146.137	792.404	960.002	Virtual	153.990	761.015	954.150	Virtual	175.078	779.719	954.116	Virtual
866	8.65000	266.361	901.438	877.924	Measured	243.819	822.997	876.969	Measured	303.701	766.542	877.061	Measured	398.251	825.831	880.506	Measured	323.384	845.704	854.703	Virtual	33.552	916.644	1036.538	Measured	57.686	888.804	1051.239	Measured	1.919	955.533	1064.159	Measured	74.172	944.834	1080.924	Measured	162.092	766.898	932.265	Virtual	176.448	753.134	958.313	Virtual	142.592	791.156	959.957	Virtual	150.174	759.699	954.117	Virtual	171.421	778.221	954.069	Virtual
867	8.66000	266.335	901.543	878.233	Measured	243.762	823.256	877.235	Measured	303.549	766.648	877.144	Measured	398.353	825.687	880.840	Measured	323.394	845.792	854.994	Virtual	31.057	916.332	1036.415	Measured	54.993	888.318	1051.119	Measured	-0.256	955.460	1064.021	Measured	71.901	944.251	1080.772	Measured	158.455	765.576	932.182	Virtual	172.718	751.721	958.234	Virtual	139.145	789.994	959.867	Virtual	146.492	758.478	954.043	Virtual	167.875	776.842	953.977	Virtual
868	8.67000	266.208	901.628	878.543	Measured	244.415	822.805	877.398	Measured	303.405	766.840	877.271	Measured	398.047	825.857	880.835	Measured	323.352	845.855	855.135	Virtual	28.541	915.998	1036.282	Measured	52.326	887.645	1051.210	Measured	-2.463	955.311	1063.855	Measured	69.641	943.577	1080.605	Measured	154.781	763.840	932.539	Virtual	168.932	749.944	958.630	Virtual	135.662	788.485	960.155	Virtual	142.760	756.896	954.417	Virtual	164.288	775.090	954.304	Virtual
869	8.68000	266.182	901.724	878.854	Measured	244.325	823.077	877.758	Measured	303.295	766.902	877.506	Measured	398.035	825.815	881.029	Measured	323.291	845.933	855.394	Virtual	26.052	915.615	1036.077	Measured	49.563	887.125	1050.985	Measured	-4.762	955.160	1063.725	Measured	67.307	942.885	1080.419	Measured	151.156	762.712	932.169	Virtual	165.215	748.692	958.243	Virtual	132.214	787.462	959.814	Virtual	139.091	755.830	954.044	Virtual	160.745	773.874	953.943	Virtual
870	8.69000	266.090	901.838	879.138	Measured	244.812	822.889	877.994	Measured	303.170	767.008	877.752	Measured	397.914	825.997	881.257	Measured	323.307	846.015	855.645	Virtual	23.506	915.219	1035.869	Measured	46.764	886.513	1050.812	Measured	-6.979	954.939	1063.605	Measured	65.004	942.126	1080.218	Measured	147.303	761.352	931.833	Virtual	161.273	747.211	957.890	Virtual	128.580	786.240	959.503	Virtual	135.203	754.557	953.714	Virtual	156.998	772.430	953.604	Virtual
871	8.70000	266.025	902.008	879.366	Measured	244.420	823.035	878.328	Measured	303.004	767.132	878.129	Measured	397.825	826.100	881.434	Measured	323.113	846.107	855.879	Virtual	20.995	914.812	1035.584	Measured	44.042	885.955	1050.477	Measured	-9.215	954.759	1063.422	Measured	62.655	941.356	1080.002	Measured	143.680	760.298	931.264	Virtual	157.543	746.003	957.294	Virtual	125.134	785.264	958.981	Virtual	131.527	753.546	953.129	Virtual	153.452	771.260	953.058	Virtual
872	8.71000	265.954	902.186	879.655	Measured	244.058	823.408	878.573	Measured	302.866	767.303	878.458	Measured	397.787	826.155	881.828	Measured	323.003	846.274	856.211	Virtual	18.642	914.273	1035.574	Measured	41.659	885.305	1049.985	Measured	-11.389	954.536	1063.169	Measured	60.391	940.570	1079.760	Measured	140.512	759.386	930.697	Virtual	154.310	744.976	956.698	Virtual	122.101	784.399	958.463	Virtual	128.331	752.659	952.555	Virtual	150.346	770.261	952.507	Virtual
873	8.72000	265.923	902.340	879.873	Measured	243.866	823.641	878.930	Measured	302.764	767.398	878.835	Measured	397.695	826.289	882.041	Measured	322.887	846.384	856.460	Virtual	16.382	913.501	1035.102	Measured	38.954	884.673	1049.588	Measured	-13.501	954.326	1062.896	Measured	58.128	939.768	1079.390	Measured	136.947	757.899	930.374	Virtual	150.634	743.394	956.380	Virtual	118.723	783.058	958.132	Virtual	124.714	751.270	952.233	Virtual	146.861	768.707	952.182	Virtual
874	8.73000	265.935	902.515	880.049	Measured	243.625	823.852	879.176	Measured	302.638	767.567	879.180	Measured	397.599	826.346	882.354	Measured	322.801	846.489	856.721	Virtual	14.008	913.021	1034.683	Measured	36.309	884.059	1049.194	Measured	-15.684	954.201	1062.530	Measured	55.940	938.966	1079.004	Measured	133.289	756.521	929.973	Virtual	146.854	741.901	955.979	Virtual	115.263	781.821	957.732	Virtual	121.000	749.987	951.828	Virtual	143.286	767.244	951.785	Virtual
875	8.74000	265.916	902.685	880.143	Measured	243.448	824.011	879.417	Measured	302.548	767.689	879.469	Measured	397.547	826.506	882.529	Measured	322.713	846.599	856.887	Virtual	11.618	912.588	1034.171	Measured	33.330	883.534	1048.697	Measured	-17.603	953.758	1062.208	Measured	53.656	938.199	1078.519	Measured	129.291	755.223	929.120	Virtual	142.761	740.445	955.086	Virtual	111.520	780.634	956.942	Virtual	116.973	748.761	950.981	Virtual	139.408	765.825	950.936	Virtual
876	8.75000	265.915	902.808	880.294	Measured	243.290	824.201	879.653	Measured	302.451	767.854	879.756	Measured	397.475	826.544	882.832	Measured	322.657	846.690	857.127	Virtual	8.695	912.260	1033.798	Measured	30.572	882.826	1048.165	Measured	-19.778	953.593	1061.747	Measured	51.447	937.314	1077.951	Measured	124.655	753.614	928.267	Virtual	138.082	738.713	954.185	Virtual	107.240	779.205	956.149	Virtual	112.360	747.278	950.177	Virtual	134.959	764.123	950.039	Virtual
877	8.76000	265.889	902.992	880.430	Measured	243.129	824.342	879.826	Measured	302.347	767.961	879.962	Measured	397.416	826.625	882.995	Measured	322.576	846.794	857.286	Virtual	6.017	911.782	1033.276	Measured	27.773	882.086	1047.623	Measured	-22.041	953.348	1061.311	Measured	49.031	936.323	1077.520	Measured	120.665	752.306	927.491	Virtual	133.946	737.233	953.385	Virtual	103.468	777.996	955.418	Virtual	108.303	746.037	949.384	Virtual	131.053	762.679	949.290	Virtual
878	8.77000	265.810	903.112	880.550	Measured	242.997	824.501	879.996	Measured	302.250	768.101	880.220	Measured	397.390	826.689	883.226	Measured	322.508	846.885	857.474	Virtual	3.349	911.267	1032.784	Measured	24.773	881.382	1046.907	Measured	-24.430	953.034	1060.805	Measured	46.645	935.280	1076.932	Measured	116.378	751.004	926.413	Virtual	129.550	735.752	952.257	Virtual	99.446	776.785	954.417	Virtual	103.984	744.797	948.305	Virtual	126.884	761.232	948.224	Virtual
879	8.78000	265.762	903.277	880.700	Measured	242.857	824.593	880.135	Measured	302.168	768.214	880.417	Measured	397.303	826.749	883.463	Measured	322.439	846.982	857.665	Virtual	0.721	910.708	1032.123	Measured	21.992	880.438	1046.175	Measured	-26.655	952.573	1060.316	Measured	44.254	934.144	1076.371	Measured	112.413	749.792	925.207	Virtual	125.455	734.338	950.998	Virtual	95.703	775.619	953.302	Virtual	99.967	743.616	947.078	Virtual	123.007	759.854	947.052	Virtual
880	8.79000	265.735	903.376	880.749	Measured	242.740	824.744	880.224	Measured	302.051	768.294	880.646	Measured	397.241	826.817	883.672	Measured	322.384	847.043	857.805	Virtual	-1.856	910.106	1031.443	Measured	19.013	879.688	1045.414	Measured	-28.877	952.099	1059.737	Measured	41.888	933.076	1075.690	Measured	108.242	748.426	924.091	Virtual	121.167	732.802	949.838	Virtual	91.788	774.343	952.254	Virtual	95.760	742.316	945.960	Virtual	118.944	758.346	945.948	Virtual
881	8.80000	265.639	903.502	880.755	Measured	242.613	824.735	880.396	Measured	301.935	768.403	880.775	Measured	397.151	826.808	883.908	Measured	322.298	847.073	857.942	Virtual	-4.428	909.570	1030.626	Measured	16.073	878.782	1044.462	Measured	-30.991	951.641	1059.060	Measured	39.632	931.863	1074.952	Measured	103.854	747.056	922.597	Virtual	116.618	731.192	948.278	Virtual	87.696	773.043	950.867	Virtual	91.315	740.998	944.448	Virtual	114.673	756.775	944.487	Virtual
882	8.81000	265.536	903.667	881.127	Measured	242.566	824.994	880.406	Measured	301.899	768.491	880.872	Measured	397.127	826.902	884.062	Measured	322.262	847.273	858.148	Virtual	-6.888	908.949	1029.617	Measured	13.374	877.937	1043.610	Measured	-32.990	951.182	1058.354	Measured	37.402	930.769	1074.119	Measured	99.895	745.669	921.364	Virtual	112.528	729.641	947.008	Virtual	83.986	771.746	949.693	Virtual	87.312	739.682	943.209	Virtual	110.812	755.247	943.268	Virtual
883	8.82000	265.556	903.817	881.341	Measured	242.534	825.066	880.605	Measured	301.813	768.613	880.996	Measured	397.018	826.933	884.160	Measured	322.206	847.366	858.302	Virtual	-9.363	908.350	1028.679	Measured	10.579	877.086	1042.578	Measured	-34.943	950.723	1057.615	Measured	35.350	929.649	1073.163	Measured	95.432	744.226	919.772	Virtual	107.979	728.013	945.341	Virtual	79.875	770.399	948.207	Virtual	82.856	738.318	941.643	Virtual	106.512	753.643	941.663	Virtual
884	8.83000	265.603	903.906	881.245	Measured	242.447	825.251	880.765	Measured	301.737	768.677	881.217	Measured	396.873	827.059	884.198	Measured	322.134	847.411	858.328	Virtual	-11.755	907.783	1027.664	Measured	8.078	876.257	1041.455	Measured	-36.742	950.192	1056.854	Measured	33.390	928.587	1072.061	Measured	91.295	743.062	917.905	Virtual	103.827	726.683	943.375	Virtual	76.077	769.286	946.476	Virtual	78.770	737.199	939.817	Virtual	102.549	752.334	939.769	Virtual
885	8.84000	265.668	903.927	881.353	Measured	242.424	825.382	880.909	Measured	301.721	768.821	881.308	Measured	396.858	827.093	884.379	Measured	322.153	847.488	858.469	Virtual	-13.918	907.078	1026.731	Measured	5.596	875.422	1040.163	Measured	-38.539	949.597	1056.049	Measured	31.448	927.452	1070.845	Measured	87.321	741.986	915.871	Virtual	99.848	725.434	941.232	Virtual	72.427	768.229	944.595	Virtual	74.854	736.145	937.822	Virtual	98.743	751.105	937.713	Virtual
886	8.85000	265.690	904.036	881.429	Measured	242.409	825.459	881.097	Measured	301.654	768.871	881.480	Measured	396.809	827.189	884.523	Measured	322.126	847.546	858.598	Virtual	-16.231	906.407	1025.604	Measured	3.176	874.520	1038.854	Measured	-40.354	948.974	1055.188	Measured	29.591	926.328	1069.542	Measured	83.236	740.895	913.716	Virtual	95.795	724.185	938.958	Virtual	68.694	767.161	942.599	Virtual	70.857	735.080	935.724	Virtual	94.849	749.873	935.516	Virtual
887	8.86000	265.729	904.136	881.700	Measured	242.417	825.562	881.236	Measured	301.660	768.956	881.622	Measured	396.814	827.178	884.706	Measured	322.153	847.629	858.802	Virtual	-18.312	905.670	1024.433	Measured	0.788	873.642	1037.449	Measured	-42.087	948.295	1054.234	Measured	27.782	925.167	1068.216	Measured	79.459	739.862	911.552	Virtual	92.007	722.981	936.685	Virtual	65.222	766.132	940.583	Virtual	67.132	734.060	933.592	Virtual	91.225	748.686	933.332	Virtual
888	8.87000	265.666	904.262	881.918	Measured	242.434	825.633	881.433	Measured	301.660	768.990	881.810	Measured	396.917	827.203	884.933	Measured	322.173	847.698	859.018	Virtual	-20.540	904.964	1023.179	Measured	-1.508	872.706	1035.968	Measured	-43.776	947.631	1053.255	Measured	26.021	923.952	1066.796	Measured	75.450	738.852	909.145	Virtual	88.019	721.789	934.145	Virtual	61.568	765.117	938.352	Virtual	63.207	733.058	931.234	Virtual	87.403	747.512	930.890	Virtual
889	8.88000	265.614	904.378	882.087	Measured	242.513	825.659	881.635	Measured	301.674	768.978	882.122	Measured	396.960	827.222	885.100	Measured	322.184	847.711	859.206	Virtual	-22.529	904.220	1021.914	Measured	-3.748	871.804	1034.289	Measured	-45.368	947.002	1052.178	Measured	24.263	922.703	1065.384	Measured	71.781	738.043	906.597	Virtual	84.300	720.752	931.465	Virtual	58.195	764.258	935.986	Virtual	59.566	732.225	928.695	Virtual	83.871	746.495	928.347	Virtual
890	8.89000	265.550	904.458	882.294	Measured	242.558	825.682	881.830	Measured	301.731	768.996	882.349	Measured	397.040	827.254	885.372	Measured	322.220	847.756	859.440	Virtual	-24.616	903.486	1020.610	Measured	-5.985	870.837	1032.797	Measured	-46.898	946.335	1051.071	Measured	22.571	921.426	1063.896	Measured	67.780	736.813	904.379	Virtual	80.273	719.351	929.140	Virtual	54.556	763.061	933.905	Virtual	55.623	731.037	926.521	Virtual	80.045	745.105	926.093	Virtual
891	8.90000	265.498	904.552	882.430	Measured	242.629	825.685	882.043	Measured	301.788	768.982	882.589	Measured	397.078	827.294	885.609	Measured	322.248	847.777	859.639	Virtual	-26.524	902.759	1019.224	Measured	-8.136	869.890	1031.230	Measured	-48.354	945.670	1049.945	Measured	20.941	920.075	1062.392	Measured	63.996	735.755	901.990	Virtual	76.424	718.084	926.634	Virtual	51.104	761.996	931.668	Virtual	51.867	729.995	924.151	Virtual	76.409	743.852	923.693	Virtual
892	8.91000	265.508	904.572	882.626	Measured	242.706	825.702	882.217	Measured	301.876	769.017	882.795	Measured	397.026	827.312	885.805	Measured	322.278	847.803	859.835	Virtual	-28.484	901.960	1017.860	Measured	-10.371	868.886	1029.674	Measured	-49.832	944.942	1048.774	Measured	19.278	918.728	1060.905	Measured	60.144	734.541	899.762	Virtual	72.503	716.683	924.306	Virtual	47.588	760.798	929.570	Virtual	48.043	728.816	921.948	Virtual	72.703	742.459	921.447	Virtual
893	8.92000	265.504	904.615	882.775	Measured	242.760	825.684	882.412	Measured	301.933	769.010	882.985	Measured	397.121	827.259	886.011	Measured	322.332	847.787	860.018	Virtual	-30.400	901.133	1016.434	Measured	-12.496	867.884	1028.029	Measured	-51.303	944.219	1047.644	Measured	17.625	917.342	1059.393	Measured	56.462	733.584	897.267	Virtual	68.761	715.513	921.686	Virtual	44.222	759.804	927.239	Virtual	44.392	727.855	919.468	Virtual	69.160	741.299	918.945	Virtual
894	8.93000	265.516	904.608	882.940	Measured	242.869	825.662	882.529	Measured	302.052	769.002	883.216	Measured	397.237	827.244	886.272	Measured	322.435	847.776	860.225	Virtual	-32.221	900.268	1015.032	Measured	-14.553	866.825	1026.442	Measured	-52.793	943.359	1046.432	Measured	15.966	915.887	1057.867	Measured	53.091	732.542	894.957	Virtual	65.316	714.284	919.274	Virtual	41.115	758.730	925.063	Virtual	41.033	726.812	917.164	Virtual	65.897	740.078	916.634	Virtual
895	8.94000	265.540	904.620	883.054	Measured	242.942	825.597	882.710	Measured	302.124	768.971	883.395	Measured	397.406	827.201	886.500	Measured	322.526	847.738	860.402	Virtual	-34.049	899.423	1013.540	Measured	-16.550	865.814	1024.689	Measured	-54.195	942.459	1045.243	Measured	14.420	914.526	1056.290	Measured	49.753	731.819	892.232	Virtual	61.953	713.352	916.402	Virtual	38.057	757.918	922.525	Virtual	37.742	726.045	914.454	Virtual	62.688	739.155	913.901	Virtual
896	8.95000	265.588	904.589	883.189	Measured	243.014	825.538	882.881	Measured	302.249	768.937	883.625	Measured	397.505	827.289	886.660	Measured	322.597	847.728	860.562	Virtual	-35.747	898.546	1012.076	Measured	-18.344	864.781	1023.046	Measured	-55.450	941.548	1044.073	Measured	13.031	913.152	1054.677	Measured	46.511	730.942	889.701	Virtual	58.715	712.301	913.736	Virtual	35.114	756.983	920.156	Virtual	34.571	725.146	911.955	Virtual	59.592	738.110	911.338	Virtual
897	8.96000	265.620	904.554	883.375	Measured	243.135	825.488	883.101	Measured	302.322	768.872	883.854	Measured	397.597	827.236	886.896	Measured	322.678	847.672	860.778	Virtual	-37.346	897.703	1010.421	Measured	-20.028	863.782	1021.353	Measured	-56.538	940.690	1042.881	Measured	11.862	911.842	1052.923	Measured	43.150	730.064	887.023	Virtual	55.391	711.257	910.910	Virtual	32.106	756.057	917.649	Virtual	31.316	724.256	909.330	Virtual	56.411	737.069	908.604	Virtual
898	8.97000	265.677	904.554	883.513	Measured	243.201	825.439	883.317	Measured	302.408	768.833	884.083	Measured	397.566	827.267	886.908	Measured	322.685	847.640	860.882	Virtual	-38.701	896.877	1008.848	Measured	-21.498	862.814	1019.580	Measured	-57.322	939.886	1041.652	Measured	10.919	910.597	1051.145	Measured	39.907	729.192	884.351	Virtual	52.185	710.219	908.086	Virtual	29.238	755.144	915.144	Virtual	28.185	723.379	906.715	Virtual	53.358	736.032	905.867	Virtual
899	8.98000	265.748	904.472	883.768	Measured	243.286	825.376	883.500	Measured	302.518	768.791	884.282	Measured	397.811	827.214	887.174	Measured	322.821	847.598	861.126	Virtual	-39.973	896.126	1007.367	Measured	-22.833	861.867	1017.847	Measured	-57.993	939.156	1040.424	Measured	10.131	909.354	1049.238	Measured	36.438	728.225	881.728	Virtual	48.799	709.108	905.304	Virtual	26.215	754.165	912.682	Virtual	24.876	722.431	904.181	Virtual	50.125	734.918	903.141	Virtual
900	8.99000	266.174	904.240	883.841	Measured	243.372	825.368	883.659	Measured	302.685	768.713	884.155	Measured	397.696	827.277	887.136	Measured	322.945	847.553	861.142	Virtual	-41.120	895.348	1005.866	Measured	-24.205	860.875	1016.122	Measured	-58.584	938.424	1039.159	Measured	9.421	908.188	1047.335	Measured	32.990	727.113	879.294	Virtual	45.421	707.871	902.731	Virtual	23.218	753.072	910.379	Virtual	21.583	721.362	901.837	Virtual	46.908	733.675	900.600	Virtual
901	9.00000	266.436	904.075	883.964	Measured	243.445	825.309	883.797	Measured	302.696	768.631	884.344	Measured	397.811	827.205	887.270	Measured	323.069	847.433	861.278	Virtual	-42.198	894.681	1004.326	Measured	-25.475	859.889	1014.432	Measured	-59.140	937.731	1037.844	Measured	8.713	906.961	1045.445	Measured	29.718	726.058	876.910	Virtual	42.169	706.675	900.219	Virtual	20.364	752.027	908.114	Virtual	18.428	720.348	899.522	Virtual	43.837	732.471	898.128	Virtual
902	9.01000	266.867	903.763	884.001	Measured	243.484	825.306	883.967	Measured	302.751	768.626	884.349	Measured	397.821	827.168	887.264	Measured	323.196	847.323	861.309	Virtual	-43.334	893.955	1002.760	Measured	-26.816	858.903	1012.874	Measured	-59.670	936.942	1036.553	Measured	8.066	905.718	1043.561	Measured	26.229	724.798	874.712	Virtual	38.722	705.299	897.902	Virtual	17.334	750.812	906.013	Virtual	15.082	719.155	897.412	Virtual	40.571	731.083	895.817	Virtual
903	9.02000	266.675	903.969	884.213	Measured	243.516	825.313	884.136	Measured	302.759	768.570	884.479	Measured	397.882	827.088	887.254	Measured	323.143	847.350	861.414	Virtual	-44.305	893.154	1001.242	Measured	-27.983	857.986	1011.110	Measured	-60.153	936.125	1035.250	Measured	7.515	904.447	1041.739	Measured	23.264	723.962	872.169	Virtual	35.785	704.305	895.211	Virtual	14.755	749.932	903.613	Virtual	12.235	718.320	894.926	Virtual	37.791	730.084	893.196	Virtual
904	9.03000	266.896	903.838	884.471	Measured	243.518	825.272	884.361	Measured	302.782	768.569	884.476	Measured	397.923	827.012	887.200	Measured	323.184	847.308	861.508	Virtual	-45.303	892.328	999.726	Measured	-29.127	856.983	1009.547	Measured	-60.583	935.316	1033.987	Measured	6.952	903.273	1039.836	Measured	20.081	722.746	870.063	Virtual	32.687	703.003	892.984	Virtual	12.011	748.753	901.591	Virtual	9.221	717.160	892.916	Virtual	34.832	728.770	890.962	Virtual
905	9.04000	266.789	903.960	884.688	Measured	244.125	825.170	884.148	Measured	302.772	768.551	884.539	Measured	397.922	826.958	887.208	Measured	323.318	847.342	861.568	Virtual	-46.071	891.499	998.231	Measured	-29.933	856.113	1007.753	Measured	-60.861	934.510	1032.681	Measured	6.577	902.147	1037.852	Measured	17.452	722.003	867.528	Virtual	30.184	702.153	890.286	Virtual	9.773	747.965	899.191	Virtual	6.777	716.405	890.464	Virtual	32.416	727.915	888.308	Virtual
906	9.05000	266.711	904.012	884.857	Measured	244.266	825.007	884.473	Measured	302.760	768.548	884.532	Measured	397.953	826.950	887.207	Measured	323.289	847.339	861.666	Virtual	-46.693	890.731	996.676	Measured	-30.672	855.283	1006.016	Measured	-60.836	933.760	1031.359	Measured	6.482	901.047	1035.732	Measured	14.363	721.029	865.098	Virtual	27.242	701.082	887.689	Virtual	7.195	746.999	896.875	Virtual	3.919	715.466	888.150	Virtual	29.597	726.833	885.712	Virtual
907	9.06000	266.542	904.173	884.879	Measured	244.675	824.894	884.312	Measured	302.722	768.594	884.593	Measured	397.903	826.965	887.279	Measured	323.345	847.383	861.691	Virtual	-47.149	889.985	995.166	Measured	-31.230	854.458	1004.252	Measured	-60.755	933.097	1030.081	Measured	6.454	900.062	1033.696	Measured	11.748	720.255	862.699	Virtual	24.768	700.213	885.123	Virtual	5.027	746.206	894.588	Virtual	1.517	714.703	885.848	Virtual	27.220	725.957	883.162	Virtual
908	9.07000	266.459	904.237	884.870	Measured	244.406	825.086	884.299	Measured	302.651	768.633	884.647	Measured	397.957	826.969	887.455	Measured	323.291	847.443	861.766	Virtual	-47.557	889.321	993.635	Measured	-31.711	853.640	1002.587	Measured	-60.464	932.383	1028.778	Measured	6.602	898.980	1031.575	Measured	8.781	719.314	860.373	Virtual	21.947	699.174	882.625	Virtual	2.594	745.275	892.362	Virtual	-1.207	713.801	883.637	Virtual	24.529	724.904	880.657	Virtual
909	9.08000	266.321	904.345	884.863	Measured	244.170	825.079	884.550	Measured	302.978	769.197	884.340	Measured	397.787	827.028	887.526	Measured	323.211	847.696	861.795	Virtual	-47.936	888.616	992.180	Measured	-32.076	852.917	1001.024	Measured	-60.205	931.669	1027.550	Measured	6.689	897.943	1029.563	Measured	6.200	718.483	858.192	Virtual	19.516	698.261	880.279	Virtual	0.482	744.440	890.272	Virtual	-3.558	712.993	881.559	Virtual	22.194	723.982	878.307	Virtual
910	9.09000	266.233	904.407	884.848	Measured	243.952	825.160	884.735	Measured	302.795	769.015	884.625	Measured	397.822	827.065	887.493	Measured	323.069	847.625	861.828	Virtual	-48.186	887.922	990.771	Measured	-32.380	852.226	999.383	Measured	-59.913	930.977	1026.282	Measured	6.807	896.972	1027.614	Measured	3.959	717.800	855.988	Virtual	17.400	697.488	877.916	Virtual	-1.344	743.730	888.160	Virtual	-5.598	712.314	879.439	Virtual	20.167	723.200	875.958	Virtual
911	9.10000	266.166	904.506	884.887	Measured	243.737	825.224	884.811	Measured	302.841	769.208	884.520	Measured	397.750	827.066	887.452	Measured	322.980	847.733	861.823	Virtual	-48.378	887.250	989.365	Measured	-32.518	851.540	997.769	Measured	-59.565	930.298	1025.100	Measured	7.018	896.149	1025.651	Measured	1.949	717.258	853.769	Virtual	15.581	696.880	875.517	Virtual	-2.949	743.147	886.039	Virtual	-7.367	711.754	877.313	Virtual	18.384	722.589	873.571	Virtual
912	9.11000	266.099	904.509	884.931	Measured	243.610	825.318	884.889	Measured	302.739	769.084	884.594	Measured	397.738	827.097	887.361	Measured	322.878	847.717	861.816	Virtual	-48.406	886.641	988.012	Measured	-32.556	850.922	996.106	Measured	-59.117	929.647	1023.837	Measured	7.483	895.330	1023.574	Measured	-0.126	716.710	851.539	Virtual	13.722	696.272	873.094	Virtual	-4.573	742.567	883.900	Virtual	-9.168	711.196	875.187	Virtual	16.560	721.978	871.148	Virtual
913	9.12000	266.071	904.645	884.904	Measured	243.445	825.344	884.907	Measured	302.612	769.046	884.591	Measured	397.730	827.070	887.300	Measured	322.796	847.720	861.783	Virtual	-48.240	886.119	986.628	Measured	-32.293	850.411	994.509	Measured	-58.346	929.102	1022.609	Measured	8.103	894.706	1021.428	Measured	-2.045	716.181	849.443	Virtual	12.063	695.714	870.800	Virtual	-6.016	742.030	881.872	Virtual	-10.775	710.670	873.209	Virtual	14.912	721.416	868.826	Virtual
914	9.13000	266.031	904.666	884.997	Measured	243.390	825.490	884.928	Measured	302.556	769.062	884.564	Measured	397.703	827.033	887.190	Measured	322.738	847.760	861.768	Virtual	-47.858	885.644	985.395	Measured	-31.971	849.969	992.885	Measured	-57.369	928.748	1021.429	Measured	9.065	894.189	1019.125	Measured	-4.464	715.584	847.453	Virtual	9.972	695.100	868.574	Virtual	-7.819	741.460	879.931	Virtual	-12.790	710.104	871.371	Virtual	12.838	720.796	866.536	Virtual
915	9.14000	266.046	904.767	884.986	Measured	243.263	825.545	884.924	Measured	302.469	769.082	884.496	Measured	397.685	827.029	887.059	Measured	322.675	847.795	861.701	Virtual	-47.412	885.263	984.082	Measured	-31.365	849.594	991.344	Measured	-56.161	928.414	1020.192	Measured	10.043	893.797	1016.802	Measured	-6.562	714.946	845.663	Virtual	8.214	694.479	866.564	Virtual	-9.327	740.875	878.154	Virtual	-14.480	709.512	869.729	Virtual	11.073	720.167	864.437	Virtual
916	9.15000	266.060	904.776	885.052	Measured	243.215	825.606	884.896	Measured	302.398	769.057	884.409	Measured	397.713	826.968	886.900	Measured	322.643	847.799	861.644	Virtual	-46.846	884.946	982.810	Measured	-30.752	849.268	989.854	Measured	-54.956	928.144	1019.043	Measured	11.200	893.452	1014.537	Measured	-8.603	714.441	843.900	Virtual	6.511	693.978	864.562	Virtual	-10.776	740.406	876.406	Virtual	-16.109	709.040	868.105	Virtual	9.360	719.661	862.359	Virtual
917	9.16000	266.106	904.820	884.930	Measured	243.167	825.649	884.806	Measured	302.373	769.057	884.268	Measured	397.714	826.945	886.825	Measured	322.650	847.808	861.544	Virtual	-46.224	884.632	981.665	Measured	-30.133	849.001	988.375	Measured	-53.703	927.931	1017.775	Measured	12.266	893.121	1012.258	Measured	-10.667	713.746	842.435	Virtual	4.762	693.308	862.888	Virtual	-12.248	739.793	874.911	Virtual	-17.770	708.416	866.777	Virtual	7.615	718.982	860.575	Virtual
918	9.17000	266.111	904.780	884.887	Measured	243.192	825.674	884.589	Measured	302.400	769.049	884.149	Measured	397.761	826.954	886.717	Measured	322.684	847.825	861.444	Virtual	-45.580	884.376	980.476	Measured	-29.324	848.744	986.964	Measured	-52.411	927.708	1016.714	Measured	13.457	892.899	1010.070	Measured	-12.382	713.394	840.800	Virtual	3.407	692.975	860.996	Virtual	-13.403	739.464	873.279	Virtual	-19.059	708.080	865.266	Virtual	6.212	718.648	858.614	Virtual
919	9.18000	266.152	904.765	884.800	Measured	243.237	825.671	884.481	Measured	302.433	769.030	884.009	Measured	397.823	826.935	886.658	Measured	322.739	847.821	861.360	Virtual	-44.793	884.147	979.388	Measured	-28.520	848.551	985.517	Measured	-50.968	927.527	1015.572	Measured	14.769	892.714	1007.860	Measured	-14.227	712.976	839.302	Virtual	1.904	692.573	859.241	Virtual	-14.653	739.090	871.759	Virtual	-20.471	707.699	863.890	Virtual	4.684	718.240	856.775	Virtual
920	9.19000	266.182	904.728	884.692	Measured	243.273	825.629	884.339	Measured	302.553	769.043	883.837	Measured	397.856	826.935	886.570	Measured	322.797	847.826	861.250	Virtual	-43.921	883.994	978.206	Measured	-27.474	848.377	984.176	Measured	-49.422	927.419	1014.481	Measured	16.068	892.633	1005.395	Measured	-16.130	712.468	837.976	Virtual	0.443	692.135	857.623	Virtual	-15.907	738.663	870.370	Virtual	-21.849	707.245	862.703	Virtual	3.138	717.799	855.036	Virtual
921	9.20000	266.233	904.656	884.572	Measured	243.396	825.627	884.269	Measured	302.609	769.026	883.693	Measured	397.936	826.890	886.511	Measured	322.880	847.796	861.159	Virtual	-42.880	883.832	977.161	Measured	-26.414	848.293	982.547	Measured	-47.629	927.303	1013.184	Measured	17.555	892.611	1002.837	Measured	-18.180	712.077	836.493	Virtual	-1.170	691.787	855.808	Virtual	-17.255	738.333	868.824	Virtual	-23.351	706.899	861.349	Virtual	1.456	717.448	853.114	Virtual
922	9.21000	266.298	904.626	884.408	Measured	243.475	825.587	884.117	Measured	302.750	769.024	883.551	Measured	398.054	826.887	886.410	Measured	322.984	847.783	861.026	Virtual	-41.753	883.801	976.022	Measured	-25.117	848.222	981.017	Measured	-45.795	927.367	1012.102	Measured	19.237	892.736	1000.314	Measured	-19.921	711.942	834.995	Virtual	-2.444	691.704	853.944	Virtual	-18.316	738.235	867.271	Virtual	-24.522	706.782	859.967	Virtual	0.074	717.366	851.165	Virtual
923	9.22000	266.357	904.540	884.333	Measured	243.586	825.539	884.047	Measured	302.840	768.991	883.429	Measured	398.221	826.825	886.346	Measured	323.091	847.736	860.951	Virtual	-40.443	883.824	974.945	Measured	-23.671	848.281	979.637	Measured	-43.724	927.549	1010.822	Measured	20.972	892.954	997.786	Measured	-21.552	711.350	834.193	Virtual	-3.634	691.218	852.842	Virtual	-19.265	737.792	866.305	Virtual	-25.592	706.299	859.284	Virtual	-1.210	716.870	849.891	Virtual
924	9.23000	266.453	904.514	884.152	Measured	243.737	825.496	883.908	Measured	302.974	768.942	883.337	Measured	398.277	826.823	886.177	Measured	323.191	847.695	860.789	Virtual	-39.134	883.918	973.828	Measured	-22.152	848.471	978.166	Measured	-41.633	927.789	1009.628	Measured	23.014	893.303	995.009	Measured	-23.442	711.058	833.170	Virtual	-4.981	691.037	851.403	Virtual	-20.384	737.611	865.125	Virtual	-26.805	706.078	858.374	Virtual	-2.709	716.686	848.307	Virtual
925	9.24000	266.602	904.410	884.054	Measured	243.882	825.421	883.750	Measured	303.145	768.879	883.184	Measured	398.573	826.717	886.089	Measured	323.391	847.620	860.682	Virtual	-37.692	884.115	972.733	Measured	-20.436	848.651	976.832	Measured	-39.469	928.149	1008.323	Measured	24.861	893.745	992.208	Measured	-25.008	710.419	832.715	Virtual	-6.009	690.573	850.583	Virtual	-21.226	737.172	864.426	Virtual	-27.701	705.576	858.027	Virtual	-3.913	716.211	847.279	Virtual
926	9.25000	266.724	904.253	884.007	Measured	244.051	825.313	883.648	Measured	303.405	768.801	883.041	Measured	398.742	826.717	885.944	Measured	323.549	847.568	860.577	Virtual	-36.354	884.238	971.310	Measured	-18.733	848.955	975.386	Measured	-37.196	928.517	1006.989	Measured	26.830	894.306	989.323	Measured	-26.520	709.994	832.012	Virtual	-6.987	690.304	849.473	Virtual	-22.018	736.912	863.487	Virtual	-28.536	705.263	857.407	Virtual	-5.076	715.934	845.996	Virtual
927	9.26000	266.912	904.165	883.870	Measured	244.244	825.169	883.524	Measured	303.650	768.723	882.922	Measured	398.953	826.689	885.773	Measured	323.741	847.490	860.429	Virtual	-34.913	884.467	970.000	Measured	-16.879	849.333	973.713	Measured	-34.906	929.052	1005.609	Measured	28.738	894.946	986.355	Measured	-27.885	709.860	831.105	Virtual	-7.807	690.320	848.109	Virtual	-22.677	736.908	862.360	Virtual	-29.207	705.208	856.561	Virtual	-6.106	715.946	844.496	Virtual
928	9.27000	267.054	903.983	883.861	Measured	244.470	825.034	883.367	Measured	303.968	768.637	882.765	Measured	399.164	826.674	885.621	Measured	323.945	847.434	860.327	Virtual	-33.471	884.865	968.647	Measured	-15.028	849.759	972.286	Measured	-32.457	929.632	1004.188	Measured	30.740	895.655	983.229	Measured	-29.691	709.403	830.816	Virtual	-9.049	690.043	847.345	Virtual	-23.680	736.662	861.742	Virtual	-30.253	704.903	856.328	Virtual	-7.555	715.652	843.530	Virtual
929	9.28000	267.199	903.873	883.775	Measured	244.748	824.943	883.221	Measured	304.202	768.569	882.581	Measured	399.410	826.682	885.369	Measured	324.140	847.397	860.152	Virtual	-31.806	885.325	967.394	Measured	-13.023	850.221	970.680	Measured	-29.840	930.236	1002.390	Measured	32.799	896.452	979.922	Measured	-31.301	708.675	830.871	Virtual	-10.086	689.541	846.930	Virtual	-24.492	736.213	861.382	Virtual	-31.079	704.382	856.423	Virtual	-8.824	715.124	842.865	Virtual
930	9.29000	267.349	903.779	883.688	Measured	244.853	824.751	883.115	Measured	304.415	768.441	882.342	Measured	399.469	826.668	885.086	Measured	324.234	847.323	859.965	Virtual	-30.166	885.754	966.062	Measured	-10.963	850.728	969.033	Measured	-27.234	930.969	1000.663	Measured	34.842	897.282	976.321	Measured	-33.204	707.958	831.064	Virtual	-11.346	689.075	846.548	Virtual	-25.524	735.784	861.102	Virtual	-32.090	703.878	856.628	Virtual	-10.370	714.630	842.235	Virtual
931	9.30000	267.494	903.645	883.610	Measured	245.111	824.690	882.957	Measured	304.573	768.343	882.044	Measured	399.716	826.607	884.738	Measured	324.403	847.269	859.739	Virtual	-27.991	886.097	964.756	Measured	-8.793	851.232	967.246	Measured	-24.425	931.643	998.804	Measured	36.895	898.183	972.585	Measured	-34.716	707.204	831.307	Virtual	-12.205	688.593	846.173	Virtual	-26.192	735.326	860.837	Virtual	-32.689	703.341	856.848	Virtual	-11.556	714.118	841.625	Virtual
932	9.31000	267.688	903.588	883.480	Measured	245.208	824.539	882.774	Measured	304.698	768.221	881.795	Measured	399.894	826.458	884.588	Measured	324.563	847.164	859.582	Virtual	-26.086	886.608	963.366	Measured	-6.606	851.845	965.389	Measured	-21.608	932.488	996.859	Measured	38.839	899.339	968.573	Measured	-36.541	706.489	831.808	Virtual	-13.311	688.194	845.942	Virtual	-27.113	734.939	860.743	Virtual	-33.488	702.869	857.283	Virtual	-13.056	713.682	841.156	Virtual
933	9.32000	267.792	903.439	883.321	Measured	245.372	824.435	882.573	Measured	304.817	768.095	881.501	Measured	399.944	826.443	884.182	Measured	324.632	847.090	859.300	Virtual	-23.938	887.193	962.088	Measured	-4.302	852.544	963.482	Measured	-18.826	933.412	994.739	Measured	40.819	900.536	964.087	Measured	-38.481	705.419	832.983	Virtual	-14.446	687.529	846.263	Virtual	-28.085	734.291	861.159	Virtual	-34.257	702.119	858.334	Virtual	-14.683	712.962	841.195	Virtual
934	9.33000	267.867	903.374	883.159	Measured	245.402	824.285	882.399	Measured	304.937	767.992	881.301	Measured	400.167	826.201	884.123	Measured	324.770	846.954	859.176	Virtual	-21.924	887.766	960.293	Measured	-2.059	853.388	961.274	Measured	-16.080	934.382	992.361	Measured	42.615	901.760	959.811	Measured	-39.661	704.795	833.384	Virtual	-14.993	687.232	845.919	Virtual	-28.493	734.005	860.909	Virtual	-34.476	701.756	858.589	Virtual	-15.645	712.616	840.646	Virtual
935	9.34000	268.014	903.347	882.638	Measured	245.499	824.207	882.128	Measured	304.999	767.894	881.037	Measured	400.047	826.275	883.760	Measured	324.804	846.877	858.779	Virtual	-20.104	888.433	958.313	Measured	0.117	854.348	958.824	Measured	-13.436	935.420	989.957	Measured	44.342	902.976	955.250	Measured	-41.150	704.538	833.410	Virtual	-15.866	687.265	845.089	Virtual	-29.174	734.023	860.294	Virtual	-34.966	701.711	858.413	Virtual	-16.939	712.607	839.684	Virtual
936	9.35000	268.015	903.256	882.403	Measured	245.449	824.079	881.980	Measured	305.019	767.816	880.828	Measured	400.143	826.110	883.653	Measured	324.834	846.755	858.611	Virtual	-18.341	888.999	956.395	Measured	2.357	855.157	956.729	Measured	-10.869	936.478	987.403	Measured	45.790	904.211	950.783	Measured	-42.127	703.403	834.715	Virtual	-16.218	686.543	845.602	Virtual	-29.444	733.339	860.764	Virtual	-34.946	700.947	859.489	Virtual	-17.781	711.805	839.945	Virtual
937	9.36000	268.164	903.453	881.875	Measured	245.403	824.021	881.777	Measured	304.986	767.761	880.606	Measured	400.155	826.065	883.534	Measured	324.894	846.695	858.328	Virtual	-16.810	889.875	954.406	Measured	4.436	856.018	954.273	Measured	-8.459	937.533	984.855	Measured	47.132	905.425	946.299	Measured	-43.397	703.084	835.056	Virtual	-16.957	686.519	845.085	Virtual	-30.005	733.315	860.399	Virtual	-35.275	700.870	859.561	Virtual	-18.946	711.725	839.312	Virtual
938	9.37000	268.111	903.322	882.012	Measured	245.424	824.019	881.554	Measured	304.925	767.723	880.431	Measured	400.073	826.027	883.302	Measured	324.836	846.699	858.232	Virtual	-15.132	890.574	952.243	Measured	6.449	856.779	952.061	Measured	-6.122	938.584	982.294	Measured	48.268	906.612	941.912	Measured	-44.161	702.349	835.919	Virtual	-17.224	686.126	845.155	Virtual	-30.165	732.947	860.483	Virtual	-35.152	700.448	860.139	Virtual	-19.657	711.255	839.219	Virtual
939	9.38000	268.168	903.509	881.588	Measured	245.345	823.992	881.390	Measured	304.874	767.667	880.135	Measured	400.021	825.858	883.172	Measured	324.843	846.634	857.978	Virtual	-13.558	891.211	950.484	Measured	8.314	857.551	949.687	Measured	-3.903	939.587	979.726	Measured	49.269	907.716	937.527	Measured	-45.243	701.682	836.934	Virtual	-17.816	685.792	845.261	Virtual	-30.605	732.625	860.679	Virtual	-35.290	700.080	860.803	Virtual	-20.716	710.843	839.211	Virtual
940	9.39000	268.158	903.364	881.669	Measured	245.375	824.007	881.265	Measured	304.827	767.644	879.974	Measured	399.961	825.869	882.944	Measured	324.797	846.640	857.878	Virtual	-12.015	891.918	948.725	Measured	9.779	858.458	947.239	Measured	-1.813	940.578	977.181	Measured	50.162	908.668	933.391	Measured	-46.715	701.522	837.460	Virtual	-18.935	685.825	844.942	Virtual	-31.432	732.695	860.487	Virtual	-35.940	700.129	860.983	Virtual	-22.172	710.821	838.833	Virtual
941	9.40000	268.135	903.362	881.602	Measured	245.336	824.008	881.178	Measured	304.764	767.598	879.788	Measured	399.889	825.780	882.707	Measured	324.733	846.611	857.724	Virtual	-10.499	892.424	947.156	Measured	11.094	859.342	944.587	Measured	0.143	941.368	974.741	Measured	50.988	909.456	929.293	Measured	-48.319	701.590	837.551	Virtual	-20.217	686.052	844.103	Virtual	-32.388	732.916	859.923	Virtual	-36.716	700.330	860.685	Virtual	-23.789	711.011	838.029	Virtual
942	9.41000	268.131	903.355	881.596	Measured	245.289	823.991	881.107	Measured	304.696	767.588	879.711	Measured	399.858	825.755	882.536	Measured	324.680	846.600	857.633	Virtual	-9.082	892.902	945.611	Measured	12.317	860.076	942.422	Measured	1.965	942.165	972.159	Measured	51.553	910.158	925.486	Measured	-49.528	700.929	838.876	Virtual	-21.142	685.602	844.651	Virtual	-33.056	732.544	860.434	Virtual	-37.174	699.944	861.631	Virtual	-25.050	710.485	838.471	Virtual
943	9.42000	268.062	903.284	881.717	Measured	245.233	823.996	881.072	Measured	304.582	767.543	879.626	Measured	399.830	825.691	882.382	Measured	324.595	846.583	857.597	Virtual	-7.692	893.354	944.099	Measured	13.951	860.553	940.424	Measured	3.661	942.936	969.871	Measured	51.848	910.856	921.877	Measured	-49.788	699.959	840.439	Virtual	-21.067	684.967	845.386	Virtual	-32.927	731.926	861.161	Virtual	-36.667	699.298	862.773	Virtual	-25.436	709.754	839.129	Virtual
944	9.43000	268.017	903.323	881.654	Measured	245.215	824.027	880.995	Measured	304.612	767.612	879.458	Measured	399.800	825.711	882.294	Measured	324.578	846.643	857.511	Virtual	-6.388	893.657	942.701	Measured	15.097	861.036	938.471	Measured	5.249	943.568	967.553	Measured	52.263	911.385	918.294	Measured	-50.625	699.148	841.981	Virtual	-21.664	684.380	846.136	Virtual	-33.321	731.399	861.882	Virtual	-36.795	698.764	863.890	Virtual	-26.391	709.083	839.811	Virtual
945	9.44000	267.923	903.304	881.680	Measured	245.073	824.031	880.963	Measured	304.487	767.593	879.408	Measured	399.696	825.679	882.174	Measured	324.449	846.633	857.461	Virtual	-5.373	894.004	941.253	Measured	16.282	861.336	936.649	Measured	6.598	944.155	965.394	Measured	52.301	911.887	915.021	Measured	-51.056	698.268	843.462	Virtual	-21.867	683.758	846.863	Virtual	-33.423	730.812	862.581	Virtual	-36.575	698.168	864.949	Virtual	-26.979	708.373	840.489	Virtual
946	9.45000	267.851	903.361	881.648	Measured	245.043	824.098	880.841	Measured	304.383	767.639	879.285	Measured	399.611	825.677	882.114	Measured	324.390	846.686	857.396	Virtual	-4.520	894.221	939.908	Measured	16.535	861.794	934.760	Measured	7.803	944.647	963.361	Measured	52.360	912.211	912.080	Measured	-52.932	698.301	843.958	Virtual	-23.677	683.784	846.701	Virtual	-34.814	730.910	862.505	Virtual	-37.928	698.278	865.083	Virtual	-28.928	708.376	840.354	Virtual
947	9.46000	267.758	903.380	881.666	Measured	244.887	824.129	880.801	Measured	304.282	767.662	879.226	Measured	399.502	825.732	881.962	Measured	324.254	846.729	857.327	Virtual	-3.905	894.380	938.660	Measured	17.480	861.962	933.284	Measured	8.764	945.003	961.658	Measured	52.287	912.415	909.455	Measured	-53.172	697.520	845.091	Virtual	-23.770	683.202	847.237	Virtual	-34.836	730.353	863.018	Virtual	-37.681	697.719	865.861	Virtual	-29.323	707.722	840.869	Virtual
948	9.47000	267.679	903.416	881.669	Measured	244.793	824.144	880.764	Measured	304.152	767.672	879.126	Measured	399.426	825.688	881.891	Measured	324.161	846.741	857.283	Virtual	-3.640	894.398	937.527	Measured	17.468	862.190	931.775	Measured	9.851	945.121	960.006	Measured	51.982	912.535	906.973	Measured	-55.596	697.652	845.564	Virtual	-26.189	683.259	847.041	Virtual	-36.751	730.471	862.981	Virtual	-39.615	697.851	865.959	Virtual	-31.827	707.780	840.755	Virtual
949	9.48000	267.591	903.427	881.691	Measured	244.700	824.210	880.708	Measured	304.051	767.688	879.054	Measured	399.324	825.685	881.780	Measured	324.058	846.773	857.230	Virtual	-3.487	894.540	936.505	Measured	18.046	862.148	930.653	Measured	10.791	945.128	958.624	Measured	51.890	912.419	905.130	Measured	-56.637	697.346	846.169	Virtual	-27.215	682.949	847.238	Virtual	-37.512	730.224	863.166	Virtual	-40.337	697.616	866.310	Virtual	-32.944	707.449	840.950	Virtual
950	9.49000	267.471	903.428	881.738	Measured	244.595	824.216	880.674	Measured	303.973	767.729	878.958	Measured	399.229	825.658	881.693	Measured	323.950	846.802	857.196	Virtual	-3.239	894.532	935.688	Measured	18.280	862.132	929.579	Measured	11.614	945.184	957.191	Measured	51.479	912.300	902.808	Measured	-58.280	696.749	847.845	Virtual	-28.824	682.388	848.273	Virtual	-38.782	729.744	864.175	Virtual	-41.491	697.152	867.577	Virtual	-34.734	706.845	841.986	Virtual
951	9.50000	267.378	903.472	881.703	Measured	244.531	824.297	880.629	Measured	303.830	767.787	878.899	Measured	399.157	825.679	881.649	Measured	323.862	846.851	857.153	Virtual	-3.085	894.572	934.890	Measured	18.403	862.038	928.651	Measured	12.116	945.302	955.883	Measured	51.419	911.822	901.170	Measured	-59.529	696.284	848.948	Virtual	-30.105	681.850	849.150	Virtual	-39.769	729.339	864.838	Virtual	-42.522	696.778	868.491	Virtual	-36.024	706.279	842.762	Virtual
952	9.51000	267.315	903.526	881.701	Measured	244.390	824.335	880.645	Measured	303.721	767.812	878.889	Measured	399.042	825.682	881.598	Measured	323.750	846.873	857.132	Virtual	-2.687	894.434	934.366	Measured	18.547	861.950	927.884	Measured	12.699	945.362	954.725	Measured	51.115	911.369	899.544	Measured	-60.731	695.580	850.767	Virtual	-31.310	681.143	850.561	Virtual	-40.698	728.742	866.081	Virtual	-43.389	696.208	870.009	Virtual	-37.336	705.528	844.105	Virtual
953	9.52000	267.366	903.743	881.279	Measured	244.359	824.470	880.638	Measured	303.611	767.911	878.882	Measured	398.966	825.690	881.550	Measured	323.732	846.889	856.962	Virtual	-2.504	894.367	933.818	Measured	18.461	861.784	927.239	Measured	13.101	945.485	953.454	Measured	50.671	910.957	897.987	Measured	-62.055	694.829	852.858	Virtual	-32.649	680.370	852.319	Virtual	-41.765	728.110	867.565	Virtual	-44.414	695.613	871.820	Virtual	-38.761	704.701	845.744	Virtual
954	9.53000	267.329	903.806	881.289	Measured	244.232	824.530	880.691	Measured	303.508	767.956	878.906	Measured	398.888	825.728	881.549	Measured	323.644	846.930	856.974	Virtual	-2.400	894.266	933.395	Measured	18.442	861.679	926.712	Measured	13.562	945.594	952.511	Measured	50.313	910.506	896.630	Measured	-63.435	694.323	854.683	Virtual	-34.063	679.811	853.811	Virtual	-42.878	727.668	868.863	Virtual	-45.515	695.206	873.378	Virtual	-40.232	704.107	847.160	Virtual
955	9.54000	267.329	903.932	881.210	Measured	244.231	824.648	880.683	Measured	303.435	768.017	878.923	Measured	398.821	825.762	881.519	Measured	323.615	846.985	856.935	Virtual	-2.367	894.233	933.145	Measured	18.287	861.540	926.483	Measured	13.809	945.700	951.499	Measured	49.587	910.326	895.195	Measured	-64.537	693.441	857.498	Virtual	-35.157	678.978	856.190	Virtual	-43.780	726.956	870.971	Virtual	-46.261	694.531	875.834	Virtual	-41.505	703.200	849.438	Virtual
956	9.55000	267.302	903.986	881.270	Measured	244.155	824.706	880.778	Measured	303.376	768.104	878.954	Measured	398.802	825.803	881.512	Measured	323.558	847.043	856.968	Virtual	-2.404	894.155	933.021	Measured	18.162	861.449	926.391	Measured	13.862	945.934	950.583	Measured	49.152	909.902	894.395	Measured	-65.147	692.559	860.071	Virtual	-35.769	678.103	858.646	Virtual	-44.292	726.231	872.987	Virtual	-46.702	693.859	878.223	Virtual	-42.199	702.246	851.692	Virtual
957	9.56000	267.300	904.051	881.324	Measured	244.145	824.792	880.830	Measured	303.335	768.170	879.005	Measured	398.793	825.862	881.492	Measured	323.533	847.107	856.990	Virtual	-2.523	894.151	933.125	Measured	17.950	861.368	926.598	Measured	13.715	946.155	949.919	Measured	48.571	909.678	893.742	Measured	-65.522	691.633	862.919	Virtual	-36.121	677.239	861.338	Virtual	-44.625	725.494	875.262	Virtual	-46.892	693.172	880.862	Virtual	-42.689	701.292	854.199	Virtual
958	9.57000	267.240	904.125	881.409	Measured	244.311	825.168	880.368	Measured	303.289	768.261	879.098	Measured	398.765	825.943	881.483	Measured	323.596	847.269	856.968	Virtual	-2.751	894.135	933.350	Measured	17.755	861.290	926.971	Measured	13.538	946.236	949.630	Measured	47.832	909.457	893.506	Measured	-65.920	690.890	865.372	Virtual	-36.499	676.556	863.624	Virtual	-44.992	724.895	877.256	Virtual	-47.125	692.613	883.126	Virtual	-43.194	700.536	856.363	Virtual
959	9.58000	267.248	904.210	881.454	Measured	244.245	825.260	880.425	Measured	303.262	768.357	879.138	Measured	398.699	825.970	881.518	Measured	323.562	847.336	857.010	Virtual	-2.925	894.114	933.766	Measured	17.461	861.200	927.704	Measured	13.381	946.281	949.672	Measured	47.673	909.083	893.800	Measured	-66.392	690.438	867.352	Virtual	-36.991	676.050	865.722	Virtual	-45.420	724.505	878.980	Virtual	-47.600	692.272	885.097	Virtual	-43.651	699.983	858.275	Virtual
960	9.59000	267.213	904.240	881.607	Measured	244.253	825.477	880.390	Measured	303.206	768.440	879.257	Measured	398.703	826.056	881.567	Measured	323.550	847.445	857.092	Virtual	-3.164	894.058	934.480	Measured	17.243	861.094	928.442	Measured	13.227	946.304	950.006	Measured	47.402	908.749	894.236	Measured	-66.872	690.052	869.267	Virtual	-37.483	675.640	867.639	Virtual	-45.853	724.170	880.657	Virtual	-48.034	691.971	886.953	Virtual	-44.150	699.536	860.080	Virtual
961	9.60000	267.229	904.399	881.653	Measured	244.227	825.546	880.527	Measured	303.200	768.548	879.335	Measured	398.676	826.136	881.616	Measured	323.532	847.536	857.154	Virtual	-3.412	894.080	935.135	Measured	16.951	860.984	929.532	Measured	13.073	946.326	950.586	Measured	47.645	908.229	895.496	Measured	-67.359	690.001	870.367	Virtual	-38.025	675.435	869.172	Virtual	-46.306	724.080	881.811	Virtual	-48.722	691.929	888.265	Virtual	-44.482	699.320	861.397	Virtual
962	9.61000	267.198	904.474	881.799	Measured	244.223	825.677	880.605	Measured	303.290	768.626	879.176	Measured	398.673	826.182	881.680	Measured	323.548	847.672	857.226	Virtual	-3.608	894.000	936.188	Measured	16.291	860.717	930.795	Measured	12.934	946.352	951.291	Measured	47.708	907.824	896.609	Measured	-68.515	690.001	872.124	Virtual	-39.260	675.260	871.169	Virtual	-47.327	724.022	883.491	Virtual	-49.964	691.922	890.112	Virtual	-45.536	699.137	863.226	Virtual
963	9.62000	267.390	904.718	881.614	Measured	244.240	825.795	880.700	Measured	303.257	768.734	879.334	Measured	398.713	826.285	881.706	Measured	323.610	847.733	857.200	Virtual	-3.898	894.014	937.094	Measured	16.180	860.579	932.092	Measured	12.700	946.357	952.266	Measured	47.741	907.522	897.995	Measured	-68.488	689.792	873.380	Virtual	-39.245	675.011	872.709	Virtual	-47.346	723.829	884.786	Virtual	-50.076	691.758	891.505	Virtual	-45.429	698.867	864.628	Virtual
964	9.63000	267.370	904.781	881.711	Measured	244.260	825.899	880.803	Measured	303.314	768.806	879.426	Measured	398.738	826.346	881.792	Measured	323.627	847.811	857.293	Virtual	-4.169	893.945	938.206	Measured	15.672	860.417	933.532	Measured	12.574	946.337	953.406	Measured	47.756	907.187	899.137	Measured	-69.510	689.880	874.943	Virtual	-40.334	674.960	874.417	Virtual	-48.248	723.852	886.316	Virtual	-51.151	691.815	893.125	Virtual	-46.379	698.819	866.242	Virtual
965	9.64000	267.492	904.891	881.780	Measured	244.376	826.011	880.920	Measured	303.327	768.909	879.623	Measured	398.848	826.449	881.845	Measured	323.710	847.886	857.374	Virtual	-4.455	893.945	939.450	Measured	15.581	860.400	934.808	Measured	12.389	946.214	954.654	Measured	47.851	906.977	900.659	Measured	-69.576	689.885	875.837	Virtual	-40.419	674.925	875.501	Virtual	-48.337	723.834	887.324	Virtual	-51.328	691.805	894.132	Virtual	-46.378	698.787	867.276	Virtual
966	9.65000	267.542	904.901	881.919	Measured	244.437	826.057	881.007	Measured	303.416	768.963	879.792	Measured	398.916	826.516	881.937	Measured	323.770	847.931	857.490	Virtual	-4.780	893.948	940.498	Measured	15.309	860.371	936.184	Measured	12.134	946.132	955.907	Measured	47.905	906.808	902.125	Measured	-69.814	689.961	876.640	Virtual	-40.688	674.936	876.538	Virtual	-48.587	723.873	888.260	Virtual	-51.701	691.856	895.072	Virtual	-46.532	698.805	868.248	Virtual
967	9.66000	267.619	904.917	881.992	Measured	244.585	826.126	881.140	Measured	303.526	769.012	879.944	Measured	399.032	826.605	882.017	Measured	323.869	847.976	857.581	Virtual	-5.053	894.017	941.595	Measured	15.023	860.403	937.406	Measured	11.868	946.202	957.018	Measured	47.828	906.745	903.560	Measured	-70.041	690.059	877.597	Virtual	-40.938	674.988	877.680	Virtual	-48.828	723.951	889.300	Virtual	-52.031	691.947	896.130	Virtual	-46.697	698.856	869.329	Virtual
968	9.67000	267.703	904.881	882.108	Measured	244.696	826.128	881.215	Measured	303.629	769.024	880.052	Measured	399.144	826.637	882.063	Measured	323.961	847.984	857.662	Virtual	-5.283	894.092	942.533	Measured	14.900	860.505	938.473	Measured	11.545	946.351	957.824	Measured	47.742	906.789	904.724	Measured	-69.696	689.870	878.815	Virtual	-40.574	674.839	879.070	Virtual	-48.581	723.824	890.514	Virtual	-51.770	691.836	897.422	Virtual	-46.328	698.675	870.625	Virtual
969	9.68000	267.768	904.839	882.136	Measured	244.804	826.103	881.289	Measured	303.791	769.024	880.139	Measured	399.279	826.629	882.111	Measured	324.068	847.963	857.710	Virtual	-5.573	894.288	943.275	Measured	14.653	860.648	939.404	Measured	11.240	946.532	958.665	Measured	47.576	906.889	905.620	Measured	-69.851	689.993	879.643	Virtual	-40.734	674.953	879.992	Virtual	-48.758	723.952	891.365	Virtual	-51.976	691.972	898.296	Virtual	-46.458	698.783	871.507	Virtual
970	9.69000	267.831	904.711	882.250	Measured	244.941	826.024	881.290	Measured	303.933	768.976	880.183	Measured	399.389	826.644	882.104	Measured	324.164	847.930	857.752	Virtual	-5.770	894.449	944.044	Measured	14.544	860.868	940.156	Measured	10.971	946.801	959.191	Measured	47.311	907.038	906.397	Measured	-69.669	689.870	880.954	Virtual	-40.524	674.885	881.348	Virtual	-48.639	723.902	892.580	Virtual	-51.798	691.936	899.603	Virtual	-46.292	698.680	872.795	Virtual
971	9.70000	267.860	904.608	882.275	Measured	245.032	825.938	881.286	Measured	304.055	768.933	880.236	Measured	399.520	826.641	882.151	Measured	324.252	847.881	857.786	Virtual	-5.967	894.691	944.611	Measured	14.383	861.077	940.884	Measured	10.786	946.965	959.772	Measured	47.159	907.162	907.065	Measured	-69.829	690.003	881.766	Virtual	-40.690	675.009	882.221	Virtual	-48.805	724.044	893.373	Virtual	-51.984	692.089	900.436	Virtual	-46.438	698.794	873.626	Virtual
972	9.71000	267.883	904.459	882.391	Measured	245.133	825.836	881.266	Measured	304.130	768.829	880.269	Measured	399.565	826.573	882.114	Measured	324.299	847.798	857.811	Virtual	-6.122	894.839	945.296	Measured	14.285	861.223	941.593	Measured	10.636	947.166	960.340	Measured	47.012	907.237	907.667	Measured	-69.904	689.993	882.888	Virtual	-40.757	675.014	883.354	Virtual	-48.888	724.067	894.414	Virtual	-52.047	692.124	901.543	Virtual	-46.522	698.779	874.716	Virtual
973	9.72000	267.925	904.332	882.480	Measured	245.207	825.745	881.243	Measured	304.233	768.912	880.153	Measured	399.684	826.561	882.160	Measured	324.386	847.811	857.848	Virtual	-6.223	894.986	945.915	Measured	14.106	861.372	942.350	Measured	10.543	947.330	960.868	Measured	46.920	907.279	908.484	Measured	-70.114	690.094	883.809	Virtual	-40.986	675.083	884.383	Virtual	-49.090	724.170	895.315	Virtual	-52.304	692.246	902.505	Virtual	-46.702	698.836	875.678	Virtual
974	9.73000	267.965	904.235	882.570	Measured	245.279	825.670	881.263	Measured	304.503	769.055	879.602	Measured	399.731	826.499	882.128	Measured	324.491	847.912	857.814	Virtual	-6.397	895.129	946.556	Measured	13.699	861.291	943.379	Measured	10.416	947.655	961.255	Measured	47.037	907.272	909.252	Measured	-70.535	690.081	885.358	Virtual	-41.451	674.997	886.180	Virtual	-49.481	724.171	896.767	Virtual	-52.820	692.301	904.136	Virtual	-47.056	698.710	877.299	Virtual
