Frame,Time,Bowl_center X,Bowl_center Y,Bowl_center Z,Bowl_rim_1 X,Bowl_rim_1 Y,Bowl_rim_1 Z,Bowl_rim_2 X,Bowl_rim_2 Y,Bowl_rim_2 Z,Bowl_rim_3 X,Bowl_rim_3 Y,Bowl_rim_3 Z,Bowl_rim_4 X,Bowl_rim_4 Y,Bowl_rim_4 Z,Spoon_front X,Spoon_front Y,Spoon_front Z,Spoon_back X,Spoon_back Y,Spoon_back Z,Spoon_right X,Spoon_right Y,Spoon_right Z,Spoon_left X,Spoon_left Y,Spoon_left Z
1,0.0,0.3,0.0,0.4,0.31599799999999995,0.07650499999999999,0.42347899999999994,0.378045,-0.015852000000000033,0.427736,0.32430999999999993,-0.07732300000000003,0.42757999999999996,0.24443999999999994,-0.05800899999999998,0.42236299999999993,0.39440400000000003,-0.218452,0.38291299999999995,0.34397300000000003,-0.217682,0.3757909999999999,0.37265999999999994,-0.233744,0.3762479999999999,0.373727,-0.205678,0.373864
2,0.01,0.29995600000000006,-7.80000000000225e-05,0.3999689999999999,0.315926,0.07645399999999997,0.4236079999999999,0.377995,-0.015893999999999964,0.42778399999999994,0.324278,-0.07737300000000003,0.42749799999999993,0.24431200000000003,-0.058288000000000006,0.42213299999999987,0.39445800000000003,-0.21845599999999998,0.383297,0.34403599999999995,-0.217696,0.3761039999999999,0.372724,-0.233755,0.37661199999999995,0.37379200000000007,-0.205691,0.3742089999999999
3,0.02,0.299924,-9.900000000001574e-05,0.3999919999999999,0.315872,0.07641999999999999,0.42367999999999995,0.377941,-0.015907000000000004,0.427851,0.32423299999999994,-0.07740000000000002,0.42749799999999993,0.24428300000000008,-0.05833700000000003,0.42208899999999994,0.394365,-0.21840900000000002,0.38302499999999995,0.343938,-0.21763700000000002,0.3758729999999999,0.37262500000000004,-0.233699,0.37634199999999995,0.373693,-0.205632,0.37396799999999997
4,0.03,0.2998969999999999,-0.0005700000000000149,0.4002079999999999,0.315899,0.07628999999999997,0.42370399999999997,0.37791099999999994,-0.016456000000000026,0.42813599999999996,0.3241960000000001,-0.07824700000000001,0.42751399999999995,0.24431200000000003,-0.058672,0.4225849999999999,0.3942630000000001,-0.21850000000000003,0.38299099999999997,0.34383500000000006,-0.21765,0.37585199999999996,0.37250599999999995,-0.233742,0.376254,0.37360200000000005,-0.20566800000000002,0.37398699999999996
5,0.04,0.299799,-0.0005859999999999754,0.40012899999999996,0.315837,0.07622999999999996,0.4236659999999999,0.377971,-0.016429000000000027,0.427967,0.323954,-0.07796999999999998,0.42761799999999994,0.24415400000000004,-0.05891799999999997,0.4224239999999999,0.394236,-0.218522,0.38302099999999994,0.343809,-0.217692,0.3758729999999999,0.37248299999999995,-0.23377900000000001,0.3763049999999999,0.373574,-0.205708,0.373992
6,0.05,0.29984399999999994,-0.0006430000000000047,0.400254,0.315972,0.07622299999999999,0.42374,0.3779789999999999,-0.01658799999999999,0.4280109999999999,0.32403599999999994,-0.078237,0.42756399999999994,0.24424099999999999,-0.05881700000000001,0.42270399999999997,0.39422299999999993,-0.218709,0.3831699999999999,0.34380099999999997,-0.217847,0.375992,0.37246299999999993,-0.233953,0.376448,0.37357499999999993,-0.205885,0.374124
7,0.06,0.29983200000000004,-0.0005890000000000062,0.40018,0.315942,0.07624599999999998,0.423693,0.377987,-0.016472000000000042,0.4278819999999999,0.32407400000000003,-0.07810800000000001,0.42756399999999994,0.24421299999999996,-0.058828999999999965,0.42258699999999993,0.39418800000000004,-0.218705,0.38322,0.343768,-0.217841,0.37602899999999995,0.37243,-0.233948,0.37648899999999996,0.373543,-0.205879,0.3741709999999999
8,0.07,0.299857,-0.0005879999999999774,0.40018599999999993,0.3159650000000001,0.07622600000000002,0.42374599999999996,0.378018,-0.01648900000000003,0.42786,0.32409899999999997,-0.07813800000000004,0.42748399999999986,0.244272,-0.058833000000000024,0.4225789999999999,0.39417300000000005,-0.218746,0.383298,0.343755,-0.21785900000000002,0.37609399999999993,0.372412,-0.233975,0.376544,0.373534,-0.205903,0.37425799999999987
9,0.08,0.2999,-0.0005719999999999614,0.400149,0.3159840000000001,0.07625899999999997,0.42378499999999997,0.378063,-0.016506999999999994,0.427836,0.324139,-0.07816000000000001,0.42740999999999996,0.2442959999999999,-0.05884099999999998,0.422458,0.39418100000000006,-0.21877000000000002,0.3833909999999999,0.34376500000000004,-0.21790199999999998,0.37616799999999995,0.372427,-0.23400900000000002,0.37663499999999994,0.3735420000000001,-0.205938,0.37433799999999995
10,0.09,0.299927,-0.0005359999999999809,0.40014399999999994,0.316016,0.076264,0.4238139999999999,0.37808899999999995,-0.016502000000000017,0.4278009999999999,0.324165,-0.07813300000000001,0.42734899999999987,0.24435,-0.058796000000000015,0.42244499999999996,0.39416599999999996,-0.218823,0.3832939999999999,0.34374699999999997,-0.217959,0.376096,0.372411,-0.234063,0.37654699999999997,0.37352099999999994,-0.205992,0.37425299999999995
11,0.1,0.299973,-0.0005239999999999689,0.40009899999999987,0.31608299999999995,0.07626500000000003,0.4237669999999999,0.378117,-0.016445000000000043,0.4277329999999999,0.3242300000000001,-0.07812600000000003,0.42735199999999995,0.24437799999999993,-0.05878800000000001,0.42239099999999996,0.394198,-0.21884900000000002,0.383321,0.34378099999999995,-0.21798299999999998,0.376112,0.372446,-0.234085,0.3765559999999999,0.373554,-0.206011,0.3742859999999999
12,0.11,0.29999099999999995,-0.0004809999999999537,0.400095,0.31611700000000004,0.07632500000000003,0.423678,0.3781630000000001,-0.016405000000000003,0.427655,0.324269,-0.07807399999999998,0.42734899999999987,0.24445699999999998,-0.058701,0.4225169999999999,0.39420799999999995,-0.218935,0.38321399999999994,0.34378800000000004,-0.218058,0.37602499999999994,0.37245100000000003,-0.234165,0.3764529999999999,0.37356300000000003,-0.206091,0.37419100000000005
13,0.12,0.3000420000000001,-0.0004770000000000052,0.400064,0.316224,0.07632500000000003,0.4235549999999999,0.378246,-0.016361999999999988,0.42758799999999997,0.324324,-0.07802700000000001,0.42737899999999995,0.24447000000000002,-0.05868300000000004,0.422586,0.394245,-0.219113,0.38314400000000004,0.343822,-0.21820699999999998,0.3759729999999999,0.372477,-0.234329,0.37638399999999994,0.37360299999999996,-0.206255,0.37413299999999994
14,0.13,0.3000570000000001,-0.00043599999999999195,0.40008199999999994,0.316236,0.07635600000000003,0.423567,0.378292,-0.016332000000000013,0.42752499999999993,0.324374,-0.07800200000000002,0.427361,0.24452900000000005,-0.058616999999999975,0.42265299999999995,0.39428,-0.2192,0.38307599999999997,0.343856,-0.21826600000000002,0.37591700000000006,0.372504,-0.2344,0.37630399999999997,0.37364099999999995,-0.206323,0.3740849999999999
15,0.14,0.300081,-0.00043399999999998995,0.40007499999999996,0.31624599999999997,0.07636599999999999,0.42361799999999994,0.378322,-0.01634399999999997,0.4275079999999999,0.324417,-0.07801199999999997,0.4273149999999999,0.24454400000000004,-0.058657000000000015,0.42259099999999994,0.39428599999999997,-0.219417,0.38296699999999995,0.3438590000000001,-0.218449,0.3758379999999999,0.372496,-0.234602,0.37620699999999996,0.373651,-0.206526,0.373989
16,0.15,0.3000939999999999,-0.00042600000000003746,0.4001119999999999,0.31624900000000006,0.07632,0.42378399999999994,0.378333,-0.01636700000000002,0.42753299999999994,0.324424,-0.07803099999999996,0.42723,0.244562,-0.05869099999999999,0.42252499999999993,0.394307,-0.21955999999999998,0.382999,0.34388199999999997,-0.218562,0.37585899999999994,0.372511,-0.23473,0.376227,0.3736810000000001,-0.206654,0.37402199999999997
17,0.16,0.300097,-0.00039800000000000946,0.400197,0.3162730000000001,0.07638800000000001,0.42403899999999994,0.378303,-0.01641300000000001,0.42757100000000003,0.324432,-0.07810699999999998,0.42720499999999995,0.24454800000000004,-0.058732000000000006,0.4224589999999999,0.394291,-0.21968100000000002,0.38289300000000004,0.343863,-0.218663,0.3757769999999999,0.37248600000000004,-0.234842,0.37612900000000005,0.37366499999999997,-0.206766,0.373927
18,0.17,0.30009800000000003,-0.0003950000000000342,0.4002509999999999,0.31626099999999996,0.07635800000000004,0.424164,0.37831999999999993,-0.016452999999999995,0.4276519999999999,0.32439500000000004,-0.07811999999999997,0.4271759999999999,0.24453700000000006,-0.05873900000000004,0.42244899999999996,0.3943170000000001,-0.219725,0.382962,0.3438919999999999,-0.218699,0.3758299999999999,0.37251300000000004,-0.234881,0.3761849999999999,0.3736960000000001,-0.20680400000000002,0.37399499999999997
19,0.18,0.30008399999999996,-0.00037800000000004497,0.400315,0.31625699999999995,0.07635600000000003,0.424331,0.37828900000000004,-0.01647700000000002,0.42771899999999996,0.324354,-0.07813599999999998,0.4271689999999999,0.24450699999999997,-0.058757000000000004,0.422415,0.39431,-0.219756,0.38297000000000003,0.343884,-0.218731,0.375841,0.37250599999999995,-0.234912,0.376193,0.37368799999999996,-0.20683500000000002,0.3740049999999999
20,0.19,0.30009,-0.0003589999999999982,0.40036099999999997,0.316263,0.07633099999999998,0.42440699999999987,0.3782830000000001,-0.016508000000000023,0.42778099999999997,0.3243460000000001,-0.07812400000000003,0.42716599999999993,0.24450500000000003,-0.058701999999999976,0.422438,0.3943210000000001,-0.219784,0.38301399999999997,0.34389600000000003,-0.218754,0.3758769999999999,0.37251699999999993,-0.234937,0.3762279999999999,0.3737,-0.206859,0.3740499999999999
21,0.2,0.300104,-0.00024000000000001798,0.4005169999999999,0.3163740000000001,0.07661899999999999,0.4247669999999999,0.378269,-0.016515000000000002,0.42783799999999994,0.32431499999999996,-0.078146,0.42720199999999997,0.24446799999999996,-0.05874800000000002,0.422423,0.39431900000000003,-0.21973900000000002,0.382972,0.343891,-0.21873399999999998,0.3758529999999999,0.37252,-0.234904,0.376201,0.3736899999999999,-0.206827,0.374011
22,0.21,0.30015,-0.00021799999999999597,0.400559,0.316339,0.076542,0.42488099999999995,0.378256,-0.01658700000000002,0.42793099999999995,0.3243,-0.07820000000000005,0.427153,0.24462900000000004,-0.05857800000000002,0.42239399999999994,0.3943210000000001,-0.219588,0.382861,0.34389,-0.21860200000000002,0.3757569999999999,0.372527,-0.234757,0.37607899999999994,0.373682,-0.206677,0.373918
23,0.22,0.300132,-0.0003749999999999587,0.40047299999999997,0.31622500000000003,0.076206,0.42486499999999994,0.378252,-0.016647000000000023,0.4280109999999999,0.32428300000000004,-0.07824199999999998,0.427068,0.24454000000000004,-0.05877300000000002,0.4221649999999999,0.394357,-0.21953699999999998,0.3829929999999999,0.34393,-0.218557,0.375864,0.37257,-0.234706,0.3761859999999999,0.37372,-0.206623,0.3740509999999999
24,0.23,0.30016499999999996,-0.00037199999999998346,0.400543,0.31621799999999994,0.07616699999999998,0.42513,0.37826,-0.01675899999999997,0.4280919999999999,0.32427999999999996,-0.07837499999999997,0.4269059999999999,0.2446190000000001,-0.05875800000000003,0.42208199999999996,0.39437099999999997,-0.219315,0.383026,0.34394300000000005,-0.218381,0.37589399999999995,0.372601,-0.23450000000000001,0.37620299999999995,0.373721,-0.206414,0.37409499999999996
25,0.24,0.30019,-0.00041200000000002346,0.40058399999999994,0.316289,0.07596999999999998,0.425458,0.378256,-0.01685700000000001,0.4280919999999999,0.32429499999999994,-0.07842499999999997,0.4267099999999999,0.244589,-0.05892200000000003,0.4218759999999999,0.394349,-0.21918300000000002,0.38297000000000003,0.34391900000000003,-0.218262,0.3758539999999999,0.37258399999999997,-0.23436800000000002,0.37612900000000005,0.3736899999999999,-0.206278,0.374066
26,0.25,0.3002479999999999,-0.00029999999999996696,0.400725,0.31640700000000005,0.076152,0.426029,0.37831299999999995,-0.016975000000000018,0.428064,0.32432200000000005,-0.07855800000000002,0.426442,0.24464599999999997,-0.05898300000000001,0.42170399999999997,0.394352,-0.218865,0.383115,0.343925,-0.21802100000000002,0.3759739999999999,0.372616,-0.23408,0.37625299999999995,0.3736770000000001,-0.205988,0.3742089999999999
27,0.26,0.300287,-0.0003749999999999587,0.4006709999999999,0.31641099999999994,0.07578400000000002,0.42621299999999995,0.37834700000000004,-0.01708700000000002,0.42803800000000003,0.32435699999999995,-0.07861699999999999,0.426126,0.24466400000000005,-0.05905499999999997,0.42144399999999993,0.39433199999999996,-0.218798,0.38314199999999987,0.34390499999999996,-0.217959,0.37599400000000005,0.37259899999999996,-0.234012,0.3762669999999999,0.37365599999999993,-0.20591800000000002,0.37424199999999996
28,0.27,0.30036900000000005,-0.00025399999999997647,0.400821,0.31659299999999996,0.07599800000000001,0.4267949999999999,0.378415,-0.017193000000000014,0.4280409999999999,0.32439900000000005,-0.07874500000000001,0.425879,0.2446810000000001,-0.05912999999999996,0.42126300000000005,0.39430099999999996,-0.218569,0.38329599999999997,0.34387699999999993,-0.217778,0.3761229999999999,0.37258700000000006,-0.233803,0.37640399999999996,0.373616,-0.205707,0.37439
29,0.28,0.300367,-0.00031399999999998096,0.400837,0.31649,0.075787,0.42696899999999993,0.378453,-0.01729799999999998,0.42808999999999997,0.324416,-0.078795,0.4257409999999999,0.24467999999999995,-0.05918100000000004,0.42112799999999995,0.394256,-0.21857,0.38357299999999994,0.34383899999999995,-0.217784,0.37634999999999996,0.37255,-0.23380800000000002,0.37666599999999995,0.37357899999999994,-0.205712,0.3746409999999999
30,0.29,0.300406,-0.00032399999999999096,0.4009729999999999,0.31649199999999994,0.07575100000000001,0.42735899999999993,0.378489,-0.017432000000000003,0.42821699999999996,0.32446,-0.07891700000000001,0.4256519999999999,0.244682,-0.05924400000000002,0.421034,0.39418800000000004,-0.218406,0.38379299999999994,0.343775,-0.21766600000000003,0.37653499999999995,0.3724990000000001,-0.233665,0.376876,0.37350599999999995,-0.20557,0.374842
31,0.3,0.30043499999999995,-0.0003269999999999662,0.4011569999999999,0.316614,0.075623,0.42770699999999995,0.3785,-0.017496999999999985,0.428384,0.32442200000000004,-0.078959,0.4256599999999999,0.24463200000000002,-0.05927899999999997,0.42108599999999996,0.39411900000000005,-0.218281,0.3841129999999999,0.3437139999999999,-0.21757,0.37679700000000005,0.37244700000000003,-0.23355199999999998,0.37716700000000003,0.37343999999999994,-0.205455,0.37514199999999986
32,0.31,0.300449,-0.0003389999999999782,0.40130200000000005,0.31663,0.075629,0.427913,0.37850599999999995,-0.017596,0.4285849999999999,0.32441499999999995,-0.07903200000000005,0.425751,0.24456300000000003,-0.05926899999999996,0.421156,0.39402599999999993,-0.217999,0.38435299999999994,0.34362699999999996,-0.21734,0.3769929999999999,0.37237900000000007,-0.23328700000000002,0.3773679999999999,0.3733389999999999,-0.20518699999999998,0.37537999999999994
33,0.32,0.3004449999999999,-0.0003110000000000057,0.401589,0.316688,0.075546,0.428365,0.378492,-0.017662999999999984,0.42881999999999987,0.32434899999999994,-0.07904900000000004,0.42586499999999994,0.24453300000000006,-0.05924499999999999,0.421322,0.39395700000000006,-0.217834,0.3847339999999999,0.34356800000000004,-0.217222,0.37730299999999994,0.372335,-0.233141,0.377715,0.37327099999999996,-0.20504,0.37573500000000004
34,0.33,0.30044299999999996,-0.000258000000000036,0.401861,0.31675099999999995,0.075604,0.42875299999999994,0.3784650000000001,-0.017727999999999966,0.42909399999999986,0.32426800000000006,-0.07903200000000005,0.42603800000000003,0.2444739999999999,-0.059228,0.4214859999999999,0.3938650000000001,-0.21771400000000002,0.384995,0.3434829999999999,-0.21712800000000002,0.37751499999999993,0.37226,-0.233029,0.3779429999999999,0.373179,-0.204925,0.37598599999999993
35,0.34,0.300405,-0.00027599999999999847,0.40213999999999994,0.316721,0.07553600000000005,0.42908999999999997,0.3784220000000001,-0.01776300000000003,0.42938,0.32424100000000006,-0.07910900000000004,0.42625499999999994,0.24438500000000002,-0.059211000000000014,0.421712,0.3937880000000001,-0.21764300000000003,0.3852709999999999,0.343413,-0.217078,0.377741,0.37219700000000006,-0.232968,0.3781979999999999,0.373106,-0.20486300000000002,0.37624099999999994
36,0.35,0.300433,-0.00022199999999999998,0.4024159999999999,0.316698,0.07552900000000001,0.42949400000000004,0.378387,-0.01786600000000005,0.42969999999999986,0.32416300000000003,-0.07913699999999996,0.4264929999999999,0.24444300000000002,-0.05903599999999998,0.421828,0.39372500000000005,-0.217775,0.385529,0.343358,-0.21718300000000001,0.377953,0.37213199999999996,-0.23308800000000002,0.37843899999999997,0.373059,-0.204985,0.376478
37,0.36,0.3004320000000001,-0.00032999999999999696,0.4026369999999999,0.31672300000000003,0.07536399999999999,0.42985299999999993,0.378334,-0.018013,0.43004699999999996,0.324104,-0.07925199999999999,0.4266469999999999,0.24430600000000008,-0.059201000000000004,0.421856,0.393658,-0.217745,0.3856259999999999,0.3432920000000001,-0.21715199999999998,0.37804099999999996,0.3720649999999999,-0.23305900000000002,0.37853499999999995,0.3729940000000001,-0.204956,0.376568
38,0.37,0.3004320000000001,-0.00035200000000001896,0.40291299999999997,0.316698,0.07526,0.43039399999999994,0.37830899999999995,-0.01820000000000005,0.4303659999999999,0.324031,-0.07936399999999999,0.4266519999999999,0.24428999999999995,-0.059251,0.42188800000000004,0.39360600000000007,-0.21788600000000002,0.38567299999999993,0.343239,-0.21726700000000002,0.3780969999999999,0.372002,-0.233192,0.3785989999999999,0.372948,-0.205091,0.37660899999999986
39,0.38,0.30041900000000005,-0.0004190000000000027,0.40318,0.31669700000000006,0.07507999999999998,0.430999,0.37827800000000006,-0.01840799999999998,0.430597,0.32396700000000006,-0.07954299999999997,0.4266089999999999,0.24424400000000007,-0.059387999999999996,0.42186199999999996,0.393565,-0.21784,0.38566899999999993,0.34319399999999994,-0.21723,0.378119,0.37195799999999996,-0.233152,0.378617,0.372901,-0.205053,0.376606
40,0.39,0.300422,-0.0005379999999999829,0.403362,0.31678999999999996,0.074899,0.4313619999999999,0.378253,-0.018655000000000033,0.4307909999999999,0.32388500000000003,-0.07974199999999998,0.426596,0.24413900000000005,-0.05952700000000005,0.42188400000000004,0.39354300000000003,-0.217943,0.385683,0.34316700000000006,-0.217334,0.378158,0.371928,-0.233263,0.37866999999999995,0.372878,-0.20516700000000002,0.37660799999999994
41,0.4,0.300401,-0.0006319999999999659,0.4035599999999999,0.316846,0.07470300000000002,0.43171399999999993,0.37820399999999993,-0.018901,0.43094999999999994,0.323765,-0.07990999999999998,0.426643,0.24406299999999997,-0.05956499999999998,0.42195799999999994,0.3935119999999999,-0.21787600000000001,0.3855939999999999,0.3431290000000001,-0.217279,0.37812099999999993,0.371894,-0.23320000000000002,0.37860000000000005,0.37283399999999994,-0.205104,0.37654200000000004
42,0.41,0.30039699999999997,-0.0007510000000000017,0.403744,0.316985,0.074573,0.4318369999999999,0.37817399999999995,-0.019121999999999972,0.43110000000000004,0.323629,-0.080094,0.42693499999999995,0.2439449999999999,-0.05953000000000003,0.42218999999999995,0.393504,-0.21774700000000002,0.385653,0.34311600000000003,-0.21718300000000001,0.378212,0.3718930000000001,-0.233084,0.37866599999999995,0.37281100000000006,-0.204986,0.376621
43,0.42,0.300402,-0.0008780000000000454,0.4039259999999999,0.31718300000000005,0.07442100000000001,0.431952,0.37813599999999997,-0.01934999999999998,0.4312609999999999,0.32349599999999995,-0.08022599999999996,0.42719699999999994,0.24381200000000008,-0.05956,0.4224309999999999,0.393504,-0.217527,0.38573499999999994,0.343111,-0.217007,0.37832600000000005,0.371906,-0.232877,0.37873599999999996,0.37279200000000007,-0.204775,0.37673599999999996
44,0.43,0.30040800000000006,-0.0009860000000000424,0.4040889999999999,0.317304,0.074326,0.432009,0.37814,-0.019579000000000013,0.4313959999999999,0.323375,-0.080347,0.427457,0.24375299999999994,-0.05952099999999999,0.422702,0.39351699999999995,-0.21741000000000002,0.3858999999999999,0.34311699999999995,-0.21693400000000002,0.378529,0.3719299999999999,-0.232773,0.37889699999999993,0.37278400000000006,-0.20466700000000002,0.376934
45,0.44,0.30041499999999993,-0.0010839999999999739,0.40421399999999996,0.317482,0.074185,0.4320989999999999,0.3781330000000001,-0.01976300000000003,0.43145599999999995,0.32329899999999995,-0.080484,0.427543,0.24366899999999997,-0.05953799999999998,0.422909,0.3935,-0.217207,0.386073,0.3430950000000001,-0.216757,0.378741,0.371925,-0.232566,0.379024,0.372747,-0.204452,0.377173
46,0.45,0.30044600000000005,-0.0011680000000000024,0.40430999999999995,0.31758899999999995,0.074071,0.43224799999999997,0.37816200000000005,-0.019960000000000033,0.43150299999999986,0.323251,-0.08059,0.42757100000000003,0.24366700000000002,-0.05958800000000003,0.42298099999999994,0.393522,-0.217141,0.386509,0.34311699999999995,-0.216722,0.37917499999999993,0.37196100000000004,-0.232504,0.379424,0.37275699999999995,-0.204385,0.3776369999999999
47,0.46,0.30045700000000003,-0.0012519999999999754,0.40441099999999996,0.317644,0.07393,0.43247599999999997,0.378188,-0.020129000000000008,0.4315269999999999,0.32324500000000006,-0.08070500000000003,0.42751300000000003,0.24365799999999999,-0.05970000000000003,0.423006,0.39348299999999997,-0.217088,0.3868109999999999,0.343072,-0.216675,0.379513,0.37192700000000006,-0.232439,0.37968499999999994,0.372704,-0.204313,0.378
48,0.47,0.30053599999999997,-0.0013040000000000274,0.404544,0.317803,0.07379400000000003,0.4328329999999999,0.37822000000000006,-0.020316,0.43161000000000005,0.323232,-0.08085200000000003,0.42745599999999995,0.24369400000000002,-0.05976100000000001,0.422948,0.393433,-0.217137,0.387366,0.34302099999999996,-0.216765,0.3800819999999999,0.37189,-0.232504,0.380239,0.37264099999999994,-0.204377,0.37856599999999996
49,0.48,0.300529,-0.0013940000000000063,0.40459899999999993,0.3177959999999999,0.07363599999999998,0.433063,0.37821699999999997,-0.02049899999999999,0.43166399999999994,0.323219,-0.08096999999999999,0.42730199999999996,0.24364999999999998,-0.059902999999999984,0.42286,0.39344700000000005,-0.21707100000000001,0.38815,0.34303999999999996,-0.216725,0.380822,0.37192200000000003,-0.23244,0.38097099999999995,0.372651,-0.20430900000000002,0.3793589999999999
50,0.49,0.30055499999999996,-0.0014799999999999813,0.40467,0.317911,0.07339499999999999,0.4333149999999999,0.378199,-0.02066699999999999,0.43166899999999997,0.323185,-0.08112199999999997,0.42722899999999986,0.243612,-0.059958999999999985,0.42277599999999993,0.39348600000000006,-0.217282,0.3891319999999999,0.343091,-0.216917,0.381726,0.37196899999999994,-0.23264,0.38190499999999994,0.37270700000000007,-0.20450700000000002,0.38032199999999994
51,0.5,0.30053900000000006,-0.001599000000000017,0.40468399999999993,0.317958,0.07324800000000004,0.433361,0.378207,-0.020869000000000026,0.43167200000000006,0.3230800000000001,-0.081293,0.4271569999999999,0.24354599999999998,-0.06003400000000003,0.422783,0.3934600000000001,-0.21729700000000002,0.389965,0.343069,-0.21696700000000002,0.38253099999999995,0.37195799999999996,-0.23266900000000001,0.38272399999999995,0.3726770000000001,-0.20453600000000002,0.38114400000000004
52,0.51,0.30051100000000003,-0.00171300000000002,0.4048139999999999,0.31814400000000004,0.07303700000000002,0.43355599999999994,0.378168,-0.02113699999999996,0.43169899999999994,0.32288900000000004,-0.08143999999999996,0.427164,0.24342099999999994,-0.060092000000000034,0.4229109999999999,0.39348900000000003,-0.21751700000000002,0.39122999999999997,0.3431140000000001,-0.21717,0.38368899999999995,0.37199699999999997,-0.232881,0.38393999999999995,0.3727289999999999,-0.204748,0.382366
53,0.52,0.30050400000000005,-0.0018429999999999835,0.40488,0.31827500000000003,0.07290200000000002,0.4335459999999999,0.37811599999999995,-0.021467999999999987,0.431785,0.32273,-0.08160599999999996,0.42727499999999996,0.243299,-0.06003799999999998,0.423053,0.393504,-0.217651,0.392447,0.343141,-0.21732700000000002,0.3848229999999999,0.37203,-0.23302699999999998,0.38513299999999995,0.3727540000000001,-0.204895,0.3835409999999999
54,0.53,0.300471,-0.001929000000000014,0.40496599999999994,0.31841099999999994,0.07277699999999998,0.43368099999999987,0.378064,-0.021770999999999985,0.4319099999999999,0.32246,-0.081708,0.427369,0.24307600000000001,-0.06003599999999998,0.4230599999999999,0.39347000000000004,-0.21777400000000002,0.39375799999999994,0.34312099999999995,-0.21745899999999999,0.386043,0.37201199999999995,-0.233155,0.38640699999999994,0.37273400000000007,-0.205022,0.38481200000000004
55,0.54,0.30047000000000007,-0.002059000000000033,0.4050459999999999,0.318567,0.07261200000000001,0.433701,0.3779789999999999,-0.022023000000000015,0.43197399999999986,0.322328,-0.08193800000000001,0.427523,0.242971,-0.05996000000000001,0.423192,0.3934600000000001,-0.21807100000000001,0.39517899999999995,0.343127,-0.217754,0.387358,0.372014,-0.23345500000000002,0.387798,0.37274500000000005,-0.205324,0.386178
56,0.55,0.300321,-0.0020719999999999628,0.40514399999999995,0.318571,0.07254499999999997,0.433864,0.377882,-0.022247000000000017,0.43194199999999994,0.3220509999999999,-0.081959,0.42750900000000003,0.24272500000000002,-0.05992100000000006,0.42329399999999995,0.3934349999999999,-0.21827200000000002,0.396663,0.343119,-0.21795,0.38873599999999997,0.3720029999999999,-0.233655,0.38924000000000003,0.37274100000000004,-0.205524,0.38761500000000004
57,0.56,0.30027199999999993,-0.0021619999999999973,0.40522,0.318733,0.07230800000000004,0.43407299999999993,0.377808,-0.02247400000000005,0.431843,0.3218980000000001,-0.08216400000000001,0.4273729999999999,0.24260200000000004,-0.059931999999999985,0.423338,0.393414,-0.218338,0.39825699999999997,0.34311699999999995,-0.218063,0.39020299999999997,0.3720130000000001,-0.233743,0.3907909999999999,0.372732,-0.20561400000000002,0.38914800000000005
58,0.57,0.3001770000000001,-0.002145000000000008,0.40522899999999995,0.318737,0.07219300000000001,0.43433299999999997,0.37777599999999995,-0.022677999999999976,0.431731,0.321718,-0.08216699999999999,0.427006,0.242446,-0.05997400000000003,0.4232079999999999,0.393388,-0.21860000000000002,0.3998189999999999,0.3431100000000001,-0.218325,0.39164999999999994,0.3720029999999999,-0.234008,0.392312,0.372728,-0.205879,0.3906559999999999
59,0.58,0.3001709999999999,-0.0021720000000000073,0.405226,0.318752,0.071996,0.43466099999999996,0.37775600000000004,-0.022787,0.431601,0.32173,-0.08228999999999997,0.4265629999999999,0.24250500000000003,-0.060099000000000014,0.4229879999999999,0.3933769999999999,-0.218491,0.4014289999999999,0.343118,-0.218288,0.39314099999999996,0.372033,-0.233927,0.393865,0.37272,-0.205797,0.392223
60,0.59,0.30017599999999994,-0.0021740000000000093,0.40522899999999995,0.31871600000000005,0.071851,0.43506999999999996,0.377802,-0.022859000000000018,0.43149799999999994,0.32176199999999994,-0.08237499999999998,0.426249,0.24246600000000001,-0.06024499999999999,0.422624,0.3933790000000001,-0.21862700000000002,0.4029809999999999,0.343139,-0.21845900000000001,0.39458399999999993,0.37206100000000003,-0.234079,0.39537599999999995,0.37273400000000007,-0.205949,0.393726
61,0.6,0.30016099999999996,-0.0021740000000000093,0.40521299999999993,0.318579,0.07172499999999998,0.4354579999999999,0.37777,-0.02296100000000001,0.431423,0.321829,-0.08244400000000002,0.42581499999999994,0.242539,-0.06038399999999999,0.42226699999999995,0.393322,-0.218142,0.403983,0.34307899999999997,-0.218094,0.39559999999999995,0.37204300000000007,-0.23364000000000001,0.39636099999999996,0.37264099999999994,-0.205505,0.3947529999999999
62,0.61,0.30013699999999993,-0.0022150000000000225,0.405188,0.318482,0.071548,0.435716,0.37779499999999994,-0.023067000000000004,0.43143,0.3217959999999999,-0.082509,0.425496,0.242477,-0.06052599999999997,0.42197299999999993,0.393396,-0.21767999999999998,0.405307,0.34315999999999997,-0.217788,0.3968829999999999,0.372171,-0.233244,0.39766999999999997,0.37268399999999996,-0.205108,0.396057
63,0.62,0.3000850000000001,-0.002183000000000046,0.4052279999999999,0.318474,0.07147299999999995,0.4359489999999999,0.37769100000000005,-0.02318500000000001,0.43144799999999994,0.32167300000000004,-0.08249999999999996,0.42528,0.24243200000000004,-0.06051300000000004,0.42186499999999993,0.39341700000000007,-0.217355,0.406454,0.34318299999999996,-0.217563,0.398015,0.37222799999999995,-0.232956,0.39879,0.37267900000000004,-0.20481700000000003,0.397215
64,0.63,0.3000230000000001,-0.0021680000000000033,0.4053239999999999,0.318501,0.07149100000000003,0.43610399999999994,0.377611,-0.02332400000000001,0.4315359999999999,0.321487,-0.08255400000000002,0.4253349999999999,0.24228,-0.06042799999999998,0.421905,0.393437,-0.217414,0.40773499999999996,0.34320899999999993,-0.21770699999999998,0.39926799999999996,0.3722769999999999,-0.233055,0.40007399999999993,0.372685,-0.20491600000000001,0.39847199999999994
65,0.64,0.299943,-0.0021700000000000053,0.405462,0.31861100000000003,0.07139200000000001,0.436233,0.3774990000000001,-0.023415999999999992,0.4315939999999999,0.32127199999999995,-0.08255100000000004,0.42546399999999995,0.24211600000000005,-0.06035400000000002,0.422083,0.39349699999999993,-0.217212,0.408991,0.343273,-0.217605,0.40049999999999997,0.372373,-0.23289100000000001,0.401308,0.37272299999999997,-0.20475100000000002,0.39972799999999997
66,0.65,0.29991300000000004,-0.0021230000000000415,0.4055549999999999,0.31873900000000005,0.07141199999999998,0.436326,0.3774370000000001,-0.02352000000000004,0.4316399999999999,0.321073,-0.08256400000000003,0.42556799999999995,0.24198799999999993,-0.06018899999999999,0.422188,0.393558,-0.216926,0.41014300000000004,0.34333600000000003,-0.217458,0.40165300000000004,0.3724779999999999,-0.23266399999999998,0.40246099999999996,0.37274999999999997,-0.204523,0.400879
67,0.66,0.299873,-0.002063000000000037,0.40562599999999993,0.31878599999999996,0.071384,0.43646399999999996,0.37740500000000005,-0.02353299999999997,0.4316129999999999,0.32099799999999995,-0.08249299999999998,0.42554499999999995,0.24191499999999994,-0.06012400000000001,0.422237,0.39363699999999996,-0.216551,0.4112549999999999,0.34341499999999997,-0.21723800000000001,0.40276999999999996,0.372605,-0.232353,0.403571,0.372789,-0.204211,0.40199699999999994
68,0.67,0.299892,-0.0020429999999999615,0.405648,0.31880800000000004,0.07131500000000002,0.43659099999999995,0.377445,-0.023517999999999983,0.431547,0.32102400000000003,-0.082459,0.4253469999999999,0.242041,-0.06017699999999998,0.42223199999999994,0.39379800000000004,-0.216135,0.412624,0.3435850000000001,-0.216996,0.40410599999999997,0.37282600000000005,-0.23201100000000002,0.404929,0.372914,-0.203868,0.403351
69,0.68,0.3,-0.0019179999999999753,0.4056519999999999,0.318846,0.071382,0.43694199999999994,0.377538,-0.023453999999999975,0.431427,0.3212669999999999,-0.08242700000000003,0.42503899999999994,0.24217899999999998,-0.06018600000000002,0.4219489999999999,0.3939080000000001,-0.21565600000000001,0.413689,0.343694,-0.216697,0.40519099999999997,0.37298900000000007,-0.231607,0.4060029999999999,0.37297600000000003,-0.203465,0.404423
70,0.69,0.3001000000000001,-0.0018149999999999555,0.40563499999999997,0.318784,0.07133799999999996,0.437341,0.377674,-0.02330399999999999,0.43120999999999987,0.32154,-0.08240799999999998,0.42471099999999995,0.24241700000000005,-0.060251,0.421573,0.39401900000000006,-0.215441,0.41473000000000004,0.34380399999999994,-0.216624,0.406257,0.37313900000000005,-0.231456,0.4070729999999999,0.37305099999999997,-0.203315,0.40545999999999993
71,0.7,0.300202,-0.0015750000000000486,0.405528,0.318741,0.07134799999999997,0.43783399999999995,0.37786400000000003,-0.023204000000000002,0.431067,0.32169299999999995,-0.082177,0.423824,0.24259599999999998,-0.060323000000000015,0.42097699999999993,0.394133,-0.21479700000000002,0.41592799999999996,0.3439259999999999,-0.216174,0.40744199999999997,0.373319,-0.230889,0.4082549999999999,0.37312000000000006,-0.202748,0.40666099999999994
72,0.71,0.30038499999999996,-0.0014240000000000363,0.405413,0.318737,0.07132700000000003,0.4382309999999999,0.37806200000000006,-0.02309,0.43092299999999994,0.3219929999999999,-0.082183,0.423207,0.242836,-0.06031900000000001,0.4203859999999999,0.39420399999999994,-0.21441100000000002,0.416855,0.3439940000000001,-0.215952,0.40841399999999994,0.37343299999999996,-0.230575,0.40921399999999997,0.373145,-0.202436,0.40759599999999996
73,0.72,0.30053900000000006,-0.0012320000000000109,0.4053539999999999,0.318792,0.07131100000000001,0.438612,0.378211,-0.022984000000000004,0.430778,0.32214099999999996,-0.081986,0.4226859999999999,0.24314400000000008,-0.060309,0.41994600000000004,0.39432300000000003,-0.21391000000000002,0.4181849999999999,0.34412799999999993,-0.21563400000000002,0.409691,0.37361799999999995,-0.230151,0.410528,0.37323100000000003,-0.202014,0.408899
74,0.73,0.300695,-0.0010689999999999866,0.40531499999999987,0.318934,0.071357,0.43884899999999993,0.3783539999999999,-0.022876000000000007,0.43066099999999996,0.32238400000000006,-0.08191300000000001,0.42235599999999995,0.24325599999999997,-0.060203000000000007,0.4196709999999999,0.39440499999999995,-0.213423,0.4193579999999999,0.34422,-0.21534,0.410841,0.37376400000000004,-0.229749,0.4117099999999999,0.37327400000000005,-0.201615,0.41004700000000005
75,0.74,0.30085500000000004,-0.0009049999999999891,0.40534000000000003,0.31912599999999997,0.07146599999999997,0.43903599999999987,0.378504,-0.022823000000000038,0.43066399999999994,0.322487,-0.08177299999999998,0.422156,0.24341399999999996,-0.060085,0.419573,0.39449000000000006,-0.21282800000000002,0.420736,0.3443260000000001,-0.214966,0.4121569999999999,0.373928,-0.22925,0.413083,0.373322,-0.20112000000000002,0.41138299999999994
76,0.75,0.30097599999999997,-0.0007820000000000049,0.40541499999999997,0.31933000000000006,0.07147199999999998,0.4392309999999999,0.3786,-0.022804999999999964,0.43072299999999997,0.322524,-0.08169300000000002,0.42208499999999993,0.24345200000000006,-0.05992100000000006,0.41954199999999997,0.394627,-0.212089,0.4222529999999999,0.34449,-0.21448399999999998,0.413581,0.37415899999999996,-0.22862300000000002,0.41458699999999993,0.3734220000000001,-0.2005,0.41284
77,0.76,0.30106800000000006,-0.0006390000000000007,0.40549,0.31949299999999997,0.07154899999999997,0.43942499999999995,0.37864800000000004,-0.022794000000000036,0.430824,0.322521,-0.08157900000000001,0.42203899999999994,0.24345,-0.059753999999999974,0.41949499999999995,0.39470299999999997,-0.21136300000000002,0.4235739999999999,0.344589,-0.21401,0.41484299999999996,0.37432100000000007,-0.22800900000000002,0.4159209999999999,0.37345600000000007,-0.19989400000000002,0.414106
78,0.77,0.30114599999999997,-0.0005130000000000412,0.405616,0.31953499999999996,0.07161200000000001,0.43975,0.378732,-0.022826999999999986,0.430999,0.322517,-0.08152300000000001,0.42191499999999993,0.24350100000000002,-0.059614999999999974,0.419434,0.39484,-0.210526,0.42496500000000004,0.34475400000000006,-0.21346400000000001,0.4161649999999999,0.3745570000000001,-0.227305,0.41734000000000004,0.37354899999999996,-0.19920100000000002,0.41542199999999996
79,0.78,0.301221,-0.00036600000000003297,0.405755,0.3196330000000001,0.071573,0.44023599999999996,0.378781,-0.022853000000000012,0.43111999999999995,0.32251099999999994,-0.08143100000000003,0.4217049999999999,0.24350199999999994,-0.05950699999999998,0.419241,0.39489,-0.20966700000000002,0.426018,0.34482399999999996,-0.212897,0.417211,0.3746960000000001,-0.226581,0.4184549999999999,0.373546,-0.198491,0.4164199999999999
80,0.79,0.3013489999999999,-0.00020300000000000873,0.40585099999999996,0.3197400000000001,0.07148199999999999,0.4407669999999999,0.3788500000000001,-0.022840000000000027,0.43119299999999994,0.3225900000000001,-0.081378,0.42142099999999993,0.243566,-0.05935499999999999,0.41889599999999994,0.39502,-0.20869200000000002,0.42720199999999997,0.344979,-0.212229,0.418366,0.37492300000000006,-0.225746,0.4196939999999999,0.373624,-0.19767200000000001,0.41753799999999996
81,0.8,0.30151,-6.999999999979245e-06,0.40597099999999997,0.31993900000000003,0.07150600000000001,0.441318,0.37896500000000005,-0.02282200000000001,0.431245,0.32267399999999996,-0.08126500000000003,0.42115199999999986,0.24366400000000005,-0.059248999999999996,0.41860399999999987,0.395106,-0.207818,0.42837099999999995,0.345091,-0.21166200000000002,0.41951800000000006,0.3751050000000001,-0.225016,0.4209379999999999,0.37365999999999994,-0.19696000000000002,0.41863399999999995
82,0.81,0.3016480000000001,0.00020599999999998397,0.40608299999999997,0.320047,0.07148399999999999,0.44181099999999995,0.37910000000000005,-0.022717000000000043,0.4312609999999999,0.322811,-0.081117,0.42083899999999996,0.24382399999999999,-0.05909000000000003,0.418385,0.39521600000000007,-0.20685399999999998,0.429451,0.345226,-0.210974,0.420578,0.375304,-0.224175,0.42206299999999997,0.37372299999999997,-0.196135,0.4196639999999999
83,0.82,0.30179300000000003,0.00046200000000001795,0.40622,0.320143,0.07162199999999996,0.442249,0.37921200000000005,-0.022558000000000022,0.431341,0.32303200000000004,-0.08093800000000001,0.420627,0.24397399999999997,-0.05888699999999997,0.4182619999999999,0.39527300000000004,-0.20605300000000001,0.43054799999999993,0.34531300000000004,-0.21048999999999998,0.421662,0.37545600000000007,-0.223526,0.423265,0.373735,-0.19551200000000002,0.42066800000000004
84,0.83,0.301961,0.0007639999999999869,0.40645999999999993,0.32034199999999996,0.07176900000000003,0.44277199999999994,0.379338,-0.02234200000000003,0.43154499999999996,0.32316700000000004,-0.08068999999999998,0.42059899999999995,0.24409000000000008,-0.05863199999999996,0.418226,0.395387,-0.205557,0.431774,0.345451,-0.210153,0.4228329999999999,0.375627,-0.223106,0.424519,0.3738350000000001,-0.195105,0.4218299999999999
85,0.84,0.30215300000000006,0.0010830000000000006,0.406744,0.3205470000000001,0.07203799999999999,0.44325400000000004,0.3794739999999999,-0.022174000000000027,0.43181099999999994,0.32338300000000003,-0.08042499999999997,0.42067699999999997,0.244207,-0.058313000000000004,0.41832499999999995,0.395399,-0.205069,0.43283099999999997,0.34548299999999993,-0.209879,0.42389,0.3757,-0.222723,0.42566499999999996,0.37381899999999996,-0.194743,0.422817
86,0.85,0.30230799999999997,0.001397000000000037,0.40706999999999993,0.32067399999999996,0.072291,0.4436659999999999,0.37958600000000003,-0.02189399999999997,0.432187,0.32351599999999997,-0.080152,0.4209489999999999,0.24434799999999995,-0.05796299999999999,0.41853799999999997,0.39548,-0.204891,0.43403099999999994,0.34558000000000005,-0.209786,0.42504699999999995,0.375812,-0.222585,0.426879,0.37389599999999995,-0.194614,0.42397399999999996
87,0.86,0.30243800000000004,0.001758999999999955,0.40741499999999997,0.320757,0.072581,0.444168,0.37967999999999996,-0.02154299999999998,0.4325309999999999,0.323722,-0.07980800000000005,0.421168,0.24446099999999998,-0.057641,0.41871500000000006,0.395473,-0.204485,0.4349679999999999,0.3455850000000001,-0.209545,0.426006,0.37585399999999997,-0.222254,0.42786599999999997,0.37385799999999997,-0.194296,0.42488800000000004
88,0.87,0.30258199999999996,0.0020960000000000423,0.407744,0.320926,0.07281100000000001,0.444673,0.37975699999999996,-0.021272000000000013,0.43287,0.323842,-0.07952100000000001,0.42128699999999997,0.24458399999999997,-0.057313,0.41887299999999994,0.39548900000000003,-0.20421599999999998,0.43625499999999995,0.345625,-0.209399,0.42723500000000003,0.37592,-0.222038,0.429149,0.37386500000000006,-0.194088,0.42613499999999993
89,0.88,0.302757,0.0024099999999999677,0.40803999999999996,0.32107499999999994,0.072934,0.445202,0.37987199999999993,-0.021040999999999976,0.43323,0.32400500000000004,-0.07923000000000002,0.421338,0.24469899999999994,-0.05699700000000002,0.41890799999999995,0.3954499999999999,-0.203858,0.43757199999999996,0.345613,-0.209179,0.42848699999999995,0.37593899999999997,-0.22173500000000002,0.430446,0.3738120000000001,-0.19379200000000002,0.427419
90,0.89,0.3029070000000001,0.002674999999999983,0.4082619999999999,0.32126000000000005,0.07306099999999999,0.44575999999999993,0.38000400000000006,-0.020970999999999962,0.43332099999999996,0.324096,-0.07906099999999999,0.421191,0.24483700000000003,-0.05674100000000004,0.41885399999999995,0.395376,-0.20341800000000002,0.43882299999999996,0.3455660000000001,-0.208906,0.42968700000000004,0.37593100000000007,-0.221361,0.431682,0.373716,-0.193426,0.42864499999999994
91,0.9,0.303066,0.002909999999999968,0.40843399999999996,0.321533,0.073025,0.44634399999999996,0.380152,-0.02088699999999999,0.43321299999999996,0.32426499999999997,-0.07889099999999999,0.42087799999999986,0.24496899999999994,-0.05656100000000003,0.418721,0.39529300000000006,-0.20299,0.44020799999999993,0.3455169999999999,-0.208652,0.43099299999999996,0.37592,-0.221003,0.4330449999999999,0.3736150000000001,-0.193077,0.4299879999999999
92,0.91,0.30327199999999993,0.0031389999999999474,0.408513,0.3218450000000001,0.072905,0.44699599999999995,0.380399,-0.020940999999999987,0.432909,0.32443700000000003,-0.078814,0.4202419999999999,0.245149,-0.05632799999999999,0.418393,0.39523400000000003,-0.202157,0.44172100000000003,0.3455040000000001,-0.208046,0.432395,0.3759639999999999,-0.220252,0.43448699999999996,0.37352900000000006,-0.192332,0.43147500000000005
93,0.92,0.30351900000000004,0.00333599999999995,0.408543,0.32221700000000003,0.072822,0.4475649999999999,0.3806709999999999,-0.020975999999999995,0.432605,0.32464599999999993,-0.07874900000000001,0.419593,0.24536400000000008,-0.05619400000000002,0.41803099999999993,0.39510799999999996,-0.201418,0.4430059999999999,0.34541800000000006,-0.207566,0.43363799999999997,0.37593899999999997,-0.219614,0.43576099999999995,0.373362,-0.19170800000000002,0.43273799999999996
94,0.93,0.3038,0.003471999999999975,0.4085249999999999,0.32266900000000004,0.07264599999999999,0.44798000000000004,0.380974,-0.02112900000000001,0.4322619999999999,0.324892,-0.07877500000000004,0.4188869999999999,0.24553700000000006,-0.05597799999999997,0.417759,0.395021,-0.2005,0.4446809999999999,0.345392,-0.206926,0.43518099999999993,0.375978,-0.21879700000000002,0.4373579999999999,0.37324299999999994,-0.190902,0.43437499999999996
95,0.94,0.30405999999999994,0.003570999999999991,0.408578,0.3232390000000001,0.07245499999999999,0.44841999999999993,0.381211,-0.021289000000000002,0.43184599999999995,0.3250370000000001,-0.078849,0.418438,0.24569499999999994,-0.05578700000000003,0.4176019999999999,0.394873,-0.19955900000000001,0.445997,0.3452920000000001,-0.20628700000000003,0.436453,0.37594999999999995,-0.217968,0.4386399999999999,0.37304300000000007,-0.190087,0.4356859999999999
96,0.95,0.30428700000000003,0.0036499999999999866,0.408566,0.323779,0.07234799999999997,0.4486269999999999,0.381457,-0.021506000000000025,0.4314309999999999,0.325116,-0.07903099999999996,0.417952,0.24578400000000006,-0.05548500000000001,0.417593,0.394751,-0.198688,0.447673,0.3452340000000001,-0.205711,0.438009,0.37596199999999996,-0.217201,0.4402379999999999,0.372883,-0.189333,0.4373339999999999
97,0.96,0.304463,0.00398900000000002,0.40863499999999997,0.32445399999999996,0.07227099999999997,0.449005,0.38168799999999997,-0.021693000000000018,0.43110499999999996,0.324842,-0.07853099999999996,0.4171809999999999,0.24585399999999996,-0.055169000000000024,0.41760299999999995,0.39463,-0.197696,0.4491329999999999,0.345173,-0.205039,0.439399,0.37597600000000003,-0.216322,0.4416359999999999,0.372708,-0.18847,0.43879199999999996
98,0.97,0.304687,0.0040619999999999545,0.4086789999999999,0.324927,0.072187,0.44922299999999993,0.38193499999999997,-0.02191099999999996,0.430779,0.32492800000000005,-0.07864500000000002,0.41693199999999997,0.2459360000000001,-0.054873000000000005,0.4176369999999999,0.394508,-0.196772,0.450518,0.34510500000000005,-0.204396,0.44072599999999995,0.3759789999999999,-0.21548899999999999,0.44293899999999997,0.372534,-0.187648,0.4401989999999999
99,0.98,0.30483600000000005,0.004186999999999996,0.408755,0.325409,0.071905,0.44961399999999996,0.38211500000000004,-0.022164000000000017,0.4305079999999999,0.324792,-0.07843300000000003,0.4163619999999999,0.245983,-0.054720999999999964,0.41756399999999994,0.39442400000000005,-0.19586800000000001,0.4518009999999999,0.34507499999999997,-0.203802,0.44198499999999996,0.376021,-0.214694,0.4441879999999999,0.37239300000000003,-0.18687199999999998,0.44149099999999997
100,0.99,0.3050509999999999,0.0043259999999999965,0.4088829999999999,0.3259520000000001,0.07164599999999999,0.4502609999999999,0.38225400000000004,-0.02243400000000001,0.43023100000000003,0.324767,-0.07843499999999998,0.415775,0.246045,-0.05446700000000004,0.417331,0.39439300000000005,-0.19527,0.45308399999999993,0.345088,-0.203437,0.44323599999999996,0.37608800000000003,-0.214177,0.445434,0.37231999999999993,-0.186369,0.442778
101,1.0,0.305212,0.004371999999999987,0.40873899999999996,0.326219,0.07117899999999999,0.45075699999999996,0.38240900000000005,-0.02277499999999999,0.4299339999999999,0.324722,-0.078513,0.41476599999999997,0.24599500000000002,-0.05431400000000003,0.416605,0.3944170000000001,-0.19455,0.45426,0.34515500000000005,-0.202973,0.44441200000000003,0.37621299999999996,-0.21354700000000001,0.446592,0.372295,-0.185757,0.44396899999999995
102,1.01,0.30543899999999996,0.004402000000000017,0.4087709999999999,0.326675,0.07061699999999999,0.451534,0.38257499999999994,-0.023206000000000004,0.42962500000000003,0.324713,-0.07855100000000004,0.413952,0.24596500000000004,-0.05419400000000002,0.4159489999999999,0.39448900000000003,-0.19412600000000002,0.45557499999999995,0.34526400000000007,-0.20272700000000002,0.445696,0.37636200000000003,-0.213184,0.44787699999999997,0.372338,-0.185407,0.445284
103,1.02,0.30574699999999994,0.004186999999999996,0.40878599999999987,0.32704099999999997,0.06999,0.452307,0.38267599999999996,-0.024189000000000016,0.429592,0.32470899999999997,-0.07894300000000004,0.4133049999999999,0.24589599999999995,-0.05407300000000004,0.415158,0.394581,-0.193609,0.45696799999999993,0.34540199999999993,-0.202417,0.44704200000000005,0.376543,-0.21274099999999999,0.449245,0.37240199999999996,-0.18498,0.446662
104,1.03,0.305637,0.004226999999999981,0.40874199999999994,0.32730700000000007,0.06898499999999996,0.453132,0.38260199999999994,-0.024667999999999968,0.42871799999999993,0.32429899999999995,-0.07884000000000002,0.41178899999999996,0.24577,-0.05391400000000002,0.41452199999999995,0.39461000000000007,-0.19339499999999998,0.45810699999999993,0.34545700000000007,-0.20235999999999998,0.44819299999999995,0.37662900000000005,-0.212588,0.45040199999999986,0.3724030000000001,-0.184842,0.44779599999999986
105,1.04,0.30577400000000005,0.0042139999999999955,0.40862999999999994,0.32785500000000006,0.068407,0.45381499999999997,0.382534,-0.02553500000000003,0.42839399999999994,0.3239349999999999,-0.07899600000000001,0.41000499999999995,0.24570399999999998,-0.05373800000000001,0.41388899999999995,0.394877,-0.193226,0.46021999999999996,0.34579,-0.20233900000000002,0.45011500000000004,0.376983,-0.212474,0.452449,0.372686,-0.184741,0.4498199999999999
106,1.05,0.30574000000000007,0.004096000000000044,0.408803,0.32820600000000005,0.06756099999999998,0.4545689999999999,0.382329,-0.02603500000000003,0.42804999999999993,0.323521,-0.079239,0.4095019999999999,0.2454840000000001,-0.05355399999999999,0.4135399999999999,0.39503499999999997,-0.193289,0.4616469999999999,0.345983,-0.202533,0.451491,0.377195,-0.212594,0.453893,0.37284,-0.18487699999999999,0.45119699999999996
107,1.06,0.30576600000000004,0.004022999999999999,0.40903,0.32861199999999996,0.06716499999999997,0.45502699999999996,0.382126,-0.026643000000000028,0.428068,0.323103,-0.07932600000000001,0.40928,0.24535100000000004,-0.05335699999999999,0.4136279999999999,0.39518100000000006,-0.193144,0.463013,0.346169,-0.20253600000000002,0.45279800000000003,0.37740599999999996,-0.212507,0.45525400000000005,0.37297699999999995,-0.18480400000000002,0.45252199999999987
108,1.07,0.30573500000000003,0.003939999999999999,0.40942499999999993,0.328969,0.06677900000000003,0.45553699999999997,0.38195799999999996,-0.027059999999999973,0.428237,0.322663,-0.079374,0.40935699999999997,0.24520899999999995,-0.05328099999999997,0.41398599999999997,0.39531299999999997,-0.19278,0.46420899999999987,0.346343,-0.20235,0.45396099999999995,0.377612,-0.21221099999999998,0.4564499999999999,0.37308899999999995,-0.184526,0.453693
109,1.08,0.3057250000000001,0.0041400000000000325,0.40974599999999994,0.32932100000000003,0.06664599999999998,0.456063,0.38201,-0.02734399999999998,0.4283469999999999,0.322266,-0.07930900000000002,0.40946899999999997,0.24457100000000004,-0.05268499999999998,0.414119,0.395477,-0.19248900000000002,0.46545099999999995,0.34654900000000005,-0.202229,0.4551609999999999,0.37784600000000007,-0.211988,0.45770299999999997,0.37324000000000007,-0.184322,0.45489599999999997
110,1.09,0.30569399999999997,0.004255000000000009,0.409914,0.329552,0.06653900000000001,0.4564539999999999,0.381874,-0.027552999999999994,0.42857100000000004,0.3219370000000001,-0.07924600000000004,0.40962,0.2440090000000001,-0.052366000000000024,0.4139299999999999,0.395708,-0.192343,0.466831,0.3468210000000001,-0.202221,0.4564769999999999,0.37813800000000003,-0.211898,0.459087,0.37346799999999997,-0.184248,0.456226
111,1.1,0.305699,0.004462999999999995,0.41026699999999994,0.3298149999999999,0.066359,0.457182,0.38177199999999994,-0.027744999999999964,0.428779,0.32163099999999994,-0.079119,0.40961499999999995,0.24361799999999995,-0.05190299999999998,0.41386999999999996,0.39594899999999994,-0.19218000000000002,0.46832799999999997,0.347115,-0.20221599999999998,0.4578779999999999,0.37845100000000004,-0.211802,0.460591,0.37371399999999994,-0.184172,0.4576469999999999
112,1.11,0.305745,0.0045479999999999965,0.4105,0.32998199999999994,0.06606099999999998,0.45782199999999995,0.381646,-0.028027999999999997,0.428956,0.321366,-0.07905200000000001,0.40935699999999997,0.243547,-0.05164099999999999,0.41366499999999995,0.396159,-0.191964,0.4698049999999999,0.347377,-0.202152,0.4592609999999999,0.378732,-0.211648,0.462066,0.373928,-0.184037,0.45905700000000005
113,1.12,0.305741,0.004652999999999963,0.410802,0.33005999999999996,0.06572799999999995,0.45869899999999997,0.38155,-0.02831699999999998,0.429025,0.32113699999999995,-0.07899,0.40896599999999994,0.243415,-0.051383999999999985,0.413411,0.396337,-0.191663,0.471228,0.34761500000000006,-0.202045,0.460595,0.37899299999999997,-0.211429,0.46350899999999995,0.374107,-0.183844,0.460398
114,1.13,0.305776,0.004699999999999982,0.411014,0.33022100000000004,0.06509999999999999,0.459534,0.381431,-0.02861400000000003,0.429071,0.32096600000000003,-0.078951,0.4083389999999999,0.24322500000000008,-0.05114800000000003,0.41295099999999996,0.39648,-0.19123800000000002,0.472345,0.34781100000000004,-0.201827,0.461677,0.379218,-0.21109,0.464665,0.374238,-0.183533,0.4614579999999999
115,1.14,0.305733,0.004726000000000008,0.4112659999999999,0.33030300000000007,0.06468600000000002,0.46036,0.38131999999999994,-0.028911999999999993,0.4291649999999999,0.3207400000000001,-0.07887999999999995,0.407836,0.242979,-0.051102000000000036,0.41260600000000003,0.3966570000000001,-0.190927,0.47362400000000004,0.348042,-0.20169800000000002,0.46288699999999994,0.379472,-0.21085600000000002,0.46597,0.37441399999999997,-0.183324,0.4626659999999999
116,1.15,0.305803,0.0048599999999999755,0.4114669999999999,0.33037,0.064355,0.46098799999999995,0.381195,-0.02909900000000004,0.42928299999999997,0.320587,-0.07875100000000002,0.40748299999999993,0.24306,-0.05074699999999999,0.412342,0.396882,-0.190598,0.474861,0.348323,-0.20155599999999999,0.464067,0.379771,-0.21061,0.46726,0.374642,-0.18310800000000002,0.46382100000000004
117,1.16,0.30581600000000003,0.005025999999999975,0.41185099999999997,0.3304789999999999,0.06417800000000001,0.4617429999999999,0.381136,-0.029183999999999988,0.42957499999999993,0.32042200000000004,-0.078565,0.40737900000000005,0.24291800000000002,-0.05049500000000001,0.4123239999999999,0.39710000000000006,-0.190581,0.475838,0.348563,-0.201627,0.4650319999999999,0.380017,-0.21063700000000002,0.46828899999999996,0.37486400000000003,-0.183152,0.46474899999999997
118,1.17,0.30595100000000003,0.005255999999999983,0.412172,0.33064,0.06414799999999998,0.4621949999999999,0.38110000000000005,-0.02923099999999995,0.42988400000000004,0.3203160000000001,-0.07840799999999998,0.40746899999999997,0.24305400000000005,-0.049958,0.41251899999999997,0.39734699999999995,-0.190557,0.47682999999999987,0.348833,-0.201701,0.46601800000000004,0.380291,-0.21066600000000002,0.46936,0.375118,-0.183204,0.46567599999999987
119,1.18,0.306005,0.005513999999999963,0.412523,0.33071500000000004,0.06421499999999997,0.46267899999999995,0.381033,-0.029146000000000005,0.43023999999999996,0.32023799999999997,-0.07814100000000002,0.40762699999999996,0.24309600000000003,-0.049568999999999974,0.4127139999999999,0.397635,-0.190666,0.477808,0.349142,-0.201879,0.4669779999999999,0.38059500000000007,-0.210821,0.470429,0.37542499999999995,-0.18338200000000002,0.46657099999999996
120,1.19,0.30609000000000003,0.005721000000000032,0.412875,0.330875,0.06423499999999999,0.46321199999999996,0.3810130000000001,-0.029135999999999995,0.43059000000000003,0.320165,-0.077959,0.407702,0.243087,-0.04923900000000003,0.41287399999999996,0.39789099999999994,-0.19073700000000002,0.47874099999999997,0.34941099999999997,-0.20199,0.46789400000000003,0.38085699999999995,-0.210923,0.4714299999999999,0.37569899999999995,-0.18350100000000003,0.46743899999999994
121,1.2,0.30610699999999996,0.005946000000000007,0.413222,0.33085100000000006,0.06417499999999998,0.463831,0.38094999999999996,-0.02909299999999998,0.43086499999999994,0.320085,-0.07771299999999998,0.4076939999999999,0.24312000000000006,-0.048902999999999974,0.41292399999999996,0.39808000000000004,-0.19055,0.479471,0.349616,-0.201902,0.46865499999999993,0.381067,-0.21079,0.47226199999999996,0.3758890000000001,-0.183394,0.46811499999999995
122,1.21,0.3061920000000001,0.006152999999999964,0.41347599999999995,0.331035,0.06405100000000002,0.46438099999999993,0.3809360000000001,-0.02907000000000004,0.4310299999999999,0.32002499999999995,-0.07747900000000002,0.407477,0.24312000000000006,-0.048614999999999964,0.412867,0.398256,-0.19047899999999998,0.480201,0.349805,-0.20190000000000002,0.46939699999999995,0.38125500000000007,-0.210761,0.473082,0.376075,-0.183389,0.4687849999999999
123,1.22,0.30621000000000004,0.006378999999999968,0.413689,0.33098600000000006,0.06396400000000002,0.46494199999999997,0.38087299999999996,-0.029003999999999974,0.4311229999999999,0.320011,-0.077241,0.407222,0.24318600000000007,-0.048306000000000016,0.41272299999999995,0.398376,-0.190222,0.480962,0.34995100000000007,-0.201753,0.47016099999999994,0.38140500000000005,-0.21056000000000002,0.473932,0.37620100000000006,-0.183217,0.4694809999999999
124,1.23,0.306336,0.006623999999999963,0.413871,0.3310910000000001,0.06378600000000001,0.4655069999999999,0.3809080000000001,-0.02887200000000001,0.43123199999999995,0.32009100000000007,-0.07695700000000005,0.406856,0.24328999999999995,-0.04799800000000004,0.412458,0.39848900000000004,-0.189922,0.481741,0.35008899999999993,-0.201555,0.47093799999999997,0.38154800000000005,-0.21031100000000003,0.474789,0.37632100000000007,-0.182996,0.47019999999999995
125,1.24,0.306364,0.006820999999999966,0.41390799999999994,0.33104300000000003,0.06365299999999996,0.4661019999999999,0.3809510000000001,-0.028780000000000028,0.43140999999999996,0.31993200000000005,-0.07669900000000002,0.40652900000000003,0.24309399999999998,-0.04787999999999998,0.4116749999999999,0.3985760000000001,-0.189702,0.48248499999999994,0.35019399999999995,-0.201401,0.47167099999999995,0.381654,-0.210125,0.47558599999999995,0.3764159999999999,-0.18282900000000002,0.470896
126,1.25,0.30647299999999994,0.007048999999999972,0.4140069999999999,0.331161,0.06346299999999999,0.466607,0.3809639999999999,-0.028628000000000042,0.431505,0.3199560000000001,-0.07638400000000001,0.40616399999999997,0.243126,-0.04766300000000001,0.4112229999999999,0.398665,-0.189333,0.48323799999999995,0.3503070000000001,-0.201122,0.47240800000000005,0.38177199999999994,-0.209799,0.4763919999999999,0.376511,-0.18252500000000002,0.47159799999999996
127,1.26,0.30682800000000005,0.007464999999999999,0.4139069999999999,0.331173,0.06331799999999999,0.467159,0.381044,-0.02851699999999996,0.43152499999999994,0.320046,-0.076065,0.4056369999999999,0.2436000000000001,-0.04688399999999998,0.410211,0.39873600000000003,-0.188961,0.4841659999999999,0.350412,-0.200835,0.4732859999999999,0.381879,-0.209465,0.4773489999999999,0.376596,-0.18221099999999998,0.4724689999999999
128,1.27,0.30696799999999996,0.007666999999999979,0.41393099999999994,0.331208,0.06313200000000002,0.46753599999999995,0.3813060000000001,-0.02851699999999996,0.43099199999999993,0.32020299999999996,-0.07583500000000004,0.40510999999999997,0.243906,-0.04651300000000003,0.41003,0.39872899999999994,-0.18835000000000002,0.4846369999999999,0.350432,-0.200361,0.473784,0.381917,-0.208911,0.4778819999999999,0.376577,-0.181685,0.47291300000000003
129,1.28,0.30731400000000003,0.00792799999999999,0.4137719999999999,0.331289,0.06292699999999996,0.467924,0.38160299999999997,-0.02848299999999998,0.4306039999999999,0.32043499999999997,-0.07569900000000002,0.40457199999999993,0.24432700000000002,-0.045920000000000016,0.409227,0.3985760000000001,-0.187831,0.484367,0.35026699999999994,-0.199931,0.473669,0.38177599999999995,-0.208427,0.477688,0.37638,-0.18121500000000001,0.47269700000000003
130,1.29,0.307306,0.007938,0.41378199999999987,0.33140700000000006,0.06270999999999999,0.468318,0.38175299999999995,-0.028403999999999985,0.43029799999999996,0.320189,-0.07586399999999999,0.40405499999999994,0.2443450000000001,-0.045916999999999986,0.408929,0.39848500000000003,-0.187254,0.4845149999999999,0.35018999999999995,-0.19947600000000001,0.47389099999999995,0.38172,-0.207899,0.47789499999999996,0.37626300000000007,-0.180708,0.4728539999999999
131,1.3,0.3074120000000001,0.00822999999999996,0.413875,0.33149599999999996,0.06262299999999998,0.4686659999999999,0.38183700000000004,-0.028256999999999977,0.43023,0.32046800000000003,-0.07528299999999999,0.40371599999999996,0.24435100000000004,-0.045688000000000006,0.408697,0.398399,-0.186593,0.48508299999999993,0.350138,-0.198932,0.47444299999999995,0.381685,-0.20728100000000002,0.478472,0.37616999999999995,-0.18010700000000002,0.47340499999999996
132,1.31,0.307545,0.008373999999999993,0.41395499999999996,0.33165800000000006,0.06261300000000003,0.4689199999999999,0.3819789999999999,-0.028157000000000043,0.43019699999999994,0.32048100000000007,-0.07522900000000005,0.40351199999999987,0.24449900000000008,-0.04545100000000002,0.408636,0.3983400000000001,-0.185696,0.48588,0.35014000000000006,-0.19822199999999998,0.47517999999999994,0.381708,-0.206455,0.47928399999999993,0.37611,-0.17931100000000003,0.4741469999999999
133,1.32,0.307652,0.008577000000000001,0.41411299999999995,0.33179300000000006,0.06268800000000002,0.469217,0.3820259999999999,-0.02801199999999998,0.4302849999999999,0.3206419999999999,-0.074984,0.40349999999999997,0.2445420000000001,-0.04524100000000003,0.408636,0.398241,-0.18497,0.48631899999999995,0.35008200000000006,-0.197642,0.475607,0.381669,-0.205783,0.4797419999999999,0.376001,-0.17866200000000002,0.47456200000000004
134,1.33,0.307684,0.008758999999999961,0.414351,0.33187799999999995,0.06278,0.46944699999999995,0.3821330000000001,-0.02792100000000003,0.430519,0.32065800000000005,-0.074656,0.40357199999999993,0.24446399999999996,-0.04510000000000003,0.40888,0.3980850000000001,-0.18429,0.48651999999999995,0.34995100000000007,-0.1971,0.475861,0.3815610000000001,-0.205156,0.47999400000000003,0.37582299999999996,-0.17806000000000002,0.474765
135,1.34,0.307683,0.008882999999999974,0.4145789999999999,0.3318640000000001,0.06275599999999998,0.469842,0.382076,-0.02780100000000002,0.43074199999999996,0.3207400000000001,-0.07447200000000004,0.40354899999999994,0.24444700000000003,-0.04502299999999998,0.408898,0.3982050000000001,-0.183727,0.48786299999999994,0.350141,-0.19665500000000002,0.4770319999999999,0.38174900000000006,-0.20464,0.48131599999999997,0.37598000000000004,-0.17756700000000003,0.476
136,1.35,0.30768999999999996,0.008960000000000024,0.414837,0.33185000000000003,0.06255300000000003,0.47038499999999994,0.38212299999999993,-0.027841000000000005,0.4308819999999999,0.32086200000000004,-0.074243,0.4033199999999999,0.24433100000000002,-0.044985,0.408837,0.398233,-0.183527,0.4885449999999999,0.3501849999999999,-0.196462,0.477649,0.381785,-0.20444500000000002,0.48198699999999994,0.376026,-0.177375,0.47664399999999996
137,1.36,0.307634,0.009036000000000044,0.4149959999999999,0.331679,0.06220300000000001,0.47097100000000003,0.38203400000000004,-0.027871000000000035,0.43087999999999993,0.3209220000000001,-0.07403599999999999,0.4027329999999999,0.24434899999999998,-0.04490700000000003,0.40854899999999994,0.39811900000000006,-0.1827,0.4884449999999999,0.350083,-0.195719,0.477596,0.38170600000000005,-0.20364300000000002,0.4818819999999999,0.37588400000000005,-0.176578,0.47658199999999995
138,1.37,0.30762699999999993,0.008972999999999953,0.41507099999999997,0.33160399999999995,0.06164999999999998,0.471553,0.38199600000000006,-0.028034000000000003,0.4307239999999999,0.32109100000000007,-0.07410900000000004,0.401871,0.24428999999999995,-0.044850999999999974,0.408149,0.3981970000000001,-0.18249500000000002,0.48871600000000004,0.35015900000000005,-0.195486,0.47784499999999996,0.38177599999999995,-0.203428,0.482143,0.375971,-0.176359,0.47684399999999993
139,1.38,0.30755099999999996,0.009056000000000008,0.41513999999999995,0.33151900000000006,0.06120000000000003,0.4720119999999999,0.38188400000000006,-0.02812199999999998,0.4305509999999999,0.320972,-0.07374900000000001,0.40130299999999997,0.24425500000000006,-0.044771000000000005,0.40774199999999994,0.398279,-0.181891,0.48934999999999995,0.35028200000000004,-0.19491899999999998,0.47834,0.38189500000000004,-0.20283400000000001,0.482714,0.37607799999999997,-0.175766,0.477425
140,1.39,0.3075069999999999,0.009013999999999966,0.4151799999999999,0.331486,0.06085200000000002,0.47237699999999994,0.3818160000000001,-0.02825899999999998,0.430365,0.3209929999999999,-0.07380800000000004,0.400768,0.24415899999999996,-0.044706000000000023,0.40750299999999995,0.398237,-0.18137699999999998,0.489664,0.350265,-0.194486,0.4786419999999999,0.38188400000000006,-0.20235299999999998,0.48305599999999993,0.37603800000000004,-0.175302,0.47770999999999986
141,1.4,0.307425,0.009048999999999974,0.41524400000000006,0.3314979999999999,0.060666,0.4725539999999999,0.38174100000000005,-0.028411999999999993,0.43024699999999994,0.3207959999999999,-0.07361600000000001,0.400497,0.244048,-0.044635000000000036,0.40749,0.39814199999999994,-0.180801,0.48973900000000004,0.350196,-0.194029,0.4787469999999999,0.381828,-0.201826,0.483193,0.37593499999999996,-0.17480300000000001,0.477761
142,1.41,0.307567,0.009149000000000018,0.41528699999999996,0.331645,0.06043599999999999,0.47281399999999996,0.381732,-0.028613,0.43026999999999993,0.3206330000000001,-0.07358200000000004,0.400196,0.24414300000000005,-0.04419600000000001,0.4072859999999999,0.39793399999999995,-0.18025700000000003,0.488992,0.349971,-0.193587,0.47819999999999996,0.38162999999999997,-0.201324,0.48255499999999996,0.37567599999999995,-0.174323,0.47707600000000006
143,1.42,0.30753499999999995,0.009113000000000038,0.415284,0.331748,0.060243999999999964,0.472838,0.381655,-0.028814000000000006,0.43006600000000006,0.320478,-0.073608,0.3999959999999999,0.2440560000000001,-0.04408099999999998,0.40734099999999995,0.39789199999999997,-0.179845,0.48894099999999996,0.34994,-0.193247,0.4781899999999999,0.381607,-0.20094299999999998,0.4825609999999999,0.375627,-0.173963,0.477013
144,1.43,0.30754300000000007,0.009109999999999951,0.41522799999999993,0.3318729999999999,0.059906000000000015,0.472942,0.381623,-0.02897099999999997,0.42971499999999996,0.3203249999999999,-0.07360900000000004,0.39960299999999993,0.2440219999999999,-0.04387300000000005,0.40717599999999987,0.397738,-0.17924099999999998,0.48858599999999996,0.349794,-0.192748,0.477928,0.381481,-0.20038,0.48226800000000003,0.375446,-0.17342,0.47667899999999996
145,1.44,0.30760100000000007,0.009118999999999988,0.414898,0.331977,0.059514999999999985,0.47307999999999995,0.38157100000000005,-0.029127000000000014,0.4292529999999999,0.32024900000000006,-0.073521,0.39901,0.243886,-0.04377200000000003,0.40616399999999997,0.39769800000000005,-0.178731,0.48844600000000005,0.349767,-0.19232100000000002,0.4778319999999999,0.381465,-0.199904,0.48217999999999994,0.375395,-0.172965,0.476533
146,1.45,0.307541,0.009062999999999988,0.41479299999999997,0.33201600000000003,0.059203000000000006,0.47320399999999996,0.381534,-0.029234000000000038,0.42891999999999997,0.320155,-0.07349,0.39857999999999993,0.24373700000000004,-0.043823999999999974,0.405809,0.397592,-0.178194,0.48822,0.34966899999999995,-0.191855,0.477664,0.381381,-0.19939300000000001,0.48198799999999997,0.37527000000000005,-0.17246599999999998,0.47632299999999994
147,1.46,0.307486,0.009041999999999994,0.41484199999999993,0.33203599999999994,0.05901599999999996,0.473398,0.38145200000000007,-0.029313000000000033,0.42879599999999995,0.320066,-0.07345199999999996,0.39841399999999993,0.24366400000000005,-0.04383100000000001,0.40571899999999994,0.39758200000000005,-0.177843,0.48815299999999995,0.349667,-0.19154900000000002,0.47761699999999996,0.381384,-0.19906100000000002,0.481946,0.37525500000000006,-0.172145,0.476251
148,1.47,0.3074360000000001,0.00899899999999998,0.41502300000000003,0.332038,0.05899899999999997,0.47352099999999997,0.38139800000000007,-0.029442999999999997,0.42901599999999995,0.31989400000000007,-0.07353400000000004,0.3987099999999999,0.24351300000000003,-0.043783000000000016,0.405953,0.397496,-0.17739,0.48792199999999997,0.349586,-0.191147,0.4774339999999999,0.381315,-0.19862600000000002,0.481735,0.375153,-0.17171699999999998,0.4760399999999999
149,1.48,0.307324,0.00894199999999995,0.415299,0.33202899999999996,0.059128000000000014,0.473645,0.381341,-0.029455999999999982,0.42931600000000003,0.31966900000000004,-0.07366800000000001,0.39932499999999993,0.2433260000000001,-0.043864000000000014,0.4063899999999999,0.39741599999999994,-0.17677900000000002,0.487731,0.34952,-0.19062099999999998,0.4772859999999999,0.381265,-0.198045,0.48156699999999997,0.37505399999999994,-0.17114900000000002,0.4758629999999999
150,1.49,0.30727599999999994,0.008830000000000005,0.41565300000000005,0.3320269999999999,0.05929499999999999,0.473792,0.38128500000000004,-0.029710000000000014,0.42990799999999996,0.31946500000000005,-0.07384900000000005,0.40006699999999995,0.24310399999999993,-0.04391099999999998,0.4069499999999999,0.39734299999999995,-0.176351,0.487692,0.349459,-0.190244,0.47726199999999996,0.38121200000000005,-0.197635,0.48153999999999997,0.374974,-0.170748,0.47582599999999997
151,1.5,0.3070509999999999,0.00867699999999999,0.41616299999999995,0.33198,0.05933299999999997,0.47397100000000003,0.381164,-0.029795000000000016,0.43031299999999995,0.319232,-0.07402000000000003,0.400667,0.24290300000000004,-0.04411700000000002,0.40799299999999994,0.3972440000000001,-0.17583400000000002,0.48753099999999994,0.34937100000000004,-0.189786,0.47713099999999997,0.38113400000000003,-0.19713899999999998,0.48139299999999996,0.37486,-0.17026,0.475677
152,1.51,0.30696399999999996,0.008561999999999959,0.41646399999999995,0.331911,0.059236999999999984,0.474263,0.380982,-0.02999999999999997,0.4307049999999999,0.3190720000000001,-0.07417400000000002,0.40091599999999994,0.24280700000000005,-0.044159000000000004,0.4083199999999999,0.39715700000000004,-0.17538600000000001,0.487521,0.34929899999999997,-0.189393,0.47712299999999996,0.381071,-0.19671000000000002,0.48139199999999993,0.3747690000000001,-0.169841,0.47566200000000003
153,1.52,0.306912,0.008484999999999965,0.4165549999999999,0.331745,0.05889700000000003,0.4745309999999999,0.38084,-0.030213999999999963,0.430778,0.31895899999999994,-0.074243,0.40073000000000003,0.24281899999999995,-0.04405600000000004,0.408192,0.39715400000000006,-0.175186,0.4875559999999999,0.34929400000000005,-0.18917,0.4771409999999999,0.38106,-0.19650199999999998,0.48141999999999996,0.3747730000000001,-0.169629,0.47568999999999995
154,1.53,0.30681600000000003,0.008284000000000014,0.416451,0.33157600000000004,0.05843300000000001,0.4748149999999999,0.380744,-0.030451000000000006,0.4306469999999999,0.318903,-0.074438,0.40018,0.24262599999999995,-0.044233999999999996,0.40759899999999993,0.39708899999999997,-0.174836,0.487401,0.3492340000000001,-0.188856,0.4770119999999999,0.3810029999999999,-0.196168,0.481298,0.374704,-0.16930699999999999,0.475529
155,1.54,0.30690500000000004,0.008317999999999992,0.41636699999999993,0.331516,0.057847999999999955,0.475225,0.380708,-0.030638999999999972,0.4303189999999999,0.31894799999999995,-0.07422499999999999,0.39950299999999994,0.24278499999999997,-0.04400399999999999,0.40687299999999993,0.3969890000000001,-0.174325,0.48731899999999995,0.34914800000000007,-0.18840099999999999,0.476938,0.380925,-0.19567800000000002,0.48123000000000005,0.37459799999999993,-0.168827,0.47544200000000003
156,1.55,0.306827,0.008174999999999988,0.416308,0.33149900000000004,0.05740099999999998,0.47541599999999995,0.38068300000000005,-0.030737000000000014,0.43000099999999997,0.31889800000000007,-0.07431399999999999,0.39898599999999995,0.24269899999999994,-0.04415399999999997,0.4065699999999999,0.39675900000000003,-0.17349599999999998,0.48693999999999993,0.3489499999999999,-0.18773499999999999,0.47663299999999986,0.3807519999999999,-0.19491,0.48091700000000004,0.37434300000000004,-0.168091,0.47506899999999996
157,1.56,0.30684300000000003,0.008145999999999987,0.416365,0.331649,0.05719399999999997,0.47553599999999996,0.38070600000000004,-0.030811000000000033,0.429783,0.318899,-0.074268,0.398821,0.242689,-0.04415599999999997,0.4066319999999999,0.396643,-0.172831,0.48687899999999995,0.348864,-0.18718500000000002,0.476592,0.38067900000000005,-0.194288,0.4808969999999999,0.3742189999999999,-0.167495,0.47499199999999997
158,1.57,0.30685199999999996,0.008099000000000023,0.41644100000000006,0.3318539999999999,0.057325000000000015,0.4754449999999999,0.38070299999999996,-0.030845999999999985,0.4298099999999999,0.31881200000000004,-0.07445399999999996,0.39892700000000003,0.24266800000000005,-0.04417600000000005,0.40704299999999993,0.39659700000000003,-0.172431,0.487105,0.3488400000000001,-0.18679900000000002,0.4767379999999999,0.3806530000000001,-0.19389,0.48107599999999995,0.3741860000000001,-0.167093,0.4751939999999999
159,1.58,0.30667099999999997,0.007832999999999979,0.41684,0.33205,0.057564000000000004,0.47534,0.38068300000000005,-0.030854000000000048,0.4299879999999999,0.31870800000000005,-0.07444200000000001,0.399648,0.24270600000000003,-0.045036999999999994,0.408203,0.39675599999999994,-0.172191,0.4874489999999999,0.34901199999999993,-0.186528,0.47697999999999996,0.380813,-0.193638,0.48137399999999997,0.37437099999999995,-0.166834,0.475499
160,1.59,0.306702,0.007796999999999998,0.41731799999999997,0.332285,0.05787899999999996,0.475259,0.38075699999999996,-0.030960000000000043,0.430393,0.31860799999999995,-0.07469100000000001,0.4002089999999999,0.24282900000000002,-0.04490099999999997,0.409659,0.39649000000000006,-0.17180900000000002,0.48699099999999995,0.348755,-0.18625100000000003,0.47662400000000005,0.380574,-0.19329800000000003,0.480992,0.374079,-0.16651900000000003,0.475058
161,1.6,0.306711,0.007736999999999994,0.41756799999999994,0.332436,0.058082999999999996,0.475298,0.38075,-0.030950000000000033,0.4306939999999999,0.31857300000000005,-0.07463399999999998,0.4007289999999999,0.24293700000000001,-0.04521200000000003,0.41015199999999996,0.39652899999999996,-0.17160899999999998,0.48692899999999995,0.348794,-0.186067,0.47658100000000003,0.380612,-0.193107,0.480966,0.37412000000000006,-0.16633900000000001,0.474985
162,1.61,0.30681700000000006,0.007884000000000002,0.41772699999999996,0.33244999999999997,0.058136999999999994,0.4754379999999999,0.38081899999999996,-0.030940999999999996,0.4308669999999999,0.318645,-0.074633,0.400876,0.24297299999999994,-0.044765,0.4103629999999999,0.39639699999999994,-0.171238,0.48665099999999994,0.34867300000000007,-0.185763,0.4763489999999999,0.380503,-0.19276100000000002,0.48071600000000003,0.37397299999999994,-0.166004,0.4747189999999999
163,1.62,0.3068880000000001,0.007925999999999989,0.41773899999999997,0.33233399999999996,0.057838,0.47575900000000004,0.38085399999999997,-0.03094199999999997,0.4308589999999999,0.31881,-0.07452599999999998,0.400597,0.24303599999999997,-0.04462699999999997,0.40992099999999987,0.39630899999999997,-0.170838,0.48654,0.348598,-0.18541800000000003,0.47625399999999996,0.3804370000000001,-0.192379,0.48061199999999993,0.373875,-0.165631,0.474614
164,1.63,0.30695100000000003,0.007969999999999977,0.417744,0.33222,0.057331999999999994,0.47628199999999987,0.3809080000000001,-0.030903000000000014,0.43069999999999986,0.31905600000000006,-0.07430500000000001,0.39990099999999995,0.24311699999999997,-0.044578000000000007,0.409249,0.39622799999999997,-0.170412,0.48653899999999994,0.3485420000000001,-0.18507,0.47624900000000003,0.38039000000000006,-0.191981,0.48062099999999996,0.37379,-0.165246,0.4746039999999999
165,1.64,0.30705600000000005,0.008048999999999973,0.41746899999999987,0.33195899999999995,0.05677400000000005,0.4766229999999999,0.3809639999999999,-0.03096500000000002,0.43035500000000004,0.319232,-0.07410299999999997,0.39895999999999987,0.243288,-0.04429499999999997,0.4081229999999999,0.39611199999999996,-0.169907,0.48647799999999997,0.34846000000000005,-0.18468,0.47619999999999996,0.380322,-0.191517,0.48058499999999993,0.37366499999999997,-0.164804,0.474533
166,1.65,0.307082,0.008082000000000034,0.4173389999999999,0.331849,0.05622299999999997,0.477028,0.380987,-0.031011999999999984,0.4299719999999999,0.3193869999999999,-0.07386999999999999,0.3980699999999999,0.24330899999999994,-0.04420500000000005,0.4073239999999999,0.396017,-0.16938899999999998,0.486456,0.34839900000000007,-0.184271,0.47617599999999993,0.38027400000000006,-0.191036,0.4805729999999999,0.373562,-0.164342,0.47450099999999995
167,1.66,0.307116,0.008060000000000012,0.417215,0.33185900000000007,0.05579200000000001,0.477243,0.38098100000000007,-0.031128000000000045,0.429704,0.31939999999999996,-0.07375699999999996,0.39750699999999994,0.24328599999999995,-0.044150999999999996,0.40673899999999996,0.39594,-0.16886900000000002,0.48628499999999997,0.34835200000000005,-0.183867,0.4760359999999999,0.38024299999999994,-0.190558,0.4804299999999999,0.37347,-0.163885,0.474333
168,1.67,0.307108,0.00802799999999998,0.41720199999999996,0.33193200000000006,0.05563399999999996,0.47726999999999997,0.38092300000000007,-0.031277,0.4295629999999999,0.31929,-0.07382100000000003,0.39745299999999995,0.24318299999999998,-0.044025000000000036,0.406702,0.3958880000000001,-0.16842900000000002,0.486185,0.348327,-0.18353100000000003,0.47595999999999994,0.38023199999999996,-0.19015500000000002,0.48035899999999987,0.3734070000000001,-0.163503,0.4742289999999999
169,1.68,0.307109,0.007981999999999989,0.41725599999999996,0.33215,0.05564599999999997,0.47719199999999995,0.38086400000000004,-0.031438999999999995,0.429582,0.319085,-0.07392700000000002,0.397679,0.2430219999999999,-0.04396800000000001,0.4069339999999999,0.395843,-0.168001,0.4856649999999999,0.348289,-0.183193,0.47553999999999996,0.380214,-0.18975899999999998,0.47988699999999995,0.37333200000000005,-0.163124,0.47374499999999997
170,1.69,0.3070850000000001,0.007890000000000008,0.417307,0.33238400000000007,0.055790000000000006,0.47702599999999995,0.3807580000000001,-0.031663,0.42966899999999997,0.31880899999999995,-0.07415500000000003,0.3981159999999999,0.24280300000000005,-0.043958,0.40727599999999997,0.39592599999999994,-0.16775199999999998,0.4858199999999999,0.348396,-0.182985,0.4756499999999999,0.3803210000000001,-0.189523,0.48002699999999987,0.3734220000000001,-0.162894,0.47387900000000005
171,1.7,0.30698200000000003,0.007787999999999962,0.41743399999999997,0.332502,0.055804999999999993,0.47695199999999993,0.380651,-0.031869000000000036,0.42969199999999996,0.31851199999999996,-0.07432000000000005,0.39841899999999997,0.24259500000000006,-0.04397400000000001,0.40773099999999995,0.396021,-0.167516,0.4858149999999999,0.34850699999999996,-0.18279700000000002,0.475641,0.38043600000000005,-0.18930500000000003,0.4800359999999999,0.37351800000000007,-0.162688,0.473861
172,1.71,0.3069410000000001,0.007688000000000028,0.41750299999999996,0.33264999999999995,0.055618,0.47704099999999994,0.380534,-0.03209200000000001,0.42967999999999995,0.3182669999999999,-0.07444100000000003,0.39847299999999997,0.242411,-0.043962,0.407783,0.39609200000000006,-0.167334,0.4857849999999999,0.348589,-0.182655,0.475615,0.38052199999999997,-0.18913800000000003,0.4800209999999999,0.37358700000000006,-0.16253,0.473823
173,1.72,0.306865,0.007614999999999983,0.41750999999999994,0.332564,0.055282,0.4772369999999999,0.380396,-0.03228500000000001,0.42957100000000004,0.318092,-0.07446599999999998,0.3982189999999999,0.242334,-0.043903000000000025,0.407559,0.396144,-0.167111,0.48570599999999997,0.3486580000000001,-0.182496,0.4755579999999999,0.380596,-0.18894,0.47997999999999996,0.37363699999999994,-0.16235,0.47373299999999996
174,1.73,0.30679300000000004,0.007568000000000019,0.41752,0.332409,0.05482500000000001,0.4776119999999999,0.380265,-0.03244500000000006,0.429496,0.3179929999999999,-0.07438899999999998,0.39766099999999993,0.24227300000000002,-0.04386100000000004,0.40710199999999996,0.3961430000000001,-0.166774,0.48574699999999993,0.34867999999999993,-0.182222,0.4755849999999999,0.38062599999999996,-0.188624,0.480013,0.373631,-0.16204200000000002,0.4737699999999999
175,1.74,0.30673,0.00764999999999999,0.4176319999999999,0.33215599999999995,0.054456000000000004,0.47796899999999987,0.380106,-0.032615000000000005,0.42950199999999994,0.31816099999999997,-0.07382300000000003,0.39737199999999995,0.242222,-0.04380400000000001,0.406783,0.39616099999999993,-0.166617,0.48578299999999996,0.3487160000000001,-0.182118,0.47561699999999996,0.380665,-0.18848700000000002,0.48006799999999994,0.373651,-0.16191899999999998,0.473789
176,1.75,0.3066419999999999,0.007653999999999994,0.417774,0.331945,0.05416599999999999,0.4783339999999999,0.379933,-0.032718000000000025,0.42963299999999993,0.318101,-0.07367799999999997,0.3971889999999999,0.24217899999999998,-0.04373199999999999,0.4065939999999999,0.39616099999999993,-0.166404,0.4858819999999999,0.34873799999999994,-0.181959,0.475699,0.380692,-0.18829300000000002,0.48016800000000004,0.37365199999999993,-0.161734,0.47387599999999996
177,1.76,0.306525,0.007683999999999969,0.41799799999999987,0.3316970000000001,0.054001999999999994,0.4786309999999999,0.379744,-0.032893000000000006,0.429913,0.3180800000000001,-0.07336199999999998,0.39728399999999997,0.24204300000000006,-0.04369899999999999,0.40662,0.39615700000000004,-0.166308,0.4858969999999999,0.348744,-0.181898,0.47571399999999997,0.380701,-0.18821000000000002,0.480197,0.37364800000000004,-0.161661,0.47387999999999997
178,1.77,0.3063489999999999,0.007589999999999986,0.41826399999999997,0.33156,0.05391000000000001,0.4789359999999999,0.37947500000000006,-0.03301500000000002,0.43031699999999995,0.317715,-0.07363900000000001,0.39755799999999997,0.24181800000000003,-0.04365000000000002,0.40682399999999996,0.39615300000000003,-0.166134,0.4859199999999999,0.34875699999999993,-0.18177500000000002,0.4757379999999999,0.38071799999999995,-0.18805500000000003,0.480236,0.37364400000000003,-0.16151800000000002,0.47389199999999987
179,1.78,0.306225,0.007545999999999997,0.418504,0.3314059999999999,0.05392600000000003,0.4791509999999999,0.37925800000000004,-0.03328500000000001,0.43071799999999993,0.317351,-0.07379000000000002,0.398014,0.24159399999999992,-0.043472999999999984,0.4070499999999999,0.396145,-0.165938,0.485915,0.348767,-0.181634,0.4757379999999999,0.380732,-0.18788,0.480251,0.373636,-0.161356,0.47387599999999996
180,1.79,0.305996,0.007477000000000011,0.4188289999999999,0.33138300000000004,0.05393399999999998,0.479324,0.378947,-0.033474000000000004,0.4310559999999999,0.3169499999999999,-0.073874,0.39844999999999986,0.24124400000000007,-0.043484999999999996,0.40758899999999987,0.3961090000000001,-0.16564900000000002,0.485808,0.348751,-0.181425,0.47565899999999994,0.38072500000000004,-0.18762,0.48018099999999986,0.373593,-0.16111599999999998,0.47376300000000005
181,1.8,0.3058410000000001,0.007446000000000008,0.41906999999999994,0.331377,0.053977,0.4794379999999999,0.37871000000000005,-0.03369899999999998,0.43129300000000004,0.31656,-0.07399,0.39886999999999995,0.24095799999999995,-0.04333799999999999,0.40802499999999997,0.396086,-0.165425,0.48577800000000004,0.348748,-0.181272,0.47564399999999996,0.380728,-0.187423,0.4801859999999999,0.37356700000000004,-0.160939,0.4737189999999999
182,1.81,0.30568899999999993,0.007448999999999983,0.41922899999999996,0.331404,0.05401499999999998,0.4795299999999999,0.378473,-0.03378500000000001,0.431419,0.3162479999999999,-0.07404600000000006,0.3991039999999999,0.24070299999999994,-0.04325100000000004,0.408297,0.396039,-0.165129,0.48570599999999997,0.348724,-0.18105,0.4755849999999999,0.380712,-0.187153,0.48013399999999995,0.373516,-0.16068500000000002,0.4736419999999999
183,1.82,0.305549,0.007419999999999982,0.4193859999999999,0.33138699999999993,0.053995000000000015,0.4796269999999999,0.3782870000000001,-0.03389899999999996,0.43155599999999994,0.3159950000000001,-0.07408300000000001,0.39927999999999997,0.240481,-0.04322300000000001,0.4085509999999999,0.395971,-0.16456199999999999,0.48556999999999995,0.348693,-0.180617,0.47548500000000005,0.3806960000000001,-0.186634,0.4800399999999999,0.373435,-0.160195,0.47350099999999995
184,1.83,0.305294,0.00739200000000001,0.419624,0.33130200000000004,0.05394700000000002,0.47976699999999994,0.378157,-0.03390900000000002,0.4316469999999999,0.3157870000000001,-0.07408799999999999,0.39925599999999994,0.240099,-0.043281000000000014,0.40903899999999993,0.3958779999999999,-0.16406199999999999,0.48551199999999994,0.34863800000000006,-0.18024500000000002,0.4754529999999999,0.380655,-0.186179,0.4800209999999999,0.37333299999999997,-0.15977,0.4734339999999999
185,1.84,0.30524,0.007411999999999974,0.4197279999999999,0.331208,0.05377299999999996,0.48002599999999995,0.378052,-0.03396899999999997,0.431732,0.31573599999999996,-0.07403799999999999,0.39914800000000006,0.23998500000000006,-0.04316300000000001,0.40892799999999996,0.395827,-0.163671,0.48566699999999996,0.34862600000000005,-0.17996099999999998,0.47559799999999997,0.38065,-0.18582700000000002,0.48020299999999994,0.3732830000000001,-0.159443,0.47356299999999996
186,1.85,0.30518799999999996,0.007456999999999991,0.41975799999999985,0.33104300000000003,0.053584999999999994,0.480216,0.37799699999999997,-0.033999,0.43178399999999995,0.31568499999999994,-0.07397400000000004,0.3989339999999999,0.23988499999999996,-0.04298400000000002,0.408717,0.39572599999999997,-0.163048,0.48585,0.3485810000000001,-0.179489,0.47576300000000005,0.3806190000000001,-0.185255,0.48040099999999997,0.37318,-0.158901,0.473722
187,1.86,0.305158,0.007469000000000003,0.4197989999999999,0.33091300000000007,0.05332999999999999,0.4805299999999999,0.37794,-0.03402500000000003,0.431763,0.315718,-0.07386700000000002,0.398593,0.23987299999999995,-0.04294300000000001,0.4084009999999999,0.395635,-0.162444,0.48618099999999986,0.348555,-0.179045,0.4760549999999999,0.38060299999999997,-0.184706,0.48075,0.373095,-0.158386,0.474013
188,1.87,0.30516000000000004,0.007440000000000002,0.4197819999999999,0.33083100000000004,0.05309900000000001,0.48070999999999986,0.37792,-0.03409399999999996,0.43175799999999986,0.3156670000000001,-0.07398199999999999,0.39826300000000003,0.23986400000000002,-0.04280800000000001,0.40815599999999996,0.395472,-0.16168600000000002,0.4864339999999999,0.348463,-0.17847100000000002,0.4762799999999999,0.380527,-0.184009,0.48101399999999994,0.372929,-0.157725,0.47423799999999994
189,1.88,0.30514,0.007419999999999982,0.419779,0.33079300000000006,0.052983999999999976,0.48078999999999994,0.37784899999999993,-0.034179000000000015,0.43171499999999996,0.315657,-0.073967,0.39823699999999995,0.23980300000000004,-0.042773000000000005,0.40801999999999994,0.395334,-0.161059,0.4868339999999999,0.34839800000000004,-0.178016,0.47663199999999994,0.38047100000000006,-0.18344200000000002,0.481433,0.37279999999999996,-0.157196,0.474592
190,1.89,0.30512,0.007352999999999943,0.41977299999999995,0.33088,0.05289700000000003,0.48078,0.377777,-0.034326999999999996,0.431673,0.315537,-0.07405800000000001,0.3981739999999999,0.23971000000000003,-0.04277000000000003,0.4080579999999999,0.395213,-0.16042800000000002,0.48731199999999997,0.348354,-0.177565,0.47705200000000003,0.38043299999999997,-0.182873,0.4819399999999999,0.372694,-0.156671,0.4750079999999999
191,1.9,0.305058,0.0072570000000000134,0.419774,0.33101699999999995,0.05288300000000001,0.48067399999999993,0.37769400000000003,-0.03448499999999999,0.43159099999999995,0.315301,-0.07421899999999998,0.3982769999999999,0.23956499999999997,-0.04281800000000002,0.40825599999999995,0.395059,-0.159528,0.487514,0.34828599999999993,-0.176895,0.477251,0.380381,-0.182052,0.48219599999999996,0.37254000000000004,-0.15590500000000002,0.47517
192,1.91,0.30501800000000007,0.007166000000000006,0.41972699999999996,0.33115100000000003,0.052835999999999994,0.480529,0.37762,-0.03467700000000001,0.43145100000000003,0.31502499999999994,-0.074401,0.398381,0.23943999999999993,-0.042779999999999985,0.40838299999999994,0.39495700000000006,-0.15869,0.48792599999999986,0.34827800000000003,-0.176294,0.477638,0.38038199999999994,-0.18129800000000001,0.48267799999999994,0.37245100000000003,-0.155216,0.475515
193,1.92,0.305101,0.006924999999999959,0.41969499999999993,0.33129400000000003,0.05269199999999996,0.48045399999999994,0.377588,-0.03532299999999999,0.43168299999999993,0.314752,-0.07467400000000002,0.39839,0.239303,-0.04279299999999997,0.40839400000000003,0.39483799999999997,-0.157939,0.4881319999999999,0.34824099999999997,-0.175772,0.477866,0.380357,-0.180629,0.4829819999999999,0.372338,-0.154615,0.475669
194,1.93,0.305131,0.006983000000000017,0.41935500000000003,0.33130200000000004,0.05239900000000003,0.48040799999999995,0.3775420000000001,-0.035389000000000004,0.431149,0.31485199999999997,-0.07440799999999997,0.398077,0.239137,-0.04267199999999999,0.40751499999999996,0.39503400000000005,-0.157639,0.4896229999999999,0.348548,-0.175649,0.47917,0.3806380000000001,-0.180398,0.484538,0.3726129999999999,-0.15445499999999998,0.47698399999999985
195,1.94,0.3050359999999999,0.006745999999999974,0.419192,0.33131800000000006,0.05201800000000001,0.48043199999999997,0.37742499999999995,-0.03571099999999999,0.43089599999999995,0.314613,-0.07464199999999999,0.39763899999999996,0.238937,-0.04285099999999997,0.40715599999999996,0.39467,-0.15653,0.48848099999999994,0.348238,-0.174841,0.4783099999999999,0.3803750000000001,-0.179391,0.48357399999999995,0.37218200000000007,-0.15353100000000003,0.4759159999999999
196,1.95,0.3050080000000001,0.006738999999999995,0.41901299999999997,0.331285,0.05147400000000002,0.480596,0.377357,-0.035780000000000034,0.43042099999999994,0.31461,-0.074382,0.39695499999999995,0.23890800000000006,-0.042818999999999996,0.40648699999999993,0.39462500000000006,-0.15639,0.4891829999999999,0.34827099999999994,-0.174889,0.4789979999999999,0.38039699999999993,-0.17932399999999998,0.48442399999999997,0.372179,-0.15355,0.476506
197,1.96,0.3049840000000001,0.006649000000000016,0.41887699999999994,0.331193,0.050956,0.48076399999999997,0.377307,-0.035918000000000005,0.4300149999999999,0.314555,-0.07440000000000002,0.396223,0.23900900000000008,-0.042762999999999995,0.40604700000000005,0.39443,-0.155782,0.48870899999999995,0.348119,-0.174468,0.47866999999999993,0.3802630000000001,-0.178782,0.48408699999999993,0.371963,-0.153075,0.4760399999999999
198,1.97,0.3050230000000001,0.006575999999999971,0.41876800000000003,0.331184,0.050452,0.4809979999999999,0.3772959999999999,-0.03603400000000001,0.4297369999999999,0.314545,-0.07434900000000005,0.3956299999999999,0.23908400000000002,-0.04274499999999998,0.4054739999999999,0.394534,-0.155914,0.4901089999999999,0.34830999999999995,-0.174734,0.479919,0.380419,-0.178968,0.48559699999999995,0.372153,-0.153343,0.47726
199,1.98,0.3050570000000001,0.0065329999999999555,0.418644,0.331131,0.05014000000000002,0.48100699999999996,0.377318,-0.036155999999999966,0.429511,0.314545,-0.074291,0.39513699999999996,0.239215,-0.042688000000000004,0.4052039999999999,0.394631,-0.155391,0.492066,0.34854999999999997,-0.17440000000000003,0.48158199999999995,0.38062199999999996,-0.17851,0.487557,0.372353,-0.152953,0.47901399999999994
200,1.99,0.30513300000000004,0.0064690000000000025,0.41856799999999994,0.33121399999999995,0.049846,0.481067,0.37735,-0.036246,0.429203,0.314568,-0.07431199999999999,0.39479999999999993,0.2394,-0.042664000000000035,0.40501699999999996,0.394805,-0.155804,0.49349999999999994,0.34878899999999996,-0.174882,0.48285999999999996,0.38082,-0.178953,0.4890739999999999,0.37261400000000006,-0.15346,0.48028399999999993
201,2.0,0.305225,0.006459000000000048,0.418496,0.331347,0.04957399999999995,0.48107599999999995,0.377418,-0.036321999999999965,0.42888099999999996,0.314568,-0.074291,0.3944589999999999,0.23953800000000008,-0.042518999999999973,0.40491200000000005,0.39478399999999997,-0.155363,0.49500900000000003,0.348875,-0.174579,0.484155,0.38088000000000005,-0.178557,0.4905609999999999,0.3726620000000001,-0.153105,0.48166299999999995
202,2.01,0.30534500000000003,0.006455999999999962,0.41837499999999994,0.33154599999999995,0.04926200000000003,0.4810789999999999,0.377457,-0.03639700000000001,0.428423,0.31458500000000006,-0.07425199999999998,0.394026,0.23972899999999991,-0.042352,0.40472600000000003,0.394708,-0.155133,0.49545899999999987,0.34885799999999995,-0.174505,0.4846349999999999,0.3808590000000001,-0.178381,0.49112199999999995,0.37260600000000005,-0.152998,0.48205999999999993
203,2.02,0.305444,0.006409999999999971,0.41822099999999995,0.33173400000000003,0.048875,0.48111000000000004,0.37752900000000006,-0.03654000000000002,0.4279019999999999,0.314579,-0.07419500000000001,0.39342699999999997,0.23986400000000002,-0.042266000000000026,0.40444499999999994,0.39461799999999997,-0.15487099999999998,0.496116,0.348837,-0.174403,0.4852909999999999,0.38083300000000003,-0.178172,0.4918619999999999,0.372539,-0.152853,0.48266
204,2.03,0.30553800000000003,0.006414000000000031,0.418029,0.331896,0.04842999999999997,0.48117,0.37755,-0.03659299999999999,0.42731699999999995,0.314549,-0.07412200000000002,0.392745,0.24003000000000002,-0.042066999999999966,0.404018,0.39450500000000005,-0.154477,0.49632699999999996,0.3487780000000001,-0.174191,0.485602,0.38078300000000004,-0.177838,0.49219899999999994,0.372423,-0.152592,0.4828579999999999
205,2.04,0.30563,0.006392999999999982,0.41786500000000004,0.33205200000000007,0.04799500000000001,0.4812759999999999,0.37759500000000007,-0.03676299999999999,0.42682699999999996,0.314572,-0.07397799999999999,0.39197799999999994,0.24009600000000003,-0.04194399999999998,0.4036019999999999,0.39455499999999993,-0.15448399999999998,0.49689099999999997,0.34886500000000004,-0.17430400000000001,0.48620299999999994,0.38086500000000006,-0.177881,0.492865,0.37249000000000004,-0.152694,0.4833799999999999
206,2.05,0.30568999999999996,0.006298999999999999,0.417802,0.3321810000000001,0.04750700000000002,0.481429,0.377584,-0.03695700000000002,0.4265589999999999,0.31452699999999995,-0.07395399999999996,0.391471,0.240103,-0.041885000000000006,0.40326799999999996,0.3944990000000001,-0.153978,0.497486,0.3488830000000001,-0.173974,0.486808,0.380886,-0.17743,0.49351900000000004,0.37244499999999997,-0.15229900000000002,0.483943
207,2.06,0.30575900000000006,0.006284000000000012,0.417837,0.33229000000000003,0.04719499999999999,0.481619,0.37759500000000007,-0.03710599999999997,0.426443,0.31452399999999997,-0.07384799999999997,0.391208,0.24009000000000008,-0.04176500000000005,0.40309399999999995,0.39448199999999994,-0.153845,0.497614,0.34888800000000003,-0.17396599999999998,0.48707899999999993,0.3809019999999999,-0.177339,0.49377899999999997,0.37241300000000005,-0.15227,0.484082
208,2.07,0.305858,0.006205999999999989,0.41795099999999996,0.33241800000000005,0.046972000000000014,0.4818109999999999,0.37762199999999996,-0.03729099999999996,0.42651800000000006,0.314521,-0.07391400000000004,0.391196,0.24012799999999995,-0.041713,0.40310599999999996,0.394337,-0.153433,0.49773,0.348787,-0.173736,0.48735399999999995,0.380821,-0.176984,0.49402,0.37224299999999994,-0.15198399999999998,0.484225
209,2.08,0.305996,0.00620900000000002,0.41808499999999993,0.332621,0.04688300000000001,0.481938,0.377689,-0.037378999999999996,0.42664499999999994,0.3145430000000001,-0.07389399999999996,0.39133699999999993,0.24019600000000002,-0.04161199999999998,0.403212,0.394168,-0.153007,0.497715,0.34865399999999996,-0.173474,0.48750400000000005,0.380712,-0.17660800000000001,0.494112,0.372041,-0.151665,0.48425299999999993
210,2.09,0.30614199999999997,0.006203000000000014,0.41826399999999997,0.33288100000000004,0.04699399999999998,0.48205699999999996,0.377808,-0.037463000000000024,0.4268139999999999,0.314555,-0.07397599999999999,0.39158099999999996,0.24028300000000008,-0.041578000000000004,0.403543,0.3939,-0.15252,0.497537,0.348424,-0.17316600000000001,0.48752399999999996,0.380511,-0.176176,0.494042,0.371728,-0.15129,0.48414
211,2.1,0.30632700000000007,0.0062510000000000066,0.41842599999999996,0.33318300000000006,0.047126,0.48212599999999994,0.37792300000000006,-0.03752300000000003,0.4270219999999999,0.314607,-0.07396799999999998,0.391856,0.24037900000000006,-0.04147599999999996,0.403841,0.39362100000000005,-0.151842,0.4978189999999999,0.34821799999999997,-0.172701,0.48791399999999996,0.380326,-0.17556100000000002,0.49439599999999995,0.371426,-0.150735,0.484448
212,2.11,0.306525,0.006308000000000036,0.418573,0.333521,0.04731000000000002,0.48214999999999997,0.37806,-0.037524,0.42721600000000004,0.31468999999999997,-0.07401800000000003,0.3922089999999999,0.240454,-0.04135700000000003,0.4041609999999999,0.393271,-0.15105,0.497934,0.3479499999999999,-0.172145,0.4881559999999999,0.380083,-0.17483900000000002,0.4945879999999999,0.371048,-0.15007800000000002,0.48460099999999995
213,2.12,0.306734,0.006392000000000009,0.4186939999999999,0.333798,0.047518000000000005,0.48214899999999994,0.37820800000000004,-0.03754400000000002,0.4274159999999999,0.3147809999999999,-0.073994,0.39261999999999997,0.24056700000000003,-0.04120800000000002,0.40440699999999996,0.392975,-0.150375,0.498058,0.34773100000000007,-0.171701,0.488422,0.379883,-0.174234,0.494826,0.370732,-0.149552,0.48474799999999996
214,2.13,0.30697500000000005,0.0065050000000000385,0.4187819999999999,0.3342089999999999,0.04778199999999999,0.482155,0.3783750000000001,-0.037441999999999975,0.42755299999999996,0.31484799999999996,-0.07402500000000001,0.39288999999999996,0.24074299999999998,-0.04106499999999996,0.40463499999999997,0.39252499999999996,-0.149201,0.4981359999999999,0.34739900000000007,-0.170827,0.4886179999999999,0.379573,-0.173147,0.4949879999999999,0.37026,-0.14855,0.48485100000000003
215,2.14,0.3071960000000001,0.006644000000000039,0.418821,0.33454200000000006,0.04804999999999998,0.48200299999999996,0.378581,-0.03734100000000001,0.42759899999999995,0.31497500000000006,-0.07392600000000005,0.393096,0.24094600000000005,-0.04091499999999998,0.404956,0.392102,-0.14803700000000003,0.4982709999999999,0.34710199999999997,-0.16998,0.48888299999999996,0.37929399999999996,-0.172075,0.4952429999999999,0.36982600000000004,-0.147582,0.48499799999999993
216,2.15,0.30743100000000007,0.0067729999999999735,0.41881599999999997,0.33490499999999995,0.048229999999999995,0.481908,0.3788160000000001,-0.03721000000000002,0.427504,0.31510600000000005,-0.07385799999999998,0.39318200000000003,0.24115599999999998,-0.04075899999999999,0.4051159999999999,0.391526,-0.14655200000000002,0.49810999999999994,0.34667599999999993,-0.168882,0.48891799999999996,0.378894,-0.17070200000000002,0.49523399999999995,0.3692250000000001,-0.146336,0.4848729999999999
217,2.16,0.3076670000000001,0.00688500000000003,0.41879200000000005,0.33526400000000006,0.04838999999999999,0.4818429999999999,0.37906100000000004,-0.03712300000000002,0.42739099999999997,0.31527199999999994,-0.07375300000000001,0.393188,0.241342,-0.040661,0.40519399999999994,0.3908930000000001,-0.144932,0.4979199999999999,0.3462100000000001,-0.16768000000000002,0.48894099999999996,0.378453,-0.1692,0.49520200000000003,0.368565,-0.144973,0.4847269999999999
218,2.17,0.30789300000000003,0.006969999999999976,0.41876899999999995,0.33562,0.04849199999999998,0.4817659999999999,0.379269,-0.03708899999999998,0.4272569999999999,0.31539100000000003,-0.07369399999999998,0.39322,0.24151000000000006,-0.040527000000000035,0.405289,0.3902100000000001,-0.143146,0.4978579999999999,0.34573100000000007,-0.166371,0.4890929999999999,0.377995,-0.167547,0.49532299999999996,0.3678679999999999,-0.143486,0.48469399999999996
219,2.18,0.308086,0.006991999999999998,0.4187909999999999,0.33598500000000003,0.04860399999999998,0.481684,0.37943,-0.037134,0.427222,0.315482,-0.07367499999999999,0.39332999999999996,0.241624,-0.04051199999999999,0.4054929999999999,0.38934799999999997,-0.141041,0.49763599999999997,0.34509700000000004,-0.164778,0.4890929999999999,0.37738599999999994,-0.165582,0.49524900000000005,0.36697799999999997,-0.141681,0.484529
220,2.19,0.30822299999999997,0.007000000000000006,0.418644,0.33618300000000007,0.04880300000000004,0.48122699999999996,0.379553,-0.03721799999999997,0.42723,0.315505,-0.073737,0.39352599999999993,0.24169400000000002,-0.04043300000000005,0.40571999999999997,0.38841599999999993,-0.139081,0.497011,0.34437900000000005,-0.163327,0.48879399999999995,0.37669899999999995,-0.163759,0.49482499999999996,0.366002,-0.140035,0.48399799999999993
221,2.2,0.308375,0.006977000000000011,0.4187559999999999,0.33647600000000005,0.048846,0.481275,0.37962,-0.03735900000000003,0.427312,0.31546100000000005,-0.07381599999999999,0.39382399999999995,0.24176999999999998,-0.04036799999999996,0.40593099999999993,0.38737499999999997,-0.136625,0.49675499999999995,0.34362,-0.16145400000000001,0.4887769999999999,0.37596,-0.161456,0.49471699999999996,0.36493899999999996,-0.137918,0.48380999999999996
222,2.21,0.308472,0.0069729999999999515,0.418822,0.3366949999999999,0.048863000000000045,0.4812219999999999,0.37963300000000005,-0.03755999999999998,0.4274009999999999,0.31541899999999995,-0.073691,0.39412,0.24172600000000005,-0.040341000000000016,0.40606999999999993,0.3863400000000001,-0.13436,0.49633499999999986,0.342853,-0.159748,0.488656,0.37520899999999996,-0.159336,0.494494,0.36388099999999995,-0.135998,0.48346999999999996
223,2.22,0.308482,0.006851999999999969,0.41889199999999993,0.336868,0.04878900000000003,0.48120299999999994,0.3795509999999999,-0.037763999999999964,0.42744899999999997,0.31518799999999997,-0.07396200000000003,0.394351,0.24165599999999993,-0.040302000000000004,0.406292,0.38529700000000006,-0.13211599999999998,0.49601799999999996,0.342091,-0.15806,0.48861199999999994,0.374454,-0.157231,0.49436499999999994,0.36282600000000004,-0.134099,0.483221
224,2.23,0.30845799999999995,0.006661000000000028,0.41904399999999997,0.33697799999999994,0.04860999999999999,0.48140799999999995,0.37942099999999995,-0.03808800000000001,0.42757100000000003,0.31502499999999994,-0.07435599999999998,0.39442599999999994,0.24144700000000002,-0.040258000000000016,0.40649199999999996,0.3842590000000001,-0.129657,0.4962279999999999,0.34137900000000004,-0.15618,0.48897899999999994,0.373731,-0.154915,0.4947139999999999,0.36181,-0.13199,0.483452
225,2.24,0.308343,0.006525999999999976,0.41921699999999995,0.337019,0.048431999999999975,0.4814449999999999,0.3791820000000001,-0.038429999999999964,0.427763,0.314634,-0.074401,0.39481600000000006,0.24123199999999995,-0.04028700000000002,0.406759,0.3833300000000001,-0.12766200000000003,0.496177,0.340736,-0.154699,0.489144,0.37307700000000005,-0.153043,0.494845,0.360899,-0.130327,0.4834339999999999
226,2.25,0.30832200000000004,0.0063289999999999735,0.419385,0.33715500000000004,0.048333000000000015,0.48157099999999997,0.37894600000000006,-0.038827,0.428034,0.31438000000000005,-0.07485000000000003,0.39524000000000004,0.240971,-0.04018100000000002,0.40700499999999995,0.382121,-0.125199,0.495889,0.339864,-0.152825,0.489124,0.37219300000000005,-0.150717,0.494741,0.359698,-0.128233,0.48321500000000006
227,2.26,0.308213,0.006218000000000001,0.41964599999999996,0.33722100000000005,0.048209999999999975,0.481765,0.37874599999999997,-0.03917400000000004,0.4282959999999999,0.31403999999999993,-0.07485799999999998,0.39548099999999997,0.2407350000000001,-0.04022300000000001,0.4073629999999999,0.380858,-0.122916,0.49537,0.338933,-0.15112099999999998,0.48893,0.37124799999999997,-0.148565,0.49444299999999997,0.358442,-0.12632800000000002,0.48277899999999996
228,2.27,0.30816099999999996,0.006065000000000043,0.41981999999999997,0.337336,0.04812500000000003,0.481792,0.378588,-0.03943300000000005,0.428528,0.31376699999999996,-0.075158,0.39580499999999996,0.24056499999999997,-0.040198999999999985,0.407756,0.3795610000000001,-0.12056799999999998,0.49497899999999995,0.33799000000000007,-0.14936,0.48885599999999996,0.3702830000000001,-0.146345,0.494259,0.3571570000000001,-0.124359,0.482476
229,2.28,0.308154,0.005996000000000001,0.41991899999999993,0.33740700000000007,0.04817100000000002,0.481696,0.37852800000000003,-0.03968900000000003,0.4287559999999999,0.313583,-0.07523099999999999,0.39612899999999995,0.24044899999999997,-0.040163000000000004,0.408083,0.37813099999999994,-0.11819000000000002,0.49436,0.33693,-0.147586,0.48861199999999994,0.36920100000000006,-0.144095,0.4938619999999999,0.35573099999999996,-0.12237400000000001,0.481977
230,2.29,0.308185,0.005948999999999982,0.420014,0.337513,0.04818500000000003,0.481696,0.378516,-0.03975400000000001,0.42886499999999994,0.31349299999999997,-0.07538300000000003,0.3963779999999999,0.24046300000000004,-0.040124999999999966,0.40831399999999995,0.37653,-0.115654,0.493285,0.33569999999999994,-0.145641,0.4879629999999999,0.36795799999999995,-0.141682,0.4929549999999999,0.35409799999999997,-0.12019800000000003,0.48108799999999996
231,2.3,0.30829599999999996,0.005959000000000048,0.42008899999999993,0.337656,0.04821799999999998,0.48173999999999995,0.37861000000000006,-0.03980699999999998,0.428986,0.313514,-0.075403,0.39649,0.2405230000000001,-0.040053000000000005,0.40842999999999996,0.37498000000000004,-0.11301800000000001,0.49281299999999995,0.334583,-0.143649,0.48786299999999994,0.36679999999999996,-0.13917400000000002,0.49268199999999995,0.35256499999999996,-0.117975,0.4807469999999999
232,2.31,0.308424,0.006039000000000017,0.42013599999999995,0.337775,0.04824400000000001,0.48187499999999994,0.378701,-0.03974699999999998,0.4290449999999999,0.313603,-0.07533500000000004,0.3964329999999999,0.24064999999999998,-0.039941000000000004,0.408369,0.37350900000000004,-0.11074599999999998,0.4922279999999999,0.33348700000000003,-0.141925,0.48767499999999997,0.3656709999999999,-0.13700700000000002,0.492274,0.351087,-0.11605400000000002,0.4803249999999999
233,2.32,0.308537,0.006097000000000019,0.420156,0.33781200000000006,0.048214000000000035,0.4819549999999999,0.378832,-0.039686,0.429076,0.313756,-0.075233,0.396355,0.24078400000000005,-0.039878000000000025,0.408284,0.372048,-0.108437,0.49193599999999993,0.332425,-0.14017200000000002,0.48774799999999996,0.3645610000000001,-0.13479900000000003,0.49216899999999997,0.34964500000000004,-0.11411199999999999,0.48016800000000004
234,2.33,0.30865499999999996,0.006178000000000017,0.420203,0.3378489999999999,0.048178,0.48211499999999996,0.37895700000000004,-0.03959499999999999,0.429114,0.31393,-0.075125,0.3962129999999999,0.240921,-0.03977700000000001,0.4081809999999999,0.370894,-0.10636400000000001,0.492452,0.33165700000000004,-0.138602,0.48846100000000003,0.36372699999999997,-0.13281400000000002,0.4928429999999999,0.348559,-0.11238000000000001,0.4807229999999999
235,2.34,0.30875800000000003,0.006269999999999998,0.42019799999999996,0.33786900000000003,0.04814599999999997,0.482162,0.37906,-0.03952,0.429102,0.31408299999999995,-0.07493300000000003,0.39607899999999996,0.24107399999999995,-0.03969100000000003,0.40807499999999997,0.369447,-0.10408,0.4923289999999999,0.33060700000000004,-0.13683,0.488649,0.362616,-0.13061499999999998,0.492888,0.34715,-0.11044100000000001,0.48070999999999986
236,2.35,0.308837,0.006347999999999965,0.42025099999999993,0.3379560000000001,0.048133999999999955,0.4822909999999999,0.37914,-0.03945500000000002,0.429068,0.31417599999999996,-0.074816,0.395968,0.24115400000000003,-0.039602000000000026,0.4080609999999999,0.367941,-0.10164900000000002,0.492664,0.32954500000000003,-0.134944,0.48922199999999993,0.361469,-0.12826900000000002,0.49340300000000004,0.34572699999999995,-0.10838600000000001,0.48109999999999997
237,2.36,0.308861,0.0064129999999999465,0.42029700000000003,0.33803200000000005,0.04811399999999999,0.48228899999999997,0.379172,-0.039443000000000006,0.42899999999999994,0.31420299999999995,-0.07470000000000004,0.3959349999999999,0.24113500000000004,-0.03948799999999997,0.408199,0.36640900000000004,-0.09923399999999999,0.492553,0.3284550000000001,-0.133063,0.4894339999999999,0.360291,-0.12593000000000001,0.4935219999999999,0.344274,-0.10636200000000001,0.481071
238,2.37,0.30875800000000003,0.0063329999999999775,0.4204739999999999,0.33815,0.04810600000000004,0.48232200000000003,0.379168,-0.03951100000000002,0.42892699999999995,0.31413300000000005,-0.07458700000000001,0.39596699999999996,0.24106299999999997,-0.039796000000000054,0.40868799999999994,0.364921,-0.096854,0.4923719999999999,0.327432,-0.13123100000000001,0.489641,0.35916700000000007,-0.123618,0.49365099999999995,0.34288900000000005,-0.10441700000000001,0.48096899999999987
239,2.38,0.30872799999999995,0.006479999999999986,0.4203589999999999,0.338312,0.048093,0.48225399999999996,0.3791090000000001,-0.039553000000000005,0.4288439999999999,0.31402,-0.07449100000000003,0.39604099999999987,0.24042999999999998,-0.039376999999999995,0.40837499999999993,0.3634180000000001,-0.09432300000000002,0.49209099999999995,0.32641499999999996,-0.129251,0.48975499999999994,0.3580370000000001,-0.121147,0.4936949999999999,0.3415040000000001,-0.102332,0.4807659999999999
240,2.39,0.30866999999999994,0.006421999999999983,0.4203339999999999,0.33848700000000004,0.048077000000000036,0.48225399999999996,0.37909299999999996,-0.039634,0.4287859999999999,0.313841,-0.07436700000000002,0.39606299999999994,0.2402189999999999,-0.03964899999999999,0.40825999999999996,0.36197399999999996,-0.09235899999999997,0.49070100000000005,0.32539900000000005,-0.127773,0.48901800000000006,0.35692399999999996,-0.11921599999999999,0.49277099999999996,0.340145,-0.10082900000000003,0.47954700000000006
241,2.4,0.3087870000000001,0.0065810000000000035,0.420308,0.3386519999999999,0.048094000000000026,0.48223499999999997,0.37906499999999993,-0.039659000000000055,0.4286979999999999,0.313752,-0.07434299999999999,0.39602099999999996,0.240242,-0.03914700000000004,0.40826799999999996,0.36064500000000005,-0.09034199999999998,0.48984099999999997,0.324501,-0.126216,0.488688,0.35591500000000004,-0.11722000000000002,0.49234199999999995,0.33893600000000007,-0.09925400000000001,0.478799
242,2.41,0.308873,0.00658000000000003,0.42037899999999995,0.338865,0.04811499999999996,0.48227999999999993,0.37906,-0.039695000000000036,0.42864199999999997,0.31373199999999996,-0.074353,0.39603199999999994,0.24041300000000004,-0.039146000000000014,0.40846899999999997,0.35934399999999994,-0.08835199999999999,0.4888969999999999,0.3236330000000001,-0.124671,0.48832600000000004,0.35493,-0.115235,0.491876,0.337767,-0.097722,0.47797599999999996
243,2.42,0.30896399999999996,0.0066789999999999905,0.42045699999999997,0.339053,0.04817899999999997,0.48230099999999987,0.3791090000000001,-0.03966000000000003,0.428573,0.31365499999999996,-0.07431199999999999,0.396092,0.24054400000000004,-0.03892499999999999,0.4087049999999999,0.358168,-0.08618800000000004,0.4883949999999999,0.32290900000000006,-0.12295,0.488302,0.35407399999999994,-0.113071,0.491808,0.33675000000000005,-0.09600500000000001,0.47755499999999995
244,2.43,0.309088,0.006745000000000001,0.4205509999999999,0.339289,0.04829800000000001,0.48231499999999994,0.37920500000000007,-0.03961500000000001,0.428601,0.3136670000000001,-0.07428799999999997,0.39625900000000003,0.2406810000000001,-0.038833000000000006,0.40895399999999993,0.356952,-0.08408100000000002,0.487672,0.322142,-0.12126600000000001,0.4881169999999999,0.353173,-0.11094700000000002,0.4915459999999999,0.335691,-0.09434799999999999,0.4769399999999999
245,2.44,0.30924199999999996,0.006836999999999982,0.420659,0.33955300000000005,0.04846499999999998,0.482337,0.3793389999999999,-0.03949999999999998,0.428721,0.313726,-0.07425800000000005,0.3964159999999999,0.24083399999999994,-0.038748000000000005,0.40920499999999993,0.3561290000000001,-0.08233499999999999,0.48687199999999997,0.32169999999999993,-0.119863,0.4878429999999999,0.35261000000000003,-0.10916600000000001,0.4912049999999999,0.33501600000000004,-0.093007,0.47624299999999997
246,2.45,0.309363,0.006929999999999992,0.42073499999999997,0.33967300000000006,0.048667000000000016,0.48220399999999997,0.379469,-0.03932600000000003,0.4289789999999999,0.313822,-0.07420100000000002,0.396679,0.24101999999999996,-0.038700999999999985,0.409486,0.35535900000000004,-0.08057699999999995,0.48655399999999993,0.32129899999999995,-0.118427,0.48795999999999995,0.352084,-0.10736900000000002,0.4913009999999999,0.33440700000000007,-0.09162900000000002,0.47599499999999995
247,2.46,0.309529,0.007020000000000026,0.4208679999999999,0.33980800000000005,0.048852000000000007,0.48221099999999995,0.3796570000000001,-0.039241000000000026,0.429211,0.313949,-0.07414500000000002,0.396876,0.24125000000000002,-0.038607,0.40979,0.35473799999999994,-0.07895800000000003,0.48600599999999994,0.321003,-0.11707900000000002,0.487857,0.35167999999999994,-0.105705,0.491135,0.333919,-0.09034600000000004,0.475542
248,2.47,0.309676,0.007056000000000007,0.42100499999999996,0.339937,0.048987,0.48229,0.37986100000000006,-0.039256999999999986,0.42923999999999995,0.3141380000000001,-0.07406600000000002,0.39705099999999993,0.24145600000000006,-0.03861700000000001,0.4100799999999999,0.354084,-0.077185,0.48557399999999995,0.32069600000000004,-0.115587,0.48785,0.35125500000000004,-0.103885,0.49106700000000003,0.3334059999999999,-0.08890999999999999,0.47520399999999996
249,2.48,0.309835,0.0070929999999999604,0.421203,0.340076,0.04905699999999996,0.48246199999999995,0.380134,-0.03919400000000001,0.4292999999999999,0.31429599999999996,-0.07403700000000002,0.39718200000000004,0.24170700000000006,-0.038605,0.4104009999999999,0.35338600000000003,-0.07529400000000003,0.485324,0.32037,-0.11399300000000001,0.4879779999999999,0.35079999999999995,-0.10194700000000001,0.491155,0.3328640000000001,-0.08735799999999999,0.475031
250,2.49,0.30976300000000007,0.0070650000000000435,0.421265,0.3401509999999999,0.049013999999999946,0.48260099999999995,0.38019600000000003,-0.03911500000000001,0.429389,0.31448000000000004,-0.07397500000000001,0.39717899999999995,0.241238,-0.038814000000000015,0.410284,0.352751,-0.073517,0.484799,0.320092,-0.112486,0.4878819999999999,0.35039800000000004,-0.10011300000000001,0.49097899999999994,0.33237199999999995,-0.08590999999999999,0.47461299999999995
251,2.5,0.309818,0.007054999999999978,0.4212889999999999,0.34021700000000005,0.04893900000000001,0.48275199999999996,0.380237,-0.03906599999999999,0.429376,0.314575,-0.07397000000000004,0.397184,0.241257,-0.038866999999999985,0.4101039999999999,0.35203,-0.07155299999999998,0.48445399999999994,0.31976199999999994,-0.11081600000000003,0.487904,0.34993,-0.09809500000000002,0.49094799999999994,0.331814,-0.08427800000000002,0.47435399999999994
252,2.51,0.3099009999999999,0.007036000000000042,0.421327,0.34027099999999993,0.04882700000000001,0.4828429999999999,0.380248,-0.03922400000000004,0.429447,0.31457700000000005,-0.07398900000000003,0.39717599999999986,0.24127099999999996,-0.03873600000000005,0.41005899999999995,0.351327,-0.069793,0.483827,0.319448,-0.10932999999999998,0.48772099999999996,0.349477,-0.09626399999999999,0.490675,0.331269,-0.08285700000000001,0.47384499999999996
253,2.52,0.309961,0.006938,0.42145600000000005,0.340373,0.048794000000000004,0.482908,0.38023100000000004,-0.03928400000000004,0.4296079999999999,0.31452699999999995,-0.07411899999999999,0.39741399999999993,0.24147199999999996,-0.03886799999999996,0.4102659999999999,0.350582,-0.06792299999999996,0.48319999999999996,0.3191190000000001,-0.10775000000000001,0.4875109999999999,0.34899600000000003,-0.09432300000000002,0.49038400000000004,0.33069600000000005,-0.08133099999999999,0.4733299999999999
254,2.53,0.309989,0.006816999999999962,0.42168700000000003,0.340512,0.048765,0.482947,0.380211,-0.03949600000000003,0.42977699999999996,0.31445700000000004,-0.07427700000000004,0.39767299999999994,0.241535,-0.03891800000000001,0.41085000000000005,0.349647,-0.065963,0.4820849999999999,0.318617,-0.10607300000000003,0.48687499999999995,0.34834399999999993,-0.09228700000000001,0.48959600000000003,0.32991599999999993,-0.079708,0.4723719999999999
255,2.54,0.30992800000000004,0.006642000000000037,0.421918,0.34065400000000007,0.048760000000000026,0.4829779999999999,0.380137,-0.039605999999999975,0.429913,0.31432600000000005,-0.07442600000000005,0.397987,0.24159199999999997,-0.03925300000000004,0.41141799999999995,0.34894600000000003,-0.06427100000000002,0.48109099999999994,0.31833700000000004,-0.10464100000000001,0.486379,0.347907,-0.09049800000000002,0.488973,0.32938800000000007,-0.07836399999999999,0.47152799999999995
256,2.55,0.30987500000000007,0.006423000000000012,0.4221649999999999,0.340799,0.04869899999999999,0.48306799999999994,0.380095,-0.039744,0.429999,0.314212,-0.07459700000000002,0.39818999999999993,0.24172100000000002,-0.039676000000000045,0.411999,0.34812400000000004,-0.062383999999999995,0.4800979999999999,0.317946,-0.103016,0.48584000000000005,0.347358,-0.08852300000000002,0.488297,0.32873199999999997,-0.07680400000000004,0.470684
257,2.56,0.309885,0.0062109999999999665,0.422237,0.34086900000000003,0.04860900000000001,0.48317699999999997,0.380036,-0.039910999999999974,0.43007399999999996,0.314093,-0.07471700000000003,0.39831399999999995,0.24196100000000004,-0.04010400000000003,0.41202300000000003,0.347543,-0.060888,0.4789979999999999,0.31776,-0.10173499999999999,0.4852559999999999,0.34702400000000005,-0.08691899999999997,0.48755399999999993,0.328308,-0.075627,0.469757
258,2.57,0.30985599999999996,0.006166000000000005,0.4222849999999999,0.34090800000000004,0.048431,0.48333399999999993,0.379975,-0.03999999999999998,0.430068,0.31404400000000005,-0.07471300000000003,0.397852,0.24193800000000004,-0.04014500000000004,0.41204399999999997,0.34687000000000007,-0.059251,0.4778429999999999,0.31746100000000005,-0.10029300000000002,0.484576,0.346593,-0.08519100000000002,0.4866799999999999,0.32775800000000005,-0.07426100000000002,0.46878299999999995
259,2.58,0.30985900000000005,0.006006000000000011,0.4223579999999999,0.34091200000000005,0.04824099999999998,0.48346199999999995,0.3799510000000001,-0.04012699999999997,0.4300689999999999,0.31404099999999996,-0.07469800000000004,0.39785499999999996,0.24211900000000003,-0.04048400000000002,0.4120269999999999,0.346247,-0.05770599999999998,0.4766419999999999,0.31722500000000003,-0.098937,0.4838769999999999,0.34621700000000005,-0.08354299999999998,0.48577899999999996,0.32726800000000006,-0.072996,0.467774
260,2.59,0.309889,0.005947000000000036,0.42240699999999987,0.34090099999999995,0.04802099999999998,0.483653,0.37992999999999993,-0.04025000000000001,0.4300649999999999,0.31405200000000005,-0.07483500000000004,0.39768099999999995,0.242095,-0.040361000000000036,0.411944,0.34576500000000004,-0.05630000000000002,0.47566700000000006,0.3170720000000001,-0.09768199999999999,0.48334199999999994,0.345944,-0.082042,0.485066,0.32690099999999994,-0.07182699999999997,0.46696899999999997
261,2.6,0.3098880000000001,0.005883000000000027,0.42240699999999987,0.340852,0.04782599999999998,0.483761,0.379898,-0.04036600000000001,0.430067,0.31403300000000006,-0.07481900000000002,0.39758499999999986,0.242079,-0.040393999999999985,0.411755,0.345355,-0.05480600000000002,0.474672,0.317004,-0.09634799999999999,0.482741,0.34574900000000003,-0.08046000000000003,0.48430399999999996,0.326613,-0.07056499999999999,0.4661279999999999
262,2.61,0.30989000000000005,0.005757000000000012,0.422477,0.340844,0.04764299999999999,0.4839389999999999,0.379852,-0.04057000000000005,0.430121,0.313992,-0.07494400000000001,0.39755299999999993,0.24204999999999993,-0.040457999999999994,0.4117089999999999,0.345091,-0.05357300000000004,0.47398399999999985,0.3170420000000001,-0.09524400000000002,0.48243599999999986,0.345663,-0.07912300000000005,0.48387899999999995,0.326482,-0.06956000000000001,0.465573
263,2.62,0.309841,0.005632000000000026,0.42247599999999996,0.340829,0.04744999999999999,0.4840169999999999,0.3797540000000001,-0.040725999999999984,0.430114,0.313857,-0.07506300000000005,0.39755299999999993,0.24196,-0.040542999999999996,0.41157199999999994,0.3448510000000001,-0.05216799999999999,0.4732569999999999,0.31711700000000004,-0.09398200000000001,0.48203300000000004,0.345612,-0.07762999999999998,0.48336500000000004,0.32637299999999997,-0.06836700000000001,0.464966
264,2.63,0.30976599999999993,0.005513999999999963,0.422554,0.34082799999999996,0.04726999999999998,0.484108,0.37962,-0.04095399999999999,0.430129,0.31366900000000003,-0.075189,0.397586,0.241817,-0.040549,0.41166599999999987,0.344659,-0.05118999999999996,0.47198699999999993,0.317204,-0.09309099999999998,0.4812179999999999,0.345594,-0.076542,0.482356,0.32627900000000004,-0.06759300000000001,0.46387900000000004
265,2.64,0.309625,0.005340000000000011,0.42266399999999993,0.3408210000000001,0.04706899999999997,0.4841209999999999,0.379477,-0.041169999999999984,0.430164,0.31345399999999995,-0.075326,0.397659,0.24161700000000003,-0.04070700000000005,0.41192700000000004,0.3444420000000001,-0.049951999999999996,0.47089199999999987,0.317286,-0.09196300000000002,0.48049799999999987,0.345562,-0.07521099999999997,0.481467,0.326166,-0.06654700000000002,0.46294100000000005
266,2.65,0.309545,0.00520200000000004,0.422706,0.340845,0.04685600000000001,0.48417999999999994,0.379315,-0.041430999999999996,0.430172,0.31320700000000007,-0.07547999999999999,0.397644,0.24144700000000002,-0.04071399999999997,0.411972,0.34455700000000006,-0.048909000000000036,0.4701179999999999,0.3176419999999999,-0.090999,0.48005299999999995,0.34581999999999996,-0.07407399999999997,0.4808969999999999,0.326382,-0.06567400000000001,0.46229299999999995
267,2.66,0.309456,0.005090999999999957,0.4226859999999999,0.34081100000000003,0.046626999999999974,0.4841899999999999,0.37914300000000006,-0.041690000000000005,0.4300879999999999,0.312989,-0.07556800000000002,0.39757999999999993,0.24128,-0.04067500000000002,0.4119189999999999,0.34456499999999995,-0.047814999999999996,0.469263,0.31793,-0.08999400000000002,0.47957099999999997,0.34598900000000005,-0.07286600000000004,0.4802859999999999,0.326517,-0.06478,0.46157899999999996
268,2.67,0.309398,0.004998999999999976,0.42264999999999997,0.340794,0.046381000000000006,0.4842409999999999,0.37903000000000003,-0.04188900000000001,0.42996999999999996,0.3127769999999999,-0.07565500000000003,0.397346,0.24119799999999997,-0.040629000000000026,0.41181199999999996,0.344551,-0.04686000000000001,0.4681599999999999,0.31818799999999997,-0.089115,0.478846,0.3461330000000001,-0.07179799999999997,0.479414,0.326617,-0.06401300000000004,0.460626
269,2.68,0.30937,0.004948000000000008,0.422581,0.3407529999999999,0.046123000000000025,0.48430799999999996,0.37891099999999994,-0.04211799999999999,0.4298009999999999,0.31263199999999997,-0.075677,0.397081,0.24111,-0.04047700000000004,0.4115979999999999,0.344134,-0.04583999999999999,0.46662000000000003,0.31813699999999995,-0.08818900000000002,0.47781299999999993,0.34593,-0.07062400000000002,0.478178,0.326354,-0.06323899999999999,0.45929
270,2.69,0.30934899999999993,0.00495000000000001,0.422477,0.34074199999999993,0.04583900000000002,0.48434199999999994,0.378805,-0.04224,0.4296,0.31251500000000004,-0.07570000000000005,0.39681600000000006,0.240937,-0.04020700000000005,0.4113009999999999,0.34371100000000004,-0.04486499999999999,0.4650549999999999,0.31808200000000003,-0.08731500000000003,0.476707,0.345721,-0.06950499999999998,0.476884,0.326085,-0.062498000000000054,0.45791399999999993
271,2.7,0.309309,0.0048940000000000095,0.422404,0.340721,0.04562500000000003,0.4844379999999999,0.37869800000000003,-0.04242699999999999,0.42942099999999994,0.31235699999999994,-0.07570300000000002,0.3965509999999999,0.24085700000000004,-0.04015799999999997,0.4110409999999999,0.34315099999999993,-0.04359099999999999,0.4637379999999999,0.317972,-0.08617999999999998,0.4758539999999999,0.345409,-0.06805899999999998,0.4758729999999999,0.325741,-0.06150699999999998,0.456774
272,2.71,0.309243,0.004842000000000013,0.42237099999999994,0.34071899999999994,0.04544100000000001,0.48438499999999995,0.37856300000000004,-0.04256599999999999,0.4293349999999999,0.31217999999999996,-0.07579600000000003,0.396597,0.24066099999999996,-0.04001699999999997,0.410995,0.34254999999999997,-0.04266599999999998,0.46204499999999993,0.317788,-0.08535700000000002,0.474654,0.34504700000000005,-0.06697000000000003,0.474461,0.32531499999999997,-0.060829999999999995,0.4552909999999999
273,2.72,0.30915300000000007,0.0047439999999999705,0.42240699999999987,0.34073799999999993,0.045330999999999955,0.484399,0.378395,-0.042766000000000026,0.4293299999999999,0.31192000000000003,-0.07591400000000004,0.3966949999999999,0.24052,-0.04002,0.41107899999999997,0.3421570000000001,-0.04186899999999999,0.46048999999999995,0.31778200000000006,-0.08462600000000003,0.473619,0.34486500000000003,-0.06598500000000002,0.473225,0.32510600000000006,-0.060284000000000004,0.4539479999999999
274,2.73,0.309039,0.004652999999999963,0.42249499999999995,0.34078400000000003,0.04523100000000002,0.48435399999999995,0.37822399999999995,-0.04292400000000002,0.4293349999999999,0.311683,-0.07600100000000004,0.396918,0.24032899999999996,-0.040044000000000024,0.41134000000000004,0.34198599999999996,-0.041498000000000035,0.45869399999999994,0.31791300000000006,-0.08426,0.4723529999999999,0.344864,-0.06543499999999997,0.471726,0.325065,-0.060112,0.45238199999999995
275,2.74,0.308939,0.004590999999999956,0.422581,0.3408360000000001,0.04513700000000004,0.48439199999999993,0.378052,-0.04318300000000003,0.42938,0.31141599999999997,-0.07602200000000003,0.39682399999999995,0.240118,-0.039995,0.4115749999999999,0.3414979999999999,-0.04089999999999999,0.4566609999999999,0.317803,-0.08368199999999998,0.470904,0.34458399999999995,-0.06462499999999999,0.47002699999999986,0.32475000000000004,-0.059751,0.45060100000000003
276,2.75,0.30885100000000004,0.004537000000000013,0.422639,0.340856,0.04500500000000002,0.4844249999999999,0.37791899999999995,-0.04330299999999998,0.429369,0.3111960000000001,-0.07602899999999996,0.3969349999999999,0.23996500000000004,-0.039997000000000005,0.41163399999999994,0.341088,-0.040359000000000034,0.45479499999999995,0.31775099999999995,-0.08315399999999995,0.4695799999999999,0.344362,-0.06387300000000001,0.46848599999999996,0.32451800000000003,-0.05943999999999999,0.448966
277,2.76,0.30879399999999996,0.004484999999999961,0.42267999999999994,0.340871,0.04488399999999998,0.48451299999999997,0.377801,-0.04347099999999998,0.42937000000000003,0.31094399999999994,-0.07611400000000001,0.3968829999999999,0.239867,-0.039912999999999976,0.411662,0.3407590000000001,-0.03941599999999995,0.4534149999999999,0.3177769999999999,-0.08225499999999997,0.46862400000000004,0.344212,-0.06274000000000002,0.467384,0.32438400000000006,-0.05871500000000002,0.447759
278,2.77,0.308753,0.004419000000000006,0.42277699999999996,0.3408400000000001,0.04471999999999998,0.484641,0.377708,-0.043628,0.4294389999999999,0.31085599999999997,-0.07614000000000004,0.3969449999999999,0.239767,-0.03989199999999998,0.41169999999999995,0.34114800000000006,-0.03883500000000001,0.45267999999999997,0.31838099999999997,-0.08168199999999998,0.4681859999999999,0.34468100000000007,-0.06198799999999999,0.46691099999999996,0.3249499999999999,-0.058311,0.44711999999999996
279,2.78,0.30866200000000005,0.004349999999999965,0.42286999999999997,0.3407630000000001,0.04455100000000001,0.48478299999999996,0.37755600000000006,-0.04373499999999997,0.4294969999999999,0.310692,-0.07621899999999998,0.39697799999999994,0.2396709999999999,-0.03986999999999996,0.4117289999999999,0.341091,-0.03783799999999998,0.45192200000000005,0.31863,-0.08074299999999995,0.46770999999999985,0.3447569999999999,-0.06082399999999999,0.4663869999999999,0.32509899999999997,-0.05751099999999998,0.446461
280,2.79,0.308606,0.004296000000000022,0.423048,0.340787,0.044404,0.484989,0.37746799999999997,-0.04388900000000001,0.4296549999999999,0.31054200000000004,-0.07624900000000001,0.39706699999999995,0.239477,-0.03983000000000003,0.41186999999999996,0.34123699999999996,-0.03699600000000003,0.451288,0.319054,-0.07994300000000004,0.467356,0.345007,-0.05979899999999999,0.46601499999999996,0.3254639999999999,-0.056869999999999976,0.44591599999999987
281,2.8,0.30857799999999996,0.004240999999999995,0.42316999999999994,0.3407529999999999,0.044267,0.485216,0.37735500000000005,-0.04402299999999998,0.42976499999999995,0.31038000000000004,-0.07631399999999999,0.39713299999999996,0.239473,-0.03978799999999999,0.41186,0.340899,-0.036011000000000015,0.450245,0.319038,-0.07902200000000004,0.46657899999999997,0.344822,-0.058668,0.4651559999999999,0.325312,-0.056059000000000025,0.44498099999999996
282,2.81,0.308552,0.004236999999999991,0.423308,0.340791,0.04417599999999999,0.48538400000000004,0.377284,-0.04412699999999997,0.42986499999999994,0.310305,-0.07628599999999996,0.3971079999999999,0.23935100000000004,-0.039708999999999994,0.411995,0.340841,-0.03501899999999997,0.44956299999999993,0.31927500000000003,-0.07808599999999999,0.46613899999999997,0.3448830000000001,-0.057513000000000036,0.46468699999999996,0.32546500000000006,-0.055250999999999995,0.44438199999999994
283,2.82,0.308483,0.004159999999999997,0.42345299999999997,0.34080499999999997,0.04408000000000001,0.485495,0.377192,-0.04426600000000003,0.42993799999999993,0.31017200000000006,-0.07634399999999997,0.39719899999999997,0.23925100000000005,-0.03975200000000001,0.41222799999999993,0.34068499999999996,-0.033943999999999974,0.44872500000000004,0.319385,-0.07705800000000002,0.46552399999999994,0.34483899999999995,-0.05629799999999996,0.46402599999999994,0.325486,-0.05433100000000002,0.4436279999999999
284,2.83,0.30844,0.004118999999999984,0.4236329999999999,0.340825,0.04394199999999998,0.485711,0.37708800000000003,-0.04442299999999999,0.43004599999999993,0.31000900000000003,-0.07636900000000002,0.3972859999999999,0.239145,-0.03967100000000001,0.41239400000000004,0.34076,-0.03298400000000001,0.448283,0.319742,-0.07612999999999998,0.465352,0.345002,-0.05513300000000004,0.46385599999999994,0.32580899999999996,-0.05357500000000004,0.44327099999999997
285,2.84,0.30840400000000007,0.004043999999999992,0.4238479999999999,0.340864,0.04383300000000001,0.485912,0.37695300000000004,-0.04460999999999998,0.43030199999999996,0.30980099999999994,-0.07649,0.3975679999999999,0.23902099999999998,-0.039603,0.41261099999999995,0.340582,-0.03198000000000001,0.447592,0.31986299999999995,-0.07516400000000001,0.46492999999999995,0.344925,-0.05393199999999998,0.463414,0.32587400000000005,-0.05276699999999995,0.442673
286,2.85,0.30833399999999994,0.003962999999999994,0.42413,0.34090499999999996,0.04374899999999998,0.4861319999999999,0.376812,-0.044789999999999996,0.4305849999999999,0.3095860000000001,-0.07655800000000001,0.39784699999999995,0.23890899999999998,-0.039624999999999966,0.41299399999999997,0.340601,-0.03109099999999998,0.44706899999999994,0.32017900000000005,-0.07428900000000005,0.46471799999999996,0.345019,-0.05279900000000004,0.46320399999999995,0.326177,-0.052099000000000006,0.442252
287,2.86,0.30832,0.003917999999999977,0.42440999999999995,0.340972,0.043738,0.48646500000000004,0.37672100000000003,-0.044915999999999956,0.43084500000000003,0.30944600000000005,-0.076677,0.39825900000000003,0.23880200000000001,-0.03957500000000003,0.413216,0.340185,-0.030063000000000006,0.44633199999999995,0.320108,-0.07330400000000004,0.464271,0.344721,-0.05155499999999996,0.4627189999999999,0.32602800000000004,-0.05127700000000002,0.441624
288,2.87,0.30835700000000005,0.003921999999999981,0.42464499999999994,0.341115,0.04377500000000001,0.4867379999999999,0.37666499999999997,-0.04500900000000002,0.431091,0.30934200000000006,-0.076712,0.398529,0.23876199999999997,-0.039505999999999986,0.41342999999999996,0.33983899999999995,-0.029511999999999983,0.44504699999999997,0.32010299999999997,-0.07271300000000003,0.46345499999999995,0.344486,-0.05071700000000001,0.46177599999999996,0.325954,-0.05094799999999999,0.440538
289,2.88,0.30835299999999993,0.00389299999999998,0.42474999999999996,0.341087,0.04375899999999999,0.4867619999999999,0.376685,-0.04502099999999998,0.431284,0.309336,-0.07672699999999999,0.398744,0.238747,-0.039546000000000026,0.41357199999999994,0.339165,-0.02829900000000002,0.444279,0.31983600000000006,-0.07154499999999997,0.4630099999999999,0.343956,-0.04926699999999995,0.461263,0.32557700000000006,-0.049951999999999996,0.43990399999999996
290,2.89,0.308344,0.0038690000000000113,0.42503899999999994,0.34105099999999994,0.043611999999999984,0.48701300000000003,0.3767,-0.04502500000000004,0.4314689999999999,0.309382,-0.07668400000000003,0.39884299999999995,0.238817,-0.03956100000000001,0.413941,0.33915500000000004,-0.027984999999999982,0.44315499999999997,0.320026,-0.07116900000000004,0.46223099999999995,0.34400400000000003,-0.04874600000000001,0.460376,0.325737,-0.049773999999999985,0.43893399999999994
291,2.9,0.30841999999999997,0.00394899999999998,0.42500499999999997,0.34100500000000006,0.04351299999999997,0.48707599999999995,0.376766,-0.045018,0.43156399999999995,0.3094449999999999,-0.076625,0.398807,0.23873000000000005,-0.039285000000000014,0.41366499999999995,0.33927,-0.027175000000000005,0.44302699999999995,0.32033799999999996,-0.07034299999999999,0.46233599999999997,0.34413699999999997,-0.04772900000000002,0.46048900000000004,0.3260800000000001,-0.049119000000000024,0.43889
292,2.91,0.30854200000000004,0.004043999999999992,0.42508899999999994,0.341068,0.043435,0.487341,0.376798,-0.045065999999999995,0.4316249999999999,0.30948500000000007,-0.07655600000000001,0.3987909999999999,0.2387479999999999,-0.03897400000000001,0.4135019999999999,0.33948700000000004,-0.02720100000000003,0.441952,0.32068100000000005,-0.07026100000000002,0.46162000000000003,0.3443690000000001,-0.04754200000000003,0.45965699999999987,0.326435,-0.049258000000000024,0.4379789999999999
293,2.92,0.30859699999999995,0.004137000000000002,0.4251459999999999,0.341139,0.04339900000000002,0.48746199999999995,0.376843,-0.045032000000000016,0.431619,0.30948900000000007,-0.07649100000000003,0.39879299999999995,0.238682,-0.03873600000000005,0.4134739999999999,0.339324,-0.025976,0.442029,0.320814,-0.06905100000000003,0.4619439999999999,0.344246,-0.04606499999999997,0.46000799999999986,0.32658799999999993,-0.048232,0.4381459999999999
294,2.93,0.308629,0.004212999999999967,0.42527099999999995,0.341239,0.04344700000000001,0.48751199999999995,0.376836,-0.04508899999999999,0.43171899999999996,0.30942200000000003,-0.07644600000000001,0.39891999999999994,0.238608,-0.03850300000000001,0.4137329999999999,0.339277,-0.0257,0.4411559999999999,0.32098,-0.06870799999999999,0.46140899999999996,0.3442429999999999,-0.04555999999999999,0.459376,0.3267400000000001,-0.048095,0.43742799999999993
295,2.94,0.308657,0.004284999999999983,0.42537499999999995,0.341393,0.04356300000000002,0.487537,0.376848,-0.045069000000000026,0.431817,0.309367,-0.07644600000000001,0.3990609999999999,0.23851099999999997,-0.038352,0.4139829999999999,0.33916700000000005,-0.025032,0.44085299999999994,0.321112,-0.06800899999999999,0.46138599999999996,0.344158,-0.04464700000000005,0.45933100000000004,0.326895,-0.047592999999999996,0.43724399999999997
296,2.95,0.30874000000000007,0.0044379999999999975,0.425451,0.3415320000000001,0.043752999999999986,0.48755099999999996,0.37686000000000003,-0.04504999999999998,0.4319529999999999,0.309285,-0.07634000000000002,0.399316,0.238504,-0.038063000000000013,0.414119,0.339176,-0.024684999999999957,0.44026699999999996,0.32131100000000007,-0.06759700000000002,0.4611019999999999,0.34418299999999996,-0.044069000000000025,0.458982,0.327115,-0.047381000000000006,0.436797
297,2.96,0.3088389999999999,0.0045399999999999885,0.42552,0.34167700000000006,0.04392199999999996,0.487553,0.3769080000000001,-0.044994000000000034,0.43206999999999995,0.30930700000000005,-0.07632899999999998,0.399606,0.23852599999999996,-0.03786499999999998,0.41425499999999993,0.339463,-0.024626000000000037,0.4397089999999999,0.32173100000000004,-0.06744100000000003,0.4608539999999999,0.34445,-0.04377200000000003,0.458673,0.327595,-0.047445000000000015,0.43638199999999994
298,2.97,0.3089070000000001,0.004678999999999989,0.42560399999999987,0.34178400000000003,0.04410999999999998,0.487641,0.376963,-0.04486699999999999,0.43213,0.30938000000000004,-0.07623999999999997,0.3997719999999999,0.238535,-0.03769800000000001,0.41435199999999994,0.3398339999999999,-0.024833999999999967,0.43912399999999996,0.32213699999999995,-0.06753500000000001,0.4605269999999999,0.34479200000000004,-0.043811000000000044,0.458264,0.328054,-0.04771599999999998,0.435924
299,2.98,0.309023,0.004871000000000014,0.42568799999999996,0.34190400000000004,0.044296999999999975,0.4878149999999999,0.377087,-0.04469300000000004,0.43212699999999993,0.30954300000000007,-0.07605200000000001,0.39976,0.23862500000000003,-0.037509000000000015,0.41437999999999997,0.34024799999999994,-0.024607999999999963,0.438967,0.32263099999999995,-0.067222,0.46060899999999994,0.34517400000000004,-0.04339599999999999,0.45830099999999996,0.328613,-0.04758000000000001,0.43587999999999993
300,2.99,0.309166,0.005060999999999982,0.4257129999999999,0.34206700000000007,0.044476000000000016,0.48795999999999995,0.37722000000000006,-0.044489999999999974,0.43207299999999993,0.309703,-0.075901,0.39971100000000004,0.23874500000000004,-0.03731499999999999,0.41429799999999994,0.34061900000000006,-0.024643000000000026,0.43872199999999995,0.323046,-0.06716900000000003,0.4605699999999999,0.345524,-0.04328900000000002,0.458198,0.32906700000000005,-0.04766999999999999,0.43573799999999996
301,3.0,0.30930399999999997,0.005292999999999992,0.425708,0.342181,0.04461799999999999,0.48811799999999994,0.377372,-0.04424800000000001,0.43198000000000003,0.30990199999999996,-0.07562999999999998,0.39946399999999993,0.238879,-0.037107999999999974,0.41412499999999997,0.340794,-0.024022000000000043,0.4391759999999999,0.323343,-0.06654500000000002,0.461129,0.34568899999999997,-0.04253900000000005,0.45877899999999994,0.32940300000000006,-0.04713500000000004,0.43623599999999996
302,3.01,0.3094120000000001,0.005500000000000005,0.4256749999999999,0.34224400000000005,0.044777999999999984,0.4881829999999999,0.3775,-0.044037999999999966,0.43191199999999996,0.31004099999999996,-0.07543,0.39928700000000006,0.238995,-0.03688600000000003,0.4140029999999999,0.341154,-0.02389800000000003,0.43936699999999995,0.32375000000000004,-0.06636400000000003,0.461465,0.346023,-0.04229299999999997,0.45909,0.32985799999999993,-0.047066,0.43649799999999994
303,3.02,0.309452,0.005707999999999991,0.425451,0.34223200000000004,0.044935,0.48778,0.377577,-0.043787999999999994,0.43181999999999987,0.310158,-0.07512200000000002,0.399096,0.23905800000000005,-0.03672599999999998,0.41389999999999993,0.34120600000000006,-0.023587000000000025,0.439365,0.323931,-0.06601800000000002,0.46163299999999996,0.34609399999999996,-0.04185,0.45920499999999986,0.330034,-0.04682599999999998,0.436582
304,3.03,0.30946500000000005,0.005911,0.42544899999999997,0.34220500000000004,0.04508200000000001,0.4878199999999999,0.3776340000000001,-0.04359299999999999,0.43169999999999986,0.3101519999999999,-0.07494200000000001,0.399034,0.23910799999999993,-0.03646300000000002,0.4138919999999999,0.3412340000000001,-0.023235000000000006,0.439427,0.324112,-0.06562800000000002,0.46188399999999996,0.3461330000000001,-0.04133500000000001,0.459414,0.3302260000000001,-0.04656300000000002,0.436739
305,3.04,0.30946199999999996,0.006052000000000002,0.4252769999999999,0.3423070000000001,0.04522100000000001,0.48746599999999995,0.37761700000000004,-0.04345199999999999,0.431562,0.31007100000000004,-0.07476300000000002,0.39894399999999997,0.23908899999999994,-0.036329,0.41391599999999995,0.3413629999999999,-0.023141999999999996,0.4392909999999999,0.32433000000000006,-0.065471,0.4619349999999999,0.346261,-0.04110400000000003,0.45940099999999995,0.330458,-0.04652899999999999,0.43669999999999987
306,3.05,0.309424,0.0062490000000000046,0.42522899999999986,0.34240199999999993,0.045433999999999974,0.48737699999999995,0.377588,-0.04330499999999998,0.43137499999999995,0.30991399999999997,-0.07455,0.3988769999999999,0.23903599999999997,-0.036126999999999965,0.41399299999999994,0.341428,-0.022955999999999976,0.439237,0.324525,-0.065222,0.46209500000000003,0.346319,-0.040737999999999996,0.45950899999999995,0.33068400000000003,-0.04642999999999997,0.43675699999999995
307,3.06,0.30941099999999994,0.006390000000000007,0.42511699999999997,0.34249100000000005,0.04551500000000003,0.4872099999999999,0.37751000000000007,-0.04325899999999999,0.43122799999999994,0.309753,-0.07442299999999996,0.39880399999999994,0.23893899999999996,-0.03585900000000003,0.41395499999999996,0.341247,-0.02252700000000002,0.43908899999999995,0.324514,-0.06476300000000001,0.46212699999999995,0.3461570000000001,-0.04015000000000002,0.459495,0.33067300000000005,-0.04608800000000002,0.4367019999999999
308,3.07,0.309343,0.0065810000000000035,0.42501900000000004,0.342478,0.04560500000000001,0.48709,0.377418,-0.04316700000000001,0.431052,0.309602,-0.07425699999999996,0.39869600000000005,0.238751,-0.035499,0.4139019999999999,0.34120100000000003,-0.02227499999999999,0.4390749999999999,0.324601,-0.06447799999999998,0.46226900000000004,0.3461079999999999,-0.03974899999999998,0.45960899999999993,0.330783,-0.04591299999999998,0.43676899999999996
309,3.08,0.309259,0.006614999999999982,0.42491499999999993,0.342467,0.04563299999999998,0.48701399999999995,0.377288,-0.04313300000000003,0.43089599999999995,0.30947699999999995,-0.07412800000000003,0.3985979999999999,0.2387050000000001,-0.03556199999999998,0.41374500000000003,0.34072699999999995,-0.021544000000000008,0.439059,0.32436500000000007,-0.06376899999999996,0.462384,0.345678,-0.03887400000000002,0.4597039999999999,0.330517,-0.04527999999999999,0.436821
310,3.09,0.30923400000000006,0.0067989999999999995,0.42477999999999994,0.3423840000000001,0.04557899999999998,0.4869859999999999,0.37718100000000004,-0.04309000000000002,0.430701,0.30937299999999995,-0.074015,0.3983389999999999,0.23854999999999998,-0.03505600000000003,0.41347500000000004,0.34036000000000005,-0.021121,0.43878700000000004,0.32420200000000005,-0.06332699999999997,0.462286,0.345354,-0.038302999999999976,0.459545,0.33032100000000003,-0.044938000000000033,0.43664400000000003
311,3.1,0.309136,0.006794000000000022,0.42464199999999996,0.34234500000000007,0.045476000000000016,0.48690699999999987,0.37708500000000006,-0.04313100000000003,0.4304819999999999,0.309232,-0.073911,0.3980539999999999,0.23842499999999994,-0.03509399999999996,0.41326300000000005,0.33975400000000006,-0.020518000000000036,0.4384429999999999,0.323853,-0.06272299999999997,0.46211900000000006,0.34481999999999996,-0.037551,0.459307,0.32990499999999995,-0.04442299999999999,0.43639799999999995
312,3.11,0.309024,0.006828000000000001,0.424489,0.34227199999999997,0.04535,0.4868339999999999,0.3769789999999999,-0.043147000000000046,0.4301999999999999,0.30909500000000006,-0.07378699999999999,0.397543,0.23830600000000007,-0.03503499999999998,0.41308100000000003,0.339556,-0.019878000000000007,0.43831699999999996,0.323846,-0.06206100000000003,0.462159,0.34463400000000005,-0.03674499999999997,0.45931199999999994,0.329902,-0.043869999999999965,0.436361
313,3.12,0.308969,0.006836999999999982,0.4243199999999999,0.34233700000000006,0.04523100000000002,0.48672000000000004,0.376894,-0.04318300000000003,0.42984,0.3089159999999999,-0.07373299999999999,0.397216,0.23823500000000003,-0.03497600000000001,0.412898,0.33927199999999996,-0.019299999999999984,0.438179,0.32370799999999994,-0.06148999999999999,0.462106,0.344386,-0.036087000000000036,0.4592289999999999,0.32973199999999997,-0.04334099999999996,0.43626999999999994
314,3.13,0.3089180000000001,0.006828000000000001,0.4242079999999999,0.34241400000000005,0.04508699999999999,0.48675599999999997,0.376786,-0.043249999999999955,0.42947099999999994,0.30877499999999997,-0.07368999999999998,0.3969069999999999,0.23815400000000003,-0.034943999999999975,0.4126859999999999,0.33916399999999997,-0.018674000000000024,0.43789999999999996,0.32372700000000004,-0.060831000000000024,0.46196499999999996,0.344288,-0.03533799999999998,0.4590449999999999,0.32975099999999996,-0.042771,0.436068
315,3.14,0.308927,0.006806999999999952,0.424034,0.342647,0.045068,0.4865459999999999,0.376723,-0.043359000000000036,0.42913999999999997,0.30861900000000003,-0.07369800000000004,0.39674599999999993,0.23807799999999996,-0.03492799999999996,0.412629,0.3389710000000001,-0.018342999999999998,0.4370879999999999,0.32363900000000007,-0.060417,0.461364,0.34413199999999994,-0.034885000000000055,0.45831999999999995,0.32962299999999994,-0.04247400000000001,0.4353769999999999
316,3.15,0.308896,0.0067589999999999595,0.42401199999999994,0.34280700000000003,0.04491899999999999,0.4866419999999999,0.37666400000000005,-0.043449000000000015,0.42886900000000006,0.30847399999999997,-0.073708,0.39661499999999994,0.237941,-0.034955000000000014,0.412523,0.339123,-0.017883000000000038,0.4367089999999999,0.323829,-0.05988500000000002,0.4611319999999999,0.344257,-0.034306,0.458039,0.32985500000000006,-0.042049999999999976,0.4350799999999999
317,3.16,0.30888,0.006711999999999996,0.4238829999999999,0.342991,0.04490099999999997,0.48642299999999994,0.3765800000000001,-0.04356699999999997,0.428682,0.30832200000000004,-0.07375599999999999,0.39649900000000005,0.23784100000000002,-0.034972,0.41256099999999996,0.339197,-0.01741799999999999,0.43615800000000005,0.32394399999999995,-0.05934299999999998,0.46074099999999996,0.34430200000000005,-0.033713999999999966,0.4575929999999999,0.3300119999999999,-0.04162300000000002,0.43462
318,3.17,0.308858,0.006664000000000003,0.4238439999999999,0.343141,0.04483400000000004,0.4863909999999999,0.376515,-0.04367900000000002,0.4285269999999999,0.30814400000000003,-0.07379600000000003,0.396417,0.23775200000000002,-0.034984000000000015,0.4125699999999999,0.33914000000000005,-0.016886000000000012,0.4355739999999999,0.32395899999999994,-0.05873799999999996,0.46032399999999996,0.344219,-0.03303900000000004,0.45712299999999995,0.33006700000000005,-0.04113899999999998,0.43413099999999993
319,3.18,0.3087210000000001,0.006556000000000006,0.4236469999999999,0.342991,0.04470799999999997,0.48587499999999995,0.376391,-0.043823999999999974,0.42845999999999995,0.307961,-0.07382899999999998,0.39637299999999986,0.23764999999999997,-0.035057000000000005,0.41268799999999994,0.339231,-0.016549000000000036,0.4350639999999999,0.324073,-0.05830999999999997,0.459982,0.34425,-0.03255100000000005,0.456739,0.33026099999999997,-0.04084599999999999,0.433717
320,3.19,0.308649,0.006500999999999979,0.42362900000000003,0.34290499999999996,0.04459099999999999,0.48587,0.376272,-0.04399900000000001,0.4284349999999999,0.3077809999999999,-0.07390399999999997,0.39641499999999996,0.23751400000000006,-0.03495599999999999,0.412639,0.338791,-0.015922999999999965,0.43426699999999996,0.32380899999999996,-0.05760099999999996,0.459429,0.343798,-0.03170600000000001,0.45610399999999995,0.33002499999999996,-0.04030100000000003,0.43306199999999995
321,3.2,0.30854200000000004,0.00640099999999999,0.42354800000000004,0.342833,0.04445099999999996,0.485645,0.37612699999999993,-0.04418,0.428443,0.3075839999999999,-0.07394899999999999,0.3964159999999999,0.237361,-0.03498899999999999,0.41267699999999996,0.33851900000000007,-0.015537000000000023,0.43354799999999993,0.32360700000000003,-0.05714199999999997,0.45887199999999995,0.34351400000000004,-0.031193000000000026,0.45548,0.329845,-0.039953000000000016,0.432438
322,3.21,0.3085090000000001,0.0063750000000000195,0.4236,0.34286500000000003,0.04438000000000003,0.48578599999999994,0.37601900000000005,-0.04433999999999999,0.428389,0.30743100000000007,-0.07400499999999999,0.3964,0.237253,-0.03487899999999999,0.4126899999999999,0.3378149999999999,-0.015010000000000023,0.4323959999999999,0.3231319999999999,-0.05649299999999996,0.4580509999999999,0.3428149999999999,-0.030391999999999975,0.454519,0.329378,-0.03951699999999997,0.4314819999999999
323,3.22,0.30842300000000006,0.0063049999999999495,0.42356499999999997,0.342857,0.044217000000000006,0.4857529999999999,0.375948,-0.04442600000000002,0.4282999999999999,0.3072820000000001,-0.07398099999999996,0.39623299999999995,0.23713199999999995,-0.034974000000000005,0.41264599999999996,0.3373500000000001,-0.014720999999999984,0.43147,0.322779,-0.056100999999999956,0.4573539999999999,0.342351,-0.029932000000000014,0.453711,0.32903200000000005,-0.039273,0.43069199999999996
324,3.23,0.308414,0.006265999999999994,0.4234539999999999,0.34287000000000006,0.04411599999999999,0.48565499999999995,0.375905,-0.04450499999999996,0.428138,0.30723000000000006,-0.07406100000000004,0.396107,0.23707399999999995,-0.03490500000000002,0.41253799999999996,0.33683899999999994,-0.01432899999999998,0.4304009999999999,0.3224209999999999,-0.055588000000000026,0.45656399999999997,0.341829,-0.02931499999999998,0.45279800000000003,0.32869600000000004,-0.03894500000000001,0.42979200000000006
325,3.24,0.308425,0.006239999999999968,0.42335999999999996,0.342894,0.043987,0.4855989999999999,0.37588400000000005,-0.04453299999999999,0.4279719999999999,0.30727699999999997,-0.074079,0.395942,0.23703800000000003,-0.034872000000000014,0.41239199999999987,0.3364209999999999,-0.013998999999999984,0.429605,0.32212100000000005,-0.05514199999999997,0.456013,0.341382,-0.028774999999999995,0.45214699999999997,0.328439,-0.03866999999999998,0.429145
326,3.25,0.30844299999999997,0.006257999999999986,0.42327899999999996,0.3429750000000001,0.043902,0.48566999999999994,0.37585299999999994,-0.044582999999999984,0.42780799999999997,0.30714400000000003,-0.07408100000000001,0.39574299999999996,0.2369940000000001,-0.034752000000000005,0.41215099999999993,0.336261,-0.013614999999999988,0.42900400000000005,0.322019,-0.05465399999999998,0.45560500000000004,0.3411530000000001,-0.028202000000000005,0.45168299999999995,0.32842599999999994,-0.03833500000000001,0.42866499999999996
327,3.26,0.30844,0.0062550000000000106,0.42325999999999997,0.34308600000000006,0.04385,0.4856849999999999,0.37579599999999996,-0.04463600000000001,0.42766899999999997,0.307055,-0.074096,0.39567299999999994,0.23693100000000006,-0.03469100000000003,0.41214300000000004,0.336014,-0.013203999999999994,0.4284009999999999,0.3218450000000001,-0.054151000000000005,0.45518099999999995,0.340848,-0.027614000000000027,0.45120499999999986,0.32832600000000006,-0.03797099999999998,0.428175
328,3.27,0.30844900000000003,0.0062450000000000006,0.42327499999999996,0.34318600000000005,0.04380200000000001,0.48578599999999994,0.37572500000000003,-0.04472799999999999,0.4276019999999999,0.30693,-0.07414700000000002,0.39566099999999993,0.23687200000000003,-0.03459800000000002,0.41209299999999993,0.33589699999999995,-0.01283500000000004,0.42790300000000003,0.32176,-0.053693000000000046,0.45483799999999996,0.34065800000000007,-0.027086,0.450823,0.328331,-0.03764199999999995,0.42777699999999996
329,3.28,0.308456,0.006263999999999992,0.4232769999999999,0.34330299999999997,0.043815999999999966,0.485737,0.37564499999999995,-0.04480999999999996,0.42756399999999994,0.30678999999999995,-0.07417699999999999,0.395736,0.236809,-0.034447000000000005,0.41219399999999995,0.335644,-0.012417999999999985,0.42748699999999995,0.32159200000000004,-0.05319099999999999,0.454592,0.34034000000000003,-0.02648499999999998,0.45053299999999996,0.32824500000000006,-0.037275,0.42747199999999996
330,3.29,0.3082970000000001,0.00617899999999999,0.423385,0.343435,0.04386899999999999,0.48576300000000006,0.37554499999999996,-0.044848,0.4275169999999999,0.306602,-0.07423600000000002,0.395856,0.236535,-0.03470800000000002,0.4124979999999999,0.33507800000000004,-0.012016000000000027,0.426794,0.321169,-0.052710000000000035,0.45409199999999994,0.3397719999999999,-0.025917999999999997,0.44994100000000004,0.32782700000000004,-0.036916000000000004,0.426901
331,3.3,0.30838400000000005,0.006272,0.423381,0.34355399999999997,0.04396,0.48567499999999997,0.375461,-0.04493900000000001,0.42749400000000004,0.30645700000000003,-0.07426500000000003,0.39596299999999995,0.236655,-0.03433899999999995,0.412674,0.33497000000000005,-0.011540999999999968,0.426843,0.32111799999999996,-0.052232,0.4541749999999999,0.33960700000000005,-0.02535599999999999,0.4500529999999999,0.327845,-0.03647700000000004,0.42697799999999997
332,3.31,0.30832200000000004,0.006284000000000012,0.42338299999999995,0.34364599999999995,0.04400000000000004,0.4856499999999999,0.375369,-0.04493900000000001,0.427438,0.30627999999999994,-0.074291,0.396037,0.23651899999999998,-0.034309000000000034,0.41273399999999993,0.334004,-0.01078800000000002,0.426206,0.3204120000000001,-0.051475999999999966,0.45367199999999996,0.338709,-0.024480999999999975,0.44947499999999996,0.32706300000000005,-0.035775999999999974,0.42642499999999994
333,3.32,0.30831100000000006,0.0063189999999999635,0.423338,0.343687,0.04402099999999998,0.4855599999999999,0.375304,-0.044987,0.42736399999999997,0.306174,-0.07429600000000003,0.3960199999999999,0.23646799999999996,-0.03415499999999999,0.4127799999999999,0.333857,-0.011236000000000024,0.425331,0.32031100000000007,-0.05179400000000001,0.45301099999999994,0.33856899999999995,-0.02479300000000001,0.448677,0.326954,-0.03623299999999996,0.4256829999999999
334,3.33,0.30826900000000007,0.0063509999999999955,0.42335,0.3437010000000001,0.043974999999999986,0.4856609999999999,0.37522000000000005,-0.04496300000000003,0.427268,0.306104,-0.07425699999999996,0.3959619999999999,0.23639099999999996,-0.03409399999999996,0.41269999999999996,0.333216,-0.011149999999999993,0.42451300000000003,0.319856,-0.051618,0.452414,0.337987,-0.024556000000000022,0.44793499999999997,0.3264310000000001,-0.036177000000000015,0.4250019999999999
335,3.34,0.308247,0.006347999999999965,0.423312,0.34367700000000007,0.04391100000000003,0.48575199999999996,0.375172,-0.04494900000000002,0.42717099999999997,0.30605200000000005,-0.074187,0.395794,0.23644499999999996,-0.034167,0.4125,0.332714,-0.011382000000000003,0.4234359999999999,0.31950400000000007,-0.051717999999999986,0.45159799999999994,0.3375320000000001,-0.024616000000000027,0.44694599999999995,0.326026,-0.03643100000000005,0.424087
336,3.35,0.308275,0.006447000000000036,0.42326699999999995,0.3436390000000001,0.04390299999999997,0.485857,0.375149,-0.04490700000000003,0.4271179999999999,0.30606300000000003,-0.07409700000000002,0.395667,0.23643300000000006,-0.03396200000000005,0.41225,0.33230600000000005,-0.011316999999999966,0.4228139999999999,0.31924,-0.051564,0.451172,0.337146,-0.024401000000000006,0.446403,0.32573599999999997,-0.03639399999999998,0.4235889999999999
337,3.36,0.30824900000000005,0.0064770000000000105,0.423218,0.34357200000000004,0.04388599999999998,0.485908,0.37511500000000003,-0.044854000000000005,0.4270989999999999,0.30602900000000005,-0.07404900000000003,0.39557999999999993,0.23642200000000008,-0.033948000000000034,0.41203599999999996,0.33195899999999995,-0.011203000000000018,0.422169,0.31904099999999996,-0.05135099999999998,0.45073299999999994,0.336802,-0.024112999999999996,0.44585299999999994,0.32553400000000005,-0.03631300000000004,0.42307799999999995
338,3.37,0.30822200000000005,0.006545999999999996,0.42319799999999996,0.34351800000000005,0.04393399999999997,0.485884,0.375095,-0.04479099999999997,0.427064,0.3060230000000001,-0.07399100000000003,0.39552699999999996,0.2364,-0.033847000000000016,0.41203499999999993,0.33156100000000005,-0.011079000000000006,0.421477,0.31878599999999996,-0.051142999999999994,0.45022299999999993,0.336416,-0.023839,0.44523999999999997,0.32526499999999997,-0.036217,0.42250299999999996
339,3.38,0.3082050000000001,0.006601999999999997,0.42317899999999997,0.34350299999999995,0.043964999999999976,0.4858919999999999,0.375068,-0.044738,0.42704999999999993,0.305969,-0.07394800000000001,0.395524,0.23637000000000002,-0.033765000000000045,0.41196699999999997,0.33123699999999995,-0.01092700000000002,0.42079200000000005,0.31860099999999997,-0.050905000000000034,0.44971799999999995,0.33609399999999995,-0.023531999999999997,0.44463699999999995,0.3250760000000001,-0.03609399999999996,0.421937
340,3.39,0.30814199999999997,0.00664300000000001,0.4232119999999999,0.343509,0.043989,0.4858349999999999,0.37498799999999993,-0.04472300000000001,0.42702300000000004,0.30585199999999996,-0.073934,0.3955449999999999,0.236296,-0.03365800000000002,0.412158,0.331093,-0.010685,0.42042599999999997,0.3185470000000001,-0.05061600000000005,0.44945499999999994,0.33593499999999993,-0.023183999999999982,0.4443299999999999,0.32503999999999994,-0.03587400000000002,0.42164099999999993
341,3.4,0.30805,0.006620000000000015,0.42324799999999996,0.343501,0.04402099999999998,0.485816,0.37489599999999995,-0.04479099999999997,0.42702699999999993,0.30573500000000003,-0.07395399999999996,0.3955989999999999,0.23614600000000002,-0.033684999999999965,0.412304,0.33118600000000004,-0.010570000000000024,0.42005099999999995,0.318688,-0.05041599999999996,0.4492189999999999,0.3359689999999999,-0.022924999999999973,0.4440409999999999,0.3252479999999999,-0.03578100000000001,0.42136299999999993
342,3.41,0.30793,0.00659299999999996,0.42330499999999993,0.34347200000000006,0.04400599999999999,0.48578599999999994,0.37474900000000005,-0.044848,0.427048,0.3055219999999999,-0.07397300000000001,0.395672,0.23603499999999994,-0.03369899999999998,0.412501,0.33100100000000005,-0.010253999999999985,0.41950199999999993,0.31860700000000003,-0.05005499999999996,0.4487749999999999,0.335786,-0.022511000000000003,0.443542,0.32516300000000004,-0.03548499999999999,0.42088499999999995
343,3.42,0.307841,0.0065970000000000195,0.423331,0.34346899999999997,0.043972999999999984,0.485808,0.374578,-0.04494500000000001,0.427076,0.30529,-0.07400800000000002,0.39571999999999996,0.23585299999999992,-0.033559000000000005,0.41254499999999994,0.33115500000000003,-0.010309999999999986,0.4189599999999999,0.31878900000000004,-0.05000100000000002,0.44839399999999996,0.335884,-0.022419000000000022,0.443087,0.325409,-0.03555600000000003,0.4204539999999999
344,3.43,0.307756,0.006554000000000004,0.423353,0.343458,0.04395300000000002,0.48580199999999996,0.37444399999999994,-0.04505600000000004,0.42710000000000004,0.30509899999999995,-0.07404099999999997,0.39575400000000005,0.23575299999999993,-0.033578,0.412624,0.33127599999999996,-0.010319000000000023,0.41835100000000003,0.31894700000000004,-0.049897000000000025,0.44795299999999993,0.335953,-0.022276000000000018,0.44256299999999993,0.325626,-0.03558,0.41996100000000003
345,3.44,0.3077100000000001,0.006531000000000009,0.42343299999999995,0.343416,0.043854000000000004,0.48593699999999995,0.3742769999999999,-0.045203999999999966,0.427191,0.30499400000000004,-0.07404,0.39580099999999996,0.23564900000000005,-0.033479000000000037,0.4126279999999999,0.33139599999999997,-0.010162999999999978,0.417967,0.31912599999999997,-0.04963500000000004,0.44773299999999994,0.33599299999999993,-0.02194199999999996,0.4422809999999999,0.32589300000000004,-0.035448000000000035,0.41969599999999996
346,3.45,0.307696,0.006612000000000007,0.42325499999999994,0.34351400000000004,0.04383099999999995,0.48573299999999997,0.37440500000000004,-0.04500599999999999,0.426693,0.3050380000000001,-0.07388699999999998,0.395471,0.23564599999999997,-0.033499,0.41255,0.33172700000000005,-0.010222000000000009,0.41760399999999986,0.31943399999999994,-0.04960700000000001,0.4474769999999999,0.33623600000000003,-0.021879999999999955,0.441994,0.326301,-0.035517999999999994,0.419415
347,3.46,0.3077250000000001,0.006710999999999967,0.42308599999999996,0.34356800000000004,0.04383400000000004,0.48565400000000003,0.374423,-0.044899999999999995,0.4263579999999999,0.305081,-0.07377600000000001,0.3951809999999999,0.23567300000000008,-0.03337000000000001,0.412316,0.331726,-0.009979000000000016,0.417292,0.3195219999999999,-0.04925300000000005,0.44734699999999994,0.336134,-0.021424,0.4418009999999999,0.32649900000000004,-0.035306000000000004,0.419241
348,3.47,0.307799,0.006811999999999985,0.42288899999999996,0.34366599999999997,0.04377900000000001,0.4854839999999999,0.37451300000000004,-0.044749999999999956,0.426033,0.305167,-0.07357199999999997,0.394803,0.23579,-0.033310000000000006,0.412076,0.33185900000000007,-0.010180999999999996,0.4167409999999999,0.31963900000000006,-0.04936999999999997,0.4469009999999999,0.3362340000000001,-0.02154299999999998,0.44129399999999996,0.326653,-0.03550800000000004,0.41876199999999997
349,3.48,0.307884,0.0069470000000000365,0.42273000000000005,0.3437440000000001,0.04386899999999999,0.485356,0.37461099999999997,-0.04465399999999997,0.42582200000000003,0.30522200000000005,-0.073488,0.394605,0.235821,-0.033069000000000015,0.411914,0.331717,-0.00992700000000002,0.4166019999999999,0.31960099999999997,-0.04901300000000003,0.44693499999999997,0.33599699999999993,-0.021081000000000016,0.44126599999999994,0.326714,-0.03528300000000001,0.41875699999999993
350,3.49,0.30782499999999996,0.0069969999999999755,0.42228199999999994,0.343505,0.04397899999999999,0.484441,0.37466099999999997,-0.044547999999999977,0.4256599999999999,0.305262,-0.07339700000000005,0.3944789999999999,0.23588599999999998,-0.03303299999999998,0.41188800000000003,0.3314789999999999,-0.009811000000000014,0.41635,0.319428,-0.04886799999999997,0.446746,0.335775,-0.02091700000000002,0.441033,0.3265219999999999,-0.03517300000000001,0.418547
351,3.5,0.30782899999999996,0.007101000000000024,0.42224799999999996,0.34350299999999995,0.044130999999999976,0.4844019999999999,0.3747289999999999,-0.04443600000000003,0.425539,0.3052970000000001,-0.07331300000000002,0.39442699999999997,0.23591299999999998,-0.03294800000000003,0.41192299999999993,0.33102800000000004,-0.009760000000000046,0.41604700000000006,0.319123,-0.048709,0.4466399999999999,0.335297,-0.020679000000000003,0.44081899999999996,0.32624100000000006,-0.03514199999999995,0.418384
352,3.51,0.307857,0.0072289999999999854,0.42198499999999994,0.343525,0.04422900000000002,0.483857,0.37477,-0.044271000000000005,0.4254,0.305271,-0.073181,0.3943859999999999,0.23597299999999993,-0.032773,0.411903,0.33054900000000004,-0.00971500000000003,0.4158059999999999,0.31875500000000007,-0.04864000000000002,0.44647099999999995,0.33487400000000006,-0.020592,0.44058600000000003,0.325807,-0.03510099999999999,0.41818599999999995
353,3.52,0.30787500000000007,0.007355,0.422038,0.343664,0.044493000000000005,0.48397500000000004,0.37479900000000005,-0.04411700000000002,0.425326,0.305283,-0.07310900000000004,0.3944159999999999,0.23599299999999995,-0.03274100000000002,0.41199399999999997,0.32996600000000004,-0.009746000000000032,0.41546799999999995,0.31832600000000005,-0.04858899999999999,0.4462949999999999,0.334316,-0.020490000000000008,0.44030099999999994,0.3253439999999999,-0.03514400000000001,0.417956
354,3.53,0.30787099999999995,0.007483000000000017,0.42202699999999993,0.34372699999999995,0.044611999999999985,0.48389399999999994,0.374801,-0.043991,0.42527399999999993,0.305255,-0.07295800000000002,0.39442,0.23596600000000006,-0.03261999999999998,0.41207399999999994,0.329409,-0.009796000000000027,0.41521699999999995,0.31788599999999995,-0.048597,0.4461419999999999,0.33380800000000005,-0.020475999999999994,0.44006999999999996,0.324845,-0.03519800000000001,0.41776599999999997
355,3.54,0.30786699999999995,0.007616000000000012,0.42205099999999995,0.343764,0.044796999999999976,0.483961,0.37479499999999993,-0.043875,0.42525199999999996,0.30524,-0.07284200000000002,0.3944439999999999,0.23593999999999998,-0.032506000000000035,0.41209000000000007,0.32865800000000006,-0.009720000000000006,0.41506999999999994,0.31730700000000006,-0.048477999999999966,0.44611199999999995,0.33309399999999995,-0.020297999999999983,0.4399589999999999,0.32421799999999995,-0.035136,0.417698
356,3.55,0.307889,0.007757000000000014,0.42207799999999995,0.34387299999999993,0.04493900000000001,0.48402199999999995,0.374751,-0.04375300000000004,0.4252269999999999,0.305185,-0.072743,0.3945249999999999,0.235925,-0.03232400000000002,0.4120889999999999,0.32793999999999995,-0.009855000000000003,0.414925,0.31673900000000005,-0.04854700000000001,0.4461029999999999,0.332394,-0.020314999999999972,0.439862,0.323622,-0.03528300000000001,0.4176469999999999
357,3.56,0.30788599999999994,0.00788899999999998,0.422149,0.343948,0.04510999999999998,0.48412599999999995,0.374712,-0.043653,0.42521399999999987,0.3051380000000001,-0.07261600000000001,0.39457699999999996,0.23591999999999996,-0.03220500000000004,0.4121799999999999,0.32705900000000004,-0.009871000000000019,0.41473899999999997,0.31604400000000005,-0.04851000000000005,0.44604999999999995,0.33153499999999997,-0.02020500000000003,0.4397239999999999,0.32289400000000007,-0.03531400000000001,0.41755299999999995
358,3.57,0.3079,0.008014999999999994,0.42219799999999996,0.34407399999999994,0.045260999999999996,0.4841319999999999,0.374686,-0.043540999999999996,0.42523299999999997,0.30508399999999997,-0.072517,0.39469600000000005,0.235879,-0.03205999999999998,0.412297,0.326038,-0.009912000000000032,0.41455299999999995,0.31524199999999997,-0.04850199999999999,0.44599999999999995,0.33054200000000006,-0.020112999999999992,0.43958699999999995,0.322049,-0.03537300000000004,0.417462
359,3.58,0.30790999999999996,0.00810999999999995,0.4222189999999999,0.344142,0.045438000000000034,0.4841559999999999,0.3746920000000001,-0.04344100000000001,0.42526699999999995,0.3050800000000001,-0.07246399999999997,0.39480799999999994,0.23584200000000005,-0.03198699999999999,0.4123239999999999,0.3251340000000001,-0.009730000000000016,0.414689,0.3145560000000001,-0.04823499999999997,0.4463149999999999,0.32955700000000004,-0.019701999999999997,0.43982999999999994,0.32143700000000003,-0.03521799999999997,0.41774299999999986
360,3.59,0.307992,0.008296000000000026,0.42224699999999993,0.34425,0.045623000000000025,0.48419899999999994,0.3747390000000001,-0.04331600000000002,0.42530899999999994,0.305077,-0.07232100000000002,0.39483899999999994,0.23588000000000003,-0.031716999999999995,0.41235299999999997,0.324081,-0.01011200000000001,0.41417399999999993,0.3137039999999999,-0.048537,0.44596199999999997,0.328559,-0.019957000000000058,0.43935500000000005,0.3205130000000001,-0.035605,0.4173349999999999
361,3.6,0.30804400000000004,0.008396999999999988,0.422276,0.344332,0.04578700000000002,0.48426099999999994,0.37477900000000003,-0.043162000000000034,0.4253429999999999,0.305158,-0.07223000000000002,0.3949339999999999,0.23594900000000002,-0.031700000000000006,0.412331,0.32321399999999995,-0.010247000000000006,0.413991,0.313024,-0.04854200000000003,0.44599599999999995,0.3276090000000001,-0.019847999999999977,0.43928,0.31990599999999997,-0.035753000000000035,0.41732199999999997
362,3.61,0.3081150000000001,0.008531999999999984,0.422338,0.3444,0.04594899999999996,0.484313,0.37485399999999997,-0.04302800000000001,0.42540199999999995,0.30528700000000003,-0.07210299999999997,0.39495499999999995,0.23600800000000005,-0.03157399999999999,0.4124359999999999,0.32243399999999994,-0.010845999999999967,0.413409,0.31237600000000004,-0.04900100000000002,0.44562199999999996,0.326819,-0.02026899999999998,0.4387669999999999,0.319259,-0.03634999999999999,0.4168869999999999
363,3.62,0.3081770000000001,0.008642000000000039,0.42237199999999997,0.34446000000000004,0.04605100000000001,0.48440300000000003,0.374929,-0.04286799999999996,0.42542599999999986,0.30537200000000003,-0.07197900000000002,0.39492399999999994,0.23610000000000003,-0.031526,0.41239899999999996,0.321771,-0.011323000000000027,0.413154,0.31181700000000007,-0.04934700000000003,0.445554,0.32609399999999994,-0.020556999999999992,0.438592,0.318757,-0.036826000000000025,0.416775
364,3.63,0.30816800000000005,0.008751000000000009,0.422079,0.344173,0.04619000000000001,0.48378199999999993,0.37501599999999996,-0.04273099999999996,0.4254779999999999,0.30547399999999997,-0.071882,0.3948829999999999,0.236192,-0.031349000000000016,0.412357,0.32078200000000007,-0.011741000000000001,0.41250999999999993,0.311011,-0.049626,0.44512699999999994,0.325096,-0.020777000000000045,0.43801999999999996,0.31794399999999995,-0.037241000000000024,0.416289
365,3.64,0.308173,0.00884600000000002,0.42219299999999993,0.34405,0.04626000000000002,0.483985,0.3751090000000001,-0.04258000000000001,0.425519,0.3055710000000001,-0.07181199999999999,0.394933,0.23626600000000003,-0.03126300000000004,0.412384,0.32011400000000007,-0.012451999999999963,0.411995,0.310437,-0.05016799999999999,0.444836,0.32439199999999996,-0.021293000000000006,0.43757999999999986,0.31739900000000004,-0.037941,0.415937
366,3.65,0.3082150000000001,0.008956999999999993,0.4220649999999999,0.343976,0.04635600000000001,0.48368199999999995,0.37518899999999994,-0.042479000000000045,0.42554899999999996,0.305665,-0.07162800000000002,0.3948999999999999,0.236358,-0.031152000000000013,0.4123779999999999,0.31922500000000004,-0.013087000000000015,0.41124499999999997,0.3096999999999999,-0.050624,0.4443349999999999,0.323502,-0.021720000000000017,0.436901,0.31665099999999996,-0.038563000000000014,0.4153629999999999
367,3.66,0.308255,0.009048999999999974,0.4221799999999999,0.344077,0.04647000000000001,0.483884,0.375215,-0.04238599999999998,0.4255749999999999,0.30573,-0.07150800000000002,0.394937,0.236381,-0.031129000000000018,0.41242999999999996,0.3185409999999999,-0.013977000000000017,0.410531,0.3091150000000001,-0.051310999999999996,0.44387699999999997,0.32282399999999994,-0.022413000000000016,0.436252,0.3160509999999999,-0.03943200000000002,0.41482699999999995
368,3.67,0.30831899999999995,0.009114000000000011,0.4222769999999999,0.34417099999999995,0.04647100000000004,0.4840549999999999,0.375214,-0.042377,0.42565699999999995,0.30572799999999994,-0.07141400000000003,0.3949769999999999,0.23641600000000002,-0.03102100000000002,0.412428,0.317989,-0.014838000000000018,0.40992300000000004,0.3086330000000001,-0.05197400000000002,0.44350999999999996,0.32225699999999996,-0.02308300000000002,0.435708,0.31557799999999997,-0.040271,0.41439099999999995
369,3.68,0.308324,0.009109999999999951,0.42227099999999995,0.3441380000000001,0.04650500000000002,0.483996,0.37519700000000006,-0.04243800000000003,0.42577299999999996,0.30569300000000005,-0.071407,0.3950389999999999,0.23642899999999994,-0.031001999999999974,0.4124539999999999,0.317429,-0.015842999999999996,0.40913900000000003,0.30815,-0.05277100000000001,0.44297399999999987,0.32171600000000006,-0.02390700000000001,0.434978,0.31506799999999996,-0.04125000000000001,0.4137759999999999
370,3.69,0.308298,0.009102999999999972,0.42245199999999994,0.34415999999999997,0.046487,0.48428399999999994,0.37515800000000005,-0.04250499999999996,0.42587699999999995,0.305607,-0.071403,0.39512499999999995,0.23635600000000007,-0.030994999999999995,0.41255200000000003,0.3169800000000001,-0.016641000000000017,0.4087949999999999,0.30774699999999994,-0.053381999999999985,0.44284500000000004,0.321219,-0.02451500000000001,0.43469999999999986,0.3147100000000001,-0.04202600000000001,0.413593
371,3.7,0.308305,0.009060000000000012,0.4225119999999999,0.34424099999999996,0.046453999999999995,0.48431499999999994,0.375091,-0.042593999999999965,0.425963,0.305537,-0.07146599999999997,0.395293,0.23630600000000007,-0.030984999999999985,0.41262999999999994,0.31681700000000007,-0.017790000000000028,0.4081659999999999,0.30759299999999995,-0.054315,0.44245199999999996,0.32100900000000004,-0.025469999999999993,0.434138,0.314602,-0.043147000000000046,0.41313900000000003
372,3.71,0.308306,0.00903799999999999,0.42264599999999997,0.34436799999999995,0.046433,0.4845219999999999,0.375018,-0.042696999999999985,0.426049,0.3053740000000001,-0.07153599999999999,0.39541499999999996,0.23622100000000007,-0.03092600000000001,0.41271899999999995,0.316702,-0.01858399999999999,0.40785099999999996,0.30750400000000006,-0.054898999999999976,0.442365,0.320788,-0.02603500000000003,0.4339059999999999,0.314617,-0.04391499999999998,0.4130069999999999
373,3.72,0.30827599999999994,0.008928999999999965,0.4227709999999999,0.34448700000000004,0.04631299999999999,0.484645,0.374925,-0.042848,0.42610899999999985,0.30523700000000004,-0.07161899999999999,0.39553399999999994,0.23613800000000001,-0.031034000000000006,0.41286999999999996,0.31709000000000004,-0.019903000000000004,0.40729899999999997,0.307823,-0.05601100000000003,0.442013,0.321092,-0.02718100000000001,0.4334159999999999,0.315026,-0.045203999999999966,0.41261099999999995
374,3.73,0.308259,0.008870000000000045,0.422837,0.34453800000000007,0.04617100000000002,0.4847619999999999,0.37481800000000004,-0.04301000000000005,0.426164,0.30507899999999993,-0.07169500000000001,0.3956029999999999,0.236018,-0.030947000000000002,0.412864,0.31707499999999994,-0.020311000000000023,0.40740299999999996,0.30779300000000004,-0.05631199999999997,0.4422229999999999,0.320953,-0.027446000000000026,0.4335779999999999,0.31512100000000004,-0.045599,0.412818
375,3.74,0.308201,0.008751999999999982,0.42294999999999994,0.34454599999999996,0.045956,0.48494100000000007,0.37468300000000004,-0.043215,0.4262119999999999,0.30493200000000004,-0.07178599999999996,0.395621,0.23589,-0.03097500000000003,0.41291200000000006,0.31760399999999994,-0.021340000000000026,0.406991,0.30822299999999997,-0.057145,0.441986,0.321381,-0.028314000000000006,0.43322399999999994,0.31566,-0.046597,0.412548
376,3.75,0.308139,0.008631,0.42302799999999996,0.344562,0.045711,0.48512,0.37455,-0.04338700000000001,0.42620100000000005,0.304796,-0.07186199999999998,0.39556099999999994,0.235767,-0.03104499999999999,0.41287399999999996,0.31792499999999996,-0.021799999999999986,0.407042,0.308459,-0.05747200000000002,0.44214999999999993,0.32158899999999996,-0.028647000000000034,0.43332399999999993,0.316016,-0.047036999999999995,0.41270299999999993
377,3.76,0.30811400000000005,0.008496000000000004,0.4231269999999999,0.344563,0.04544999999999999,0.48531599999999997,0.374443,-0.043601,0.42623900000000003,0.304683,-0.071959,0.39554200000000006,0.235709,-0.03108700000000003,0.412856,0.31848400000000004,-0.022507,0.4069879999999999,0.308884,-0.058040999999999954,0.442198,0.3220610000000001,-0.029258000000000006,0.433307,0.316541,-0.04772099999999996,0.412736
378,3.77,0.3080610000000001,0.008328000000000002,0.4232079999999999,0.344567,0.045203999999999966,0.485534,0.374327,-0.043767,0.42623900000000003,0.304549,-0.072185,0.395524,0.23562699999999998,-0.031181000000000014,0.41280300000000003,0.31899799999999995,-0.023017999999999983,0.4070259999999999,0.309278,-0.05844100000000002,0.44231600000000004,0.322501,-0.029693999999999998,0.43337400000000004,0.31702,-0.04821399999999998,0.4128439999999999
379,3.78,0.30807600000000007,0.00816100000000003,0.42328999999999994,0.344636,0.044972999999999985,0.48567799999999994,0.3742870000000001,-0.043995000000000006,0.42628199999999994,0.30445300000000003,-0.07235400000000003,0.3955509999999999,0.235601,-0.03127099999999999,0.412822,0.31931399999999993,-0.02336900000000003,0.40713599999999994,0.3095219999999999,-0.05871100000000001,0.4424879999999999,0.322768,-0.02998799999999996,0.43350500000000003,0.31731800000000004,-0.048551999999999984,0.413006
380,3.79,0.308,0.007952000000000015,0.423316,0.34462600000000004,0.044744000000000006,0.48570100000000005,0.37416999999999995,-0.04422100000000001,0.42628,0.30429999999999996,-0.07262200000000002,0.3956129999999999,0.2354739999999999,-0.03139799999999998,0.4128679999999999,0.31958100000000006,-0.023890999999999996,0.40711699999999995,0.30973,-0.05913400000000002,0.4425509999999999,0.323007,-0.030445000000000055,0.43350599999999995,0.31756100000000004,-0.04905700000000002,0.41305099999999995
381,3.8,0.3079410000000001,0.007713999999999999,0.423172,0.34454999999999997,0.044464000000000004,0.485236,0.3741010000000001,-0.044466000000000006,0.42633199999999993,0.304139,-0.07284799999999997,0.39568799999999993,0.23543999999999993,-0.031544000000000016,0.412995,0.31951599999999997,-0.024138999999999966,0.40710999999999997,0.309688,-0.059309,0.44262199999999996,0.32293900000000003,-0.030628000000000044,0.433515,0.31751900000000005,-0.049292999999999976,0.41310099999999994
382,3.81,0.3079180000000001,0.007510000000000017,0.42330599999999996,0.344598,0.04424300000000003,0.48548499999999994,0.37401,-0.04471899999999995,0.42638,0.3040359999999999,-0.07314599999999999,0.3957479999999999,0.23535500000000004,-0.03163899999999997,0.41306699999999996,0.319459,-0.024333999999999967,0.40720899999999993,0.30965099999999995,-0.059453000000000034,0.44277699999999987,0.32288599999999995,-0.030779,0.4336249999999999,0.31747699999999995,-0.04947900000000005,0.41323999999999994
383,3.82,0.3078880000000001,0.0072570000000000134,0.42329799999999995,0.3445850000000001,0.04395300000000002,0.48533399999999993,0.37391099999999994,-0.044989,0.4264159999999999,0.30393200000000004,-0.07347500000000001,0.395946,0.23530099999999993,-0.03174199999999999,0.41318699999999997,0.319683,-0.025272000000000017,0.40678800000000004,0.30982800000000005,-0.060194000000000025,0.44253700000000007,0.323081,-0.03157399999999999,0.4332419999999999,0.3176860000000001,-0.050383999999999984,0.41295399999999993
384,3.83,0.30790199999999995,0.0071029999999999704,0.42330899999999994,0.344606,0.043806999999999985,0.48543999999999987,0.37387299999999996,-0.04516300000000001,0.42647099999999993,0.303908,-0.07372200000000001,0.39591299999999996,0.235265,-0.03181600000000001,0.4131079999999999,0.31960799999999995,-0.025676000000000032,0.40650699999999995,0.3097680000000001,-0.06046299999999999,0.4423919999999999,0.32298699999999997,-0.03186100000000003,0.432991,0.317644,-0.050765000000000005,0.41277699999999995
385,3.84,0.30787400000000004,0.0069029999999999925,0.42338599999999993,0.34454,0.043439000000000005,0.4856369999999999,0.373805,-0.04539899999999997,0.426492,0.303823,-0.07384599999999997,0.39585499999999996,0.23525000000000001,-0.03196399999999999,0.41300099999999995,0.319675,-0.025900000000000034,0.40631499999999987,0.309822,-0.06053400000000003,0.44234399999999996,0.32298699999999997,-0.031941,0.43284100000000003,0.317764,-0.05096200000000001,0.4127049999999999
386,3.85,0.307849,0.0066930000000000045,0.42338599999999993,0.344401,0.04310900000000001,0.48570100000000005,0.373708,-0.04569500000000004,0.4265739999999999,0.30380499999999994,-0.07405100000000003,0.39573099999999994,0.23520600000000008,-0.032028999999999974,0.4128919999999999,0.3196240000000001,-0.026309000000000027,0.40589300000000006,0.30977099999999996,-0.06076699999999996,0.44208899999999995,0.32288599999999995,-0.032194,0.4324589999999999,0.31776199999999993,-0.05134,0.41241799999999995
387,3.86,0.30780499999999994,0.006496999999999975,0.42347599999999996,0.34430200000000005,0.04274100000000003,0.4859549999999999,0.37362500000000004,-0.04594900000000002,0.4266169999999999,0.303741,-0.074185,0.39560799999999996,0.235138,-0.032145000000000035,0.4127669999999999,0.31965499999999997,-0.026587000000000027,0.40556499999999995,0.30977800000000005,-0.06087499999999996,0.441916,0.32284299999999994,-0.032316999999999985,0.43217399999999995,0.31784299999999993,-0.05158700000000005,0.41222000000000003
388,3.87,0.30773199999999995,0.006265999999999994,0.42361099999999996,0.34422100000000005,0.042364999999999986,0.486247,0.3734650000000001,-0.04628099999999996,0.426712,0.303595,-0.07433700000000004,0.395567,0.23503099999999993,-0.032299999999999995,0.4126989999999999,0.319552,-0.027076999999999962,0.405037,0.30967800000000006,-0.06115000000000004,0.44159099999999996,0.322671,-0.03261200000000003,0.43169599999999997,0.31780899999999995,-0.05203799999999997,0.41185899999999986
389,3.88,0.30769399999999997,0.006108000000000002,0.423597,0.34411699999999995,0.042108000000000034,0.48622,0.3733300000000001,-0.04655199999999998,0.42685399999999996,0.3034510000000001,-0.07450899999999999,0.3955749999999999,0.234941,-0.03226899999999999,0.41263099999999997,0.319491,-0.027369000000000032,0.4045869999999999,0.309621,-0.06126100000000001,0.44131,0.32254900000000003,-0.03273799999999999,0.431287,0.31781,-0.05229499999999998,0.41154999999999997
390,3.89,0.307595,0.005871999999999988,0.4237139999999999,0.344141,0.041798999999999975,0.4863589999999999,0.37318999999999997,-0.04687400000000003,0.42685399999999996,0.30324100000000004,-0.07466,0.395543,0.23479900000000004,-0.03248799999999996,0.4127719999999999,0.31953499999999996,-0.027671000000000057,0.404257,0.30964699999999995,-0.06133200000000005,0.441187,0.32246199999999997,-0.032810000000000006,0.4310169999999999,0.31796299999999994,-0.052551000000000014,0.41140699999999986
391,3.9,0.3075710000000001,0.005786000000000013,0.423505,0.34427099999999994,0.041569999999999996,0.48614499999999994,0.373129,-0.046983,0.4264539999999999,0.30306399999999994,-0.07471,0.39524000000000004,0.23473799999999995,-0.03250399999999998,0.412605,0.31987799999999994,-0.02827200000000002,0.403841,0.3099009999999999,-0.06174000000000002,0.44092200000000004,0.322718,-0.03326000000000001,0.430639,0.3183099999999999,-0.053113999999999995,0.4111229999999999
392,3.91,0.30756900000000004,0.005683999999999967,0.42336299999999993,0.344358,0.04138700000000001,0.486024,0.37307399999999996,-0.047159000000000006,0.42615800000000004,0.302966,-0.07482300000000003,0.39502399999999993,0.23468899999999998,-0.03249100000000005,0.41250599999999993,0.320062,-0.028598000000000012,0.403548,0.310028,-0.06182500000000002,0.4408289999999999,0.3227529999999999,-0.033355000000000024,0.430403,0.318586,-0.053388999999999964,0.411018
393,3.92,0.30757300000000004,0.005554000000000003,0.423218,0.344443,0.04114599999999996,0.485885,0.37308100000000005,-0.04729800000000001,0.42593499999999995,0.3029220000000001,-0.074874,0.39473900000000006,0.234651,-0.03262599999999999,0.4123539999999999,0.3199499999999999,-0.02873500000000001,0.40319399999999994,0.30992800000000004,-0.06184299999999998,0.44058600000000003,0.322595,-0.03337899999999999,0.43007399999999996,0.3185280000000001,-0.05350100000000002,0.41076
394,3.93,0.3075989999999999,0.005535000000000012,0.42310899999999996,0.34449,0.04098999999999997,0.4858769999999999,0.373059,-0.04736299999999999,0.42568399999999995,0.30287000000000003,-0.07489800000000002,0.39453499999999997,0.23464800000000002,-0.032524,0.41214799999999996,0.32010600000000006,-0.029544000000000015,0.4025019999999999,0.31002599999999997,-0.062338000000000005,0.440153,0.32266,-0.03393600000000002,0.42943200000000004,0.31872000000000006,-0.054244000000000014,0.41028599999999993
395,3.94,0.30759600000000004,0.005498999999999976,0.4229069999999999,0.344501,0.040861000000000036,0.48570100000000005,0.37303899999999995,-0.047375,0.42539499999999997,0.30287500000000006,-0.074884,0.39425699999999997,0.234674,-0.032569000000000015,0.41190799999999994,0.31982399999999994,-0.029965999999999993,0.401822,0.30979300000000004,-0.06255100000000002,0.43966700000000003,0.32237600000000005,-0.03419100000000003,0.428779,0.31848100000000007,-0.05462100000000003,0.409755
396,3.95,0.307618,0.005485999999999991,0.42276,0.3445080000000001,0.040715999999999974,0.4856799999999999,0.373052,-0.047431999999999974,0.4251839999999999,0.302861,-0.07484599999999997,0.39395100000000005,0.234651,-0.03252200000000005,0.41159999999999997,0.31977000000000005,-0.030479000000000034,0.40126699999999993,0.30974000000000007,-0.06281600000000004,0.43932399999999994,0.3222730000000001,-0.034503000000000006,0.42826,0.318474,-0.05508000000000002,0.409374
397,3.96,0.30765400000000004,0.005515999999999965,0.42261099999999996,0.3445599999999999,0.040683000000000025,0.48557499999999987,0.3730710000000001,-0.047438000000000036,0.42498099999999994,0.302873,-0.07479600000000003,0.39375400000000005,0.234647,-0.032447000000000004,0.4114009999999999,0.31967399999999996,-0.031235000000000013,0.4004739999999999,0.30965400000000004,-0.06331300000000001,0.4387519999999999,0.322192,-0.03507899999999997,0.42749099999999995,0.31837299999999996,-0.05578099999999997,0.40874599999999994
398,3.97,0.3076050000000001,0.00550299999999998,0.42253300000000005,0.344589,0.040681999999999996,0.485494,0.37308,-0.04739399999999999,0.4247559999999999,0.30288,-0.07476300000000002,0.393513,0.23463400000000006,-0.03257399999999999,0.41141099999999997,0.319722,-0.031667,0.40015199999999995,0.309669,-0.063506,0.4386209999999999,0.322161,-0.035314999999999985,0.4272039999999999,0.3184660000000001,-0.056157999999999986,0.40859199999999996
399,3.98,0.30765899999999996,0.005589999999999984,0.42235999999999996,0.3446240000000001,0.04073100000000002,0.4852859999999999,0.37313900000000005,-0.047258999999999995,0.424539,0.30293700000000007,-0.074718,0.3934059999999999,0.23472200000000004,-0.032450000000000034,0.41126799999999997,0.318514,-0.02879799999999999,0.40051499999999995,0.30881,-0.06042100000000006,0.43925099999999995,0.320691,-0.03204499999999999,0.42764,0.31780400000000003,-0.05320800000000003,0.4092469999999999
400,3.99,0.30765899999999996,0.005649999999999988,0.422215,0.34463000000000005,0.04078900000000002,0.4851089999999999,0.37319399999999997,-0.04718,0.424361,0.30295600000000006,-0.07463199999999998,0.39318699999999995,0.23474,-0.032426999999999984,0.41118699999999997,0.31906399999999996,-0.030424000000000007,0.3997649999999999,0.309182,-0.06187499999999996,0.438596,0.321262,-0.03362100000000001,0.4268949999999999,0.3181810000000001,-0.054806999999999995,0.4085599999999999
401,4.0,0.3076670000000001,0.005653999999999992,0.4220799999999999,0.34465700000000005,0.04077200000000003,0.484951,0.37321200000000004,-0.047178,0.42416699999999996,0.3029650000000001,-0.074569,0.39298599999999995,0.234786,-0.03246399999999999,0.41109799999999996,0.31893200000000005,-0.030779,0.399019,0.309082,-0.062006000000000006,0.43803899999999996,0.321107,-0.033797999999999995,0.42617099999999997,0.318097,-0.05510700000000002,0.4079679999999999
402,4.01,0.307621,0.005686000000000024,0.4218869999999999,0.344671,0.040713,0.484812,0.373125,-0.047182,0.423856,0.302872,-0.074542,0.39270499999999986,0.23468700000000003,-0.03235199999999999,0.41087799999999985,0.3187379999999999,-0.030774999999999997,0.398736,0.30891300000000005,-0.061923000000000006,0.4378249999999999,0.32086699999999996,-0.033708000000000016,0.425901,0.31796700000000006,-0.05507899999999999,0.4077529999999999
403,4.02,0.30753900000000006,0.00570200000000004,0.42166099999999995,0.34469,0.04059299999999999,0.4846269999999999,0.37301,-0.047202999999999995,0.4234779999999999,0.302718,-0.07447300000000001,0.392374,0.23452999999999996,-0.032272999999999996,0.4106179999999999,0.3186480000000001,-0.031528999999999974,0.3980499999999999,0.30883200000000005,-0.06250300000000003,0.43728,0.32078,-0.03433899999999995,0.42522799999999994,0.3178830000000001,-0.05579299999999998,0.407177
404,4.03,0.30740800000000007,0.005686999999999998,0.421411,0.3447200000000001,0.040449999999999986,0.48433399999999993,0.372844,-0.04725400000000002,0.423029,0.30247000000000007,-0.07440799999999997,0.39193199999999995,0.23438900000000001,-0.03225899999999998,0.41049199999999997,0.31857300000000005,-0.032094999999999985,0.397548,0.30875500000000006,-0.062969,0.436855,0.32073900000000005,-0.034853999999999996,0.4247279999999999,0.31777400000000006,-0.05633899999999997,0.406725
405,4.04,0.30730300000000005,0.005710999999999966,0.42113,0.344759,0.040368000000000015,0.4840269999999999,0.37267900000000004,-0.04732399999999998,0.4226,0.30219100000000004,-0.07438500000000003,0.39161999999999997,0.23419300000000004,-0.03209200000000001,0.410289,0.31828400000000007,-0.03215399999999996,0.397207,0.30853,-0.06286200000000003,0.43665999999999994,0.320389,-0.034748,0.4244089999999999,0.31759699999999996,-0.05635000000000001,0.40651899999999996
406,4.05,0.307227,0.005657000000000023,0.42086900000000005,0.3448510000000001,0.04029299999999997,0.483673,0.37252,-0.04747599999999996,0.4222189999999999,0.301962,-0.07442199999999999,0.391398,0.23406600000000005,-0.032064999999999955,0.410199,0.3181190000000001,-0.032955999999999985,0.39647299999999996,0.3083740000000001,-0.06353999999999999,0.43602399999999997,0.32033799999999996,-0.03551599999999999,0.42366899999999996,0.3173350000000001,-0.05713099999999999,0.4058289999999999
407,4.06,0.307135,0.005649000000000015,0.42062299999999997,0.344945,0.04028499999999996,0.483355,0.3724070000000001,-0.047541,0.421793,0.301761,-0.07443899999999998,0.391184,0.23388500000000007,-0.032018999999999964,0.4101229999999999,0.317765,-0.03289599999999998,0.39622,0.308088,-0.06334099999999998,0.4358949999999999,0.319949,-0.03532099999999999,0.42343,0.3170720000000001,-0.057031,0.4056859999999999
408,4.07,0.307093,0.005645000000000011,0.4203969999999999,0.3450180000000001,0.04026200000000002,0.483062,0.37237099999999995,-0.047547000000000006,0.421415,0.3016419999999999,-0.07444600000000001,0.3910199999999999,0.23381899999999994,-0.032003000000000004,0.41001699999999996,0.317625,-0.033252000000000004,0.39579999999999993,0.30794800000000006,-0.06359300000000001,0.4355549999999999,0.31989400000000007,-0.03564700000000004,0.423006,0.3168539999999999,-0.05736999999999998,0.4053049999999999
409,4.08,0.307046,0.005641000000000007,0.42016699999999996,0.345091,0.04034600000000005,0.4827419999999999,0.372368,-0.047516,0.42110099999999995,0.30157799999999996,-0.07445600000000002,0.390846,0.23376599999999997,-0.03209200000000001,0.40994699999999995,0.31609500000000007,-0.029847000000000012,0.396486,0.30680099999999993,-0.06002700000000005,0.4364549999999999,0.31812,-0.03189500000000001,0.42374,0.315876,-0.05387700000000001,0.40623999999999993
410,4.09,0.30707200000000007,0.005689,0.41993999999999987,0.34511299999999995,0.04041299999999998,0.482467,0.3724009999999999,-0.047464000000000006,0.4208679999999999,0.301602,-0.07447000000000004,0.39065799999999995,0.23379099999999992,-0.03199100000000005,0.4098059999999999,0.316509,-0.031508000000000036,0.3957099999999999,0.307069,-0.061580000000000024,0.43572599999999995,0.318703,-0.03360599999999997,0.42294699999999996,0.316012,-0.05553999999999998,0.40544999999999987
411,4.1,0.3070420000000001,0.005684999999999996,0.419764,0.34512500000000007,0.04047299999999998,0.482225,0.37242899999999995,-0.047395999999999994,0.42060399999999987,0.301602,-0.074494,0.39050799999999986,0.23382200000000003,-0.032077999999999995,0.4097569999999999,0.31610699999999997,-0.031237999999999988,0.3954329999999999,0.30674299999999993,-0.06117100000000003,0.4355699999999999,0.31830200000000003,-0.033218000000000025,0.4226789999999999,0.31567399999999995,-0.055230999999999975,0.40527099999999994
412,4.11,0.307011,0.005705000000000016,0.41960299999999995,0.345131,0.04055599999999998,0.4820549999999999,0.37241300000000005,-0.04733200000000004,0.420381,0.30161199999999994,-0.07453400000000004,0.39037599999999995,0.2337970000000001,-0.032084,0.4096599999999999,0.31608200000000003,-0.03156300000000001,0.395231,0.306668,-0.06137100000000001,0.435449,0.318294,-0.03348200000000001,0.42247999999999997,0.315591,-0.055530000000000024,0.4051269999999999
413,4.12,0.30695600000000006,0.005712999999999968,0.41949099999999995,0.34517000000000003,0.04058499999999998,0.4819669999999999,0.3723640000000001,-0.04733200000000004,0.42009399999999997,0.30151999999999995,-0.07453700000000002,0.390165,0.23375800000000008,-0.03209200000000001,0.40962999999999994,0.31605600000000006,-0.03223300000000001,0.39479999999999993,0.306602,-0.061897000000000035,0.43511500000000003,0.318304,-0.034084,0.42205099999999995,0.315498,-0.05617,0.404764
414,4.13,0.306853,0.005703999999999987,0.41932899999999995,0.34518999999999994,0.040632,0.481827,0.37223900000000004,-0.047385999999999984,0.419794,0.301324,-0.07458100000000001,0.3899839999999999,0.233636,-0.03208700000000003,0.4095439999999999,0.315989,-0.03303499999999998,0.394246,0.30650000000000005,-0.06251899999999999,0.4346849999999999,0.318278,-0.03479600000000005,0.42149899999999996,0.315362,-0.056933999999999985,0.404297
415,4.14,0.3067039999999999,0.005623999999999962,0.419173,0.34517499999999995,0.040488000000000024,0.481684,0.372041,-0.04755199999999998,0.41947199999999996,0.30105600000000005,-0.07460499999999998,0.389771,0.23343200000000003,-0.03212300000000001,0.409423,0.315671,-0.03302500000000003,0.394041,0.30621100000000007,-0.062373999999999985,0.4345849999999999,0.3179410000000001,-0.03467700000000001,0.42130199999999995,0.31508700000000006,-0.056886999999999965,0.40418299999999996
416,4.15,0.306567,0.005524000000000029,0.41901900000000003,0.345211,0.04024100000000003,0.481499,0.371806,-0.04772700000000002,0.419222,0.300745,-0.07467000000000001,0.38955099999999987,0.23318499999999992,-0.032099000000000044,0.4093149999999999,0.31437600000000004,-0.030864000000000003,0.3943089999999999,0.30520299999999995,-0.06002200000000002,0.4350559999999999,0.316483,-0.03222200000000003,0.4216,0.31418700000000005,-0.05463899999999999,0.404668
417,4.16,0.306424,0.00544,0.4188679999999999,0.345266,0.03993199999999997,0.481345,0.37152199999999996,-0.04790300000000003,0.418917,0.3003740000000001,-0.07469800000000004,0.38928799999999997,0.23293999999999998,-0.03201699999999996,0.409172,0.31406799999999996,-0.031210000000000016,0.3940029999999999,0.304915,-0.060207999999999984,0.43486900000000006,0.31618700000000005,-0.032460000000000044,0.42129799999999995,0.313885,-0.05494399999999999,0.40445600000000004
418,4.17,0.306321,0.005319999999999991,0.418643,0.345188,0.039695000000000036,0.48106499999999996,0.371295,-0.04820399999999997,0.41874500000000003,0.300105,-0.07477899999999998,0.3891079999999999,0.23274299999999998,-0.031928999999999985,0.408971,0.3134120000000001,-0.031001999999999974,0.39369600000000005,0.30437600000000004,-0.05982599999999999,0.43470999999999993,0.31554999999999994,-0.03210999999999997,0.420995,0.313313,-0.054684999999999984,0.4042659999999999
419,4.18,0.30625699999999995,0.005253000000000008,0.41849499999999995,0.34522899999999995,0.03951199999999999,0.4809399999999999,0.3711630000000001,-0.048292999999999975,0.418509,0.29994100000000007,-0.07480700000000001,0.3888849999999999,0.23263400000000006,-0.031943,0.40879200000000004,0.31328300000000003,-0.03216000000000002,0.39313299999999995,0.304213,-0.06083500000000003,0.43424399999999996,0.31551900000000005,-0.033223,0.42042599999999997,0.313066,-0.055818000000000034,0.403755
420,4.19,0.30619899999999994,0.005257000000000012,0.4182999999999999,0.345118,0.039573000000000025,0.48070899999999994,0.37115800000000004,-0.048263,0.4183769999999999,0.29996300000000004,-0.07481100000000002,0.3886949999999999,0.23259100000000005,-0.03198699999999999,0.4086409999999999,0.312548,-0.031775,0.39302199999999987,0.30360399999999993,-0.06030000000000002,0.434265,0.314784,-0.03270099999999998,0.42032100000000006,0.31243899999999997,-0.05538399999999999,0.40375399999999995
421,4.2,0.30624599999999996,0.005278000000000005,0.41813900000000004,0.34511299999999995,0.039661,0.48056999999999994,0.371261,-0.04816999999999999,0.418288,0.30008700000000005,-0.07479999999999998,0.3885599999999999,0.23267200000000005,-0.03206199999999998,0.408427,0.31235699999999994,-0.03385900000000003,0.3920649999999999,0.30338499999999996,-0.062258000000000036,0.433388,0.31482499999999997,-0.034818000000000016,0.419342,0.31201300000000004,-0.05746600000000002,0.4027989999999999
422,4.21,0.306383,0.005288999999999988,0.418222,0.34533299999999995,0.039491,0.4808769999999999,0.37139000000000005,-0.04799600000000004,0.41815800000000003,0.300283,-0.07474700000000001,0.38842299999999996,0.23279200000000005,-0.03213699999999997,0.4082189999999999,0.311688,-0.03404299999999999,0.39183100000000004,0.30281300000000005,-0.06233300000000003,0.43325,0.31422500000000003,-0.034931000000000045,0.4191039999999999,0.311366,-0.05762100000000003,0.40262699999999996
423,4.22,0.3064360000000001,0.005325999999999997,0.41811199999999993,0.34529099999999996,0.03958099999999998,0.480793,0.371511,-0.04787999999999998,0.4180649999999999,0.300463,-0.07472900000000005,0.3883199999999999,0.232914,-0.032181000000000015,0.40807399999999994,0.309858,-0.03125300000000003,0.392413,0.3013590000000001,-0.05938399999999999,0.43401899999999993,0.312223,-0.03184500000000001,0.4197099999999999,0.31001300000000004,-0.05473799999999995,0.40341399999999994
424,4.23,0.3064259999999999,0.005301999999999973,0.41790399999999994,0.34518,0.039412999999999976,0.480494,0.37152599999999997,-0.04779800000000001,0.41793899999999995,0.300514,-0.07470700000000002,0.388116,0.2329750000000001,-0.03220700000000004,0.40785000000000005,0.30904000000000004,-0.03196700000000002,0.39175099999999996,0.30065099999999995,-0.05997400000000003,0.43346299999999993,0.311559,-0.032515000000000016,0.41903499999999994,0.309151,-0.05542999999999998,0.40279999999999994
425,4.24,0.30641599999999997,0.005265999999999993,0.4177089999999999,0.34505800000000003,0.039385,0.48034599999999994,0.371477,-0.04800399999999999,0.417909,0.30045799999999995,-0.07469399999999998,0.38793199999999994,0.2329170000000001,-0.032152000000000014,0.407559,0.30794800000000006,-0.03159700000000004,0.391417,0.29973500000000003,-0.059450999999999976,0.43326599999999993,0.31052699999999994,-0.03201999999999999,0.418698,0.30815599999999993,-0.055012000000000005,0.402566
426,4.25,0.30630700000000005,0.005227999999999955,0.417447,0.34490499999999996,0.03918699999999997,0.480101,0.3713020000000001,-0.04809399999999997,0.41769599999999996,0.30028800000000005,-0.07470100000000002,0.38758899999999996,0.23278400000000005,-0.03205999999999998,0.40722099999999994,0.3070979999999999,-0.03181800000000001,0.39097399999999993,0.29898600000000003,-0.05950699999999998,0.4329529999999999,0.30976,-0.032140999999999975,0.41824799999999995,0.307317,-0.05519199999999996,0.40220999999999996
427,4.26,0.306144,0.005203000000000013,0.41720599999999997,0.34470300000000004,0.03913500000000003,0.479869,0.371068,-0.048218999999999956,0.417419,0.3000509999999999,-0.07473400000000002,0.387347,0.23266599999999998,-0.031974,0.4070029999999999,0.30638099999999996,-0.03198999999999996,0.39064999999999994,0.298329,-0.05951400000000001,0.4327479999999999,0.30909500000000006,-0.03221299999999999,0.41791999999999996,0.30660399999999993,-0.05532100000000001,0.4019729999999999
428,4.27,0.30597599999999997,0.00515199999999999,0.4169829999999999,0.344552,0.03895399999999999,0.47974799999999995,0.370839,-0.04838100000000001,0.417196,0.29980899999999994,-0.07474999999999998,0.38696699999999995,0.232377,-0.031891,0.40665699999999994,0.3056090000000001,-0.03257699999999997,0.390011,0.297638,-0.05987800000000004,0.43226999999999993,0.30840700000000004,-0.03266999999999998,0.417273,0.30582499999999996,-0.05585200000000001,0.40144899999999994
429,4.28,0.3058020000000001,0.005063999999999957,0.416768,0.34430299999999997,0.03886400000000001,0.4795269999999999,0.37068399999999996,-0.048485,0.4169879999999999,0.299676,-0.07484599999999997,0.386749,0.2322340000000001,-0.03195100000000001,0.40645600000000004,0.30490999999999996,-0.033516999999999963,0.38932199999999995,0.296978,-0.06064000000000003,0.43170200000000003,0.3078199999999999,-0.03353499999999998,0.41657299999999997,0.305059,-0.05675600000000003,0.40083599999999997
430,4.29,0.305687,0.00500299999999998,0.4166129999999999,0.344169,0.03881000000000001,0.47941200000000006,0.37055200000000005,-0.04853400000000002,0.4168249999999999,0.29961,-0.07492600000000005,0.3865559999999999,0.232122,-0.03201000000000004,0.406269,0.30420299999999995,-0.03408,0.3887759999999999,0.29631899999999994,-0.06098999999999999,0.43130099999999993,0.307158,-0.033968,0.4160219999999999,0.304351,-0.05726300000000001,0.40040299999999995
431,4.3,0.305652,0.0049699999999999744,0.41648699999999994,0.344042,0.03874899999999998,0.4793179999999999,0.370546,-0.04851500000000003,0.41670799999999997,0.2996330000000001,-0.074988,0.386417,0.232141,-0.03203600000000001,0.4060889999999999,0.30351999999999996,-0.03483700000000001,0.3881699999999999,0.29566999999999993,-0.06152099999999999,0.430843,0.30652699999999994,-0.03459399999999996,0.4154089999999999,0.30365000000000003,-0.057960999999999985,0.3999109999999999
432,4.31,0.30560100000000007,0.0049960000000000004,0.41620599999999996,0.3437630000000001,0.03886600000000001,0.4789389999999999,0.37058700000000006,-0.048485,0.41663399999999995,0.299683,-0.07496599999999998,0.386242,0.232207,-0.032042000000000015,0.40586599999999995,0.30298600000000003,-0.03525800000000001,0.387852,0.29512599999999994,-0.06176599999999999,0.43063299999999993,0.30600900000000003,-0.03491299999999997,0.4150879999999999,0.303093,-0.058336,0.399683
433,4.32,0.305588,0.004977000000000009,0.416064,0.343617,0.03889400000000004,0.4787419999999999,0.370693,-0.048426000000000025,0.41655,0.29972100000000007,-0.07500200000000001,0.38630999999999993,0.23227499999999995,-0.03211600000000003,0.4057099999999999,0.30220299999999994,-0.034439,0.38798900000000003,0.294421,-0.06078,0.4308869999999999,0.30514800000000003,-0.03392799999999996,0.415231,0.302448,-0.057454000000000005,0.399942
434,4.33,0.305603,0.004977000000000009,0.4158479999999999,0.34353800000000007,0.03897400000000001,0.47848599999999997,0.370771,-0.048409000000000035,0.41649,0.299791,-0.074994,0.386178,0.23231399999999996,-0.032177999999999984,0.405486,0.30168999999999996,-0.03522900000000001,0.3874779999999999,0.293905,-0.06135799999999997,0.430505,0.3047100000000001,-0.034619999999999984,0.4147099999999999,0.30186299999999994,-0.05819500000000005,0.399524
435,4.34,0.30565400000000004,0.00495000000000001,0.415721,0.34358799999999995,0.03891899999999998,0.478394,0.37080700000000005,-0.048441999999999985,0.416423,0.29981700000000006,-0.07498499999999997,0.3860349999999999,0.232346,-0.032220000000000026,0.40527099999999994,0.301244,-0.03662499999999996,0.3867719999999999,0.29345399999999994,-0.062577,0.429905,0.30443800000000004,-0.03598699999999999,0.4139839999999999,0.3012540000000001,-0.05956499999999998,0.39886999999999995
436,4.35,0.305688,0.004820999999999964,0.41555299999999995,0.3434829999999999,0.03883599999999998,0.47825699999999993,0.370786,-0.048777000000000015,0.41654199999999997,0.29980899999999994,-0.07502799999999998,0.3857999999999999,0.23235,-0.032289999999999985,0.40502499999999997,0.300271,-0.03615900000000005,0.38664999999999994,0.292599,-0.06191000000000002,0.4299249999999999,0.303471,-0.035362000000000005,0.4138569999999999,0.30037600000000003,-0.05903400000000003,0.398871
437,4.36,0.30573100000000003,0.004750000000000032,0.41552199999999995,0.3434270000000001,0.038734999999999964,0.47816499999999995,0.370743,-0.04889199999999999,0.416446,0.29974799999999996,-0.07502399999999998,0.3856259999999999,0.23273400000000005,-0.03237699999999999,0.405139,0.29897199999999996,-0.03348200000000001,0.38744199999999995,0.29153900000000005,-0.05901300000000004,0.43088800000000005,0.301954,-0.03237800000000002,0.414662,0.29948100000000005,-0.05624100000000004,0.39986599999999994
438,4.37,0.30572799999999994,0.004699999999999982,0.41529099999999997,0.343393,0.038649000000000044,0.4780889999999999,0.37076400000000004,-0.04904999999999998,0.4164399999999999,0.299765,-0.07504900000000003,0.38539,0.23242499999999994,-0.03234500000000001,0.40460399999999996,0.29821100000000006,-0.034109999999999974,0.3869109999999999,0.290866,-0.05943999999999999,0.43049000000000004,0.301329,-0.03291700000000003,0.41411299999999995,0.298672,-0.056823999999999986,0.3994199999999999
439,4.38,0.3057250000000001,0.004642000000000035,0.4151659999999999,0.34338699999999994,0.03862199999999999,0.47798799999999997,0.37079900000000005,-0.04907000000000006,0.41631299999999993,0.29977400000000004,-0.07505400000000001,0.38520600000000005,0.23248600000000003,-0.03251599999999999,0.40445299999999995,0.29720700000000005,-0.033638,0.386788,0.290013,-0.058796000000000015,0.43049099999999996,0.300364,-0.032313000000000036,0.4139789999999999,0.297761,-0.05629400000000001,0.3993969999999999
440,4.39,0.30575,0.004649000000000014,0.4150309999999999,0.343377,0.038621000000000016,0.4778779999999999,0.3708590000000001,-0.04899999999999999,0.4161799999999999,0.29986299999999994,-0.07506400000000002,0.3850459999999999,0.23252500000000004,-0.03253900000000004,0.40427599999999997,0.29654200000000003,-0.03438399999999997,0.38631099999999985,0.28941200000000006,-0.05938300000000002,0.430115,0.299862,-0.03301599999999999,0.41347999999999996,0.29700299999999996,-0.057013000000000036,0.398972
441,4.4,0.305773,0.004671000000000036,0.414922,0.34337199999999996,0.038632,0.47778599999999993,0.37093400000000004,-0.048902999999999974,0.416029,0.29992599999999997,-0.07500499999999999,0.38490800000000003,0.23263000000000006,-0.03261200000000003,0.40413,0.2957680000000001,-0.03493999999999997,0.38588999999999996,0.28872100000000006,-0.05979099999999998,0.42979200000000006,0.299256,-0.03353499999999998,0.41303599999999996,0.29614599999999996,-0.05754400000000004,0.39859999999999995
442,4.41,0.30580499999999994,0.0046539999999999915,0.41481999999999997,0.343338,0.038638000000000006,0.477731,0.37098500000000006,-0.04886999999999997,0.415975,0.3000509999999999,-0.07502799999999998,0.38483100000000003,0.23267900000000002,-0.032677999999999985,0.40393899999999994,0.29481799999999997,-0.03354999999999997,0.38629199999999997,0.287927,-0.05828099999999997,0.430287,0.29828899999999997,-0.03201799999999999,0.41343299999999994,0.295345,-0.05610200000000004,0.399088
443,4.42,0.30584799999999995,0.004656000000000049,0.4147369999999999,0.34331300000000003,0.03868699999999997,0.477669,0.371044,-0.04882900000000001,0.41595399999999993,0.3001709999999999,-0.07507599999999998,0.3847909999999999,0.232736,-0.032691000000000026,0.4038149999999999,0.294132,-0.03396500000000002,0.38582799999999995,0.2873339999999999,-0.058506,0.42994299999999996,0.297765,-0.03236499999999998,0.412944,0.294591,-0.056477,0.39869600000000005
444,4.43,0.305857,0.004678999999999989,0.41467299999999996,0.34327900000000006,0.03875199999999995,0.47761,0.371075,-0.04874400000000001,0.415937,0.300302,-0.07506400000000002,0.38475099999999995,0.23275699999999994,-0.032735000000000014,0.403725,0.29367899999999997,-0.03446500000000002,0.38564299999999996,0.28691700000000003,-0.058879000000000015,0.42983399999999994,0.297468,-0.03284999999999999,0.4127369999999999,0.2940230000000001,-0.05695899999999998,0.39854599999999996
445,4.44,0.305957,0.004709999999999992,0.414612,0.343274,0.038878000000000024,0.477553,0.371184,-0.04863200000000001,0.41601199999999994,0.30053599999999997,-0.07515300000000003,0.384784,0.23288099999999995,-0.03271000000000002,0.40363899999999997,0.29296399999999995,-0.03444600000000003,0.3854439999999999,0.28630700000000003,-0.05879899999999999,0.4296849999999999,0.29692,-0.03284300000000001,0.41251499999999997,0.293244,-0.056937000000000015,0.39835599999999993
446,4.45,0.306101,0.004823999999999995,0.4145289999999999,0.34324799999999994,0.03912199999999999,0.477491,0.371331,-0.04842999999999997,0.41611999999999993,0.30086000000000007,-0.07516900000000004,0.384953,0.23305800000000004,-0.032616000000000034,0.40344899999999995,0.292421,-0.033862999999999976,0.3857569999999999,0.285831,-0.058165999999999995,0.430036,0.2964689999999999,-0.03225499999999998,0.4128139999999999,0.292673,-0.05634600000000001,0.398683
447,4.46,0.30617999999999995,0.0048479999999999634,0.414644,0.34323699999999996,0.03941799999999995,0.47744999999999993,0.37148200000000003,-0.048236,0.4163239999999999,0.301066,-0.07514300000000002,0.38514499999999996,0.23349500000000006,-0.03290799999999999,0.4038059999999999,0.29167499999999996,-0.034057000000000004,0.38550799999999985,0.2852139999999999,-0.05828099999999997,0.4298489999999999,0.295911,-0.03245399999999998,0.41253700000000004,0.291862,-0.056531,0.398451
448,4.47,0.306336,0.005132999999999999,0.414458,0.34319700000000003,0.03981000000000001,0.477345,0.37166800000000005,-0.048007999999999995,0.41650699999999996,0.301298,-0.07507599999999998,0.385289,0.23340199999999994,-0.03241700000000003,0.4033859999999999,0.291471,-0.03537300000000004,0.38513,0.28498799999999996,-0.05960700000000002,0.429462,0.29598299999999994,-0.03392400000000001,0.412122,0.29137799999999997,-0.05788399999999999,0.3980079999999999
449,4.48,0.306459,0.005188000000000026,0.414443,0.3432239999999999,0.04016700000000001,0.47725799999999996,0.371852,-0.04795100000000002,0.4168439999999999,0.3015219999999999,-0.07498299999999997,0.385451,0.23357299999999998,-0.03259599999999996,0.40339099999999994,0.290758,-0.03364199999999995,0.3858339999999999,0.28443100000000004,-0.05786000000000002,0.43019799999999997,0.295243,-0.03211999999999998,0.41282699999999994,0.2908260000000001,-0.05613400000000002,0.398745
450,4.49,0.30653900000000006,0.005446000000000006,0.4145,0.343181,0.040536000000000016,0.477263,0.37201999999999996,-0.04767600000000005,0.41701699999999997,0.301823,-0.07467200000000002,0.3855529999999999,0.23365399999999997,-0.032460000000000044,0.4034779999999999,0.29026199999999996,-0.032663,0.38628399999999996,0.284031,-0.05691999999999997,0.4306399999999999,0.294812,-0.031167999999999974,0.41326799999999997,0.29035099999999997,-0.05516700000000002,0.3991739999999999
451,4.5,0.30664399999999997,0.005587000000000009,0.414516,0.34318999999999994,0.04094399999999998,0.477189,0.372183,-0.047451999999999994,0.417249,0.30212,-0.07456100000000004,0.3858189999999999,0.233825,-0.03251699999999996,0.40355699999999994,0.289507,-0.03378300000000001,0.38542200000000004,0.28345899999999996,-0.057672,0.4300019999999999,0.2942759999999999,-0.03212100000000001,0.4123579999999999,0.28954700000000005,-0.05619300000000005,0.39847599999999994
452,4.51,0.30667099999999997,0.005866999999999956,0.4144929999999999,0.3431570000000001,0.04146099999999997,0.476946,0.3723389999999999,-0.047111000000000014,0.4174199999999999,0.30228099999999997,-0.07416400000000001,0.38610999999999995,0.23393000000000003,-0.032515000000000016,0.4036989999999999,0.289067,-0.033457000000000015,0.38577799999999995,0.283089,-0.05743499999999996,0.4303199999999999,0.29399400000000003,-0.031909999999999994,0.41269199999999995,0.289016,-0.05590600000000001,0.39876599999999995
453,4.52,0.3065900000000001,0.005705999999999989,0.41472399999999987,0.343158,0.041791999999999996,0.4769199999999999,0.37246299999999993,-0.046808000000000016,0.41755999999999993,0.30241599999999996,-0.07427800000000001,0.386428,0.23445299999999997,-0.033433000000000046,0.40438399999999997,0.288606,-0.033107,0.38592799999999994,0.28270600000000007,-0.057138999999999995,0.43045199999999995,0.29367800000000005,-0.031645000000000034,0.412821,0.288484,-0.05558099999999999,0.398871
454,4.53,0.306649,0.005979000000000012,0.4146789999999999,0.343146,0.042257000000000045,0.47678699999999996,0.37262500000000004,-0.046456,0.41765399999999997,0.30259299999999995,-0.07395800000000002,0.386509,0.23461500000000007,-0.03337899999999999,0.404413,0.287553,-0.03294800000000003,0.38589799999999996,0.281851,-0.056887999999999994,0.430496,0.292785,-0.03145300000000001,0.41275799999999996,0.287449,-0.055398999999999976,0.39888
455,4.54,0.306722,0.006135999999999975,0.41472599999999993,0.343177,0.042690000000000006,0.47671600000000003,0.37279599999999996,-0.04614099999999999,0.417778,0.30287500000000006,-0.07380199999999998,0.386636,0.234871,-0.03352200000000005,0.404648,0.2871580000000001,-0.03237200000000001,0.386212,0.281534,-0.05646800000000002,0.4307369999999999,0.292606,-0.03106399999999998,0.41303899999999993,0.28690999999999994,-0.05488399999999999,0.39908699999999997
456,4.55,0.30693300000000007,0.006510000000000016,0.41464899999999993,0.34317400000000003,0.043179999999999996,0.476606,0.37303499999999995,-0.04577399999999998,0.41795399999999994,0.30325299999999994,-0.07366700000000004,0.386829,0.23495700000000003,-0.032949000000000006,0.404562,0.286194,-0.031752,0.386394,0.28077199999999997,-0.05589500000000003,0.430917,0.2918450000000001,-0.03051799999999999,0.41318200000000005,0.28592499999999993,-0.054284000000000054,0.3992319999999999
457,4.56,0.307186,0.006887000000000032,0.41449199999999997,0.34315500000000004,0.04369899999999999,0.47647799999999996,0.37327899999999997,-0.04536499999999999,0.418172,0.30359699999999995,-0.07354499999999997,0.38702899999999996,0.23517800000000005,-0.03241299999999997,0.40425,0.2854320000000001,-0.030758000000000008,0.38676999999999995,0.280179,-0.05511900000000003,0.4311949999999999,0.291309,-0.029725999999999975,0.41351800000000005,0.285089,-0.053362999999999994,0.3994779999999999
458,4.57,0.30740700000000004,0.0072289999999999854,0.41442199999999996,0.343096,0.04420799999999997,0.4764299999999999,0.373589,-0.044938000000000033,0.418438,0.30399500000000007,-0.07345700000000005,0.38718699999999995,0.235365,-0.031974,0.404081,0.284692,-0.030557,0.38677799999999996,0.279587,-0.055035,0.431156,0.29080999999999996,-0.029683999999999988,0.413477,0.28423799999999994,-0.053205999999999976,0.3994049999999999
459,4.58,0.3074510000000001,0.007406000000000024,0.414404,0.3430480000000001,0.044688000000000005,0.4764019999999999,0.37383399999999994,-0.044516,0.4186859999999999,0.30439199999999994,-0.07304900000000003,0.38721099999999997,0.2355509999999999,-0.03241900000000003,0.4039489999999999,0.28392900000000004,-0.029876999999999987,0.38698599999999994,0.27898000000000006,-0.05456,0.431269,0.29025800000000007,-0.029196999999999973,0.413643,0.283402,-0.052591,0.3994929999999999
460,4.59,0.3076140000000001,0.00776300000000002,0.41431699999999994,0.342914,0.045152000000000025,0.47634199999999993,0.3740320000000001,-0.04408400000000001,0.41886999999999996,0.304757,-0.07285799999999998,0.387308,0.23576199999999997,-0.031999,0.403749,0.2832780000000001,-0.028905000000000014,0.387312,0.2784560000000001,-0.05380499999999999,0.4314859999999999,0.28975500000000004,-0.028399000000000008,0.41393599999999986,0.28271299999999994,-0.05168400000000001,0.399698
461,4.6,0.3076670000000001,0.008012999999999992,0.41435199999999994,0.3427820000000001,0.045592999999999995,0.4764449999999999,0.374199,-0.04369400000000001,0.41912099999999997,0.30511099999999997,-0.07248099999999996,0.387385,0.23592999999999992,-0.03210999999999997,0.403601,0.28290300000000007,-0.02914,0.38713999999999993,0.2781090000000001,-0.05416599999999999,0.4312459999999999,0.289592,-0.028828999999999994,0.41371500000000005,0.282148,-0.05196299999999998,0.39943399999999996
462,4.61,0.3077830000000001,0.00833299999999998,0.414276,0.3426240000000001,0.046043999999999974,0.47640899999999997,0.374372,-0.04323499999999997,0.41935599999999995,0.3054170000000001,-0.07233299999999998,0.38749900000000004,0.23610900000000007,-0.03179700000000002,0.40337299999999987,0.282452,-0.026578999999999964,0.38798199999999994,0.277823,-0.05174999999999996,0.43202300000000005,0.289128,-0.026285999999999976,0.41455999999999993,0.28185699999999997,-0.04943800000000004,0.4002189999999999
463,4.62,0.307947,0.008682999999999996,0.41420999999999986,0.342481,0.046487,0.47643899999999995,0.37455900000000003,-0.042823,0.4195849999999999,0.305784,-0.07206300000000004,0.38758399999999993,0.2363260000000001,-0.031460000000000043,0.40306699999999995,0.28212199999999993,-0.02604799999999996,0.38808600000000004,0.27752499999999997,-0.05143399999999998,0.4320069999999999,0.288981,-0.02598600000000001,0.41461899999999996,0.281368,-0.048972000000000016,0.40018999999999993
464,4.63,0.3082289999999999,0.009303999999999979,0.414052,0.34236400000000006,0.047020000000000006,0.47630399999999995,0.37476499999999996,-0.04235800000000001,0.41979599999999995,0.306108,-0.07186799999999999,0.3877139999999999,0.23637199999999997,-0.03018399999999999,0.402764,0.2820599999999999,-0.025532999999999972,0.388255,0.27747700000000003,-0.051044000000000034,0.43210499999999996,0.28902999999999995,-0.02561100000000005,0.414759,0.28120300000000004,-0.04849400000000004,0.4002809999999999
465,4.64,0.308301,0.009599000000000024,0.413952,0.342285,0.047541,0.4761279999999999,0.374986,-0.041898999999999964,0.4199099999999999,0.306499,-0.07154299999999997,0.38762399999999997,0.23653700000000005,-0.030177999999999983,0.402732,0.28161200000000003,-0.02487499999999998,0.3883629999999999,0.277114,-0.050619000000000025,0.43208599999999997,0.28877499999999995,-0.025184999999999957,0.41481499999999993,0.280631,-0.04790300000000003,0.40025299999999986
466,4.65,0.308397,0.009892999999999985,0.41384599999999994,0.342204,0.04810299999999995,0.4759,0.37522399999999995,-0.04142299999999999,0.41996199999999995,0.306814,-0.07131800000000005,0.387798,0.23680399999999996,-0.030093999999999954,0.40274,0.28137400000000007,-0.024936000000000014,0.38829499999999995,0.276917,-0.050794000000000006,0.43195399999999995,0.28871299999999994,-0.025414000000000048,0.4146949999999999,0.2802440000000001,-0.04799700000000001,0.400107
467,4.66,0.308545,0.010236000000000023,0.4135559999999999,0.34215900000000005,0.04869800000000002,0.47536999999999996,0.37547899999999995,-0.04092899999999999,0.41997699999999993,0.30720700000000006,-0.07106600000000002,0.38778899999999994,0.23705899999999996,-0.029874999999999985,0.40267699999999995,0.28060599999999997,-0.025275999999999965,0.387826,0.27628,-0.05127100000000001,0.43141700000000005,0.28825800000000007,-0.02599499999999999,0.41413199999999994,0.27926100000000004,-0.048373000000000055,0.39954499999999993
468,4.67,0.308641,0.010506000000000015,0.41335,0.342173,0.04926999999999998,0.4749159999999999,0.37579200000000007,-0.04039300000000001,0.41989699999999996,0.3075280000000001,-0.07081199999999999,0.387961,0.23731300000000005,-0.02992699999999998,0.40271500000000005,0.28004099999999993,-0.024644,0.38791699999999996,0.2758300000000001,-0.05087600000000003,0.43137799999999993,0.28788300000000006,-0.025588999999999973,0.41416,0.27859799999999996,-0.04780200000000001,0.39950299999999994
469,4.68,0.30879700000000004,0.010863999999999985,0.41319700000000004,0.34221700000000005,0.04992099999999999,0.474606,0.37613,-0.03979900000000003,0.4198249999999999,0.307969,-0.07054700000000003,0.38801300000000005,0.23761700000000002,-0.02981600000000001,0.402787,0.27979499999999996,-0.024490000000000012,0.38784799999999997,0.2756,-0.05094399999999999,0.431175,0.287847,-0.025710999999999984,0.41401599999999994,0.278136,-0.04770099999999999,0.39929799999999993
470,4.69,0.30900299999999997,0.011212999999999973,0.41307099999999997,0.342409,0.05056699999999997,0.47432299999999994,0.3764739999999999,-0.039210999999999996,0.419783,0.30839199999999994,-0.070297,0.38813299999999995,0.23791900000000005,-0.02971299999999999,0.40286999999999995,0.279753,-0.02294099999999999,0.38839,0.27559399999999995,-0.049711000000000005,0.43152599999999997,0.287923,-0.024422,0.41450699999999996,0.2779979999999999,-0.04623099999999997,0.399663
471,4.7,0.3091190000000001,0.011523000000000005,0.41296299999999997,0.34241499999999997,0.051134999999999986,0.47414899999999993,0.3767669999999999,-0.03864500000000004,0.419764,0.308831,-0.069992,0.388173,0.23816200000000004,-0.029739000000000015,0.402826,0.27951300000000007,-0.022369000000000028,0.38842599999999994,0.2753640000000001,-0.04947900000000005,0.43135,0.287912,-0.02422000000000002,0.414447,0.2775119999999999,-0.04573499999999997,0.39949900000000005
472,4.71,0.30927,0.01180199999999998,0.4128529999999999,0.342405,0.05164400000000002,0.47399900000000006,0.377037,-0.03814500000000004,0.419798,0.30924500000000005,-0.069778,0.3881999999999999,0.238473,-0.029696,0.40274599999999994,0.27965599999999996,-0.022314999999999974,0.38839499999999993,0.27547000000000005,-0.04954000000000003,0.4312419999999999,0.28820300000000004,-0.024366,0.41435199999999994,0.277452,-0.04569899999999999,0.39939199999999997
473,4.72,0.30932,0.011983000000000021,0.41274199999999994,0.342247,0.05200199999999999,0.47383299999999995,0.37722700000000003,-0.03774499999999997,0.419856,0.30954999999999994,-0.06964500000000001,0.38829800000000003,0.23866099999999996,-0.029710000000000014,0.402625,0.27946299999999996,-0.02185999999999999,0.38842200000000005,0.27528400000000003,-0.04940500000000003,0.43106600000000006,0.28821800000000003,-0.024263000000000035,0.41428,0.277028,-0.045308000000000015,0.39923399999999987
474,4.73,0.309336,0.012179999999999969,0.4126709999999999,0.34210599999999997,0.05223,0.4738319999999999,0.37732799999999994,-0.03740300000000002,0.41984699999999997,0.30978999999999995,-0.06949,0.38819499999999996,0.2387289999999999,-0.02960299999999999,0.40244199999999997,0.279723,-0.021967000000000014,0.38839499999999993,0.27548500000000004,-0.04965799999999998,0.43093799999999993,0.288603,-0.024587000000000026,0.4141889999999999,0.277087,-0.045435,0.399115
475,4.74,0.30929599999999996,0.012296000000000029,0.41254899999999994,0.34196200000000004,0.052407999999999955,0.473712,0.377391,-0.037107,0.41981899999999994,0.30991300000000005,-0.069305,0.38805999999999996,0.2388249999999999,-0.029725999999999975,0.40225199999999994,0.27968999999999994,-0.021388000000000018,0.38852999999999993,0.275449,-0.049460000000000004,0.43082200000000004,0.2887640000000001,-0.024399000000000004,0.41421399999999997,0.27682499999999993,-0.04492799999999997,0.3990309999999999
476,4.75,0.30922600000000006,0.01241399999999998,0.41246099999999997,0.3417569999999999,0.05261300000000002,0.4736999999999999,0.3774220000000001,-0.03684599999999999,0.419794,0.31008299999999994,-0.06913800000000003,0.3878719999999999,0.23886000000000002,-0.029830000000000023,0.402064,0.27976000000000006,-0.020909999999999984,0.38871199999999995,0.275514,-0.04928300000000002,0.430802,0.288978,-0.024227,0.414307,0.276719,-0.04450399999999999,0.39903999999999995
477,4.76,0.30903200000000003,0.01254999999999995,0.41219499999999987,0.34113599999999994,0.052983,0.4733299999999999,0.37745500000000004,-0.03657300000000002,0.419751,0.31020299999999995,-0.06903500000000001,0.3877459999999999,0.23894100000000001,-0.029845999999999984,0.40190199999999987,0.279641,-0.020504000000000022,0.38876199999999994,0.275438,-0.04917600000000005,0.43065299999999995,0.289031,-0.02412800000000004,0.41425199999999995,0.27643600000000007,-0.044148999999999994,0.398922
478,4.77,0.308966,0.012608000000000008,0.412145,0.340915,0.05304399999999998,0.47334699999999996,0.377508,-0.03631400000000001,0.41967699999999997,0.31036900000000006,-0.06893699999999997,0.38768999999999987,0.23901100000000003,-0.029976000000000003,0.4017219999999999,0.279433,-0.020403000000000004,0.38863499999999995,0.275286,-0.04932599999999998,0.43035999999999996,0.2890040000000001,-0.024309000000000025,0.41401599999999994,0.27606100000000006,-0.04408400000000001,0.39865699999999993
479,4.78,0.308904,0.012761999999999996,0.4119339999999999,0.34057600000000005,0.053346000000000005,0.47315799999999997,0.37759500000000007,-0.036019999999999996,0.419586,0.310517,-0.06885000000000002,0.3875599999999999,0.23912699999999992,-0.029934000000000016,0.40146799999999994,0.27915700000000004,-0.02041200000000004,0.388435,0.275078,-0.04957699999999998,0.42999699999999996,0.28892099999999993,-0.02460000000000001,0.413698,0.275616,-0.044124,0.39832599999999996
480,4.79,0.308915,0.012852999999999948,0.4117989999999999,0.3405040000000001,0.053522000000000014,0.473035,0.37769400000000003,-0.035741999999999996,0.4194979999999999,0.310698,-0.06878499999999999,0.38744100000000004,0.23924000000000006,-0.03001100000000001,0.401304,0.278916,-0.020208999999999977,0.38840300000000005,0.27490700000000007,-0.049655000000000005,0.42977299999999996,0.288851,-0.024684999999999957,0.41354899999999994,0.275232,-0.043962,0.39814099999999997
481,4.8,0.30892000000000003,0.013017999999999974,0.411621,0.340444,0.05377599999999999,0.4729049999999999,0.37779,-0.03542000000000001,0.41934799999999994,0.31086299999999994,-0.06864599999999998,0.3872619999999999,0.23930200000000007,-0.030003000000000002,0.40106299999999995,0.27859799999999996,-0.019198999999999966,0.3886949999999999,0.274712,-0.04902299999999998,0.4298049999999999,0.28868600000000005,-0.023978,0.41372399999999987,0.2748439999999999,-0.04302400000000001,0.3982279999999999
482,4.81,0.30891399999999997,0.013128000000000029,0.411505,0.340373,0.05389900000000003,0.47278700000000007,0.37788499999999997,-0.035092999999999985,0.41923,0.31111799999999995,-0.06848900000000002,0.386999,0.2394030000000001,-0.030107999999999968,0.40095100000000006,0.278384,-0.018830999999999987,0.3888539999999999,0.27454399999999995,-0.04899600000000004,0.42971899999999996,0.28862099999999996,-0.023931000000000036,0.41375799999999996,0.27448600000000006,-0.042708000000000024,0.39819799999999994
483,4.82,0.30895500000000004,0.01327900000000004,0.41136799999999996,0.340305,0.05414200000000002,0.47267099999999995,0.378005,-0.03476600000000002,0.41911999999999994,0.3113869999999999,-0.06838899999999998,0.386938,0.23950900000000003,-0.03008700000000003,0.400771,0.278102,-0.018511,0.3888769999999999,0.274338,-0.048965000000000036,0.42953399999999997,0.288484,-0.023880999999999986,0.4136639999999999,0.274094,-0.04242999999999997,0.398064
484,4.83,0.309012,0.013414999999999955,0.41120499999999993,0.340239,0.054373000000000005,0.47253,0.37817800000000007,-0.03440599999999999,0.41898,0.311671,-0.06828599999999996,0.386818,0.239693,-0.03013699999999997,0.400563,0.27785600000000005,-0.017823000000000033,0.389178,0.27411900000000006,-0.04868600000000001,0.42952899999999994,0.28837000000000007,-0.02355400000000002,0.4138289999999999,0.27370500000000003,-0.04180600000000001,0.398134
485,4.84,0.30905600000000005,0.013597000000000026,0.411064,0.340204,0.054674,0.47236999999999996,0.378369,-0.03397499999999998,0.41883099999999995,0.311966,-0.06812600000000002,0.386741,0.2398400000000001,-0.030177999999999983,0.40044100000000005,0.27770500000000004,-0.01728799999999997,0.389332,0.27400299999999994,-0.04847000000000001,0.42943999999999993,0.28832300000000005,-0.02329600000000004,0.41387299999999994,0.273453,-0.04132000000000002,0.3981079999999999
486,4.85,0.3091340000000001,0.013786999999999994,0.41093099999999994,0.34019499999999997,0.054972999999999994,0.4722099999999999,0.37862900000000005,-0.033518999999999965,0.41859999999999997,0.31232200000000004,-0.06793300000000002,0.38653399999999993,0.24010700000000001,-0.030244999999999966,0.40040699999999996,0.2775889999999999,-0.016737000000000002,0.38953399999999994,0.27385200000000004,-0.048304000000000014,0.42933599999999994,0.288317,-0.023111000000000048,0.4139339999999999,0.273156,-0.04081600000000002,0.39808599999999994
487,4.86,0.30919100000000005,0.013977000000000017,0.4107859999999999,0.34018,0.05530299999999999,0.47203399999999995,0.378866,-0.033047999999999966,0.41834799999999994,0.31266,-0.06772800000000001,0.38642200000000004,0.24034399999999995,-0.030345999999999984,0.40033799999999997,0.2769420000000001,-0.016421999999999992,0.38936400000000004,0.2732440000000001,-0.048355999999999955,0.4288759999999999,0.28784799999999994,-0.023177000000000003,0.413582,0.27231,-0.04053499999999999,0.3977139999999999
488,4.87,0.30923000000000006,0.014197999999999988,0.4106709999999999,0.340176,0.05557000000000001,0.47192599999999996,0.37908000000000003,-0.032555,0.418076,0.312938,-0.06751600000000002,0.38626499999999997,0.24051000000000006,-0.030337999999999976,0.4002579999999999,0.2766659999999999,-0.016407999999999978,0.38907999999999987,0.27292599999999995,-0.048628000000000005,0.42835599999999996,0.28767400000000004,-0.023470999999999964,0.413164,0.27185200000000004,-0.04054200000000002,0.3972659999999999
489,4.88,0.3092820000000001,0.014412999999999954,0.410485,0.340111,0.055854000000000015,0.471761,0.37929399999999996,-0.032082000000000055,0.4178759999999999,0.313227,-0.06731499999999996,0.3859769999999999,0.24073099999999997,-0.030342000000000036,0.40007099999999995,0.276553,-0.01589600000000002,0.389143,0.272765,-0.048456,0.42813199999999996,0.28760199999999997,-0.02324100000000001,0.4131229999999999,0.27163199999999993,-0.040076999999999974,0.39712099999999995
490,4.89,0.309285,0.014585999999999988,0.41034099999999996,0.340038,0.05610699999999996,0.471672,0.37947100000000006,-0.031638,0.417644,0.31344299999999997,-0.06714300000000001,0.38565399999999994,0.2409320000000001,-0.030427999999999955,0.39993199999999995,0.27675,-0.015479999999999994,0.38917999999999997,0.27286400000000005,-0.04831099999999999,0.427932,0.28777900000000006,-0.023036,0.4131029999999999,0.271751,-0.03970299999999999,0.3969839999999999
491,4.9,0.30932,0.01475000000000004,0.410154,0.339937,0.05631000000000003,0.471537,0.37969400000000003,-0.031242999999999965,0.41742999999999997,0.313688,-0.06699,0.38526399999999994,0.241137,-0.03045399999999998,0.3997339999999999,0.276769,-0.01545000000000002,0.388957,0.27279000000000003,-0.04853200000000002,0.427485,0.287804,-0.023229,0.4128059999999999,0.27166399999999996,-0.039700999999999986,0.39659999999999995
492,4.91,0.3093869999999999,0.015042,0.41006,0.339776,0.056479,0.47149799999999986,0.3798460000000001,-0.030799999999999994,0.4171459999999999,0.314312,-0.06627700000000003,0.38529099999999994,0.241334,-0.030520000000000047,0.39939199999999997,0.27683299999999994,-0.015162999999999982,0.3888189999999999,0.27275599999999994,-0.048507999999999996,0.42710899999999985,0.28787900000000005,-0.02317999999999998,0.41258399999999995,0.2716100000000001,-0.03944199999999998,0.396293
493,4.92,0.30941900000000006,0.01511800000000002,0.4098059999999999,0.339605,0.056526999999999994,0.471452,0.380037,-0.030405000000000015,0.41692299999999993,0.314595,-0.06637199999999999,0.384645,0.24152800000000002,-0.03053800000000001,0.39895899999999995,0.2765520000000001,-0.014759000000000022,0.388574,0.27243100000000003,-0.048429,0.4265739999999999,0.287658,-0.02307300000000001,0.41220899999999994,0.27119600000000005,-0.03907000000000005,0.3958489999999999
494,4.93,0.309472,0.015392000000000017,0.40968799999999994,0.339358,0.056618999999999975,0.471465,0.38022000000000006,-0.029980000000000007,0.416713,0.31515,-0.06566900000000003,0.38433799999999996,0.24178800000000006,-0.030619000000000007,0.398533,0.27672899999999995,-0.01491300000000001,0.38816399999999995,0.27248500000000003,-0.048763999999999974,0.42598900000000006,0.287865,-0.023455999999999977,0.41170299999999993,0.271198,-0.03921899999999995,0.3953239999999999
495,4.94,0.30948900000000007,0.01549600000000001,0.409581,0.33910599999999996,0.056618999999999975,0.471568,0.38036299999999995,-0.029577999999999993,0.41649400000000003,0.31551,-0.06561100000000003,0.383942,0.24205700000000002,-0.030629000000000017,0.3982049999999999,0.27660100000000004,-0.014444000000000012,0.3880079999999999,0.27230099999999996,-0.048624999999999974,0.42552899999999994,0.2878070000000001,-0.023309000000000024,0.41139400000000004,0.270909,-0.038771,0.39496600000000004
496,4.95,0.30945399999999995,0.015606999999999982,0.40944899999999995,0.3388060000000001,0.056676000000000004,0.4716469999999999,0.3805509999999999,-0.02916000000000002,0.41636699999999993,0.31585900000000006,-0.06531100000000001,0.38345799999999997,0.24227499999999996,-0.030889,0.39777300000000004,0.276766,-0.01424700000000001,0.387852,0.27234699999999995,-0.04869800000000002,0.425111,0.2880169999999999,-0.023414000000000046,0.4111,0.27088000000000007,-0.038576,0.39464
497,4.96,0.30954,0.015838999999999992,0.40925199999999995,0.338571,0.05674800000000002,0.47165599999999996,0.380724,-0.028768000000000016,0.4162269999999999,0.31622199999999995,-0.06504600000000005,0.383054,0.24250900000000003,-0.030698000000000003,0.3972429999999999,0.276414,-0.013676999999999995,0.38778199999999996,0.2720040000000001,-0.04846700000000004,0.42472599999999994,0.28775999999999996,-0.02315900000000004,0.4108569999999999,0.27039699999999994,-0.03802899999999998,0.39436799999999994
498,4.97,0.309559,0.015950999999999993,0.40922000000000003,0.33839400000000003,0.056777999999999995,0.47176300000000004,0.38089,-0.028441999999999967,0.416114,0.316575,-0.064834,0.38275099999999995,0.242686,-0.03077000000000002,0.39704700000000004,0.2755370000000001,-0.013527000000000011,0.38740300000000005,0.27121100000000004,-0.04859999999999998,0.42408899999999994,0.287031,-0.02329500000000001,0.410284,0.26939300000000005,-0.03788800000000003,0.39383899999999994
499,4.98,0.309541,0.016003999999999963,0.40914799999999996,0.33822599999999997,0.056847999999999954,0.47178999999999993,0.38103400000000004,-0.02811600000000003,0.4159689999999999,0.316884,-0.06467,0.38253199999999987,0.24286500000000005,-0.03101100000000001,0.396848,0.275294,-0.012999999999999956,0.387552,0.27094200000000007,-0.04841400000000001,0.423905,0.286843,-0.023065000000000002,0.4102769999999999,0.26903800000000005,-0.03738800000000003,0.39377300000000004
500,4.99,0.309575,0.016102000000000005,0.40908100000000003,0.33804700000000004,0.05698700000000001,0.47179899999999997,0.38118899999999994,-0.027812000000000003,0.415961,0.3172150000000001,-0.064523,0.382409,0.24304999999999993,-0.03110799999999997,0.396648,0.2747,-0.01258999999999999,0.38762799999999986,0.27043999999999996,-0.048288,0.4237139999999999,0.28632700000000005,-0.022857000000000016,0.410222,0.26842800000000006,-0.03701599999999999,0.3936799999999999
501,5.0,0.309668,0.016181999999999974,0.40901299999999996,0.3378790000000001,0.057174999999999976,0.4718149999999999,0.38136699999999996,-0.02751500000000001,0.41613,0.31756899999999993,-0.06443399999999999,0.38243499999999997,0.24330499999999994,-0.03123999999999999,0.39636000000000005,0.274137,-0.011981999999999993,0.387957,0.26994999999999997,-0.04802000000000001,0.42371099999999995,0.285838,-0.022494999999999987,0.41039899999999996,0.2678350000000001,-0.036451999999999984,0.393798
502,5.01,0.309745,0.016239999999999977,0.4090079999999999,0.33760700000000005,0.057377999999999985,0.471869,0.3815420000000001,-0.027299000000000018,0.416419,0.317934,-0.064394,0.3825169999999999,0.24355,-0.03133399999999997,0.396193,0.272948,-0.011073,0.38833699999999993,0.26896500000000007,-0.04749600000000004,0.42372199999999993,0.28479499999999996,-0.02184999999999998,0.41057600000000005,0.26665,-0.03559599999999996,0.3939539999999999
503,5.02,0.309858,0.016305999999999987,0.408957,0.337413,0.057529,0.4718969999999999,0.38165999999999994,-0.027112000000000025,0.41676199999999997,0.31827599999999995,-0.06435200000000002,0.38262699999999994,0.243736,-0.03137000000000001,0.39586199999999994,0.2717730000000001,-0.010340999999999989,0.38868999999999987,0.26794499999999993,-0.04711900000000002,0.4237239999999999,0.28377199999999997,-0.02140599999999998,0.41070399999999996,0.26541300000000007,-0.03489399999999998,0.39410500000000004
504,5.03,0.30989400000000006,0.016298000000000035,0.408942,0.33712900000000007,0.057640000000000025,0.4719929999999999,0.38174100000000005,-0.02696599999999999,0.4170409999999999,0.318568,-0.06435999999999997,0.38270799999999994,0.24393899999999996,-0.031544000000000016,0.39558899999999997,0.270545,-0.009303000000000006,0.389223,0.26686099999999996,-0.046483,0.42384599999999995,0.282711,-0.02071299999999998,0.4109689999999999,0.264087,-0.03387899999999999,0.394408
505,5.04,0.30986299999999994,0.01628200000000002,0.40889300000000006,0.336741,0.057638999999999996,0.47202299999999997,0.38178300000000004,-0.02683800000000003,0.41728299999999996,0.31881600000000004,-0.06431499999999996,0.38265499999999997,0.24407799999999996,-0.03169500000000003,0.3953009999999999,0.269851,-0.008386000000000005,0.389799,0.266183,-0.04593300000000006,0.42402399999999996,0.282121,-0.020140000000000047,0.4113009999999999,0.263245,-0.03297,0.39475899999999997
506,5.05,0.309857,0.016303999999999985,0.40891999999999995,0.336374,0.057620000000000005,0.47217599999999993,0.38183300000000003,-0.026704000000000006,0.41748399999999986,0.3190720000000001,-0.06425600000000004,0.38268499999999994,0.24424099999999999,-0.03173300000000001,0.39505499999999993,0.269279,-0.007846999999999993,0.390018,0.26555499999999993,-0.045702999999999994,0.4238949999999999,0.281641,-0.019955,0.4112699999999999,0.2624560000000001,-0.03240700000000002,0.3947959999999999
507,5.06,0.30978599999999995,0.016263999999999945,0.40891200000000005,0.33599000000000007,0.057515999999999956,0.47230799999999995,0.3818439999999999,-0.026587000000000027,0.41770699999999994,0.31924100000000005,-0.06421899999999997,0.38255300000000003,0.2443260000000001,-0.03190399999999999,0.3947379999999999,0.268882,-0.00740200000000002,0.390201,0.265136,-0.04550499999999996,0.423798,0.28129999999999994,-0.01975300000000002,0.4112809999999999,0.26194200000000006,-0.03195899999999996,0.39482499999999987
508,5.07,0.30977099999999996,0.016253000000000017,0.40901199999999993,0.33573000000000003,0.05740099999999998,0.47263199999999994,0.38187199999999993,-0.026500999999999997,0.41787299999999994,0.319463,-0.06414899999999996,0.382443,0.24443200000000004,-0.03200399999999998,0.39449999999999996,0.26876099999999997,-0.00745800000000002,0.38992899999999997,0.264885,-0.04574100000000003,0.423307,0.28119999999999995,-0.020054000000000016,0.41085000000000005,0.26162900000000006,-0.03198099999999998,0.39444199999999996
509,5.08,0.30984000000000006,0.01634000000000002,0.40901199999999993,0.335448,0.057232000000000005,0.4729549999999999,0.38192200000000004,-0.026355000000000017,0.4180219999999999,0.31971600000000006,-0.064023,0.3822129999999999,0.24460900000000002,-0.031857000000000024,0.3939449999999999,0.26880200000000004,-0.007443000000000033,0.38967399999999996,0.264827,-0.045867999999999964,0.4228759999999999,0.28122299999999995,-0.020186000000000037,0.410516,0.261581,-0.03195899999999996,0.394081
510,5.09,0.3098600000000001,0.016322000000000003,0.4090889999999999,0.335177,0.05707099999999998,0.473364,0.38197299999999995,-0.02626099999999998,0.4181799999999999,0.31999000000000005,-0.06390599999999996,0.381977,0.24480700000000005,-0.03201399999999999,0.39352699999999996,0.269372,-0.007357000000000002,0.38956899999999994,0.26522000000000007,-0.04591599999999996,0.422593,0.281711,-0.02022299999999999,0.41038399999999997,0.262078,-0.03187400000000001,0.393852
511,5.1,0.309873,0.016315000000000024,0.409053,0.334852,0.056882000000000044,0.4736699999999999,0.38205700000000004,-0.026097000000000037,0.4182269999999999,0.3203289999999999,-0.06378400000000001,0.381567,0.245025,-0.03216599999999997,0.39297899999999986,0.269426,-0.007610000000000006,0.3889839999999999,0.26517300000000005,-0.04627000000000003,0.42187699999999995,0.281742,-0.020592999999999972,0.40974,0.262051,-0.03211600000000003,0.393188
512,5.11,0.3099009999999999,0.016322000000000003,0.40873499999999996,0.334459,0.05658599999999997,0.47338199999999997,0.38215099999999996,-0.02599299999999999,0.418129,0.320594,-0.06364700000000001,0.381177,0.245211,-0.03209000000000001,0.392374,0.269689,-0.007554999999999978,0.3887799999999999,0.265346,-0.046348,0.421505,0.28196899999999997,-0.020648999999999973,0.409489,0.262267,-0.032064999999999955,0.392875
513,5.12,0.309857,0.016247999999999985,0.408601,0.334239,0.05631699999999995,0.4735649999999999,0.38225900000000007,-0.025888999999999995,0.41782600000000003,0.32086600000000004,-0.063529,0.380533,0.24532700000000002,-0.032358,0.391879,0.269464,-0.007523000000000002,0.3883559999999999,0.26511100000000004,-0.04647000000000001,0.42089599999999994,0.28178,-0.02077000000000001,0.4089449999999999,0.26196800000000003,-0.03202700000000003,0.39235399999999987
514,5.13,0.3098300000000001,0.01612399999999997,0.40828299999999995,0.333976,0.05588599999999999,0.473332,0.38237099999999996,-0.025830999999999993,0.41746399999999995,0.321151,-0.06337800000000005,0.37987099999999996,0.245489,-0.03261400000000003,0.391336,0.26928,-0.0072570000000000134,0.388197,0.264932,-0.04639000000000004,0.420513,0.2816469999999999,-0.020686000000000038,0.4086369999999999,0.2617,-0.03175300000000003,0.3920799999999999
515,5.14,0.309822,0.016015,0.4081419999999999,0.333844,0.055574999999999986,0.4735539999999999,0.3824499999999999,-0.025775999999999966,0.41712899999999997,0.321358,-0.06335099999999999,0.37939199999999995,0.245601,-0.03285900000000003,0.39073199999999997,0.26930800000000005,-0.0072409999999999974,0.38792099999999996,0.2649230000000001,-0.046535999999999966,0.42003499999999994,0.2817239999999999,-0.020869000000000026,0.408199,0.261597,-0.03171099999999999,0.39171100000000003
516,5.15,0.30978900000000004,0.015828999999999982,0.4079259999999999,0.333672,0.05524800000000002,0.47345799999999993,0.38255,-0.02574800000000005,0.416941,0.321657,-0.06326599999999999,0.37882499999999997,0.24571000000000004,-0.03332600000000002,0.3902819999999999,0.269191,-0.0070510000000000295,0.387741,0.264813,-0.046528000000000014,0.4196319999999999,0.28167499999999995,-0.020880999999999983,0.40784,0.261368,-0.031501,0.3914289999999999
517,5.16,0.309734,0.015681999999999974,0.40778599999999987,0.3333930000000001,0.054962999999999984,0.47351699999999997,0.382631,-0.02568300000000001,0.41679200000000005,0.321877,-0.06317899999999999,0.3783669999999999,0.245909,-0.033721,0.389829,0.269531,-0.0069170000000000065,0.38771500000000003,0.26509200000000005,-0.046572,0.4193769999999999,0.282036,-0.020940999999999987,0.40766499999999994,0.261593,-0.03134799999999999,0.3912859999999999
518,5.17,0.30972799999999995,0.015685999999999978,0.407701,0.33326000000000006,0.05477700000000002,0.47356299999999996,0.38276099999999996,-0.025510000000000033,0.416563,0.3220800000000001,-0.06297599999999998,0.3780739999999999,0.246052,-0.033862,0.38952,0.26974500000000007,-0.006823999999999997,0.387621,0.26525099999999996,-0.04666100000000001,0.4190449999999999,0.282283,-0.02105800000000002,0.4074009999999999,0.261677,-0.031227999999999978,0.391077
519,5.18,0.309702,0.015602000000000005,0.40758399999999995,0.333154,0.054678000000000004,0.473557,0.3828869999999999,-0.02536299999999997,0.41639099999999996,0.32229,-0.062867,0.377765,0.24619700000000005,-0.03424699999999997,0.38924400000000003,0.26984100000000005,-0.006649999999999989,0.38757299999999995,0.26532399999999995,-0.04667600000000005,0.4187519999999999,0.28241900000000003,-0.021081000000000016,0.4071849999999999,0.261669,-0.031036000000000008,0.3909109999999999
520,5.19,0.30970500000000006,0.015734000000000026,0.40748299999999993,0.33310900000000004,0.054696999999999996,0.473637,0.3830029999999999,-0.025044999999999984,0.41607799999999995,0.322494,-0.06264399999999998,0.377582,0.24625400000000003,-0.03424100000000002,0.38889300000000004,0.26977999999999996,-0.006467999999999974,0.387547,0.265267,-0.046684999999999977,0.41847999999999996,0.28241,-0.021089999999999998,0.4069829999999999,0.261515,-0.030837999999999977,0.39076900000000003
521,5.2,0.309683,0.015720000000000012,0.40740199999999993,0.333111,0.05473499999999998,0.47363,0.383136,-0.024832999999999994,0.41578899999999996,0.3226759999999999,-0.0625,0.37732999999999994,0.24640199999999995,-0.03455800000000003,0.3888059999999999,0.26975199999999994,-0.006197000000000008,0.387605,0.265245,-0.04661399999999999,0.41827800000000004,0.28243100000000004,-0.021011999999999975,0.40686199999999995,0.2614,-0.030554000000000026,0.390702
522,5.21,0.309637,0.015832000000000013,0.40735699999999997,0.3330889999999999,0.054842999999999975,0.4737239999999999,0.383237,-0.024565000000000003,0.41555200000000003,0.322761,-0.06226899999999996,0.377042,0.246446,-0.03465299999999999,0.3886709999999999,0.269777,-0.005970000000000031,0.38762299999999994,0.265234,-0.046582999999999986,0.4180299999999999,0.282496,-0.020999999999999963,0.4066859999999999,0.26130099999999995,-0.03029900000000002,0.3905979999999999
523,5.22,0.309579,0.015971000000000013,0.4073089999999999,0.33299299999999993,0.05490499999999998,0.47379799999999994,0.38324299999999994,-0.024233000000000005,0.41534899999999997,0.322877,-0.062089000000000005,0.3767849999999999,0.24652500000000005,-0.03461500000000001,0.3885219999999999,0.26993300000000003,-0.005753000000000008,0.38766899999999993,0.26532300000000003,-0.04655500000000001,0.41781199999999996,0.282676,-0.020999999999999963,0.406543,0.2613210000000001,-0.030048999999999992,0.39052299999999995
524,5.23,0.30951599999999996,0.016114000000000017,0.407332,0.332825,0.055064,0.473928,0.3832959999999999,-0.02388199999999996,0.41530999999999996,0.323046,-0.06182300000000002,0.37669600000000003,0.24663699999999994,-0.03470300000000004,0.3884099999999999,0.270677,-0.005691999999999975,0.38765499999999997,0.26576099999999997,-0.04670099999999999,0.41746799999999995,0.28337400000000007,-0.021293000000000006,0.406269,0.26174500000000006,-0.029889,0.39036899999999997
525,5.24,0.3095280000000001,0.016394999999999993,0.407408,0.33253499999999997,0.055362999999999996,0.474108,0.383404,-0.023424,0.41554199999999997,0.3233350000000001,-0.06151500000000004,0.37671299999999996,0.24684500000000004,-0.03454299999999999,0.38829899999999995,0.27081700000000003,-0.005299999999999971,0.38781699999999997,0.26577199999999995,-0.046535999999999966,0.417293,0.2835180000000001,-0.021177999999999975,0.4061929999999999,0.26169800000000004,-0.029444000000000026,0.39037900000000003
526,5.25,0.309583,0.016681,0.40729899999999997,0.33224099999999995,0.055694999999999995,0.47377899999999995,0.38361000000000006,-0.02276800000000001,0.4158829999999999,0.32378599999999996,-0.061128000000000016,0.376842,0.24712499999999998,-0.034528,0.38817899999999994,0.27102199999999993,-0.0049919999999999964,0.38795100000000005,0.26577900000000004,-0.046464000000000005,0.41705799999999993,0.283703,-0.021186000000000038,0.4060609999999999,0.261666,-0.029061000000000003,0.39035
527,5.26,0.30972799999999995,0.01710999999999996,0.407535,0.331926,0.05629299999999998,0.47416099999999994,0.3838460000000001,-0.022160999999999986,0.41635500000000003,0.324281,-0.060826999999999964,0.37732199999999994,0.24747399999999992,-0.03417700000000001,0.38816300000000004,0.2705,-0.0038569999999999993,0.3887179999999999,0.265319,-0.045638999999999985,0.41739099999999996,0.28323400000000004,-0.02026699999999998,0.40659599999999996,0.26111900000000005,-0.02793800000000002,0.3908919999999999
528,5.27,0.309915,0.01760999999999996,0.4076989999999999,0.3317630000000001,0.05695,0.4740699999999999,0.38408500000000007,-0.021465000000000012,0.4169209999999999,0.324691,-0.06049100000000002,0.377942,0.24781800000000004,-0.033681000000000016,0.38847699999999996,0.26934699999999995,-0.002923000000000009,0.389255,0.2642630000000001,-0.04503099999999999,0.41746399999999995,0.28218400000000005,-0.019609000000000043,0.40680099999999986,0.259878,-0.026986999999999983,0.3912279999999999
529,5.28,0.31010600000000005,0.018102000000000007,0.4080349999999999,0.33162299999999995,0.057977,0.474278,0.38428,-0.020874999999999977,0.4176559999999999,0.325088,-0.06034099999999998,0.3788389999999999,0.248145,-0.03325499999999998,0.38901300000000005,0.2684600000000001,-0.001515000000000044,0.39041899999999996,0.26343,-0.043989999999999974,0.41808100000000004,0.28136600000000006,-0.01848700000000003,0.4076369999999999,0.25891800000000004,-0.02556900000000001,0.392131
530,5.29,0.31030399999999997,0.01849500000000004,0.40835,0.33142599999999994,0.05876500000000001,0.47434599999999993,0.384449,-0.02043800000000001,0.41859099999999994,0.325324,-0.060311000000000003,0.37983100000000003,0.24844799999999995,-0.032777,0.389494,0.26694499999999993,0.00011699999999997823,0.39167700000000005,0.262083,-0.04274499999999998,0.41876599999999997,0.279978,-0.017135999999999985,0.408516,0.25735900000000006,-0.023936999999999986,0.39313299999999995
531,5.3,0.310228,0.018657999999999952,0.4087949999999999,0.331135,0.05959500000000001,0.47453,0.3844220000000001,-0.020033000000000023,0.41960299999999995,0.325486,-0.06037100000000001,0.380992,0.24846700000000005,-0.03294500000000006,0.39018299999999995,0.265522,0.0018710000000000115,0.39312499999999995,0.2607669999999999,-0.041385000000000005,0.4196,0.278658,-0.01568900000000001,0.4095599999999999,0.255855,-0.02216499999999999,0.39430999999999994
532,5.31,0.310194,0.01871299999999998,0.4090649999999999,0.3306860000000001,0.06022299999999997,0.474437,0.38444300000000003,-0.019787999999999972,0.4205939999999999,0.3256759999999999,-0.06046099999999999,0.3819969999999999,0.24866099999999997,-0.03315000000000001,0.39072299999999993,0.26437000000000005,0.0033909999999999774,0.3943629999999999,0.25967599999999996,-0.040190000000000003,0.4203109999999999,0.277576,-0.01442600000000005,0.4104629999999999,0.25462900000000005,-0.020626000000000033,0.3953129999999999
533,5.32,0.3100760000000001,0.018772999999999984,0.40971199999999997,0.33029400000000003,0.060767000000000015,0.4750209999999999,0.38431600000000005,-0.01953900000000003,0.42174,0.325748,-0.06053700000000001,0.383165,0.24870799999999998,-0.03337100000000004,0.39133299999999993,0.2632529999999999,0.004962000000000022,0.39558899999999997,0.25859000000000004,-0.03894399999999998,0.42099,0.27651300000000006,-0.013117999999999963,0.41134799999999994,0.253427,-0.019028999999999963,0.39629499999999995
534,5.33,0.3099950000000001,0.018815000000000026,0.410246,0.32977400000000007,0.061221000000000025,0.475394,0.38417300000000004,-0.019452999999999998,0.423102,0.32583,-0.060690999999999995,0.384255,0.24865900000000002,-0.033398999999999957,0.3918099999999999,0.26202699999999995,0.006498000000000004,0.39679299999999995,0.257457,-0.037702999999999987,0.421693,0.27535000000000004,-0.011775000000000035,0.412273,0.25218999999999997,-0.01749400000000001,0.39725900000000003
535,5.34,0.30987500000000007,0.018849999999999978,0.410818,0.32925299999999996,0.061650999999999956,0.475904,0.38402699999999995,-0.019179,0.42425199999999996,0.326011,-0.06073299999999998,0.3853199999999999,0.24877100000000002,-0.03364700000000004,0.392259,0.26143,0.007828000000000002,0.39788,0.25680600000000003,-0.03662900000000002,0.42230999999999996,0.27474400000000004,-0.01064799999999999,0.413126,0.25153,-0.016141000000000016,0.3981119999999999
536,5.35,0.309842,0.018934000000000006,0.4113539999999999,0.328752,0.06203500000000001,0.4764209999999999,0.38401900000000005,-0.01890599999999998,0.425372,0.32621700000000003,-0.06062600000000001,0.38609499999999997,0.249075,-0.03384799999999999,0.39263899999999996,0.2606530000000001,0.008844000000000019,0.39845600000000003,0.25601100000000004,-0.03581899999999999,0.42250299999999996,0.273974,-0.009792000000000023,0.4135,0.250708,-0.01510800000000001,0.39850299999999994
537,5.36,0.31016800000000005,0.01970099999999997,0.41180399999999995,0.328278,0.06247199999999997,0.47696099999999997,0.38413400000000003,-0.018345,0.426345,0.32681,-0.059962000000000015,0.3868299999999999,0.24949900000000008,-0.032582000000000055,0.39256999999999986,0.26096500000000006,0.009548000000000001,0.3990459999999999,0.256137,-0.03526400000000002,0.42277599999999993,0.274194,-0.009224999999999983,0.41400099999999995,0.250956,-0.014376999999999973,0.39890199999999987
538,5.37,0.310178,0.019938999999999985,0.412297,0.32787099999999997,0.062996,0.47746500000000003,0.384292,-0.01768900000000001,0.4272889999999999,0.327336,-0.05958800000000003,0.3875679999999999,0.24979,-0.032845999999999986,0.3928379999999999,0.26111500000000004,0.009983999999999993,0.399289,0.25611599999999995,-0.034953999999999985,0.42274599999999996,0.27426500000000004,-0.008917999999999981,0.4141499999999999,0.251033,-0.013909000000000005,0.39898900000000004
539,5.38,0.310209,0.02038000000000001,0.41279599999999994,0.32757200000000003,0.063577,0.47802599999999995,0.38438900000000004,-0.01669799999999999,0.428053,0.32792400000000005,-0.059018000000000015,0.38826499999999997,0.2501910000000001,-0.03289500000000001,0.39306399999999997,0.2614410000000001,0.010572000000000026,0.3998149999999999,0.256284,-0.03451000000000004,0.42296100000000003,0.27450900000000006,-0.008452999999999988,0.414593,0.251314,-0.013299999999999979,0.399327
540,5.39,0.31036900000000006,0.02070500000000003,0.41315199999999996,0.3272730000000001,0.06420200000000004,0.47835399999999995,0.38466800000000007,-0.016089999999999993,0.428836,0.328413,-0.058815000000000006,0.38887400000000005,0.25060200000000005,-0.03277000000000002,0.39336000000000004,0.261854,0.01084999999999997,0.40014099999999997,0.25647799999999993,-0.03434799999999999,0.42300799999999994,0.274828,-0.008326,0.414805,0.251616,-0.012969999999999982,0.39950399999999997
541,5.4,0.31036900000000006,0.020981000000000027,0.413624,0.327103,0.064745,0.4787379999999999,0.38481499999999996,-0.015251999999999988,0.42943200000000004,0.32888599999999996,-0.05846599999999996,0.38947199999999993,0.250968,-0.032996000000000025,0.3939349999999999,0.26138900000000004,0.010811999999999988,0.39932100000000004,0.255933,-0.03445300000000001,0.422037,0.2743640000000001,-0.008494999999999975,0.4138099999999999,0.251017,-0.012950000000000017,0.39865799999999996
542,5.41,0.310397,0.02122400000000002,0.41383099999999995,0.326933,0.06531899999999996,0.4788629999999999,0.385037,-0.014687000000000006,0.42982200000000004,0.329242,-0.05813099999999999,0.389845,0.251214,-0.03316999999999998,0.394238,0.262079,0.011121999999999965,0.3997989999999999,0.25634299999999993,-0.034265000000000045,0.42220100000000005,0.274948,-0.00838899999999998,0.41410899999999995,0.251524,-0.01255400000000001,0.39899399999999996
543,5.42,0.310448,0.02148699999999998,0.414034,0.326968,0.065857,0.4790399999999999,0.385217,-0.014077000000000006,0.4301179999999999,0.32952,-0.05784299999999998,0.3901469999999999,0.251403,-0.03329600000000005,0.39449299999999987,0.261817,0.011554000000000009,0.3997029999999999,0.255963,-0.03395300000000001,0.421828,0.27467,-0.008138000000000034,0.413778,0.251107,-0.012049000000000032,0.3988109999999999
544,5.43,0.310559,0.021861999999999993,0.41415199999999996,0.32697100000000007,0.06647600000000004,0.479054,0.38538199999999995,-0.013487000000000027,0.43031600000000003,0.32979200000000003,-0.05757199999999996,0.39056099999999994,0.2516340000000001,-0.03305600000000003,0.3947519999999999,0.262399,0.011977999999999989,0.4002939999999999,0.25631299999999996,-0.033645000000000036,0.422114,0.27515800000000007,-0.007885000000000031,0.41421399999999997,0.2515509999999999,-0.01155600000000001,0.39925599999999994
545,5.44,0.31058100000000005,0.02199300000000004,0.414327,0.327058,0.06715900000000002,0.47897500000000004,0.385608,-0.012907999999999975,0.43051399999999995,0.3300610000000001,-0.05750899999999998,0.39109399999999994,0.25181800000000004,-0.033398999999999957,0.3953859999999999,0.26250999999999997,0.012727999999999962,0.4008299999999999,0.256264,-0.033055,0.42226699999999995,0.275218,-0.007330999999999976,0.414513,0.251524,-0.010734000000000021,0.39962999999999993
546,5.45,0.31062699999999993,0.02218899999999996,0.414451,0.327077,0.067795,0.4788049999999999,0.385766,-0.012467000000000006,0.430824,0.330255,-0.05737800000000004,0.39152599999999993,0.25197299999999995,-0.033477000000000035,0.395941,0.262777,0.013121999999999967,0.40103199999999994,0.256346,-0.03276199999999996,0.42219799999999996,0.2754130000000001,-0.007085000000000008,0.414563,0.2516709999999999,-0.010277000000000036,0.399709
547,5.46,0.31071200000000004,0.02238000000000001,0.41445299999999996,0.3269410000000001,0.06837599999999999,0.47867799999999994,0.38596,-0.011975999999999987,0.431072,0.33062299999999994,-0.057149000000000005,0.39188599999999996,0.252279,-0.033660999999999996,0.396053,0.26280200000000004,0.013846999999999998,0.401482,0.256214,-0.032184999999999964,0.42227499999999996,0.2753830000000001,-0.006537000000000015,0.41479699999999997,0.2515760000000001,-0.009485000000000021,0.3999959999999999
548,5.47,0.310804,0.022563,0.41442999999999997,0.3267379999999999,0.068741,0.47867899999999997,0.386168,-0.011455000000000048,0.43130199999999996,0.331062,-0.05691400000000002,0.39195999999999986,0.252604,-0.03379299999999996,0.395914,0.26286000000000004,0.01443300000000003,0.4017369999999999,0.25613800000000003,-0.03171200000000002,0.42223299999999997,0.27538100000000004,-0.006072999999999995,0.41491999999999996,0.251566,-0.008855999999999975,0.40010199999999996
549,5.48,0.310868,0.022745000000000015,0.4144049999999999,0.326448,0.06884099999999999,0.4787569999999999,0.38634399999999997,-0.011102999999999974,0.431462,0.331475,-0.05640500000000004,0.3919149999999999,0.252897,-0.033901000000000014,0.3955559999999999,0.2627150000000001,0.014858000000000038,0.40183599999999997,0.255885,-0.031381999999999965,0.422079,0.27519200000000005,-0.005754999999999955,0.4148919999999999,0.25135599999999997,-0.008390000000000009,0.4000799999999999
550,5.49,0.31085900000000005,0.022729,0.41432100000000005,0.326131,0.06884699999999999,0.47877899999999995,0.38636,-0.010929999999999995,0.43163699999999994,0.33168800000000004,-0.05641299999999999,0.391826,0.2530839999999999,-0.03404400000000002,0.39522500000000005,0.26249000000000006,0.015577000000000008,0.40214300000000003,0.255578,-0.030790999999999957,0.42206600000000005,0.27493399999999996,-0.005155000000000021,0.41504399999999997,0.25108,-0.007635000000000003,0.40023299999999995
551,5.5,0.3108,0.022650999999999977,0.41424799999999995,0.32583200000000007,0.06881100000000001,0.47872099999999995,0.38627400000000006,-0.010986000000000051,0.4318289999999999,0.33175099999999996,-0.05647799999999997,0.391903,0.25307300000000005,-0.034152000000000016,0.39498900000000003,0.26205700000000004,0.016297000000000006,0.40239899999999995,0.25506200000000007,-0.030189999999999995,0.4220109999999999,0.274479,-0.004570999999999992,0.4151,0.25055999999999995,-0.006859999999999977,0.40036400000000005
552,5.51,0.31070899999999996,0.022444999999999993,0.41412099999999996,0.325645,0.06874599999999997,0.4785029999999999,0.38609699999999997,-0.011273000000000033,0.43194299999999997,0.33161199999999996,-0.056813999999999976,0.39200099999999993,0.2529310000000001,-0.034270999999999996,0.39491599999999993,0.2616190000000001,0.01713999999999999,0.402745,0.25454400000000005,-0.029476000000000002,0.42201900000000003,0.27402199999999993,-0.0038730000000000153,0.415222,0.25002699999999994,-0.005958999999999992,0.40057999999999994
553,5.52,0.31056100000000003,0.022139999999999993,0.413957,0.32556499999999994,0.06865399999999999,0.47819199999999995,0.385909,-0.01158300000000001,0.431905,0.33133799999999997,-0.05725800000000003,0.3921079999999999,0.25271899999999997,-0.034569000000000016,0.39493599999999995,0.26091400000000003,0.018250000000000044,0.40317099999999995,0.253781,-0.02851699999999996,0.42205499999999996,0.2733210000000001,-0.002935999999999994,0.41534899999999997,0.24920199999999998,-0.004775000000000029,0.40087699999999993
554,5.53,0.310351,0.021729,0.41368099999999985,0.32556899999999994,0.06877,0.47769399999999995,0.385716,-0.011915999999999982,0.43178399999999995,0.331068,-0.05759599999999998,0.39208699999999996,0.252523,-0.03539300000000001,0.395023,0.260368,0.019060999999999995,0.4033819999999999,0.25315400000000005,-0.027812000000000003,0.42196999999999996,0.272765,-0.0022739999999999982,0.4153049999999999,0.24852800000000003,-0.0038900000000000046,0.401006
555,5.54,0.310559,0.02191299999999996,0.413145,0.32551900000000006,0.0691,0.4770079999999999,0.38586100000000007,-0.01165900000000003,0.431586,0.331336,-0.05754999999999999,0.391957,0.252808,-0.03515399999999996,0.39452199999999993,0.259747,0.020060000000000022,0.403567,0.25240599999999996,-0.02693000000000001,0.42180700000000004,0.27212299999999995,-0.001471,0.41515599999999997,0.24771799999999994,-0.002784999999999982,0.401115
556,5.55,0.310675,0.022077000000000013,0.41261899999999996,0.325664,0.069355,0.47651299999999996,0.38619299999999995,-0.011135000000000006,0.43078799999999995,0.331709,-0.057221999999999995,0.39128799999999997,0.25318899999999994,-0.03536600000000001,0.3941,0.26060500000000003,0.02010200000000001,0.4030969999999999,0.25291899999999995,-0.026869000000000032,0.42124400000000006,0.27282899999999993,-0.0015560000000000018,0.41461099999999995,0.24838500000000002,-0.0026390000000000025,0.4006179999999999
557,5.56,0.31085,0.02255299999999999,0.4120409999999999,0.325702,0.06980900000000001,0.4759739999999999,0.386624,-0.010278999999999983,0.43001199999999995,0.332282,-0.05656699999999998,0.39053899999999997,0.2536129999999999,-0.035194,0.3935399999999999,0.2604410000000001,0.020606999999999986,0.402852,0.25260600000000005,-0.026424000000000003,0.420778,0.2726140000000001,-0.0011800000000000144,0.41417399999999993,0.24808600000000008,-0.0020540000000000003,0.40031399999999995
558,5.57,0.31105,0.022845000000000004,0.411524,0.3258060000000001,0.070075,0.4754829999999999,0.38694999999999996,-0.009716000000000002,0.4292759999999999,0.332768,-0.05626399999999998,0.38991699999999996,0.25401500000000005,-0.034999,0.3931,0.26138599999999995,0.020757000000000025,0.40257999999999994,0.253292,-0.026278999999999997,0.4203779999999999,0.273426,-0.0010999999999999899,0.41391,0.24895399999999995,-0.0018509999999999915,0.39994299999999994
559,5.58,0.31112500000000004,0.023133999999999988,0.41107499999999986,0.3258400000000001,0.07033299999999998,0.475097,0.387203,-0.009108000000000005,0.4286699999999999,0.3331469999999999,-0.05578299999999997,0.3893249999999999,0.25426,-0.03501199999999999,0.3925939999999999,0.261292,0.021096999999999977,0.40212099999999995,0.25305800000000006,-0.025978,0.419751,0.27328,-0.0008650000000000047,0.41330199999999995,0.248743,-0.0014410000000000256,0.39944199999999996
560,5.59,0.31129499999999993,0.02340099999999995,0.410554,0.3257769999999999,0.07054699999999997,0.47465499999999994,0.3874220000000001,-0.008765000000000023,0.42820899999999995,0.33349599999999996,-0.055467000000000044,0.3886709999999999,0.25459899999999996,-0.034775,0.39196399999999987,0.261832,0.021304999999999963,0.4016949999999999,0.253376,-0.025789000000000006,0.41916999999999993,0.27371799999999996,-0.0007549999999999502,0.41279299999999997,0.24916900000000003,-0.0011609999999999676,0.39894799999999997
561,5.6,0.31143499999999996,0.023683999999999983,0.41015499999999994,0.325829,0.07076099999999996,0.47431999999999996,0.387639,-0.008234999999999992,0.427716,0.333871,-0.05514399999999997,0.3881999999999999,0.25488099999999997,-0.034602999999999995,0.3914869999999999,0.26178399999999996,0.021573999999999982,0.40102800000000005,0.2531459999999999,-0.02554200000000001,0.4183539999999999,0.273603,-0.0006090000000000262,0.4119499999999999,0.24896100000000004,-0.0007989999999999942,0.39826799999999996
562,5.61,0.31156200000000006,0.024002999999999997,0.4096989999999999,0.32582700000000003,0.07112800000000002,0.47389400000000004,0.38786000000000004,-0.007804000000000033,0.427215,0.33412400000000003,-0.05477399999999999,0.387779,0.255149,-0.034389,0.391011,0.26191099999999995,0.02203499999999997,0.40090800000000004,0.253121,-0.025141000000000024,0.4179919999999999,0.273665,-0.0002570000000000072,0.411678,0.24898900000000007,-0.00026999999999999247,0.39805499999999994
563,5.62,0.311657,0.02432000000000001,0.40936799999999995,0.326026,0.07159299999999996,0.4734259999999999,0.38807200000000003,-0.0072309999999999874,0.4267279999999999,0.33436799999999994,-0.054425,0.38751899999999995,0.255327,-0.03428000000000003,0.39095199999999997,0.26174400000000003,0.022707000000000033,0.40088599999999996,0.2527669999999999,-0.024549000000000043,0.41764999999999997,0.27343,0.000250000000000028,0.41138399999999997,0.24865300000000007,0.0005120000000000124,0.39794799999999997
564,5.63,0.311729,0.024575000000000014,0.409014,0.32609899999999997,0.07220900000000002,0.472769,0.38831200000000005,-0.006728000000000012,0.42633600000000005,0.334602,-0.05419500000000005,0.3874589999999999,0.25550900000000004,-0.034246,0.3910929999999999,0.26164000000000004,0.023334999999999995,0.40099699999999994,0.25253300000000006,-0.02399699999999999,0.41747100000000004,0.273275,0.0007559999999999789,0.411289,0.248442,0.0012179999999999969,0.3979619999999999
565,5.64,0.31172000000000005,0.024789000000000005,0.40885499999999997,0.32618600000000003,0.07266699999999998,0.47239699999999996,0.38842099999999996,-0.0062870000000000426,0.42598199999999997,0.334749,-0.05399700000000002,0.3875489999999999,0.25555600000000006,-0.03420500000000004,0.3913239999999999,0.261932,0.02395200000000003,0.401278,0.252588,-0.023448000000000024,0.4174199999999999,0.273465,0.0012119999999999909,0.4113239999999999,0.24856499999999998,0.0019500000000000073,0.39813599999999993
566,5.65,0.311714,0.024907999999999986,0.408693,0.32606799999999997,0.073042,0.472043,0.388522,-0.005960000000000021,0.42582999999999993,0.3349410000000001,-0.05391000000000001,0.387629,0.255693,-0.03422799999999998,0.39146500000000006,0.2619080000000001,0.024787000000000003,0.401702,0.252408,-0.022704000000000002,0.4174819999999999,0.27338199999999996,0.00189499999999998,0.41146799999999994,0.24839899999999998,0.0028880000000000017,0.39845299999999995
567,5.66,0.31164600000000003,0.024949,0.40868799999999994,0.32595500000000005,0.073241,0.47194499999999995,0.3885119999999999,-0.005599999999999994,0.42578499999999997,0.335123,-0.05382699999999996,0.3877719999999999,0.25582299999999997,-0.03442999999999996,0.391602,0.26188400000000006,0.025495000000000045,0.4019499999999999,0.25216,-0.022058999999999995,0.41740199999999994,0.27326999999999996,0.0024230000000000085,0.41139099999999995,0.248164,0.003736000000000017,0.39864599999999994
568,5.67,0.311629,0.025063999999999975,0.40864199999999995,0.325653,0.07348899999999997,0.47181799999999996,0.388549,-0.005171000000000037,0.426064,0.33537599999999995,-0.053696999999999995,0.3878579999999999,0.25602300000000006,-0.034524,0.391543,0.261871,0.026234999999999953,0.40237999999999996,0.25193499999999996,-0.021384000000000014,0.417492,0.273172,0.0029910000000000214,0.411494,0.2479510000000001,0.004613000000000034,0.399015
569,5.68,0.31163199999999996,0.02515099999999998,0.408644,0.3254850000000001,0.07369799999999999,0.47179399999999994,0.388704,-0.004768999999999968,0.426102,0.335668,-0.053551000000000015,0.387941,0.256194,-0.03467500000000001,0.391567,0.261843,0.02681800000000001,0.402629,0.25172500000000003,-0.020838999999999996,0.4174979999999999,0.27307,0.00343899999999997,0.411486,0.24775299999999995,0.00531100000000001,0.399235
570,5.69,0.311645,0.025158999999999987,0.40862299999999996,0.32535200000000003,0.07389799999999996,0.47168999999999994,0.38885200000000003,-0.004491999999999996,0.4261229999999999,0.33591999999999994,-0.053477,0.38797799999999993,0.2564199999999999,-0.03491700000000003,0.39168999999999987,0.2617300000000001,0.02773700000000001,0.40333699999999995,0.25142000000000003,-0.019996000000000014,0.4178249999999999,0.272877,0.004190000000000027,0.41184299999999996,0.247454,0.006364999999999954,0.3998679999999999
571,5.7,0.3116090000000001,0.025121999999999978,0.40854599999999996,0.32537699999999997,0.07398999999999994,0.47154299999999993,0.38896000000000003,-0.004230999999999985,0.42582600000000004,0.336065,-0.053458000000000006,0.38795499999999994,0.256523,-0.03518699999999997,0.39180099999999995,0.26167200000000007,0.028577999999999992,0.404023,0.2511759999999999,-0.019215000000000038,0.41817499999999996,0.272738,0.004883000000000026,0.41221699999999994,0.24722300000000003,0.007332000000000005,0.40049099999999993
572,5.71,0.31156600000000007,0.024919999999999998,0.4084819999999999,0.32541899999999996,0.073938,0.471321,0.3890130000000001,-0.004335000000000033,0.4256829999999999,0.33602800000000005,-0.053664000000000045,0.3879929999999999,0.25649400000000006,-0.035480999999999985,0.392011,0.26127800000000007,0.029693999999999998,0.40493899999999994,0.25065999999999994,-0.018191999999999986,0.41867999999999994,0.272295,0.005847999999999964,0.41275399999999995,0.24667099999999992,0.008570000000000022,0.40132999999999985
573,5.72,0.3114510000000001,0.024650000000000005,0.40835299999999997,0.325478,0.07391900000000001,0.47096499999999997,0.38892599999999994,-0.004510999999999987,0.425489,0.33588900000000005,-0.054044000000000036,0.38812,0.2563020000000001,-0.035814999999999986,0.3922509999999999,0.260987,0.030781000000000003,0.40585899999999986,0.25022399999999995,-0.017189999999999983,0.41918199999999994,0.27194100000000004,0.00678200000000001,0.41328,0.246207,0.009789999999999965,0.4021809999999999
574,5.73,0.3113350000000001,0.02431899999999998,0.4083899999999999,0.325536,0.07387300000000002,0.4707469999999999,0.38881499999999997,-0.0048439999999999594,0.42550199999999994,0.33569,-0.054477,0.38840300000000005,0.2561050000000001,-0.03617799999999999,0.39270399999999994,0.26071700000000003,0.031723,0.40659,0.249836,-0.01632100000000003,0.41955299999999995,0.27162000000000003,0.007594999999999963,0.413662,0.24578899999999998,0.010846000000000022,0.40285899999999986
575,5.74,0.311495,0.024421000000000026,0.408355,0.3254789999999999,0.07425100000000001,0.470538,0.38899100000000003,-0.004515000000000047,0.4257239999999999,0.3360370000000001,-0.05442100000000005,0.388756,0.25641700000000006,-0.03623700000000002,0.3928059999999999,0.2605509999999999,0.032611,0.40724099999999996,0.24951400000000007,-0.015492999999999979,0.419845,0.27138100000000004,0.008340999999999987,0.413933,0.245442,0.011870000000000047,0.40347999999999995
576,5.75,0.311753,0.024758999999999975,0.4084589999999999,0.325536,0.074768,0.470534,0.38941,-0.0037770000000000303,0.4257669999999999,0.336679,-0.054012000000000004,0.3890159999999999,0.2569550000000001,-0.036163,0.393088,0.261823,0.03268199999999999,0.40723299999999996,0.250435,-0.015371999999999997,0.41971099999999995,0.272476,0.008301999999999976,0.4138059999999999,0.24653200000000003,0.012078999999999951,0.40345299999999995
577,5.76,0.3120420000000001,0.02521699999999999,0.40861400000000003,0.32552,0.07536699999999996,0.47066299999999994,0.3899080000000001,-0.0028409999999999824,0.42591499999999993,0.33743300000000004,-0.05335799999999996,0.38922,0.25764099999999995,-0.03609900000000005,0.39327899999999993,0.26247899999999996,0.03322799999999998,0.40766099999999994,0.250848,-0.01484000000000002,0.41986,0.27301000000000003,0.008730999999999989,0.413991,0.247029,0.012753999999999988,0.403826
578,5.77,0.312286,0.025573000000000012,0.40878899999999996,0.3255430000000001,0.07585299999999995,0.4708279999999999,0.39025000000000004,-0.0022130000000000205,0.42619699999999994,0.337929,-0.05295899999999998,0.38945299999999994,0.258095,-0.03594700000000001,0.39345299999999994,0.263604,0.03318899999999997,0.4074399999999999,0.25166800000000006,-0.014826999999999979,0.41954899999999995,0.2739789999999999,0.008606000000000003,0.4136949999999999,0.24800800000000006,0.01282899999999998,0.40358499999999986
579,5.78,0.31247299999999995,0.02581899999999998,0.40890499999999996,0.325663,0.07620900000000003,0.4709049999999999,0.390465,-0.001780999999999977,0.42641799999999996,0.33823600000000004,-0.052688999999999986,0.389725,0.258349,-0.03586600000000001,0.39355399999999996,0.26360900000000004,0.033775,0.407732,0.251554,-0.01427700000000004,0.419582,0.27392299999999997,0.009109999999999951,0.41376,0.24791200000000008,0.013501999999999958,0.40382799999999996
580,5.79,0.312594,0.02595200000000003,0.40906299999999995,0.325771,0.07657399999999998,0.47098699999999993,0.3906039999999999,-0.0014969999999999706,0.42663399999999996,0.338466,-0.05253000000000002,0.3901079999999999,0.25852800000000004,-0.035938000000000025,0.3937959999999999,0.264044,0.034185999999999994,0.40806,0.251804,-0.013873999999999997,0.41968099999999986,0.27426199999999995,0.00944199999999995,0.4139259999999999,0.248245,0.014005999999999963,0.4040879999999999
581,5.8,0.312606,0.025646000000000002,0.4094789999999999,0.325911,0.07690999999999998,0.47097599999999995,0.39077100000000003,-0.0011939999999999729,0.426721,0.33867200000000003,-0.05233700000000002,0.39037999999999995,0.25960199999999994,-0.03713899999999998,0.39514399999999994,0.264218,0.03476900000000005,0.4084929999999999,0.251809,-0.01331300000000002,0.419841,0.274348,0.009935000000000027,0.4141269999999999,0.24830000000000002,0.014693999999999985,0.404466
582,5.81,0.31269300000000005,0.02553899999999998,0.409616,0.32592499999999996,0.07728200000000002,0.47094199999999997,0.39089500000000005,-0.0008060000000000289,0.42687299999999995,0.33888100000000004,-0.05213200000000001,0.39063499999999995,0.260488,-0.037936000000000025,0.39558899999999997,0.2644600000000001,0.035221,0.40882699999999994,0.251878,-0.01286799999999999,0.41995399999999994,0.274499,0.010306999999999955,0.41426399999999997,0.24842599999999998,0.015245999999999982,0.4047609999999999
583,5.82,0.31279700000000005,0.025774999999999992,0.4097799999999999,0.32591999999999993,0.07763000000000003,0.47102900000000003,0.3910040000000001,-0.0004430000000000267,0.4270919999999999,0.339184,-0.05201100000000003,0.3909299999999999,0.260592,-0.03767999999999999,0.3958719999999999,0.26478300000000005,0.035697000000000034,0.4093149999999999,0.25198500000000007,-0.012395000000000045,0.42018199999999994,0.274708,0.010686999999999947,0.41451899999999997,0.24860900000000002,0.015844000000000025,0.40520599999999996
584,5.83,0.31282100000000007,0.02583200000000002,0.4100219999999999,0.325795,0.07790200000000003,0.47115300000000004,0.39108899999999996,-8.700000000000374e-05,0.42737400000000003,0.33943300000000004,-0.05185000000000001,0.3913439999999999,0.2609120000000001,-0.03789300000000001,0.39626800000000006,0.26485299999999995,0.03621099999999999,0.409779,0.25191900000000006,-0.011898999999999993,0.42040199999999994,0.274704,0.011129,0.4147709999999999,0.24857899999999994,0.01645000000000002,0.405625
585,5.84,0.312807,0.02599199999999996,0.41019700000000003,0.32558799999999993,0.07811099999999999,0.47132799999999997,0.391114,0.00022799999999995046,0.42767,0.339628,-0.05171899999999996,0.39159,0.26096,-0.037780000000000036,0.39640299999999995,0.265261,0.03651399999999999,0.41011799999999987,0.25211900000000004,-0.01158300000000001,0.42054099999999994,0.275001,0.011351999999999973,0.414922,0.2488590000000001,0.01686399999999999,0.405938
586,5.85,0.312815,0.02618100000000001,0.410316,0.3253439999999999,0.07823600000000003,0.4715609999999999,0.391213,0.00046799999999996844,0.42798499999999995,0.33979300000000007,-0.05158099999999999,0.39180799999999993,0.26083399999999995,-0.03755200000000003,0.396246,0.265252,0.036885,0.4102509999999999,0.2519789999999999,-0.011212,0.420509,0.27491899999999997,0.01165900000000003,0.41486299999999987,0.24874400000000002,0.01732399999999995,0.40607399999999994
587,5.86,0.3128,0.026324999999999987,0.41033600000000003,0.32511799999999996,0.07833200000000001,0.4716739999999999,0.39120799999999994,0.0007650000000000157,0.42820499999999995,0.339995,-0.05147200000000002,0.391922,0.26077999999999996,-0.03743800000000003,0.39600899999999994,0.265476,0.03711800000000004,0.41033600000000003,0.2520280000000001,-0.01095700000000005,0.420465,0.27504599999999996,0.011827000000000032,0.4147859999999999,0.24884899999999993,0.017654999999999976,0.406169
588,5.87,0.312815,0.02642699999999998,0.41031099999999987,0.3249520000000001,0.07841199999999998,0.4717279999999999,0.391283,0.0009419999999999429,0.42827399999999993,0.34015999999999996,-0.051371,0.391919,0.26079499999999994,-0.037356,0.39582699999999993,0.2653940000000001,0.037604000000000026,0.4107909999999999,0.251821,-0.010480999999999963,0.420706,0.27489199999999997,0.012245999999999979,0.415014,0.24865999999999994,0.018235,0.40661499999999995
589,5.88,0.312807,0.026578999999999964,0.410169,0.32488,0.07844700000000004,0.471692,0.391318,0.0010999999999999899,0.428126,0.340277,-0.051254999999999995,0.3917569999999999,0.2606190000000001,-0.03713300000000003,0.3955019999999999,0.265372,0.03810999999999998,0.41137900000000005,0.25169100000000005,-0.009987000000000024,0.42108599999999996,0.2748070000000001,0.012695000000000012,0.415393,0.24854700000000002,0.018823999999999952,0.40718699999999997
590,5.89,0.312773,0.026171999999999973,0.41044100000000006,0.324833,0.07844000000000001,0.4715499999999999,0.391352,0.0012869999999999826,0.4278629999999999,0.34036099999999997,-0.05116799999999999,0.3915409999999999,0.262145,-0.038171999999999984,0.39683599999999997,0.265222,0.03872500000000001,0.4121159999999999,0.25143999999999994,-0.009390999999999983,0.4215789999999999,0.27459399999999995,0.013246999999999953,0.415871,0.24829300000000004,0.01953100000000002,0.4079149999999999
591,5.9,0.312715,0.026314000000000004,0.4102379999999999,0.32478900000000005,0.07848699999999997,0.47138499999999994,0.39143600000000006,0.001464999999999994,0.42749400000000004,0.340451,-0.05098200000000003,0.39124000000000003,0.26193800000000006,-0.03802,0.396621,0.265209,0.039207999999999965,0.4126469999999999,0.25131,-0.008910000000000029,0.4219249999999999,0.27450900000000006,0.013671999999999962,0.41618200000000005,0.248176,0.020104999999999984,0.40845600000000004
592,5.91,0.312649,0.026402999999999954,0.41015499999999994,0.32472399999999996,0.07847499999999996,0.47127699999999995,0.391453,0.0017269999999999786,0.4271989999999999,0.3405040000000001,-0.05084500000000003,0.39100999999999997,0.26202699999999995,-0.03794700000000001,0.39664999999999995,0.26501900000000006,0.039741000000000026,0.4130839999999999,0.25103400000000003,-0.008386999999999978,0.42218199999999995,0.27426199999999995,0.014154,0.416393,0.24789100000000003,0.020718999999999987,0.40891200000000005
593,5.92,0.312594,0.026469999999999994,0.41011699999999995,0.32453400000000004,0.0786,0.47123099999999996,0.39149400000000006,0.001900999999999986,0.42718899999999993,0.3406179999999999,-0.050705,0.390938,0.26205300000000004,-0.03798400000000002,0.3966409999999999,0.265025,0.040173000000000014,0.413442,0.2509449999999999,-0.00795800000000002,0.422374,0.27421,0.014544000000000001,0.416578,0.247821,0.02122200000000002,0.40926300000000004
594,5.93,0.31253800000000004,0.026638999999999968,0.41013599999999995,0.32437199999999994,0.07873999999999998,0.47124199999999994,0.391461,0.0021260000000000168,0.42738,0.34069,-0.050690999999999986,0.39117499999999994,0.261743,-0.037707000000000046,0.3965449999999999,0.264944,0.040602999999999945,0.4136559999999999,0.25080300000000005,-0.007537000000000016,0.42244100000000007,0.27408899999999997,0.014942999999999984,0.41664899999999994,0.247685,0.021703999999999946,0.40946499999999997
595,5.94,0.31251,0.026798000000000044,0.410273,0.32419899999999996,0.07897199999999999,0.47135099999999996,0.391422,0.0024210000000000065,0.4276789999999999,0.34082799999999996,-0.050588999999999995,0.391597,0.26167099999999993,-0.03758700000000004,0.39659999999999995,0.26508000000000004,0.04088000000000003,0.413693,0.250848,-0.007254999999999956,0.422365,0.274172,0.01518699999999995,0.41657199999999994,0.24776099999999995,0.022036999999999973,0.4094969999999999
596,5.95,0.31251900000000005,0.02697900000000003,0.410308,0.32405,0.07929399999999998,0.47131899999999993,0.39144399999999996,0.002628000000000019,0.42798499999999995,0.340925,-0.05050300000000002,0.39192499999999997,0.261534,-0.037407000000000024,0.396602,0.265122,0.041128,0.41356499999999996,0.25080399999999997,-0.0069949999999999735,0.42215499999999995,0.27415800000000007,0.015400999999999998,0.41631399999999996,0.24773000000000006,0.022346000000000033,0.4093969999999999
597,5.96,0.31250800000000006,0.02712899999999996,0.410351,0.323946,0.07953900000000003,0.471356,0.391476,0.002950000000000008,0.428068,0.34104300000000004,-0.05042100000000005,0.392077,0.26157100000000005,-0.037322999999999995,0.396648,0.26519700000000007,0.04150100000000001,0.41375699999999993,0.25078700000000004,-0.006618999999999986,0.4222079999999999,0.274172,0.015734000000000026,0.416327,0.24772299999999997,0.02279199999999998,0.4096089999999999
598,5.97,0.31251900000000005,0.027507999999999977,0.4103899999999999,0.323926,0.07982600000000001,0.47128499999999995,0.3915610000000001,0.00325700000000001,0.428083,0.341134,-0.049644999999999995,0.39226099999999997,0.26157100000000005,-0.037103,0.39668599999999987,0.265372,0.04183400000000004,0.4139839999999999,0.25083799999999995,-0.006270999999999971,0.42230999999999996,0.27426599999999995,0.016022000000000036,0.41637099999999994,0.24779800000000002,0.02321000000000001,0.40986999999999996
599,5.98,0.31256600000000007,0.02756799999999998,0.4103389999999999,0.32390599999999997,0.080092,0.4712669999999999,0.391669,0.003575999999999968,0.42802399999999996,0.341308,-0.049777000000000016,0.3921589999999999,0.26175600000000004,-0.037136,0.396721,0.26550199999999996,0.04221400000000003,0.414388,0.250866,-0.005886000000000002,0.42256499999999997,0.27432700000000004,0.016361000000000014,0.416581,0.24783899999999998,0.023668999999999996,0.41029799999999994
600,5.99,0.312595,0.02781800000000001,0.4103149999999999,0.32394399999999995,0.08030199999999998,0.47119999999999995,0.39176800000000006,0.003868000000000038,0.42794600000000005,0.3414310000000001,-0.049270000000000036,0.39208299999999996,0.261848,-0.037055000000000005,0.396725,0.265639,0.04256300000000002,0.41470299999999993,0.250886,-0.005520999999999998,0.422763,0.27438500000000005,0.01666799999999996,0.41671500000000006,0.24788000000000004,0.02410100000000004,0.41065300000000005
601,6.0,0.312563,0.027942999999999996,0.4102279999999999,0.32388999999999996,0.080482,0.47111499999999995,0.39183300000000004,0.004135999999999973,0.4278059999999999,0.34146899999999997,-0.049195000000000044,0.391933,0.261859,-0.03698400000000002,0.3966989999999999,0.26561000000000007,0.04300599999999999,0.415052,0.25078400000000006,-0.005076000000000025,0.4229919999999999,0.274303,0.017080999999999957,0.41690099999999997,0.24778099999999997,0.024606000000000017,0.41102799999999995
602,6.01,0.31253800000000004,0.02799199999999996,0.41023,0.32385500000000006,0.08063000000000003,0.471035,0.39184599999999997,0.0043380000000000085,0.42774599999999996,0.34155399999999997,-0.04909000000000002,0.391987,0.26196500000000006,-0.03706100000000001,0.39684600000000003,0.2655370000000001,0.04347000000000001,0.41546799999999995,0.25062900000000005,-0.004607000000000028,0.42328,0.274172,0.017515000000000003,0.41715199999999986,0.24763699999999994,0.02513500000000002,0.41146499999999997
603,6.02,0.312498,0.02803,0.410226,0.32369299999999995,0.08087300000000003,0.47090999999999994,0.391727,0.0047960000000000225,0.42767,0.341902,-0.04924400000000001,0.39252,0.262033,-0.037073999999999996,0.39697099999999996,0.265388,0.04394899999999996,0.415768,0.2504,-0.004117999999999955,0.4234819999999999,0.27396500000000007,0.017965999999999982,0.417304,0.24741800000000008,0.025676000000000032,0.411798
604,6.03,0.31249699999999997,0.028110999999999997,0.41026399999999996,0.323545,0.08109699999999997,0.4708129999999999,0.391789,0.005007000000000039,0.42786499999999994,0.34201599999999993,-0.04919300000000004,0.39273099999999994,0.26207700000000006,-0.037051,0.397149,0.2653170000000001,0.044372999999999996,0.4160449999999999,0.25022799999999995,-0.0036760000000000126,0.42367999999999995,0.273824,0.018359000000000014,0.41744799999999993,0.24727099999999996,0.026166000000000023,0.412111
605,6.04,0.312452,0.028263999999999956,0.41027499999999995,0.323313,0.08136100000000002,0.47075199999999995,0.39176400000000006,0.005435999999999996,0.42797699999999994,0.34222100000000005,-0.049010000000000054,0.39289300000000005,0.262222,-0.037047,0.3972129999999999,0.265175,0.044860999999999984,0.41638699999999995,0.2499940000000001,-0.0031729999999999814,0.423933,0.27361299999999994,0.018816999999999973,0.4176279999999999,0.247048,0.026724000000000026,0.412504
606,6.05,0.31239100000000003,0.02835299999999996,0.4102849999999999,0.323111,0.08154800000000001,0.47071699999999994,0.39177999999999996,0.005697000000000008,0.428014,0.34232899999999994,-0.048879000000000006,0.39296600000000004,0.262295,-0.037073999999999996,0.397288,0.26515400000000006,0.045177999999999996,0.41647199999999995,0.24987600000000004,-0.002825999999999995,0.4240109999999999,0.27352099999999996,0.019106000000000012,0.417601,0.24694699999999997,0.02710499999999999,0.412667
607,6.06,0.3123099999999999,0.028442999999999996,0.4102379999999999,0.322899,0.0817,0.470615,0.39172500000000005,0.005890000000000006,0.428068,0.342366,-0.04873900000000003,0.3930269999999999,0.26229700000000006,-0.03706300000000001,0.3972669999999999,0.265024,0.045711,0.416995,0.24967499999999992,-0.002289000000000041,0.42441399999999996,0.27333,0.01961099999999999,0.41793199999999997,0.24674100000000004,0.02770499999999998,0.413239
608,6.07,0.312204,0.028430999999999984,0.41015499999999994,0.3227529999999999,0.08183799999999997,0.4704729999999999,0.39162,0.006017999999999968,0.428014,0.34234000000000003,-0.04877999999999999,0.39304700000000004,0.262292,-0.03717100000000001,0.3972819999999999,0.265055,0.045984000000000025,0.41707499999999986,0.2496190000000001,-0.0019899999999999918,0.42448299999999994,0.27329,0.019857000000000014,0.41788499999999995,0.24669200000000008,0.028041000000000038,0.413408
609,6.08,0.31210299999999996,0.02841699999999997,0.40999799999999986,0.32262699999999994,0.08190700000000001,0.4702719999999999,0.3915509999999999,0.005993000000000026,0.4278819999999999,0.342246,-0.048759,0.392972,0.26218800000000003,-0.03723700000000002,0.39717499999999994,0.26507200000000003,0.04630099999999998,0.41728299999999996,0.24955299999999997,-0.0016550000000000176,0.4246329999999999,0.273237,0.020148,0.41793499999999995,0.24662900000000004,0.028424999999999978,0.4136899999999999
610,6.09,0.312019,0.02841100000000002,0.4097179999999999,0.322564,0.081978,0.469896,0.39148900000000003,0.0060909999999999576,0.42756399999999994,0.342196,-0.048787000000000025,0.392775,0.26215400000000005,-0.03728100000000001,0.397045,0.265106,0.04651299999999997,0.41731399999999996,0.24952000000000002,-0.0014240000000000363,0.42464499999999994,0.27321,0.020338999999999996,0.417836,0.246593,0.028693000000000024,0.413805
611,6.1,0.31190500000000004,0.02846099999999996,0.40939800000000004,0.32248400000000005,0.08209799999999995,0.46949699999999994,0.39146600000000004,0.006215999999999944,0.427138,0.342134,-0.04866999999999999,0.3924439999999999,0.26208100000000006,-0.03732099999999999,0.396884,0.26514199999999993,0.04671400000000003,0.41728199999999993,0.24947399999999992,-0.0011980000000000324,0.424601,0.273171,0.020513999999999977,0.417655,0.246546,0.02896099999999996,0.41387699999999994
612,6.11,0.31180499999999994,0.028542999999999985,0.409037,0.322452,0.08224100000000001,0.4690869999999999,0.39143999999999995,0.00635800000000003,0.42668700000000004,0.34204700000000005,-0.04858700000000005,0.392058,0.261963,-0.03729199999999999,0.396644,0.265071,0.046881000000000006,0.417111,0.24936200000000003,-0.0010169999999999901,0.42443999999999993,0.27304599999999996,0.020662000000000014,0.417351,0.24640900000000004,0.02917599999999998,0.413817
613,6.12,0.311672,0.02854100000000004,0.4086749999999999,0.322375,0.08241299999999996,0.468581,0.39138599999999996,0.0064509999999999845,0.426211,0.341952,-0.048574000000000006,0.39181699999999997,0.26186799999999993,-0.03739199999999998,0.39654200000000006,0.2652630000000001,0.047101000000000004,0.417154,0.249469,-0.0007750000000000257,0.42444099999999996,0.273159,0.020858000000000043,0.41723299999999997,0.24652000000000002,0.02946399999999999,0.413952
614,6.13,0.311544,0.028532000000000002,0.4083969999999999,0.32236000000000004,0.08249400000000001,0.46817999999999993,0.39131299999999997,0.006568000000000018,0.42574999999999996,0.3418489999999999,-0.048593,0.3915319999999999,0.26181800000000005,-0.03745599999999999,0.396529,0.26515800000000006,0.04735600000000001,0.416967,0.249349,-0.0005160000000000164,0.42424699999999993,0.27301400000000003,0.021101000000000036,0.41691,0.24636299999999994,0.029757000000000033,0.41386599999999996
615,6.14,0.311459,0.02844599999999997,0.40797899999999987,0.32223699999999994,0.08259900000000003,0.467654,0.39131299999999997,0.006561999999999957,0.42535100000000003,0.34178499999999995,-0.048643999999999965,0.391223,0.26180999999999993,-0.03766799999999998,0.3962819999999999,0.265299,0.047464000000000006,0.416713,0.2494,-0.0003770000000000162,0.4240019999999999,0.27307200000000004,0.02118399999999998,0.41652599999999995,0.24642400000000003,0.029930999999999985,0.4137219999999999
616,6.15,0.31139900000000004,0.028431999999999957,0.40762699999999996,0.3222239999999999,0.08266999999999997,0.467144,0.3912999999999999,0.006672000000000011,0.42493099999999995,0.34178400000000003,-0.04864299999999999,0.390938,0.26180200000000003,-0.03773900000000002,0.396173,0.265329,0.047734,0.4166639999999999,0.249376,-9.500000000001174e-05,0.4239109999999999,0.2730449999999999,0.021438999999999986,0.416346,0.24639800000000006,0.030250999999999972,0.41374299999999997
617,6.16,0.311343,0.02838799999999997,0.40725999999999996,0.322085,0.08283299999999999,0.466649,0.391241,0.006924999999999959,0.42442899999999995,0.34199299999999994,-0.048777000000000015,0.39094399999999996,0.26187900000000003,-0.03785499999999997,0.39600499999999994,0.26542899999999997,0.04779800000000001,0.4163819999999999,0.24937799999999993,7.000000000034756e-06,0.42366499999999996,0.273059,0.021479000000000026,0.41596299999999997,0.24642099999999995,0.030380000000000018,0.413571
618,6.17,0.31126800000000004,0.028471000000000024,0.40692099999999987,0.322103,0.08294000000000001,0.466268,0.3911670000000001,0.007199999999999984,0.423952,0.34202400000000005,-0.048644999999999994,0.39062299999999994,0.26188000000000006,-0.03789500000000001,0.39574699999999996,0.26551699999999995,0.04808599999999996,0.416473,0.24938100000000002,0.00031599999999998296,0.42370299999999994,0.27306800000000003,0.02174699999999996,0.41590499999999997,0.24643900000000002,0.03073300000000001,0.41373799999999994
619,6.18,0.31115999999999994,0.028453000000000006,0.40666199999999997,0.321981,0.083005,0.46597500000000003,0.39111,0.007323000000000024,0.42360299999999995,0.342019,-0.048700999999999994,0.3903559999999999,0.26185299999999995,-0.037964,0.39560699999999993,0.26547500000000007,0.048341999999999996,0.41639499999999996,0.24925199999999997,0.0006010000000000182,0.42362,0.272932,0.02198100000000003,0.415662,0.24631300000000006,0.031061000000000005,0.41378800000000004
620,6.19,0.31103,0.02835199999999999,0.4064309999999999,0.32191,0.08288700000000004,0.4657429999999999,0.390982,0.007169999999999954,0.42330499999999993,0.34186600000000006,-0.04880499999999999,0.39009899999999986,0.26166300000000003,-0.03803099999999998,0.3954009999999999,0.26542800000000005,0.04865400000000003,0.416473,0.249129,0.0009330000000000171,0.42366399999999993,0.272793,0.022272999999999987,0.41555299999999995,0.24618600000000007,0.03144399999999997,0.4139919999999999
621,6.2,0.310858,0.02812999999999999,0.40613999999999995,0.32172700000000004,0.08272299999999999,0.46540099999999995,0.39084100000000005,0.006960000000000022,0.42306199999999994,0.34168899999999996,-0.049005999999999994,0.38986299999999996,0.26148299999999997,-0.038298,0.3951609999999999,0.26523900000000006,0.04900500000000002,0.41661799999999993,0.24889999999999995,0.0012910000000000421,0.42376199999999997,0.27252899999999997,0.022610999999999992,0.415496,0.245929,0.03185399999999999,0.41426399999999997
622,6.21,0.31069399999999997,0.02792300000000003,0.40589300000000006,0.32158800000000004,0.08254,0.46514,0.390685,0.006753999999999982,0.4228049999999999,0.341535,-0.04927100000000001,0.3896759999999999,0.26123100000000005,-0.03847800000000001,0.39493199999999995,0.26517700000000005,0.04938399999999998,0.416837,0.24877,0.00168299999999999,0.42391499999999993,0.27237400000000006,0.022973999999999994,0.41550599999999993,0.24579099999999993,0.032302,0.4146019999999999
623,6.22,0.31057300000000004,0.02775099999999997,0.405574,0.3213930000000001,0.08246900000000001,0.464692,0.390592,0.0066849999999999965,0.422554,0.34149599999999997,-0.04943500000000001,0.389537,0.26115400000000005,-0.03869600000000001,0.39474599999999993,0.26513500000000007,0.049736,0.4171569999999999,0.24867,0.0020429999999999615,0.424153,0.27225000000000005,0.023314,0.41562999999999994,0.24568399999999996,0.032714999999999994,0.415019
624,6.23,0.3104940000000001,0.02766799999999997,0.405428,0.3212580000000001,0.08254600000000001,0.464441,0.3905269999999999,0.006844000000000017,0.42236699999999994,0.34156400000000003,-0.049460000000000004,0.38952699999999996,0.2612999999999999,-0.03895500000000002,0.394756,0.265348,0.05014299999999999,0.417586,0.248763,0.0024740000000000317,0.42446399999999995,0.272348,0.023702999999999974,0.4158479999999999,0.24581400000000003,0.033208000000000015,0.41552699999999987
625,6.24,0.31050000000000005,0.027673999999999976,0.405226,0.321085,0.08276399999999995,0.464182,0.39055900000000005,0.0072269999999999834,0.4221499999999999,0.34190499999999996,-0.049700999999999995,0.389663,0.26135900000000006,-0.038968,0.394655,0.265449,0.05049399999999998,0.4179339999999999,0.24879200000000007,0.002837000000000034,0.424721,0.272369,0.024044999999999983,0.41603199999999996,0.24585799999999997,0.03361700000000001,0.41593899999999995
626,6.25,0.31048500000000007,0.02773800000000004,0.40514799999999995,0.32087400000000005,0.08301599999999998,0.463986,0.390607,0.007594999999999963,0.422126,0.342134,-0.04962300000000003,0.389783,0.26156300000000005,-0.03905900000000001,0.39472799999999997,0.265572,0.05072199999999999,0.41801699999999997,0.24883100000000008,0.0030899999999999817,0.42477,0.27240000000000003,0.024260000000000004,0.4159679999999999,0.245917,0.03390900000000002,0.416119
627,6.26,0.310433,0.02778999999999998,0.4051699999999999,0.3207379999999999,0.08323600000000003,0.4639009999999999,0.39060199999999995,0.007811999999999986,0.422191,0.342184,-0.049528000000000016,0.39001300000000005,0.26161799999999996,-0.03915299999999999,0.39486199999999994,0.26577100000000003,0.05086600000000002,0.41796999999999995,0.24893899999999997,0.003265000000000018,0.424716,0.272503,0.024388999999999994,0.41579,0.24604999999999994,0.03411699999999995,0.416177
628,6.27,0.310371,0.02784500000000001,0.40520199999999995,0.3205839999999999,0.08333599999999997,0.46385299999999996,0.39053200000000005,0.007884000000000002,0.42241099999999987,0.342123,-0.04948600000000003,0.3902429999999999,0.26151699999999994,-0.03909800000000002,0.394891,0.2657859999999999,0.05116100000000001,0.4180259999999999,0.24889699999999998,0.003572999999999993,0.42472,0.27242700000000003,0.024678000000000033,0.415659,0.24600499999999997,0.034472,0.41635199999999994
629,6.28,0.31030300000000005,0.02783000000000002,0.405242,0.320443,0.08352300000000001,0.4637819999999999,0.390476,0.007933000000000023,0.42262500000000003,0.34203900000000004,-0.04951500000000003,0.390533,0.26147500000000007,-0.03921399999999997,0.39501,0.266059,0.05108799999999997,0.4176369999999999,0.24907300000000004,0.003542999999999963,0.42438999999999993,0.27258699999999997,0.024587000000000026,0.41515199999999997,0.246207,0.03446900000000003,0.416115
630,6.29,0.31024100000000004,0.027932999999999986,0.4051739999999999,0.320317,0.08366100000000004,0.46366299999999994,0.390458,0.00802799999999998,0.4227479999999999,0.34200500000000006,-0.04953000000000002,0.39073599999999997,0.26112699999999994,-0.03904400000000002,0.394876,0.26621200000000006,0.05133299999999996,0.41772599999999993,0.24913900000000005,0.0038100000000000356,0.424419,0.27262100000000006,0.024823999999999957,0.41502799999999995,0.2462870000000001,0.03478999999999999,0.4163389999999999
631,6.3,0.31031400000000003,0.027901999999999982,0.40520599999999996,0.32016300000000003,0.08381699999999997,0.4635969999999999,0.390607,0.007767999999999997,0.42316,0.34200500000000006,-0.049434000000000033,0.39091599999999993,0.26113099999999995,-0.039141999999999955,0.39492799999999995,0.266485,0.051402,0.41770399999999996,0.24931799999999998,0.003909999999999969,0.42436699999999994,0.27277999999999997,0.02488399999999996,0.41483899999999996,0.2464929999999999,0.03492999999999996,0.4164399999999999
632,6.31,0.310185,0.027940999999999994,0.405227,0.319957,0.08391100000000001,0.4635699999999999,0.390557,0.008037000000000016,0.4230769999999999,0.342019,-0.04942100000000005,0.391045,0.26112799999999997,-0.039161,0.39504300000000003,0.266642,0.05162899999999998,0.41795899999999997,0.24939800000000006,0.004151999999999989,0.42453700000000005,0.272828,0.02510699999999999,0.41489,0.246589,0.03522299999999995,0.4168029999999999
633,6.32,0.310069,0.02793699999999999,0.4052849999999999,0.3197379999999999,0.083926,0.46360199999999996,0.39048199999999994,0.008022000000000029,0.42318999999999996,0.34194300000000005,-0.049292,0.391154,0.261078,-0.039239000000000024,0.395092,0.266956,0.051734999999999975,0.418303,0.24962299999999998,0.004279000000000033,0.424793,0.273043,0.02521000000000001,0.41506999999999994,0.24684699999999998,0.035392000000000035,0.4172189999999999
634,6.33,0.30981999999999993,0.027793999999999985,0.40542200000000006,0.319487,0.08383000000000002,0.463635,0.3901670000000001,0.008083000000000007,0.42330199999999996,0.34176900000000004,-0.04949399999999998,0.39134199999999997,0.261025,-0.03939799999999999,0.39539199999999997,0.267236,0.051839000000000024,0.41885799999999995,0.24984199999999995,0.004388999999999976,0.4252269999999999,0.27324299999999996,0.025318000000000007,0.4154539999999999,0.24708500000000005,0.03554499999999999,0.41782600000000003
635,6.34,0.309656,0.027522999999999964,0.40556799999999993,0.319185,0.08359799999999995,0.4637809999999999,0.39006,0.007681999999999967,0.4237139999999999,0.34154599999999996,-0.04969800000000002,0.39159599999999994,0.26073799999999997,-0.03970199999999996,0.39541499999999996,0.26755099999999993,0.052073999999999954,0.4196279999999999,0.2500860000000001,0.004626999999999992,0.4258249999999999,0.273476,0.025560000000000027,0.416033,0.24735599999999996,0.03583200000000003,0.41862199999999994
636,6.35,0.3094449999999999,0.027200000000000002,0.405744,0.31892899999999996,0.08349899999999999,0.46377599999999997,0.38981399999999994,0.007274999999999976,0.424087,0.34124799999999994,-0.05012999999999995,0.39198900000000003,0.2604929999999999,-0.03997299999999998,0.3958059999999999,0.26747899999999997,0.05228499999999997,0.420134,0.24999600000000005,0.004830000000000001,0.42621600000000004,0.27333899999999994,0.025782000000000027,0.416353,0.24725400000000003,0.036077000000000026,0.419199
637,6.36,0.309228,0.026866999999999974,0.40597399999999995,0.31866999999999995,0.08335700000000001,0.46387,0.38957800000000004,0.006916000000000033,0.42449799999999993,0.34102400000000005,-0.05043199999999998,0.39242999999999995,0.26024299999999995,-0.040385000000000004,0.39615199999999995,0.26745899999999995,0.052557999999999994,0.42069599999999996,0.249963,0.005092999999999959,0.426658,0.27326199999999995,0.02606799999999998,0.4167409999999999,0.2472100000000001,0.03637800000000002,0.41981899999999994
638,6.37,0.30904000000000004,0.02662500000000001,0.4060889999999999,0.318421,0.08329700000000001,0.463819,0.38934700000000005,0.006635999999999975,0.424783,0.34076900000000004,-0.05084099999999997,0.392919,0.25996800000000003,-0.040524000000000004,0.396412,0.26751699999999995,0.05266900000000002,0.4210259999999999,0.24998199999999998,0.005209000000000019,0.42691899999999994,0.2732440000000001,0.026185999999999987,0.416917,0.24723299999999998,0.036528000000000005,0.42023199999999994
639,6.38,0.30883600000000005,0.02635399999999999,0.40621799999999997,0.318235,0.083148,0.463851,0.389136,0.006419999999999981,0.4249599999999999,0.340548,-0.051163000000000014,0.393265,0.259728,-0.040823,0.39662799999999987,0.26762400000000003,0.05291999999999997,0.42180299999999993,0.25005099999999997,0.005454999999999988,0.42753399999999997,0.27328,0.02645200000000003,0.4175,0.24730899999999995,0.036816000000000015,0.421049
640,6.39,0.308638,0.02610499999999999,0.40629799999999994,0.31804800000000005,0.082976,0.46385299999999996,0.38889599999999996,0.0061329999999999996,0.425126,0.340304,-0.05146200000000001,0.3935219999999999,0.25945899999999994,-0.041040999999999994,0.39676,0.2678070000000001,0.05307700000000004,0.4224,0.250192,0.005612000000000006,0.428013,0.27339699999999995,0.026620000000000033,0.4179449999999999,0.24746299999999993,0.03700700000000001,0.42168700000000003
641,6.4,0.3083869999999999,0.025768000000000013,0.406446,0.317803,0.08271400000000001,0.463913,0.388627,0.005818999999999963,0.425322,0.34005099999999994,-0.05179600000000001,0.39375499999999997,0.2592250000000001,-0.04140200000000005,0.3970069999999999,0.26790300000000006,0.053412000000000015,0.4233619999999999,0.250253,0.005937999999999999,0.4287749999999999,0.273426,0.026976999999999973,0.41869899999999993,0.247531,0.037376999999999994,0.4226709999999999
642,6.41,0.30818399999999996,0.02549199999999996,0.40654599999999996,0.31756600000000007,0.08255699999999999,0.46395200000000003,0.38838900000000004,0.005597999999999992,0.42550599999999994,0.33986199999999994,-0.05211600000000005,0.39399699999999993,0.259055,-0.04171200000000003,0.39716399999999996,0.26843600000000006,0.053564,0.42423199999999994,0.250704,0.006099000000000021,0.4294589999999999,0.27388300000000004,0.027142999999999973,0.4194049999999999,0.24802699999999994,0.037578,0.4235359999999999
643,6.42,0.30804000000000004,0.025260999999999978,0.4066369999999999,0.317308,0.08247399999999999,0.4639049999999999,0.38821600000000006,0.005350999999999995,0.42585399999999995,0.339698,-0.05240900000000004,0.39434500000000006,0.25886400000000004,-0.04192400000000002,0.39733299999999994,0.26882200000000006,0.05366599999999999,0.424708,0.2510320000000001,0.006211999999999995,0.4298289999999999,0.2741949999999999,0.027256000000000002,0.41974,0.24838,0.037719,0.42405399999999993
644,6.43,0.307915,0.025144999999999973,0.40673099999999995,0.31717599999999996,0.08255600000000002,0.463788,0.38799500000000003,0.005310000000000037,0.42601199999999995,0.339571,-0.05269500000000005,0.394875,0.25873000000000007,-0.04195500000000002,0.397651,0.269209,0.05369299999999999,0.4251179999999999,0.25135900000000005,0.0062510000000000066,0.430145,0.274496,0.027294999999999958,0.4199959999999999,0.24873099999999998,0.03778900000000002,0.4245269999999999
645,6.44,0.3077680000000001,0.024840999999999946,0.40695899999999996,0.317066,0.08266999999999997,0.4636459999999999,0.387939,0.005159999999999998,0.42632799999999993,0.3394270000000001,-0.05293700000000001,0.39542,0.2586570000000001,-0.04248000000000002,0.398374,0.269449,0.053757,0.42540999999999995,0.2515549999999999,0.006323000000000023,0.4303659999999999,0.27464099999999997,0.027373000000000036,0.420115,0.24893700000000002,0.03789300000000001,0.42492299999999994
646,6.45,0.30769799999999997,0.024697000000000024,0.4070989999999999,0.31709399999999993,0.08284799999999998,0.463442,0.38783799999999996,0.004959000000000047,0.42654899999999996,0.33921799999999996,-0.05325099999999999,0.3961,0.258418,-0.04252800000000001,0.39891299999999996,0.26984100000000005,0.05366900000000002,0.42571899999999996,0.2518869999999999,0.006250000000000033,0.43059000000000003,0.27493799999999996,0.02729999999999999,0.420261,0.24929300000000004,0.037849999999999995,0.425316
647,6.46,0.30751999999999996,0.024394000000000027,0.40743699999999994,0.317097,0.08298699999999998,0.463352,0.38768700000000006,0.004734000000000016,0.42686,0.338964,-0.053578000000000015,0.39677799999999996,0.25825900000000007,-0.042949000000000015,0.399875,0.269935,0.053632999999999986,0.42589199999999994,0.251963,0.006213999999999997,0.43069199999999996,0.274944,0.027286000000000032,0.42025199999999996,0.24936299999999995,0.03784399999999999,0.42560399999999987
648,6.47,0.30737299999999995,0.024229,0.4077179999999999,0.31700500000000004,0.08318399999999998,0.4632379999999999,0.38750500000000004,0.004590999999999956,0.4272339999999999,0.338729,-0.053898999999999975,0.39762,0.25804200000000005,-0.04304400000000003,0.4006259999999999,0.2702590000000001,0.053703999999999974,0.4265399999999999,0.252237,0.006284999999999985,0.4311609999999999,0.275179,0.027385999999999966,0.42069100000000004,0.24965700000000007,0.037953000000000015,0.4262999999999999
649,6.48,0.307266,0.024034,0.40813299999999986,0.31685599999999997,0.08337099999999997,0.4633489999999999,0.38731299999999996,0.004400999999999988,0.427909,0.33855399999999997,-0.05421799999999999,0.398552,0.25789599999999996,-0.043237000000000025,0.401338,0.270522,0.05371500000000001,0.4270149999999999,0.252476,0.006290999999999991,0.431485,0.27537400000000006,0.027424999999999977,0.42098599999999997,0.24989999999999996,0.03798800000000002,0.42681899999999995
650,6.49,0.30709500000000006,0.023914999999999964,0.40862599999999993,0.316622,0.08352099999999996,0.4634919999999999,0.387121,0.0044199999999999795,0.428605,0.338358,-0.054369,0.3994589999999999,0.2578160000000001,-0.04338599999999998,0.402197,0.27088300000000004,0.05366900000000002,0.427515,0.25279499999999994,0.0062470000000000026,0.431828,0.27566300000000005,0.027405000000000013,0.4213149999999999,0.250238,0.037972000000000006,0.42735
651,6.5,0.30697800000000003,0.02387699999999998,0.4091159999999999,0.31632600000000005,0.08376700000000004,0.463812,0.38689099999999993,0.004493999999999998,0.4294009999999999,0.33830600000000005,-0.05443399999999998,0.40031799999999995,0.2578289999999999,-0.043518,0.40279,0.27110700000000004,0.05364200000000002,0.42797299999999994,0.253006,0.006209999999999993,0.43212699999999993,0.2758300000000001,0.02740999999999999,0.421601,0.250449,0.03796299999999997,0.42783899999999997
652,6.51,0.306872,0.023828000000000016,0.40955299999999994,0.31596299999999994,0.083955,0.4640939999999999,0.386732,0.004566999999999988,0.43025099999999994,0.33824799999999994,-0.05451600000000001,0.40132999999999985,0.257692,-0.04363899999999998,0.40317899999999995,0.2712569999999999,0.05346099999999998,0.42810499999999996,0.25315499999999996,0.006022000000000027,0.43216299999999996,0.27593300000000004,0.027253000000000027,0.4216,0.25059100000000006,0.037792999999999966,0.42801900000000004
653,6.52,0.3067769999999999,0.023853999999999986,0.410034,0.31570399999999993,0.08420399999999995,0.464341,0.386519,0.004734000000000016,0.430994,0.338247,-0.054554999999999965,0.40216299999999994,0.257727,-0.04361400000000004,0.40386599999999995,0.27167899999999995,0.05338700000000002,0.428616,0.253566,0.005937999999999999,0.43250199999999994,0.27631600000000006,0.027210000000000012,0.42196199999999995,0.25100400000000006,0.037729999999999986,0.428528
654,6.53,0.306707,0.023803999999999992,0.4103469999999999,0.31546100000000005,0.084484,0.4643869999999999,0.38640099999999994,0.004691999999999974,0.43170699999999995,0.33813699999999997,-0.05474100000000004,0.40315199999999995,0.25747500000000006,-0.043616000000000044,0.4042959999999999,0.27192,0.05323,0.42877699999999996,0.25379999999999997,0.005774000000000001,0.4325549999999999,0.276503,0.027079999999999993,0.4219789999999999,0.25123500000000004,0.03758599999999995,0.4287369999999999
655,6.54,0.306549,0.023581999999999992,0.4107139999999999,0.315386,0.08466100000000004,0.464364,0.38619700000000007,0.004703999999999986,0.4321839999999999,0.338034,-0.05506100000000003,0.40400400000000003,0.257291,-0.043937000000000004,0.4051159999999999,0.27207700000000007,0.05315600000000004,0.42901599999999995,0.253986,0.005680999999999992,0.43267999999999995,0.276627,0.027036999999999978,0.4220769999999999,0.251395,0.037507999999999986,0.42901900000000004
656,6.55,0.306424,0.023403000000000007,0.410941,0.31542300000000006,0.08496199999999998,0.46411499999999994,0.386087,0.0045459999999999945,0.43249400000000005,0.33776999999999996,-0.055393000000000026,0.4049639999999999,0.2569120000000001,-0.04408500000000004,0.405867,0.27231900000000003,0.053012000000000004,0.42922399999999994,0.2542250000000001,0.005529000000000006,0.432778,0.27681700000000004,0.02692300000000003,0.4221419999999999,0.25162999999999996,0.03737499999999999,0.42927399999999993
657,6.56,0.30627,0.023094000000000003,0.411126,0.315533,0.085061,0.46378299999999995,0.3859360000000001,0.004322000000000048,0.43262599999999996,0.33750699999999995,-0.055808000000000024,0.40566199999999997,0.256635,-0.04437200000000002,0.40672699999999995,0.27270600000000006,0.05297200000000002,0.4296209999999999,0.25460699999999997,0.005479999999999985,0.4330219999999999,0.2771620000000001,0.026914999999999967,0.42239399999999994,0.25201,0.03734299999999996,0.4296829999999999
658,6.57,0.30617,0.022888999999999993,0.41114300000000004,0.315537,0.08514299999999997,0.46336,0.3857920000000001,0.004053000000000029,0.43269999999999986,0.3373300000000001,-0.05585799999999996,0.40625599999999995,0.256465,-0.04460599999999998,0.407199,0.272993,0.05287399999999998,0.42999299999999996,0.25488800000000006,0.00537399999999999,0.4332459999999999,0.27740400000000004,0.026851000000000014,0.42261899999999997,0.25228999999999996,0.037253999999999954,0.43007399999999996
659,6.58,0.30600299999999997,0.02268199999999998,0.41115099999999993,0.3155860000000001,0.08510999999999996,0.46293299999999993,0.38562599999999997,0.0037409999999999943,0.43262999999999996,0.337084,-0.055977,0.40666800000000003,0.256129,-0.04472599999999999,0.40773799999999993,0.2732010000000001,0.052819000000000005,0.4304429999999999,0.25508500000000006,0.005311999999999983,0.433539,0.27756,0.026832000000000022,0.4229109999999999,0.25249000000000005,0.03721000000000002,0.4305459999999999
660,6.59,0.30578599999999995,0.022375000000000034,0.41115199999999996,0.315587,0.08504899999999999,0.462712,0.38538999999999995,0.003436999999999968,0.432384,0.336865,-0.05617699999999998,0.40712099999999996,0.255839,-0.045135000000000036,0.408023,0.27334600000000003,0.05270200000000003,0.430581,0.255252,0.005180999999999991,0.43357899999999994,0.27768300000000007,0.026741999999999988,0.42294299999999996,0.252639,0.03708800000000001,0.43070699999999995
661,6.6,0.3056670000000001,0.022029999999999994,0.411188,0.31563500000000005,0.08497199999999999,0.462391,0.385217,0.0029770000000000074,0.43249899999999997,0.33654900000000004,-0.05677599999999999,0.4075169999999999,0.25551699999999994,-0.04523299999999997,0.40850799999999987,0.2735330000000001,0.05268099999999998,0.43085699999999993,0.255423,0.005159000000000025,0.4337519999999999,0.27781399999999995,0.026749999999999996,0.423091,0.2528160000000001,0.03707899999999997,0.43102399999999996
662,6.61,0.30544600000000005,0.021635000000000015,0.4112549999999999,0.31553800000000004,0.08488099999999998,0.46214299999999997,0.3849890000000001,0.002628000000000019,0.4325119999999999,0.33628300000000005,-0.05716400000000005,0.40794699999999995,0.2553020000000001,-0.04566999999999999,0.40898099999999993,0.27347899999999997,0.052695999999999965,0.430952,0.2554410000000001,0.005143000000000009,0.433778,0.27778200000000003,0.02678799999999998,0.4231219999999999,0.252785,0.037065000000000015,0.43112399999999995
663,6.62,0.305313,0.021340999999999943,0.4112509999999999,0.3155320000000001,0.08471699999999999,0.461889,0.38480300000000006,0.0023039999999999727,0.432592,0.335972,-0.057555999999999996,0.408331,0.25502699999999995,-0.04584300000000002,0.4091999999999999,0.273468,0.05266900000000002,0.430932,0.25547500000000006,0.005097000000000018,0.433732,0.27778300000000006,0.02677299999999999,0.4230689999999999,0.25278800000000007,0.03702,0.431115
664,6.63,0.305143,0.021226000000000023,0.41121399999999997,0.315452,0.084762,0.461765,0.384661,0.0019930000000000225,0.432778,0.33568499999999996,-0.057871000000000006,0.408439,0.25440199999999996,-0.045819,0.40920899999999993,0.2735,0.05261499999999997,0.4308909999999999,0.25561000000000006,0.005001999999999951,0.43365,0.277917,0.026720999999999995,0.423076,0.25285699999999994,0.036914999999999976,0.430986
665,6.64,0.30497500000000005,0.020652999999999977,0.41123699999999996,0.31538400000000005,0.084596,0.46140899999999996,0.384449,0.0016639999999999988,0.43295499999999987,0.33547600000000005,-0.058757000000000004,0.409154,0.25401900000000005,-0.046321,0.4095829999999999,0.273669,0.052537,0.43093499999999996,0.255798,0.004915000000000003,0.433667,0.27813400000000005,0.026638999999999968,0.4231609999999999,0.253036,0.03682399999999997,0.430963
666,6.65,0.304753,0.020212000000000008,0.41131799999999996,0.31530700000000006,0.08440200000000003,0.46109999999999995,0.384132,0.0011590000000000211,0.43325899999999995,0.3350370000000001,-0.05938199999999999,0.409509,0.25369100000000006,-0.04657699999999998,0.41011299999999995,0.27419999999999994,0.05223100000000003,0.43069100000000005,0.25631999999999994,0.00461499999999998,0.43345599999999995,0.2787340000000001,0.026305999999999996,0.4230499999999999,0.2535720000000001,0.03651300000000002,0.430612
667,6.66,0.30437299999999995,0.019553000000000043,0.41145199999999993,0.3149739999999999,0.084169,0.4607579999999999,0.38383000000000006,0.0005479999999999929,0.43332799999999994,0.33451900000000007,-0.060078999999999994,0.41024499999999997,0.25338599999999994,-0.047184000000000004,0.41083499999999995,0.27488300000000004,0.05207200000000001,0.43090300000000004,0.25689900000000004,0.004491999999999996,0.43362999999999996,0.2793980000000001,0.026132000000000044,0.4232999999999999,0.2542250000000001,0.03639300000000001,0.430751
668,6.67,0.304151,0.019230999999999998,0.411184,0.315084,0.08424599999999999,0.45999,0.38349700000000003,9.999999999998899e-05,0.4333619999999999,0.334,-0.06072900000000003,0.41064899999999993,0.252597,-0.047240000000000004,0.41102799999999995,0.27553599999999995,0.05177400000000004,0.430744,0.25747000000000003,0.004227999999999954,0.43350500000000003,0.2800470000000001,0.02580899999999997,0.42322499999999996,0.254855,0.03612599999999999,0.430535
669,6.68,0.30386299999999994,0.018762999999999974,0.41105599999999987,0.31488,0.08410499999999999,0.45929,0.383261,-0.00035799999999996945,0.433326,0.33346500000000007,-0.06118300000000004,0.411019,0.252387,-0.047603000000000006,0.41156399999999993,0.27568,0.051715999999999984,0.430731,0.257573,0.004186000000000023,0.43350900000000003,0.28016,0.025746999999999964,0.423207,0.25498400000000004,0.03608599999999995,0.430542
670,6.69,0.30365900000000007,0.018365999999999993,0.41090099999999996,0.314896,0.08407000000000003,0.45875599999999994,0.38307700000000006,-0.0007000000000000339,0.43313999999999997,0.33310199999999995,-0.061660999999999966,0.4110029999999999,0.252249,-0.048028000000000015,0.411971,0.276071,0.05161699999999997,0.43094199999999994,0.25795399999999996,0.0040879999999999805,0.433677,0.28057899999999997,0.025644,0.42344799999999994,0.255377,0.03598699999999999,0.4306849999999999
671,6.7,0.303499,0.01799500000000004,0.4107089999999999,0.31481600000000004,0.08400599999999997,0.45811900000000005,0.382885,-0.0010680000000000134,0.432948,0.332834,-0.062025,0.4111889999999999,0.25221600000000005,-0.048319,0.41233699999999995,0.275804,0.051512,0.43074099999999993,0.257743,0.0039659999999999695,0.4335309999999999,0.280345,0.025534999999999974,0.42328199999999994,0.25512799999999997,0.03585699999999997,0.430496
672,6.71,0.30334500000000003,0.01775199999999999,0.410581,0.314706,0.08399500000000004,0.457746,0.382746,-0.0011360000000000259,0.4328009999999999,0.33267700000000006,-0.062305,0.41128299999999995,0.25217399999999995,-0.04862,0.41252199999999994,0.27588000000000007,0.05141100000000004,0.430816,0.2578930000000001,0.0038359999999999506,0.43358699999999994,0.280523,0.025426999999999977,0.423446,0.255237,0.03571599999999997,0.43046399999999996
673,6.72,0.30319999999999997,0.01753100000000002,0.410501,0.31449600000000005,0.08400800000000003,0.45736999999999994,0.3825610000000001,-0.0012179999999999969,0.4328589999999999,0.332544,-0.06251400000000001,0.41155699999999995,0.25213900000000006,-0.04885499999999998,0.4127289999999999,0.27571000000000007,0.05124400000000001,0.43054799999999993,0.25781399999999993,0.003638999999999948,0.43340599999999996,0.280461,0.02523900000000001,0.4233199999999999,0.255106,0.035499,0.43012799999999995
674,6.73,0.302873,0.017512000000000028,0.4106949999999999,0.31381700000000007,0.08371899999999999,0.4579399999999999,0.382323,-0.00120899999999996,0.43310899999999986,0.33249100000000004,-0.062668,0.4119069999999999,0.25151400000000007,-0.048724000000000045,0.412303,0.27577500000000005,0.051029999999999964,0.430457,0.257959,0.003399000000000041,0.43337799999999993,0.28065599999999996,0.025000000000000022,0.423408,0.255211,0.03523499999999996,0.429913
675,6.74,0.302807,0.01729900000000001,0.41056799999999993,0.313842,0.08385299999999996,0.45736699999999997,0.38203000000000004,-0.0012469999999999981,0.4334,0.33236799999999994,-0.06295600000000001,0.41252,0.251245,-0.048929,0.41244899999999995,0.2761369999999999,0.05071700000000001,0.430345,0.258295,0.0031010000000000204,0.4333619999999999,0.28106899999999996,0.02465299999999998,0.4234589999999999,0.255577,0.034921000000000035,0.42972299999999997
676,6.75,0.30253,0.017054000000000014,0.410732,0.31329,0.083843,0.457294,0.38173699999999994,-0.0014430000000000276,0.4338439999999999,0.332154,-0.06315700000000002,0.41320100000000004,0.25099199999999994,-0.04914000000000002,0.412721,0.27574799999999994,0.05030800000000002,0.4297089999999999,0.258063,0.0026490000000000125,0.432941,0.2808260000000001,0.024214999999999987,0.4230459999999999,0.255252,0.03443099999999999,0.42905399999999994
677,6.76,0.30241,0.016797000000000006,0.4107719999999999,0.31330600000000003,0.083872,0.4568349999999999,0.381404,-0.0016980000000000328,0.43413099999999993,0.33194399999999996,-0.06351099999999998,0.413957,0.2506570000000001,-0.04918600000000001,0.41317399999999993,0.276268,0.05016900000000002,0.4297909999999999,0.25852099999999995,0.0025360000000000382,0.43307799999999996,0.28135399999999994,0.02404999999999996,0.423231,0.25576000000000004,0.03430899999999998,0.429083
678,6.77,0.30224199999999996,0.01657599999999998,0.41070399999999996,0.313274,0.08403699999999997,0.45636599999999994,0.381156,-0.0019380000000000508,0.4341409999999999,0.3316430000000001,-0.06381700000000001,0.41445299999999996,0.25038599999999994,-0.04931300000000005,0.4135169999999999,0.276634,0.049427,0.4290799999999999,0.258897,0.001807000000000003,0.432605,0.2817680000000001,0.023267000000000038,0.42272699999999996,0.25613900000000006,0.033551,0.42837499999999995
679,6.78,0.30202900000000005,0.016413999999999984,0.41059,0.31329200000000007,0.08405800000000002,0.45580200000000004,0.3810130000000001,-0.0021800000000000153,0.43387999999999993,0.33127900000000005,-0.06403400000000004,0.4147719999999999,0.249998,-0.04923499999999997,0.413957,0.27724600000000005,0.04902699999999999,0.42916599999999994,0.2594,0.001452999999999982,0.432759,0.28233199999999997,0.022843000000000002,0.42287299999999994,0.25671700000000003,0.033194,0.428462
680,6.79,0.30174299999999993,0.016318,0.41033299999999995,0.31346199999999996,0.08408400000000005,0.455179,0.380947,-0.002365000000000006,0.43343,0.330358,-0.06381900000000001,0.4144,0.24994299999999997,-0.04955700000000002,0.41428,0.27802599999999994,0.04845900000000003,0.42892299999999994,0.260098,0.0009259999999999824,0.43264499999999995,0.28309199999999995,0.022243999999999986,0.42274599999999996,0.257476,0.032654000000000016,0.428218
681,6.8,0.30159600000000003,0.016169999999999962,0.41004299999999994,0.31357700000000005,0.084121,0.454495,0.3809310000000001,-0.0025359999999999827,0.4329259999999999,0.32996699999999995,-0.06395600000000001,0.414415,0.24977300000000008,-0.049611000000000016,0.414523,0.278789,0.04795299999999997,0.42898099999999995,0.26075199999999993,0.0004669999999999952,0.43277299999999996,0.28381300000000004,0.021712999999999982,0.4228759999999999,0.258207,0.03218899999999997,0.4282659999999999
682,6.81,0.301479,0.01595599999999997,0.40989300000000006,0.31372799999999995,0.084069,0.45409199999999994,0.380866,-0.0028830000000000244,0.43252899999999994,0.32967700000000005,-0.064112,0.414389,0.24965500000000002,-0.04978400000000005,0.414779,0.28000699999999995,0.047126999999999974,0.42874900000000005,0.26181800000000005,-0.0002909999999999857,0.43267599999999995,0.2850040000000001,0.02083999999999997,0.42282299999999995,0.25938900000000004,0.031414,0.4279789999999999
683,6.82,0.30139599999999994,0.01568900000000001,0.40973000000000004,0.31384000000000006,0.08394000000000001,0.45360999999999996,0.38072600000000006,-0.0031799999999999606,0.4322609999999999,0.32957600000000004,-0.06445800000000002,0.414524,0.24945500000000004,-0.049860000000000015,0.4150149999999999,0.281102,0.04629100000000003,0.42850199999999994,0.26274900000000007,-0.0010499999999999954,0.432577,0.28605700000000006,0.019957000000000003,0.4227519999999999,0.26044300000000004,0.030633999999999995,0.4276899999999999
684,6.83,0.301274,0.015366999999999964,0.409759,0.313989,0.08373800000000003,0.4533109999999999,0.38062199999999996,-0.003605000000000025,0.43218499999999993,0.32926000000000005,-0.06478800000000001,0.414802,0.24919799999999998,-0.05004000000000003,0.4154539999999999,0.28228499999999995,0.045404,0.42837899999999995,0.263774,-0.0018650000000000055,0.43258399999999997,0.28721,0.019025000000000014,0.42281199999999997,0.261589,0.029798000000000047,0.427505
685,6.84,0.30117,0.015019000000000005,0.409755,0.314084,0.08363000000000004,0.452967,0.380472,-0.004012999999999989,0.43215899999999996,0.328996,-0.06522099999999997,0.415316,0.248917,-0.05022300000000002,0.4157859999999999,0.283322,0.044647999999999965,0.42852,0.26466399999999995,-0.0025560000000000027,0.43279999999999996,0.288198,0.018238000000000032,0.42305899999999996,0.262588,0.02909600000000001,0.4276079999999999
686,6.85,0.3010169999999999,0.014758999999999967,0.40979,0.31414099999999995,0.08352799999999999,0.452596,0.380326,-0.004379000000000022,0.4322339999999999,0.32868499999999995,-0.06558200000000003,0.415882,0.248411,-0.050195000000000045,0.41620499999999994,0.283762,0.04408400000000001,0.428678,0.265063,-0.0030979999999999897,0.43302399999999996,0.28861600000000004,0.01766200000000001,0.42325499999999994,0.263014,0.028548000000000018,0.42778700000000003
687,6.86,0.30096000000000006,0.014688000000000034,0.40985799999999994,0.3143740000000001,0.08372999999999997,0.4524069999999999,0.380245,-0.004651000000000016,0.43232099999999996,0.32844499999999993,-0.06584499999999999,0.41632899999999995,0.24792700000000006,-0.05006100000000002,0.41653300000000004,0.284375,0.043515000000000026,0.429044,0.265612,-0.0036390000000000033,0.4334159999999999,0.289179,0.01708700000000002,0.4236089999999999,0.26360199999999995,0.028012000000000037,0.428187
688,6.87,0.300861,0.014414999999999956,0.40992300000000004,0.31439,0.08366600000000002,0.45207200000000003,0.380179,-0.004923000000000011,0.432434,0.328277,-0.06609500000000001,0.416716,0.24773400000000007,-0.050238000000000005,0.41703599999999996,0.28509,0.04304800000000003,0.42957599999999996,0.266214,-0.004063000000000039,0.433917,0.28979800000000006,0.016620000000000024,0.4240599999999999,0.26426999999999995,0.02760499999999999,0.42876899999999996
689,6.88,0.30085199999999995,0.014243999999999979,0.40998999999999997,0.31451199999999996,0.08365299999999998,0.4518439999999999,0.38013,-0.005124000000000017,0.432515,0.3281899999999999,-0.06636900000000001,0.4172229999999999,0.24753599999999992,-0.050205,0.4173729999999999,0.2856079999999999,0.04248999999999997,0.4298099999999999,0.266654,-0.004585999999999979,0.434196,0.290233,0.016056999999999988,0.424245,0.26475199999999993,0.027090999999999976,0.42908999999999997
690,6.89,0.30082499999999995,0.013992000000000004,0.41008100000000003,0.31454599999999994,0.08355600000000002,0.45161799999999996,0.38011100000000003,-0.005323999999999995,0.43259500000000006,0.328146,-0.06660099999999997,0.41759,0.24753300000000006,-0.05037900000000001,0.41782299999999994,0.28641900000000003,0.04191699999999998,0.4301799999999999,0.26732799999999995,-0.005101999999999995,0.434582,0.29094100000000006,0.015474999999999961,0.4245739999999999,0.265511,0.026586,0.4295119999999999
691,6.9,0.300808,0.01376299999999997,0.410162,0.314621,0.08342699999999997,0.4515,0.3800989999999999,-0.005570000000000019,0.43262599999999996,0.32808699999999996,-0.06682300000000002,0.41783499999999996,0.247492,-0.05054200000000003,0.41814300000000004,0.28705700000000006,0.04139300000000001,0.4304199999999999,0.267866,-0.005581000000000003,0.43487,0.2915090000000001,0.01493899999999998,0.42481499999999994,0.266113,0.026109999999999967,0.429794
692,6.91,0.30080899999999994,0.013529000000000013,0.41023999999999994,0.31477499999999997,0.08337300000000003,0.45143199999999994,0.38007799999999997,-0.00587399999999999,0.432627,0.328015,-0.06712499999999999,0.418029,0.24744300000000002,-0.05072500000000002,0.418434,0.287726,0.04075500000000004,0.43055599999999994,0.26845899999999995,-0.006181000000000048,0.4350799999999999,0.29214900000000005,0.014281000000000044,0.42501900000000004,0.266762,0.025500000000000023,0.429928
693,6.92,0.30080099999999993,0.013191999999999982,0.4102469999999999,0.31492000000000003,0.08305499999999999,0.4511949999999999,0.380063,-0.006237999999999966,0.4326519999999999,0.327896,-0.06742500000000001,0.418241,0.24732100000000007,-0.050958,0.418685,0.28824900000000003,0.04017599999999999,0.43065299999999995,0.26894999999999997,-0.006738999999999995,0.435256,0.2926870000000001,0.013683,0.425222,0.267283,0.024926000000000004,0.42999199999999993
694,6.93,0.30073,0.012851000000000001,0.41031700000000004,0.31506300000000004,0.08277599999999996,0.451086,0.37994200000000006,-0.006668000000000007,0.432662,0.32766200000000006,-0.06784800000000002,0.418501,0.24713400000000002,-0.05114099999999999,0.418963,0.28853200000000007,0.03961199999999998,0.4306789999999999,0.269252,-0.007301000000000002,0.435384,0.29301800000000006,0.0131,0.42537899999999995,0.26758200000000004,0.024339999999999973,0.42998099999999995
695,6.94,0.300699,0.012417999999999985,0.410355,0.3151920000000001,0.08244399999999996,0.4508859999999999,0.3798249999999999,-0.007301999999999975,0.432855,0.3274120000000001,-0.06831199999999998,0.41883499999999996,0.24687900000000002,-0.051366999999999996,0.419183,0.2888450000000001,0.03912199999999999,0.43085699999999993,0.26957899999999996,-0.007789000000000046,0.43562900000000004,0.293387,0.012593999999999994,0.42568700000000004,0.26791400000000004,0.02382899999999999,0.43009299999999995
696,6.95,0.30060900000000007,0.011965999999999977,0.410424,0.31534500000000004,0.08205099999999999,0.45072100000000004,0.379665,-0.007922999999999958,0.43294199999999994,0.32706799999999997,-0.06882100000000002,0.4191459999999999,0.24661799999999995,-0.05160500000000001,0.419485,0.289298,0.03866299999999995,0.431269,0.27002,-0.008240999999999998,0.43606999999999996,0.29388300000000006,0.012120999999999993,0.426215,0.26837799999999995,0.023358000000000045,0.4304199999999999
697,6.96,0.300522,0.011541999999999997,0.41046399999999994,0.31546199999999996,0.081729,0.45057100000000005,0.3795140000000001,-0.00842900000000002,0.433018,0.32678499999999994,-0.06928099999999998,0.419369,0.24642599999999998,-0.05193900000000001,0.4197179999999999,0.28966200000000003,0.03817799999999999,0.431616,0.2703790000000001,-0.008718000000000004,0.43646799999999997,0.29428800000000005,0.011620999999999992,0.426678,0.268754,0.02286100000000002,0.43070200000000003
698,6.97,0.30041,0.011185,0.4105,0.315498,0.081347,0.4505349999999999,0.37938,-0.008884000000000003,0.433005,0.326563,-0.06968200000000002,0.419432,0.246218,-0.05217900000000003,0.41985399999999995,0.290302,0.03768100000000002,0.43225499999999994,0.270959,-0.009191999999999978,0.4371069999999999,0.2949310000000001,0.011109999999999953,0.4273919999999999,0.26938599999999996,0.02237699999999998,0.43126999999999993
699,6.98,0.3003590000000001,0.01084400000000002,0.41047599999999995,0.31548799999999994,0.080982,0.45041999999999993,0.37931700000000007,-0.009267999999999998,0.43301199999999995,0.326405,-0.06998099999999996,0.419458,0.24618899999999994,-0.05246299999999998,0.41991999999999996,0.2907680000000001,0.037221000000000004,0.432982,0.271357,-0.009623000000000048,0.43782999999999994,0.29537299999999994,0.010640999999999956,0.428149,0.2698350000000001,0.02194299999999999,0.431967
700,6.99,0.30031499999999994,0.010608000000000006,0.41040299999999996,0.315482,0.08072100000000004,0.45041200000000003,0.37923900000000005,-0.009597999999999995,0.43299199999999993,0.32630999999999993,-0.07027700000000003,0.41942599999999997,0.245983,-0.05263099999999998,0.4197279999999999,0.29140099999999997,0.036770000000000025,0.43389900000000003,0.271913,-0.010048000000000001,0.438693,0.2959800000000001,0.010185,0.42906999999999995,0.270449,0.021521999999999986,0.4328329999999999
701,7.0,0.30028000000000005,0.01042599999999999,0.41037599999999996,0.31559600000000004,0.08076500000000003,0.45029700000000006,0.37919700000000006,-0.009898999999999991,0.43289699999999987,0.32617899999999994,-0.07050200000000001,0.41944899999999996,0.24590300000000004,-0.05283399999999999,0.4198569999999999,0.29209199999999996,0.03621799999999997,0.43476899999999996,0.27252000000000004,-0.010568000000000022,0.4395309999999999,0.29663599999999996,0.009624999999999995,0.4299489999999999,0.2711179999999999,0.021003999999999967,0.433667
702,7.01,0.30020700000000006,0.010133000000000003,0.410212,0.31571600000000005,0.08060899999999999,0.44979800000000003,0.379106,-0.010218999999999978,0.432658,0.32598,-0.07081499999999996,0.41958399999999996,0.24578700000000003,-0.052974999999999994,0.42007799999999995,0.29263100000000003,0.03580899999999998,0.435693,0.27298400000000006,-0.010950999999999989,0.440395,0.29713800000000007,0.009214,0.430851,0.271634,0.02062799999999998,0.43456099999999986
703,7.02,0.30007200000000006,0.00994600000000001,0.410134,0.31590900000000005,0.08055800000000002,0.4494429999999999,0.37903000000000003,-0.010504000000000013,0.432369,0.32568800000000003,-0.071079,0.41974199999999995,0.24544399999999994,-0.05300699999999997,0.42037099999999994,0.29331899999999994,0.035304999999999975,0.43669899999999995,0.273599,-0.011431000000000024,0.4413379999999999,0.297804,0.008705000000000018,0.43186099999999994,0.2723060000000001,0.020152000000000003,0.4355079999999999
704,7.03,0.2999739999999999,0.00963200000000003,0.4099449999999999,0.31612900000000005,0.08035999999999999,0.4487619999999999,0.3789120000000001,-0.010902000000000023,0.43211199999999994,0.325309,-0.07133899999999999,0.41996199999999995,0.24527499999999997,-0.05310400000000004,0.42072199999999993,0.293765,0.034808000000000006,0.43741700000000006,0.27401800000000004,-0.011917000000000011,0.44204999999999994,0.29825699999999994,0.008200999999999958,0.43262299999999987,0.272751,0.019659000000000038,0.43618099999999993
705,7.04,0.299835,0.009361999999999981,0.40985099999999997,0.316304,0.08018699999999995,0.448376,0.37874,-0.011361999999999983,0.431917,0.32498699999999997,-0.07170000000000004,0.420154,0.244879,-0.053107000000000015,0.42096199999999995,0.2940230000000001,0.034248,0.438009,0.27429999999999993,-0.012484999999999968,0.442665,0.29855800000000005,0.007635000000000003,0.43328999999999995,0.273028,0.01907700000000001,0.43672199999999994
706,7.05,0.299692,0.009070000000000022,0.40976199999999996,0.31631899999999996,0.07993699999999998,0.44800799999999985,0.37857499999999994,-0.01171899999999998,0.431851,0.32461,-0.071915,0.42030499999999993,0.24474100000000004,-0.05328700000000003,0.42115099999999994,0.294356,0.033725000000000005,0.4386659999999999,0.27462900000000007,-0.013006000000000018,0.44332499999999986,0.2989180000000001,0.007106000000000001,0.4340109999999999,0.273371,0.018546000000000007,0.4373229999999999
707,7.06,0.29955099999999996,0.008846999999999994,0.409663,0.316274,0.07967800000000003,0.44792200000000004,0.37834399999999996,-0.012099000000000026,0.43182199999999993,0.32434899999999994,-0.07216900000000004,0.4201849999999999,0.24449900000000008,-0.05340800000000001,0.421021,0.294626,0.03320299999999998,0.4393659999999999,0.2749120000000001,-0.01353500000000002,0.44401199999999996,0.299224,0.00658000000000003,0.4347669999999999,0.27365599999999995,0.018008000000000024,0.43796100000000004
708,7.07,0.29935000000000006,0.008635999999999977,0.409624,0.31595600000000007,0.07936599999999999,0.448105,0.378117,-0.012336000000000014,0.43186499999999994,0.32415,-0.07240599999999997,0.4199209999999999,0.24436299999999994,-0.05366700000000002,0.42073399999999994,0.29496399999999995,0.032665,0.44004999999999994,0.27521899999999994,-0.01406099999999999,0.44468399999999997,0.29956200000000005,0.006037000000000015,0.43548399999999987,0.27399100000000004,0.01747700000000002,0.4386039999999999
709,7.08,0.299175,0.008516999999999997,0.40959599999999996,0.31561900000000004,0.07908199999999999,0.448372,0.3778590000000001,-0.012429000000000023,0.43197399999999986,0.32400500000000004,-0.07253500000000002,0.419685,0.2442680000000001,-0.053866000000000025,0.42032899999999995,0.29549699999999995,0.032136,0.44104999999999994,0.27570500000000003,-0.014578000000000035,0.4455969999999999,0.300096,0.005506000000000011,0.436496,0.27452000000000004,0.016962000000000033,0.439519
710,7.09,0.298973,0.008412999999999948,0.40964599999999995,0.31516800000000006,0.07891199999999998,0.448677,0.37761799999999995,-0.012510999999999994,0.43220499999999995,0.32384700000000005,-0.07262800000000003,0.4195889999999999,0.24418499999999993,-0.05407500000000004,0.420029,0.29605700000000007,0.03132099999999999,0.4414199999999999,0.27618800000000004,-0.01535700000000001,0.44601499999999994,0.30063100000000004,0.0046740000000000115,0.436933,0.275063,0.016172999999999993,0.43986899999999995
711,7.1,0.298772,0.008371000000000017,0.40969999999999995,0.31484399999999996,0.07877899999999999,0.448836,0.3773579999999999,-0.012504000000000015,0.4324109999999999,0.32365099999999997,-0.07263199999999997,0.41958799999999996,0.24406100000000003,-0.05416599999999999,0.41990099999999997,0.2966570000000001,0.030664999999999998,0.44217799999999996,0.276723,-0.01598900000000003,0.44672999999999996,0.30122200000000005,0.004010999999999987,0.43772999999999995,0.275654,0.015535999999999994,0.440554
712,7.11,0.29858,0.008346999999999993,0.4097089999999999,0.31453499999999995,0.07883099999999998,0.4488389999999999,0.37714699999999995,-0.012492000000000003,0.432586,0.3234550000000001,-0.07265700000000003,0.419697,0.24388499999999996,-0.054215999999999986,0.41984199999999994,0.2971730000000001,0.029907000000000017,0.44254799999999994,0.27716999999999997,-0.016714000000000007,0.44713400000000003,0.3017189999999999,0.003238999999999992,0.43816599999999994,0.27615700000000004,0.014801000000000009,0.440894
713,7.12,0.2983700000000001,0.008284000000000014,0.409745,0.314343,0.07880100000000001,0.44877999999999996,0.376901,-0.012469999999999981,0.432627,0.3232390000000001,-0.07266700000000004,0.41977999999999993,0.24379599999999996,-0.05432799999999999,0.41998499999999994,0.29776600000000003,0.029173000000000004,0.442997,0.27769399999999994,-0.017415999999999987,0.4475969999999999,0.3022970000000001,0.0024919999999999942,0.4386809999999999,0.276739,0.014087000000000016,0.44129399999999996
714,7.13,0.298193,0.008214999999999972,0.4097099999999999,0.314185,0.07875399999999999,0.4486809999999999,0.37670700000000007,-0.012552000000000008,0.4326089999999999,0.3230119999999999,-0.07270500000000002,0.41978499999999996,0.24366099999999996,-0.054388999999999965,0.42001900000000003,0.2982909999999999,0.028549999999999964,0.4435319999999999,0.278156,-0.018015000000000003,0.448106,0.3028060000000001,0.0018610000000000015,0.439245,0.2772529999999999,0.013485999999999998,0.44177999999999995
715,7.14,0.297958,0.008292999999999995,0.4094359999999999,0.31407499999999994,0.07866499999999998,0.44858699999999996,0.37653,-0.012664000000000009,0.4324929999999999,0.322823,-0.07279400000000003,0.41968099999999986,0.24257600000000007,-0.054097000000000006,0.419366,0.298684,0.02793699999999999,0.44401899999999994,0.278515,-0.01861600000000002,0.44857899999999995,0.30319499999999994,0.0012419999999999654,0.4397619999999999,0.277642,0.012880999999999976,0.44222899999999987
716,7.15,0.29781399999999997,0.008181999999999967,0.40929899999999997,0.31390599999999996,0.07845000000000002,0.448523,0.376388,-0.012826000000000004,0.43230999999999997,0.32262799999999997,-0.07288500000000003,0.41940299999999997,0.24254000000000003,-0.054188000000000014,0.4191889999999999,0.29912299999999997,0.027287000000000006,0.44442499999999996,0.27892,-0.019251000000000018,0.4489719999999999,0.3036330000000001,0.0005859999999999754,0.44020499999999996,0.278079,0.012239999999999973,0.44259000000000004
717,7.16,0.297618,0.008214999999999972,0.40901299999999996,0.31369700000000006,0.07825899999999997,0.44855199999999995,0.37625400000000003,-0.012893999999999961,0.432102,0.32251,-0.07294400000000001,0.418824,0.241983,-0.05413300000000004,0.41852699999999987,0.29963900000000004,0.026556000000000024,0.44487199999999993,0.279395,-0.019965999999999984,0.44940099999999994,0.30414900000000006,-0.00015100000000001224,0.440696,0.27859300000000004,0.011519000000000001,0.4429829999999999
718,7.17,0.2975560000000001,0.008122999999999991,0.408903,0.31347200000000003,0.07802500000000001,0.448751,0.3761330000000001,-0.012992000000000004,0.432014,0.32251,-0.07303599999999999,0.418299,0.242164,-0.05434399999999995,0.41813199999999995,0.300019,0.02591199999999999,0.445303,0.27974799999999994,-0.02060099999999998,0.449804,0.30453099999999994,-0.0007989999999999942,0.441153,0.27897299999999997,0.010880999999999974,0.4433679999999999
719,7.18,0.297467,0.008102999999999971,0.4087669999999999,0.3131340000000001,0.077849,0.449048,0.375995,-0.01300800000000002,0.4320409999999999,0.3225080000000001,-0.073096,0.4179599999999999,0.24206699999999998,-0.05447999999999997,0.417415,0.30070100000000005,0.02512000000000003,0.445755,0.28034200000000004,-0.021357999999999988,0.450221,0.3051810000000001,-0.0016009999999999636,0.44162999999999997,0.27963699999999997,0.010120999999999991,0.4437669999999999
720,7.19,0.2973740000000001,0.00804100000000002,0.40871599999999997,0.3128389999999999,0.07775300000000002,0.449222,0.37581400000000004,-0.013017,0.43214699999999995,0.32245799999999997,-0.07314000000000004,0.41779299999999997,0.24213800000000002,-0.054676,0.4170499999999999,0.30130799999999996,0.024467000000000017,0.446244,0.28086799999999995,-0.021980999999999973,0.45065699999999986,0.30575500000000005,-0.002259000000000011,0.442121,0.280225,0.009501999999999955,0.4442099999999999
721,7.2,0.297251,0.008016999999999996,0.4087049999999999,0.312638,0.077685,0.4492499999999999,0.3756620000000001,-0.013012999999999997,0.43225,0.32236400000000004,-0.07318400000000003,0.4178179999999999,0.24197299999999994,-0.05467299999999997,0.416933,0.30196000000000006,0.023749999999999993,0.446601,0.28140899999999996,-0.022650999999999977,0.45099,0.306351,-0.002986000000000044,0.4424839999999999,0.28084500000000007,0.008832000000000007,0.44454099999999996
722,7.21,0.29714900000000005,0.007911000000000001,0.40868099999999996,0.31255399999999994,0.07772699999999999,0.4490679999999999,0.375497,-0.013093000000000021,0.432295,0.322185,-0.07325199999999998,0.417975,0.24197299999999994,-0.054800000000000015,0.417053,0.302785,0.022926000000000002,0.4468709999999999,0.28210299999999994,-0.02341700000000002,0.4512529999999999,0.30711400000000005,-0.003823999999999994,0.4427819999999999,0.281635,0.00806399999999996,0.444781
723,7.22,0.296901,0.007726000000000011,0.408682,0.3125839999999999,0.07769899999999996,0.4486939999999999,0.375392,-0.013309000000000015,0.43235599999999996,0.32200100000000004,-0.073436,0.418196,0.24117099999999997,-0.05489500000000003,0.41745600000000005,0.303544,0.022145000000000026,0.44709199999999993,0.2827340000000001,-0.024141999999999997,0.45146299999999995,0.30780899999999994,-0.004618999999999984,0.4430219999999999,0.28235799999999994,0.007335999999999954,0.4449759999999999
724,7.23,0.29689099999999996,0.007621999999999962,0.408548,0.31269300000000005,0.07768799999999998,0.448414,0.37526,-0.013508999999999993,0.4322619999999999,0.32176699999999997,-0.07355299999999998,0.418265,0.24121600000000004,-0.05490099999999998,0.41745199999999993,0.30429900000000004,0.021477999999999997,0.44751399999999997,0.283364,-0.024758999999999975,0.45181899999999997,0.30850400000000006,-0.005294000000000021,0.44343599999999994,0.28308000000000005,0.006724000000000008,0.44535
725,7.24,0.2967769999999999,0.007484999999999964,0.408423,0.31272399999999995,0.07764099999999996,0.44813000000000003,0.375198,-0.013749000000000011,0.432129,0.321556,-0.073735,0.418231,0.24092200000000003,-0.05493100000000001,0.417524,0.305043,0.02072400000000002,0.44783799999999996,0.28399500000000005,-0.02546599999999999,0.4520979999999999,0.309197,-0.006058000000000008,0.44377,0.283796,0.006017999999999968,0.4456279999999999
726,7.25,0.29679700000000003,0.00734499999999999,0.40823599999999993,0.31285599999999997,0.07753700000000002,0.44779800000000003,0.37511199999999995,-0.01396200000000003,0.43195399999999995,0.321463,-0.07392299999999996,0.41825499999999993,0.24089500000000003,-0.05490800000000001,0.417466,0.3057210000000001,0.02008500000000002,0.44835099999999994,0.28455899999999995,-0.026061,0.4525119999999999,0.309819,-0.006700000000000039,0.44425099999999995,0.28444300000000006,0.005431999999999992,0.446087
727,7.26,0.29679700000000003,0.0072129999999999694,0.408154,0.31289800000000006,0.07750499999999999,0.44763,0.375087,-0.014151999999999998,0.43187699999999996,0.32136900000000007,-0.074094,0.4182339999999999,0.24093499999999995,-0.05498700000000001,0.41749400000000003,0.30626400000000004,0.01941799999999999,0.44870699999999997,0.28501400000000005,-0.026693000000000022,0.45280699999999996,0.310317,-0.007371000000000016,0.444588,0.284962,0.004805999999999977,0.44640899999999994
728,7.27,0.29680200000000007,0.007083000000000006,0.408076,0.31294700000000003,0.07744700000000004,0.44741299999999995,0.375018,-0.014249999999999985,0.43188899999999997,0.32132600000000006,-0.07426899999999997,0.41836799999999996,0.24089500000000003,-0.055035,0.4175079999999999,0.306688,0.01887500000000003,0.44918499999999995,0.28536900000000004,-0.027212999999999987,0.453191,0.310703,-0.00791200000000003,0.4450169999999999,0.28536500000000004,0.004298000000000024,0.4468519999999999
729,7.28,0.296804,0.0069889999999999675,0.40811299999999995,0.31297899999999995,0.07750399999999996,0.447252,0.37495799999999996,-0.014338000000000017,0.43204599999999993,0.3212340000000001,-0.074376,0.4187219999999999,0.24085600000000001,-0.055054999999999965,0.417678,0.307093,0.018303000000000014,0.4495739999999999,0.2857100000000001,-0.02776099999999998,0.45350899999999994,0.311073,-0.008483999999999992,0.44536999999999993,0.28575100000000003,0.0037579999999999836,0.44721299999999997
730,7.29,0.296781,0.0068649999999999545,0.40814399999999995,0.31292099999999995,0.07756099999999999,0.4469139999999999,0.37484199999999995,-0.014351000000000003,0.4323109999999999,0.32117999999999997,-0.07452799999999998,0.41928999999999994,0.24078099999999997,-0.055008,0.417957,0.30737,0.017735,0.44976499999999997,0.28595299999999996,-0.028316000000000008,0.453669,0.3113350000000001,-0.009052999999999978,0.445553,0.28602,0.0032059999999999866,0.44738599999999995
731,7.3,0.29675,0.0067949999999999955,0.408242,0.31298600000000004,0.07775899999999997,0.4465849999999999,0.3746960000000001,-0.01430999999999999,0.43257499999999993,0.3209929999999999,-0.07452999999999999,0.42006699999999997,0.240724,-0.05501100000000003,0.418357,0.307857,0.01713300000000001,0.450014,0.28637000000000007,-0.028890000000000027,0.453874,0.31178999999999996,-0.009660000000000002,0.44579899999999995,0.28648900000000005,0.0026339999999999697,0.44760199999999994
732,7.31,0.2966910000000001,0.006734999999999991,0.408276,0.31289800000000006,0.077965,0.44605300000000003,0.3745850000000001,-0.01432899999999998,0.432952,0.32081,-0.074544,0.42076,0.24057,-0.054833999999999994,0.418821,0.308336,0.016500000000000015,0.45006999999999997,0.2867680000000001,-0.029484999999999983,0.453924,0.312232,-0.010301999999999978,0.4458779999999999,0.28694899999999995,0.0020340000000000358,0.447631
733,7.32,0.296676,0.006578999999999946,0.408289,0.31296399999999996,0.078154,0.44550599999999996,0.37447500000000006,-0.014321000000000028,0.43315899999999996,0.3206820000000001,-0.07461899999999999,0.42154099999999994,0.24053200000000002,-0.05490299999999998,0.41926699999999995,0.30902,0.01578299999999999,0.450121,0.2873339999999999,-0.030147000000000035,0.45397,0.3128640000000001,-0.011032000000000042,0.445971,0.28760500000000006,0.0013659999999999783,0.4476419999999999
734,7.33,0.29659299999999994,0.006474000000000035,0.40829799999999994,0.31295899999999993,0.078233,0.44506999999999997,0.37437500000000007,-0.014374999999999971,0.4333109999999999,0.32051999999999997,-0.07469300000000001,0.42198,0.24037100000000006,-0.05484099999999997,0.41967699999999997,0.3097039999999999,0.015027999999999986,0.45003899999999997,0.28789400000000004,-0.030842000000000036,0.45390699999999995,0.31349199999999994,-0.011804000000000037,0.4459399999999999,0.28826,0.0006590000000000207,0.44753
735,7.34,0.29656200000000005,0.006298000000000026,0.40827800000000003,0.3129990000000001,0.078318,0.44463299999999994,0.374338,-0.014486000000000054,0.4334389999999999,0.32034500000000005,-0.074822,0.42244100000000007,0.240303,-0.05493300000000001,0.42000799999999994,0.3103679999999999,0.014326000000000005,0.45003399999999993,0.28843,-0.03148200000000001,0.453904,0.314089,-0.012518000000000029,0.4459589999999999,0.288889,1.399999999995849e-05,0.44750499999999993
736,7.35,0.296471,0.006012999999999991,0.4081799999999999,0.31293200000000004,0.078268,0.4440559999999999,0.374199,-0.014705000000000024,0.43347899999999995,0.320158,-0.07504499999999997,0.42292399999999997,0.2402189999999999,-0.05504099999999995,0.42030599999999996,0.31092000000000003,0.013724000000000014,0.45009299999999997,0.28887599999999997,-0.03203400000000001,0.4539479999999999,0.314579,-0.013127,0.44601,0.289407,-0.0005379999999999829,0.44755899999999993
737,7.36,0.29637600000000003,0.005707000000000018,0.407941,0.31296700000000005,0.07811300000000004,0.443207,0.37405099999999997,-0.014921000000000018,0.43349000000000004,0.319888,-0.075291,0.423389,0.239933,-0.055049000000000015,0.4205359999999999,0.311398,0.013137999999999983,0.4501649999999999,0.28925400000000007,-0.03257399999999999,0.45400299999999993,0.31499000000000005,-0.013718000000000008,0.44604999999999995,0.28985,-0.0010729999999999906,0.44764399999999993
738,7.37,0.2961559999999999,0.005383000000000027,0.40791,0.31297,0.07812000000000002,0.4426549999999999,0.37385699999999994,-0.015253000000000017,0.43343,0.31936400000000004,-0.07551600000000003,0.4239879999999999,0.239717,-0.05526500000000001,0.42099699999999995,0.311857,0.012614000000000014,0.4503059999999999,0.289618,-0.033055,0.4541069999999999,0.31538099999999997,-0.01424299999999995,0.44613800000000003,0.2902719999999999,-0.0015440000000000453,0.44780200000000003
739,7.38,0.295997,0.00491999999999998,0.40769600000000006,0.313151,0.07790600000000003,0.441588,0.37364900000000006,-0.015688000000000035,0.43337899999999996,0.318861,-0.075818,0.424667,0.239357,-0.055381000000000014,0.4215269999999999,0.31226099999999996,0.012029999999999985,0.4503039999999999,0.28992999999999997,-0.03359399999999996,0.454102,0.315718,-0.01483000000000001,0.44610000000000005,0.29063999999999995,-0.0020780000000000243,0.44782999999999995
740,7.39,0.295741,0.0045419999999999905,0.40750699999999995,0.31308700000000006,0.077849,0.4407089999999999,0.373423,-0.01610900000000004,0.433299,0.318343,-0.076102,0.42518999999999996,0.238983,-0.055467000000000044,0.421957,0.31268200000000007,0.011485999999999996,0.4503809999999999,0.290259,-0.034094999999999986,0.4541599999999999,0.316077,-0.015376999999999974,0.446144,0.291028,-0.0025740000000000207,0.44792
741,7.4,0.29558500000000004,0.0038529999999999953,0.407284,0.313169,0.07745599999999997,0.43954899999999997,0.37316900000000003,-0.016602000000000006,0.43317399999999995,0.318011,-0.07655699999999999,0.42589,0.23888800000000004,-0.055881000000000014,0.42259,0.312992,0.010969000000000007,0.450292,0.2905090000000001,-0.03458099999999997,0.454082,0.316351,-0.015898999999999996,0.4460599999999999,0.29131899999999994,-0.003062000000000009,0.44783499999999987
742,7.41,0.29533100000000007,0.003402000000000016,0.4070929999999999,0.31306799999999996,0.077457,0.43871799999999994,0.37291,-0.017010000000000025,0.43311900000000003,0.31762299999999993,-0.07706099999999999,0.426488,0.238427,-0.056062,0.4229099999999999,0.31335399999999997,0.010387000000000035,0.4501409999999999,0.290808,-0.035129999999999995,0.45395299999999994,0.316683,-0.016490000000000005,0.4459399999999999,0.2916659999999999,-0.0036179999999999546,0.44767499999999993
743,7.42,0.294681,0.0029910000000000214,0.4067519999999999,0.3128389999999999,0.076797,0.437855,0.372527,-0.01750600000000002,0.43293899999999996,0.316857,-0.07723600000000003,0.426206,0.23706900000000003,-0.056201999999999974,0.42312099999999997,0.31354200000000004,0.00987699999999997,0.449858,0.290969,-0.035623000000000016,0.4537189999999999,0.3168600000000001,-0.017008000000000023,0.445701,0.29184899999999997,-0.0041220000000000145,0.44739399999999996
744,7.43,0.294402,0.00234899999999999,0.4065169999999999,0.312679,0.07649300000000003,0.437117,0.37220100000000006,-0.01816699999999999,0.4328629999999999,0.31646100000000005,-0.07785000000000003,0.426573,0.23663099999999998,-0.056635000000000046,0.423269,0.313853,0.009316999999999964,0.449539,0.29123799999999994,-0.036155999999999966,0.45345999999999986,0.317154,-0.017578000000000038,0.44543699999999997,0.292151,-0.004667000000000032,0.44707699999999995
745,7.44,0.2939439999999999,0.0016599999999999948,0.40620899999999993,0.31233700000000003,0.07580399999999998,0.43641700000000005,0.371789,-0.018826999999999983,0.43264499999999995,0.316016,-0.07857800000000004,0.42671099999999995,0.23581600000000008,-0.05696000000000001,0.42325499999999994,0.314173,0.008667999999999954,0.449063,0.29149299999999995,-0.03676500000000005,0.453082,0.317432,-0.01823999999999998,0.44501,0.292449,-0.005289000000000044,0.446639
746,7.45,0.2936290000000001,0.0009319999999999884,0.4059599999999999,0.31212199999999996,0.07525899999999996,0.435839,0.37139800000000006,-0.019566000000000028,0.4324429999999999,0.31556899999999993,-0.07921600000000001,0.42696899999999993,0.2354650000000001,-0.057552999999999965,0.423231,0.3146480000000001,0.008097999999999994,0.44886400000000004,0.2918779999999999,-0.037285999999999986,0.4529209999999999,0.317853,-0.01882000000000006,0.4448329999999999,0.2928969999999999,-0.005818000000000045,0.44645199999999996
747,7.46,0.29329,0.00014700000000000824,0.40571999999999997,0.311911,0.07460800000000001,0.43500799999999995,0.371017,-0.020342000000000027,0.432292,0.315081,-0.07994600000000002,0.427276,0.235103,-0.05796000000000001,0.42351099999999997,0.31528800000000007,0.007433999999999996,0.4487669999999999,0.292394,-0.03788600000000003,0.45284199999999997,0.31842200000000004,-0.01949400000000001,0.44475299999999995,0.29350000000000004,-0.006425000000000014,0.44635499999999995
748,7.47,0.2929650000000001,-0.0006249999999999867,0.4053629999999999,0.311799,0.074102,0.43411999999999995,0.37064,-0.02103900000000003,0.431982,0.314688,-0.080679,0.42764599999999997,0.2345359999999999,-0.05849800000000005,0.42354499999999995,0.315953,0.006806999999999952,0.448874,0.29293600000000003,-0.038453000000000015,0.452917,0.31902400000000003,-0.020129000000000008,0.444866,0.29413300000000003,-0.0069949999999999735,0.4464299999999999
749,7.48,0.29266999999999993,-0.0012689999999999646,0.40511699999999995,0.31175500000000006,0.07351599999999997,0.433206,0.370346,-0.021691000000000016,0.43159099999999995,0.314235,-0.08129900000000001,0.42804299999999995,0.234207,-0.05861900000000003,0.4239489999999999,0.316718,0.0061289999999999956,0.4490799999999999,0.293568,-0.03906800000000005,0.45307699999999995,0.3197229999999999,-0.020816,0.44508099999999995,0.294865,-0.00761400000000001,0.44659000000000004
750,7.49,0.29234299999999996,-0.0020839999999999748,0.4046859999999999,0.31161600000000006,0.07303199999999999,0.43205899999999997,0.370049,-0.022415000000000018,0.43122000000000005,0.3138300000000001,-0.08187899999999998,0.42830199999999996,0.23378800000000005,-0.05928800000000001,0.42413900000000004,0.317312,0.005457999999999963,0.4491749999999999,0.294054,-0.039686,0.45314999999999994,0.320263,-0.021496000000000015,0.445191,0.2954320000000001,-0.008236999999999994,0.446654
751,7.5,0.29211100000000007,-0.002713000000000021,0.40446499999999996,0.31163900000000005,0.07244099999999998,0.4312999999999999,0.36978800000000006,-0.023063,0.430856,0.3134510000000001,-0.08254900000000004,0.428573,0.23353300000000005,-0.05944699999999997,0.42445599999999994,0.317958,0.005023,0.44959899999999986,0.2946039999999999,-0.040078,0.45348900000000003,0.32086299999999995,-0.021932000000000007,0.44559399999999993,0.29605600000000004,-0.008626000000000023,0.447025
752,7.51,0.29174799999999995,-0.0035109999999999864,0.404092,0.311378,0.07175399999999998,0.430308,0.36945,-0.023731000000000002,0.4305459999999999,0.31303200000000003,-0.08311000000000002,0.42878799999999995,0.23314300000000004,-0.06002000000000002,0.42460699999999996,0.318216,0.004448999999999981,0.44950999999999997,0.2948110000000001,-0.04062300000000002,0.45342899999999997,0.32109000000000004,-0.022511999999999976,0.445519,0.296298,-0.00917699999999999,0.446947
753,7.52,0.2915090000000001,-0.004100999999999966,0.403922,0.311298,0.07139400000000001,0.42982200000000004,0.36910799999999994,-0.024380999999999986,0.4303779999999999,0.31268899999999994,-0.08374199999999998,0.42889199999999994,0.23293000000000003,-0.060448,0.4247289999999999,0.31842999999999994,0.0040000000000000036,0.44951699999999994,0.29499000000000003,-0.041053000000000006,0.453446,0.32127999999999995,-0.02296300000000001,0.44552400000000003,0.29650000000000004,-0.009607000000000032,0.446966
754,7.53,0.29118700000000003,-0.004821999999999993,0.403651,0.31089400000000006,0.07060100000000002,0.42936299999999994,0.36882299999999996,-0.025021000000000015,0.43023100000000003,0.312363,-0.08433099999999999,0.42882299999999995,0.23259500000000005,-0.061051999999999995,0.4245699999999999,0.31858800000000004,0.0035209999999999964,0.44951399999999997,0.29512299999999997,-0.041518,0.4534539999999999,0.32142,-0.02344400000000002,0.445519,0.296649,-0.010072999999999999,0.4469719999999999
755,7.54,0.290954,-0.005373000000000017,0.40335299999999996,0.31060100000000007,0.07006899999999999,0.42922000000000005,0.36854499999999996,-0.02553099999999997,0.43002399999999996,0.31214499999999995,-0.08492900000000003,0.4286039999999999,0.23225199999999996,-0.06167900000000004,0.424018,0.318776,0.003031000000000006,0.4495509999999999,0.2952820000000001,-0.04199400000000003,0.453487,0.321591,-0.023934999999999984,0.445557,0.29682800000000004,-0.01054900000000003,0.4470059999999999
756,7.55,0.290684,-0.005836000000000008,0.403087,0.310182,0.06953700000000002,0.42929700000000004,0.368281,-0.025975000000000026,0.4297749999999999,0.31197899999999995,-0.085426,0.42790300000000003,0.23210999999999998,-0.062402999999999986,0.423488,0.31918300000000005,0.0025259999999999727,0.44979899999999995,0.29562700000000003,-0.04247000000000001,0.453684,0.32197100000000006,-0.024441999999999964,0.4458009999999999,0.29722299999999996,-0.01102599999999998,0.44721599999999995
757,7.56,0.29043899999999995,-0.006379999999999997,0.402732,0.30963199999999996,0.06895000000000001,0.4293199999999999,0.36803800000000003,-0.026395999999999975,0.429566,0.31191399999999997,-0.08603500000000003,0.4274199999999999,0.231852,-0.06316,0.422659,0.3194310000000001,0.0020629999999999815,0.44993399999999995,0.29582899999999995,-0.042912000000000006,0.453785,0.3222,-0.024907999999999986,0.44593700000000003,0.29746200000000006,-0.011468999999999951,0.44731999999999994
758,7.57,0.29025800000000007,-0.006933999999999996,0.40247599999999994,0.30925699999999995,0.06834600000000002,0.4294159999999999,0.36785000000000007,-0.02689199999999997,0.4293539999999999,0.3118830000000001,-0.08659899999999998,0.42674199999999995,0.23182200000000003,-0.06402000000000002,0.42211,0.3198579999999999,0.0015040000000000053,0.4500749999999999,0.2961730000000001,-0.043431,0.4538859999999999,0.32258800000000004,-0.025471999999999995,0.4460839999999999,0.29787,-0.01199100000000003,0.447423
759,7.58,0.2900810000000001,-0.007220000000000004,0.4021079999999999,0.30887099999999995,0.06796000000000002,0.429342,0.36769499999999994,-0.027229999999999976,0.428971,0.31181300000000006,-0.08696500000000001,0.4260839999999999,0.2317630000000001,-0.06436200000000003,0.421488,0.32017599999999996,0.0009640000000000204,0.450037,0.29642399999999997,-0.04393600000000003,0.453847,0.3228729999999999,-0.026017999999999986,0.44606599999999996,0.29817200000000005,-0.012502000000000013,0.4473679999999999
760,7.59,0.289943,-0.007760000000000045,0.40171100000000004,0.308664,0.067521,0.428991,0.367586,-0.027503999999999973,0.4284929999999999,0.31188,-0.087474,0.42575399999999997,0.23167900000000002,-0.06516500000000003,0.42103599999999997,0.320717,0.00036599999999997745,0.45003399999999993,0.29685100000000003,-0.04447499999999999,0.453832,0.323351,-0.026623000000000008,0.44606899999999994,0.29868200000000006,-0.013046000000000058,0.4473489999999999
761,7.6,0.28983699999999996,-0.008008999999999988,0.40132599999999996,0.308607,0.06729800000000002,0.42842499999999994,0.367527,-0.027749000000000024,0.42794199999999993,0.31182499999999996,-0.087723,0.42539499999999997,0.23168499999999997,-0.06530999999999998,0.42092700000000005,0.321093,-0.00022700000000003273,0.44983699999999993,0.297151,-0.04502400000000001,0.45366300000000004,0.323684,-0.027222999999999997,0.44589599999999996,0.2990380000000001,-0.013604000000000005,0.447153
762,7.61,0.2897490000000001,-0.008338000000000012,0.40091999999999994,0.308598,0.06706500000000004,0.42768399999999995,0.36753700000000006,-0.02793800000000002,0.427393,0.311804,-0.08791199999999999,0.425291,0.23161100000000007,-0.06561,0.4208719999999999,0.32151199999999996,-0.0008119999999999794,0.449696,0.297491,-0.045565999999999995,0.4535389999999999,0.32405600000000007,-0.02781499999999998,0.44577,0.29943400000000003,-0.014153000000000027,0.44701499999999994
763,7.62,0.289637,-0.008695999999999982,0.400424,0.308595,0.06676300000000002,0.4266129999999999,0.36754099999999995,-0.02817900000000001,0.42669199999999996,0.311753,-0.08815499999999998,0.4251649999999999,0.23159899999999994,-0.06568800000000002,0.421018,0.321799,-0.0012989999999999946,0.4495199999999999,0.297723,-0.04602200000000001,0.453379,0.32430700000000007,-0.028305999999999998,0.4455929999999999,0.29970199999999997,-0.01461100000000004,0.4468519999999999
764,7.63,0.2896079999999999,-0.008821999999999997,0.40012400000000004,0.3087809999999999,0.06678299999999998,0.4261499999999999,0.36755600000000005,-0.028373000000000037,0.4261179999999999,0.31169600000000003,-0.08824199999999999,0.424871,0.23164599999999996,-0.06585799999999997,0.42101299999999997,0.32215999999999995,-0.0018400000000000083,0.4493539999999999,0.29801000000000005,-0.04652200000000001,0.45322799999999996,0.32461599999999996,-0.028849999999999987,0.4454159999999999,0.3000359999999999,-0.015114000000000016,0.446708
765,7.64,0.28951699999999997,-0.009133000000000002,0.399679,0.30873600000000007,0.06636199999999998,0.425458,0.36753300000000005,-0.028586,0.42548699999999995,0.3117060000000001,-0.08848300000000003,0.42458699999999994,0.23160799999999998,-0.06598600000000004,0.42087299999999994,0.322545,-0.002359,0.44915499999999997,0.29833000000000004,-0.04700399999999999,0.453043,0.3249560000000001,-0.02937200000000001,0.44521199999999994,0.300399,-0.015597000000000028,0.446526
766,7.65,0.28950099999999995,-0.009282999999999986,0.399408,0.30877400000000005,0.06635999999999997,0.42520999999999987,0.36752099999999993,-0.028696999999999973,0.42502399999999996,0.31177800000000006,-0.08872199999999997,0.42427099999999995,0.23167999999999994,-0.06624999999999998,0.420655,0.32288999999999995,-0.002948000000000006,0.4487239999999999,0.2986039999999999,-0.04754799999999998,0.4526809999999999,0.3252479999999999,-0.029967999999999995,0.44479499999999994,0.30071699999999996,-0.016149999999999998,0.44613899999999995
767,7.66,0.2894170000000001,-0.009434999999999971,0.399092,0.3085839999999999,0.066081,0.42496999999999996,0.3674840000000001,-0.028828999999999994,0.424627,0.31177400000000005,-0.08884600000000004,0.423845,0.23171399999999992,-0.06638899999999998,0.420312,0.32339900000000005,-0.003614000000000006,0.4483039999999999,0.29901400000000006,-0.048153999999999975,0.45232799999999995,0.325694,-0.03064300000000003,0.4444069999999999,0.30119499999999994,-0.016768000000000005,0.4457469999999999
768,7.67,0.28935099999999997,-0.009660999999999975,0.39881999999999995,0.308363,0.06581699999999996,0.4247369999999999,0.36751400000000006,-0.028990000000000016,0.4244309999999999,0.31181700000000007,-0.08900000000000002,0.42334799999999995,0.23173300000000002,-0.06673099999999998,0.420052,0.32378999999999997,-0.004213000000000022,0.4478669999999999,0.29932600000000004,-0.048705,0.4519549999999999,0.3260370000000001,-0.03125300000000003,0.444009,0.30156299999999997,-0.017332999999999987,0.44532799999999995
769,7.68,0.28936100000000003,-0.009806000000000037,0.39849599999999996,0.308279,0.065718,0.42457899999999993,0.3675,-0.029058000000000028,0.4241499999999999,0.31189800000000006,-0.089169,0.423029,0.23172500000000001,-0.06703400000000004,0.41950599999999993,0.324436,-0.004935999999999996,0.4474919999999999,0.29985500000000004,-0.04935900000000004,0.45162599999999997,0.326625,-0.03198999999999996,0.4436999999999999,0.302182,-0.018006999999999995,0.444933
770,7.69,0.289353,-0.009898999999999991,0.3982659999999999,0.308193,0.06561899999999998,0.42437199999999997,0.367528,-0.029124999999999956,0.42389199999999994,0.311958,-0.08925500000000003,0.422736,0.23179,-0.06715200000000004,0.4192809999999999,0.32485100000000006,-0.005489999999999995,0.4472229999999999,0.30019899999999994,-0.049871,0.45138,0.3270140000000001,-0.032553,0.44348999999999994,0.302587,-0.018535000000000024,0.44463299999999994
771,7.7,0.2893590000000001,-0.009869000000000017,0.39803999999999995,0.30825600000000003,0.06575199999999998,0.42418999999999996,0.3675530000000001,-0.029102000000000017,0.42348399999999986,0.31203300000000006,-0.089285,0.42242499999999994,0.23186199999999996,-0.06722,0.419095,0.325254,-0.006037999999999988,0.44701199999999996,0.300548,-0.05038699999999996,0.451183,0.327405,-0.03311200000000003,0.443346,0.30298699999999995,-0.019069000000000003,0.44437400000000005
772,7.71,0.289332,-0.009938999999999976,0.39782699999999993,0.308216,0.065695,0.4238179999999999,0.36759899999999995,-0.02907399999999999,0.423125,0.31212199999999996,-0.089279,0.42220899999999995,0.23198199999999997,-0.067299,0.419126,0.32546,-0.006491999999999998,0.446816,0.30071699999999996,-0.050819,0.4510019999999999,0.327598,-0.03357100000000002,0.44318499999999994,0.30318799999999996,-0.019511,0.44416
773,7.72,0.2893400000000001,-0.010025000000000006,0.397467,0.308208,0.06560899999999997,0.4231569999999999,0.36767200000000005,-0.02904000000000001,0.4227329999999999,0.31221100000000007,-0.089256,0.422006,0.232064,-0.06727899999999998,0.4190879999999999,0.325602,-0.00688500000000003,0.446682,0.30082899999999996,-0.051195000000000046,0.450875,0.32772399999999996,-0.033968,0.44306199999999996,0.30332200000000004,-0.019890999999999992,0.4440219999999999
774,7.73,0.28936,-0.010051000000000032,0.39718599999999993,0.3081749999999999,0.06562399999999996,0.42274199999999995,0.36778700000000003,-0.02896700000000002,0.4223279999999999,0.31234,-0.08922799999999997,0.421751,0.23221299999999995,-0.06732100000000002,0.4190029999999999,0.325529,-0.0072309999999999874,0.44644499999999987,0.300753,-0.05153599999999997,0.450678,0.327641,-0.034314999999999984,0.44282699999999997,0.303243,-0.02023400000000003,0.443816
775,7.74,0.28944,-0.010021000000000002,0.3969069999999999,0.30830700000000005,0.06579499999999999,0.422434,0.36787600000000004,-0.028915999999999997,0.42189599999999994,0.31246500000000005,-0.08924599999999999,0.4215,0.23236099999999998,-0.067361,0.41880099999999987,0.325524,-0.007547000000000026,0.44636999999999993,0.30074400000000007,-0.051848000000000005,0.450611,0.327628,-0.034629999999999994,0.44274099999999994,0.30323400000000006,-0.020544000000000007,0.4437579999999999
776,7.75,0.28953200000000007,-0.010019,0.396552,0.3082970000000001,0.06577499999999997,0.4221799999999999,0.368014,-0.028849999999999987,0.42155,0.312671,-0.08924700000000002,0.4211999999999999,0.23236000000000007,-0.067407,0.41829399999999994,0.32545399999999997,-0.007857999999999976,0.44625499999999996,0.300679,-0.052159999999999984,0.45051699999999995,0.327555,-0.03493999999999997,0.44262199999999996,0.3031620000000001,-0.020855999999999986,0.44366399999999995
777,7.76,0.28963599999999995,-0.009936,0.3962819999999999,0.308428,0.065799,0.4220839999999999,0.36811600000000005,-0.028793000000000013,0.421173,0.31278500000000004,-0.08916800000000003,0.4206789999999999,0.23255700000000007,-0.06745899999999999,0.41794299999999995,0.32547299999999996,-0.008145000000000013,0.44634699999999994,0.30068200000000006,-0.05243999999999999,0.4505839999999999,0.32756100000000005,-0.035225000000000006,0.4426899999999999,0.303174,-0.02113100000000001,0.443755
778,7.77,0.289745,-0.009897000000000045,0.39592799999999995,0.308409,0.065809,0.4219069999999999,0.368264,-0.028683000000000014,0.42080799999999996,0.31303300000000006,-0.08917900000000001,0.4201609999999999,0.23269299999999998,-0.06753700000000001,0.417432,0.325586,-0.008511999999999964,0.4464109999999999,0.30076300000000006,-0.05279099999999998,0.4506319999999999,0.32765700000000003,-0.035592999999999986,0.442751,0.303279,-0.021482,0.4438089999999999
779,7.78,0.2899030000000001,-0.009838999999999987,0.395651,0.30850800000000006,0.06578,0.42178899999999997,0.36843999999999993,-0.028615,0.420412,0.31326400000000004,-0.08913399999999999,0.4196979999999999,0.2329750000000001,-0.06755,0.4170689999999999,0.325721,-0.008844999999999992,0.446558,0.300858,-0.05310500000000001,0.4507469999999999,0.327771,-0.035926000000000013,0.442889,0.303405,-0.02179500000000001,0.443937
780,7.79,0.29005999999999993,-0.009838999999999987,0.39525,0.30855400000000005,0.06585800000000003,0.4215789999999999,0.36861000000000005,-0.028503,0.4199529999999999,0.313594,-0.089202,0.419183,0.23317899999999997,-0.06775599999999998,0.416492,0.325968,-0.009258000000000044,0.446708,0.3010509999999999,-0.05348999999999998,0.45087,0.327992,-0.03634200000000004,0.443044,0.303641,-0.02218399999999998,0.44406199999999996
781,7.8,0.290228,-0.00969399999999998,0.394903,0.308703,0.06584600000000002,0.421235,0.368839,-0.02832699999999999,0.4194239999999999,0.313842,-0.089034,0.41864599999999996,0.23352,-0.06757000000000002,0.41627099999999995,0.32616800000000007,-0.009700000000000042,0.4466899999999999,0.30120399999999997,-0.05390399999999995,0.45086899999999996,0.32817,-0.03678999999999999,0.44305399999999995,0.303831,-0.022606999999999988,0.444033
782,7.81,0.29041200000000006,-0.009685,0.39443700000000004,0.308842,0.06597400000000003,0.42073499999999997,0.36907799999999996,-0.02823600000000004,0.418856,0.31418300000000005,-0.08900600000000003,0.418196,0.23374900000000004,-0.06767000000000001,0.415875,0.326382,-0.010137000000000007,0.44676399999999994,0.30137299999999995,-0.054315,0.450943,0.3283650000000001,-0.037229999999999985,0.44314999999999993,0.30403700000000006,-0.02302599999999999,0.444087
783,7.82,0.290565,-0.009732000000000018,0.393987,0.308957,0.06579999999999997,0.420014,0.36937500000000006,-0.02814300000000003,0.41825499999999993,0.31444600000000006,-0.08891899999999997,0.41778899999999997,0.23404799999999998,-0.06759200000000004,0.415787,0.326595,-0.01054900000000003,0.44679899999999995,0.301544,-0.054703,0.45098499999999997,0.32856,-0.037648000000000015,0.44321299999999997,0.304243,-0.02342299999999997,0.44410399999999994
784,7.83,0.290772,-0.009593000000000018,0.393672,0.309317,0.066131,0.41961400000000004,0.36963699999999994,-0.028061999999999976,0.4177139999999999,0.314684,-0.08879999999999999,0.4174159999999999,0.23428599999999994,-0.06755,0.41567200000000004,0.32682799999999995,-0.010994000000000004,0.4468059999999999,0.30174400000000007,-0.05512699999999998,0.451009,0.32878499999999994,-0.03809900000000005,0.443264,0.30447399999999997,-0.02385799999999999,0.444086
785,7.84,0.290892,-0.009607000000000032,0.393269,0.30943400000000004,0.06617800000000001,0.41903899999999994,0.36983000000000005,-0.02799400000000002,0.41711299999999996,0.3149370000000001,-0.088748,0.41700400000000004,0.23458099999999998,-0.06758599999999998,0.41554499999999994,0.3270610000000001,-0.011492000000000002,0.44670999999999994,0.30192099999999994,-0.05559000000000003,0.4509589999999999,0.32898600000000006,-0.038605,0.44320499999999996,0.304692,-0.024332999999999994,0.44399599999999995
786,7.85,0.29106899999999997,-0.00956499999999999,0.39283499999999993,0.309699,0.06619799999999998,0.4187179999999999,0.36998900000000007,-0.027909000000000017,0.41651099999999996,0.3151960000000001,-0.08879799999999999,0.41665399999999997,0.23462599999999995,-0.06756400000000001,0.41499299999999995,0.327208,-0.011962000000000028,0.446558,0.3020359999999999,-0.056035,0.45087,0.329115,-0.03908099999999998,0.443095,0.304831,-0.024790999999999952,0.44386000000000003
787,7.86,0.29118800000000006,-0.00954900000000003,0.39251099999999994,0.309756,0.06619599999999998,0.41839800000000005,0.37013900000000005,-0.027890000000000026,0.415999,0.31539,-0.08878199999999997,0.416245,0.23497299999999993,-0.06753100000000001,0.41475699999999993,0.327425,-0.012527999999999984,0.44636599999999993,0.3021960000000001,-0.05656100000000003,0.45075,0.329293,-0.03965399999999997,0.442937,0.30502900000000005,-0.02533000000000002,0.4436979999999999
788,7.87,0.291268,-0.009645000000000015,0.39214499999999997,0.30972700000000003,0.06594099999999997,0.4180109999999999,0.3703110000000001,-0.027876999999999985,0.41564999999999996,0.31553499999999995,-0.08876699999999998,0.41569599999999995,0.23518600000000006,-0.06766099999999997,0.41447599999999996,0.32755700000000004,-0.013049000000000033,0.446211,0.3022970000000001,-0.057057000000000024,0.45066700000000004,0.32940300000000006,-0.04018100000000002,0.44281799999999993,0.30515,-0.025838000000000028,0.44357100000000005
789,7.88,0.291387,-0.009564000000000017,0.391991,0.309873,0.06612099999999999,0.41801999999999995,0.370389,-0.027861999999999998,0.4153049999999999,0.315718,-0.08881100000000003,0.415289,0.23547100000000004,-0.06770000000000004,0.4142769999999999,0.32773199999999997,-0.013588999999999962,0.44615099999999996,0.302425,-0.057566000000000006,0.45065199999999994,0.32954599999999995,-0.040725999999999984,0.44277699999999987,0.305309,-0.026355000000000017,0.4435319999999999
790,7.89,0.29142799999999996,-0.009697000000000011,0.39164999999999994,0.3097060000000001,0.06583099999999997,0.4176709999999999,0.370538,-0.027835,0.41500499999999996,0.3158450000000001,-0.08876,0.414929,0.23565199999999992,-0.06789199999999995,0.41393599999999986,0.327819,-0.014085999999999987,0.44613400000000003,0.30248,-0.05803999999999998,0.4506739999999999,0.32961,-0.041225999999999985,0.44277599999999995,0.30538499999999996,-0.02683599999999997,0.44353299999999996
791,7.9,0.2915649999999999,-0.009619999999999962,0.391525,0.30992000000000003,0.066054,0.41773499999999997,0.37063699999999994,-0.027793000000000012,0.41468099999999986,0.31605600000000006,-0.08886100000000002,0.41460600000000003,0.235848,-0.06797000000000003,0.413717,0.328065,-0.014580000000000037,0.446384,0.302684,-0.05851200000000001,0.45090699999999995,0.329838,-0.04172300000000001,0.44303499999999996,0.30562400000000006,-0.02731300000000003,0.44375999999999993
792,7.91,0.2916229999999999,-0.00965200000000005,0.39134,0.309849,0.06595399999999996,0.41755200000000003,0.37076000000000003,-0.02777700000000005,0.4144,0.316186,-0.08882300000000004,0.41430599999999995,0.23613500000000004,-0.06802000000000002,0.4136019999999999,0.3281319999999999,-0.015015,0.44662499999999994,0.302727,-0.05893499999999996,0.45113899999999996,0.32989300000000005,-0.04215900000000006,0.44328,0.30568499999999993,-0.02773700000000001,0.44399199999999994
793,7.92,0.2917020000000001,-0.009712000000000054,0.39122599999999996,0.3099370000000001,0.065948,0.417473,0.37083399999999994,-0.027783000000000002,0.41418599999999994,0.31634100000000004,-0.08890199999999998,0.41408999999999996,0.23630999999999996,-0.068187,0.413513,0.32831399999999994,-0.015611000000000042,0.44680299999999995,0.3028640000000001,-0.05950300000000003,0.45133100000000004,0.33005200000000007,-0.04275899999999999,0.44348,0.305858,-0.028314000000000006,0.44416200000000006
794,7.93,0.29174799999999995,-0.009763999999999995,0.3911509999999999,0.310004,0.06593399999999999,0.41732100000000005,0.37087299999999995,-0.027861000000000025,0.4140609999999999,0.316358,-0.08893000000000001,0.4140069999999999,0.236466,-0.068224,0.41354899999999994,0.328451,-0.01611299999999999,0.4471029999999999,0.30295200000000005,-0.059977,0.451611,0.330161,-0.043260999999999994,0.443773,0.30598200000000003,-0.028789999999999982,0.44445100000000004
795,7.94,0.291766,-0.009919000000000011,0.391146,0.310007,0.06583,0.41727199999999987,0.37088499999999996,-0.02793899999999999,0.4140449999999999,0.31641,-0.08911400000000003,0.4141,0.23649799999999993,-0.06837900000000002,0.413567,0.32871899999999993,-0.016714000000000007,0.44738,0.303155,-0.060540999999999956,0.451885,0.330394,-0.043866000000000016,0.44406599999999996,0.3062350000000001,-0.029361000000000026,0.444712
796,7.95,0.29179499999999997,-0.01004499999999997,0.39103999999999994,0.31007,0.06572,0.4171459999999999,0.37089,-0.028108999999999995,0.41407099999999997,0.316321,-0.08921000000000001,0.41407799999999995,0.236435,-0.068496,0.4134159999999999,0.32895100000000005,-0.017303999999999986,0.4476039999999999,0.303317,-0.06109000000000003,0.4521179999999999,0.33058399999999993,-0.04446099999999997,0.44429799999999997,0.30644699999999997,-0.029917000000000027,0.4449359999999999
797,7.96,0.291851,-0.010177999999999965,0.3911229999999999,0.310142,0.0655,0.41730599999999995,0.370928,-0.028289999999999982,0.41412899999999997,0.31633000000000006,-0.08940300000000001,0.41403899999999993,0.236531,-0.06857600000000003,0.41345699999999996,0.32929,-0.017938999999999983,0.44786099999999995,0.303576,-0.06167600000000001,0.452391,0.3308769999999999,-0.045101,0.44457499999999994,0.30676600000000004,-0.030513000000000012,0.44519
798,7.97,0.291896,-0.01031399999999999,0.3910309999999999,0.310228,0.065334,0.417327,0.37095700000000004,-0.028467999999999993,0.41409799999999997,0.3163310000000001,-0.089532,0.413871,0.23646700000000004,-0.06878700000000004,0.41323299999999996,0.329351,-0.018490000000000006,0.44805799999999996,0.303598,-0.06220000000000003,0.4526279999999999,0.33091,-0.045655,0.44478700000000004,0.30681300000000006,-0.031044000000000016,0.4454069999999999
799,7.98,0.29198799999999997,-0.010423999999999989,0.39094299999999993,0.31029999999999996,0.06514900000000001,0.4173919999999999,0.37107700000000005,-0.028608999999999996,0.4139639999999999,0.31646100000000005,-0.08970800000000001,0.41364599999999996,0.23651300000000003,-0.06890799999999997,0.41302099999999997,0.329683,-0.01905100000000004,0.4486,0.303862,-0.062724,0.45312799999999986,0.33120600000000006,-0.04621700000000001,0.44532099999999997,0.30713000000000007,-0.03157199999999999,0.44592
800,7.99,0.29211500000000007,-0.01053599999999999,0.39076900000000003,0.310379,0.06507099999999999,0.41737199999999997,0.37121600000000005,-0.028693999999999997,0.41374900000000003,0.31667399999999996,-0.089808,0.41342599999999996,0.23661900000000008,-0.06917600000000002,0.412689,0.329833,-0.019544000000000006,0.449159,0.303973,-0.06320000000000003,0.45364099999999996,0.3313350000000001,-0.046709,0.44586099999999995,0.307271,-0.03204400000000002,0.44645899999999994
801,8.0,0.2922719999999999,-0.01065900000000003,0.390571,0.31042300000000006,0.06489800000000001,0.417145,0.37142899999999995,-0.028724000000000027,0.413523,0.316976,-0.089924,0.41316200000000003,0.23685299999999992,-0.06927899999999998,0.4125559999999999,0.3300180000000001,-0.020164000000000015,0.4496999999999999,0.304105,-0.06379099999999999,0.454149,0.33149100000000004,-0.04732900000000001,0.4463919999999999,0.30744299999999997,-0.03263699999999997,0.44698000000000004
802,8.01,0.2924550000000001,-0.010623000000000049,0.39048099999999997,0.310688,0.06498300000000001,0.4171649999999999,0.371643,-0.028718999999999995,0.41324099999999997,0.317232,-0.089899,0.4129109999999999,0.23704200000000003,-0.06939500000000004,0.41244899999999995,0.3300910000000001,-0.020845000000000002,0.450167,0.3041519999999999,-0.06445800000000002,0.45460899999999993,0.331552,-0.048012,0.446866,0.30751100000000003,-0.033306999999999976,0.4474349999999999
803,8.02,0.29263999999999996,-0.010759000000000019,0.39027899999999993,0.31081600000000004,0.06486900000000001,0.41690799999999995,0.371897,-0.02879900000000002,0.4130259999999999,0.31748400000000004,-0.089926,0.412636,0.237315,-0.06963199999999997,0.41234499999999996,0.33025299999999996,-0.021521000000000012,0.450889,0.30427699999999996,-0.06511699999999998,0.455275,0.331698,-0.04868699999999998,0.44757499999999995,0.3076670000000001,-0.033963999999999994,0.44812399999999997
804,8.03,0.29285199999999995,-0.010871999999999993,0.39016399999999996,0.31110299999999996,0.06471900000000003,0.41681199999999996,0.372107,-0.028900000000000037,0.412778,0.317733,-0.09009800000000001,0.41252199999999994,0.23749500000000007,-0.06970799999999999,0.412246,0.330432,-0.022246000000000044,0.451519,0.30441599999999996,-0.06582199999999999,0.45586899999999997,0.33185799999999993,-0.04941200000000001,0.44819999999999993,0.3078389999999999,-0.03467100000000001,0.4487279999999999
805,8.04,0.293067,-0.01105600000000001,0.390042,0.311333,0.06453999999999999,0.41661000000000004,0.372349,-0.029142,0.412612,0.317931,-0.09031899999999998,0.4123969999999999,0.237732,-0.06977899999999998,0.41223699999999996,0.33074200000000004,-0.022979000000000027,0.45235000000000003,0.30463599999999996,-0.06650899999999998,0.45662099999999994,0.332112,-0.050141999999999964,0.4489829999999999,0.308124,-0.035351999999999995,0.4495349999999999
806,8.05,0.29324199999999995,-0.011317999999999995,0.389957,0.311618,0.064276,0.41658399999999995,0.37252900000000005,-0.02942699999999998,0.4124399999999999,0.3180549999999999,-0.09055400000000002,0.41223199999999993,0.23789300000000008,-0.07014899999999996,0.41213199999999994,0.33107100000000006,-0.023895999999999973,0.45299500000000004,0.3049009999999999,-0.06739,0.45724599999999993,0.33241000000000004,-0.051061999999999996,0.4496419999999999,0.30844,-0.036239999999999994,0.4501519999999999
807,8.06,0.29339300000000007,-0.011568999999999996,0.389833,0.311822,0.06400800000000001,0.416485,0.37272,-0.029835999999999974,0.4122619999999999,0.31811000000000006,-0.090831,0.41198500000000005,0.23804799999999998,-0.07034099999999999,0.41204299999999994,0.33146500000000007,-0.024765000000000037,0.4538779999999999,0.305194,-0.06820300000000001,0.458067,0.3327440000000001,-0.051931000000000005,0.450495,0.308808,-0.03705400000000003,0.45101
808,8.07,0.29343,-0.011714000000000002,0.389659,0.31204499999999996,0.06372499999999998,0.41646899999999987,0.37267999999999996,-0.029915999999999998,0.4119689999999999,0.31808700000000006,-0.09091700000000003,0.4115249999999999,0.23817700000000003,-0.07071200000000005,0.41180399999999995,0.331842,-0.025802999999999965,0.4545119999999999,0.305482,-0.06918800000000003,0.4586999999999999,0.3330739999999999,-0.05297400000000002,0.45115399999999994,0.309166,-0.038051999999999975,0.45162099999999994
809,8.08,0.29361299999999996,-0.011929000000000023,0.38946899999999995,0.312205,0.06342999999999999,0.4164089999999999,0.3729259999999999,-0.03020400000000001,0.41188499999999995,0.31815199999999993,-0.09110200000000002,0.41114300000000004,0.23831700000000006,-0.07099499999999997,0.41149099999999994,0.332227,-0.02681100000000003,0.45532799999999995,0.305765,-0.07013800000000003,0.459472,0.3334019999999999,-0.05398400000000003,0.451962,0.309526,-0.03900800000000004,0.45240800000000003
810,8.09,0.293696,-0.012116999999999989,0.38939199999999996,0.312329,0.06322999999999995,0.4164589999999999,0.37296899999999994,-0.030316999999999983,0.411751,0.31826499999999996,-0.09126099999999998,0.41092700000000004,0.23846300000000004,-0.07137699999999997,0.41132100000000005,0.3326390000000001,-0.027871000000000035,0.45624,0.30607200000000007,-0.07113800000000003,0.46033599999999997,0.33376,-0.05504600000000004,0.45287999999999995,0.30991700000000005,-0.04001699999999997,0.45327699999999993
811,8.1,0.29386400000000007,-0.012282999999999988,0.38933399999999996,0.31241499999999994,0.06299100000000002,0.41641300000000003,0.37314300000000006,-0.030537000000000036,0.411728,0.318417,-0.09144800000000003,0.4108869999999999,0.23865599999999992,-0.07141599999999998,0.41123299999999996,0.333,-0.028859000000000024,0.45730399999999993,0.30634100000000003,-0.07207800000000003,0.461317,0.334077,-0.056035,0.453932,0.310262,-0.04096099999999997,0.45428199999999985
812,8.11,0.29397100000000004,-0.012436999999999976,0.389269,0.31255099999999997,0.06288899999999997,0.41639800000000005,0.373304,-0.030611000000000055,0.41158399999999995,0.31856,-0.09155400000000002,0.410736,0.23879099999999992,-0.07176699999999997,0.41115899999999994,0.33333300000000005,-0.030013000000000012,0.458271,0.30658100000000005,-0.07317799999999997,0.46223900000000007,0.33436099999999996,-0.05719099999999999,0.4549019999999999,0.310576,-0.04206900000000002,0.4552099999999999
813,8.12,0.294116,-0.012573999999999974,0.38919100000000006,0.31270500000000007,0.06271199999999999,0.41627499999999995,0.37345100000000003,-0.030777,0.411424,0.318726,-0.091673,0.4106859999999999,0.238979,-0.07182699999999997,0.41115099999999993,0.333732,-0.03109700000000004,0.45948900000000004,0.30687000000000003,-0.07420399999999999,0.4633489999999999,0.334699,-0.058272000000000046,0.45607600000000004,0.31095,-0.04309299999999999,0.45637799999999995
814,8.13,0.294212,-0.012736999999999998,0.38913,0.31281600000000004,0.06264700000000001,0.4161999999999999,0.373608,-0.030874999999999986,0.41126399999999996,0.31888500000000003,-0.09185700000000002,0.41060399999999986,0.239091,-0.07208999999999999,0.41114399999999995,0.33402000000000004,-0.032184999999999964,0.4607579999999999,0.3070939999999999,-0.07526000000000005,0.46451699999999996,0.3349539999999999,-0.059355999999999964,0.457307,0.31122600000000006,-0.044145000000000045,0.457596
815,8.14,0.294318,-0.012859999999999983,0.3891119999999999,0.312953,0.06250500000000003,0.41612099999999996,0.37373400000000007,-0.031044000000000016,0.411145,0.318981,-0.09192300000000003,0.410597,0.23925999999999997,-0.07217600000000002,0.4112279999999999,0.3343880000000001,-0.033355000000000024,0.4620359999999999,0.307367,-0.07638100000000003,0.4656779999999999,0.3352669999999999,-0.06052099999999999,0.45852499999999996,0.3115710000000001,-0.04526000000000002,0.45882999999999996
816,8.15,0.29439699999999996,-0.013049000000000033,0.38910100000000003,0.31304899999999997,0.06232300000000002,0.4160729999999999,0.37381400000000004,-0.031210000000000016,0.411154,0.3190549999999999,-0.09216800000000003,0.410608,0.239303,-0.07231399999999999,0.41124799999999995,0.3348149999999999,-0.03468100000000002,0.46319600000000005,0.307692,-0.07764899999999997,0.46676699999999993,0.335633,-0.061843999999999955,0.45965,0.31197199999999997,-0.04652899999999999,0.459962
817,8.16,0.294441,-0.01321899999999998,0.38917999999999997,0.313062,0.06215299999999996,0.41613299999999986,0.373848,-0.03143699999999999,0.411254,0.3190699999999999,-0.09229799999999999,0.4107289999999999,0.23937900000000006,-0.07244699999999998,0.411331,0.33530600000000005,-0.03604999999999997,0.464438,0.30806799999999995,-0.078953,0.46791399999999994,0.3360560000000001,-0.06320899999999996,0.460847,0.31243499999999996,-0.04783200000000004,0.46116499999999994
818,8.17,0.29452800000000007,-0.013436999999999977,0.38924099999999995,0.31317999999999996,0.06189900000000004,0.41620899999999994,0.3738930000000001,-0.031664000000000025,0.41136400000000006,0.319093,-0.092532,0.41079599999999994,0.23945200000000005,-0.07264000000000004,0.41135599999999994,0.336084,-0.037636,0.46563999999999994,0.308671,-0.08043300000000003,0.46903700000000004,0.33673000000000003,-0.06479400000000002,0.4620209999999999,0.3131709999999999,-0.049323000000000006,0.462326
819,8.18,0.294542,-0.013624999999999998,0.389328,0.31316800000000006,0.061724,0.416338,0.37391,-0.031893000000000005,0.411462,0.319116,-0.09273100000000001,0.41084,0.23946399999999995,-0.07283500000000004,0.4114049999999999,0.33684600000000003,-0.03920800000000002,0.46689800000000004,0.30926000000000003,-0.08190200000000003,0.47019600000000006,0.33739,-0.066363,0.46324,0.313891,-0.05080000000000001,0.463537
820,8.19,0.294602,-0.013855000000000006,0.3893969999999999,0.31324100000000005,0.06140699999999999,0.4164359999999999,0.3739360000000001,-0.03211799999999998,0.41151099999999996,0.319127,-0.09297799999999998,0.41084599999999993,0.239605,-0.07302899999999996,0.4114629999999999,0.3378149999999999,-0.04097900000000004,0.46810299999999994,0.31002,-0.08354299999999998,0.47132299999999994,0.33823699999999995,-0.06813399999999997,0.4644299999999999,0.31481200000000004,-0.05246000000000001,0.46469099999999997
821,8.2,0.29466300000000006,-0.013971000000000011,0.38950299999999993,0.313244,0.06121399999999999,0.41656799999999994,0.373963,-0.032311000000000034,0.41153300000000004,0.31914900000000007,-0.093218,0.410856,0.239863,-0.07295299999999999,0.41159999999999997,0.338937,-0.04284099999999996,0.4692569999999999,0.310923,-0.08526699999999998,0.472398,0.339235,-0.06999699999999998,0.4655839999999999,0.315887,-0.054207000000000005,0.46577999999999997
822,8.21,0.2946910000000001,-0.014165999999999956,0.389591,0.313328,0.06105699999999997,0.416616,0.373974,-0.032542000000000015,0.411571,0.319162,-0.09336900000000001,0.41088199999999997,0.23996,-0.07319300000000001,0.411774,0.33996699999999996,-0.04471899999999995,0.47056699999999996,0.311737,-0.087009,0.47360599999999997,0.340139,-0.071874,0.4668709999999999,0.316869,-0.05596899999999999,0.46702699999999986
823,8.22,0.29471200000000003,-0.014363999999999988,0.3895799999999999,0.31333300000000003,0.06084200000000001,0.41661499999999996,0.3740069999999999,-0.03269500000000003,0.411571,0.319192,-0.093558,0.41100400000000004,0.23990800000000007,-0.07338300000000003,0.4116989999999999,0.340764,-0.046568,0.47157799999999994,0.312351,-0.08873900000000001,0.474577,0.340825,-0.07372200000000001,0.4678779999999999,0.317622,-0.057718999999999965,0.4680099999999999
824,8.23,0.29475500000000004,-0.014469999999999983,0.38964299999999996,0.31340700000000005,0.06078100000000003,0.4166169999999999,0.37403499999999995,-0.03284200000000004,0.411571,0.31921399999999994,-0.093643,0.4111159999999999,0.240006,-0.07346599999999998,0.4118379999999999,0.341694,-0.048419000000000045,0.472981,0.313096,-0.090474,0.47585299999999997,0.34164999999999995,-0.075569,0.469245,0.318514,-0.05946800000000002,0.46934
825,8.24,0.29472399999999993,-0.01467400000000002,0.38966999999999996,0.313409,0.06061,0.416601,0.374052,-0.03298400000000001,0.4116089999999999,0.31921799999999995,-0.093801,0.4112469999999999,0.23984500000000003,-0.07373000000000002,0.41187799999999986,0.342323,-0.050248000000000015,0.47397599999999995,0.313587,-0.09221099999999999,0.47680599999999995,0.34219700000000003,-0.07739700000000005,0.4702369999999999,0.3191129999999999,-0.06122299999999997,0.47030399999999994
826,8.25,0.29475100000000004,-0.01480999999999999,0.3897379999999999,0.313444,0.060439999999999994,0.416582,0.374059,-0.03315700000000005,0.41164599999999996,0.319231,-0.093948,0.4113539999999999,0.23992300000000005,-0.073735,0.41204700000000005,0.34330200000000005,-0.052210000000000034,0.475287,0.314378,-0.094051,0.478009,0.34307100000000007,-0.07935599999999998,0.4715309999999999,0.32005600000000006,-0.06308200000000003,0.4715409999999999
827,8.26,0.29474799999999995,-0.014999999999999958,0.389822,0.3134789999999999,0.060238000000000014,0.41678399999999993,0.37406600000000007,-0.033414,0.4117099999999999,0.31918300000000005,-0.09415400000000002,0.411424,0.23982200000000004,-0.073963,0.41200000000000003,0.343872,-0.05410999999999999,0.476167,0.31481300000000007,-0.095857,0.47888,0.34355700000000006,-0.081256,0.47242099999999987,0.320595,-0.06491000000000002,0.47240499999999996
828,8.27,0.29473600000000005,-0.01521800000000001,0.389861,0.313494,0.05998700000000001,0.41680099999999987,0.374033,-0.03369,0.41180399999999995,0.319107,-0.09439600000000001,0.41143299999999994,0.23979299999999998,-0.07410599999999995,0.41205999999999987,0.3447630000000001,-0.056242000000000014,0.4771789999999999,0.31551999999999997,-0.097863,0.479857,0.344339,-0.08338899999999999,0.47344699999999995,0.321447,-0.066944,0.47337699999999994
829,8.28,0.2946999999999999,-0.015457000000000054,0.389965,0.31345799999999996,0.059679999999999955,0.417048,0.37396899999999994,-0.03400900000000001,0.411944,0.319023,-0.09468500000000002,0.41148399999999985,0.23967599999999994,-0.07432000000000005,0.41199699999999995,0.34567300000000006,-0.05829099999999998,0.47835000000000005,0.316224,-0.099772,0.480942,0.34512000000000004,-0.08543100000000003,0.4745799999999999,0.322309,-0.06887399999999999,0.4745109999999999
830,8.29,0.29467400000000005,-0.01572699999999999,0.390066,0.31349299999999997,0.059421,0.4172079999999999,0.37389,-0.03432299999999999,0.4120839999999999,0.31896399999999997,-0.09507900000000002,0.41156899999999996,0.23954000000000003,-0.07454099999999997,0.412019,0.34659500000000004,-0.060508000000000006,0.47932699999999995,0.316934,-0.10183900000000001,0.4818819999999999,0.34590499999999996,-0.08764100000000002,0.475538,0.323178,-0.07096799999999998,0.4754729999999999
831,8.3,0.29461600000000004,-0.015988000000000002,0.3901229999999999,0.31341,0.05909600000000004,0.417326,0.373805,-0.034636,0.41224799999999995,0.31886299999999995,-0.09534799999999999,0.4117099999999999,0.23935299999999998,-0.07472900000000005,0.4119379999999999,0.3474310000000001,-0.06265599999999999,0.48037699999999994,0.31756499999999993,-0.10384500000000002,0.48286299999999993,0.34660399999999997,-0.08977800000000002,0.476534,0.323961,-0.072992,0.476514
832,8.31,0.29458600000000007,-0.016185000000000005,0.39025,0.313414,0.058887999999999996,0.4174389999999999,0.373736,-0.03490599999999999,0.41241399999999995,0.318803,-0.09561,0.411778,0.23929800000000007,-0.07483600000000001,0.412095,0.348158,-0.06470899999999996,0.4814489999999999,0.31812900000000005,-0.10578299999999999,0.48386699999999994,0.347222,-0.09182099999999999,0.4775579999999999,0.32464599999999993,-0.07494400000000001,0.47757099999999997
833,8.32,0.294521,-0.016412000000000038,0.390313,0.31332299999999996,0.058753,0.41749099999999995,0.37365199999999993,-0.03511799999999998,0.41254199999999996,0.3188020000000001,-0.09590299999999999,0.4119059999999999,0.239145,-0.07505400000000001,0.4121309999999999,0.348992,-0.067058,0.4823139999999999,0.31876599999999994,-0.107988,0.484707,0.3479259999999999,-0.09416200000000002,0.4784059999999999,0.3254310000000001,-0.07717799999999997,0.47843099999999994
834,8.33,0.29449299999999995,-0.01659700000000003,0.39036499999999996,0.313275,0.05859199999999998,0.41752999999999996,0.373592,-0.03528700000000001,0.41264499999999993,0.31883100000000003,-0.09615000000000001,0.412034,0.23903499999999994,-0.07517999999999997,0.4121569999999999,0.349767,-0.06923799999999997,0.483182,0.319371,-0.110045,0.485537,0.348589,-0.096334,0.47924999999999995,0.326165,-0.079256,0.47928799999999994
835,8.34,0.29441900000000004,-0.016842999999999997,0.3903629999999999,0.31312599999999996,0.058267999999999986,0.417366,0.37353300000000006,-0.03547,0.412744,0.31877000000000005,-0.096303,0.41215099999999993,0.23899299999999996,-0.07530999999999999,0.41227800000000003,0.350683,-0.07166499999999998,0.48399899999999996,0.32008299999999995,-0.112321,0.486328,0.349373,-0.09875500000000001,0.480062,0.327034,-0.08156600000000003,0.48008799999999996
836,8.35,0.294387,-0.01691300000000001,0.3904789999999999,0.31322500000000003,0.05829999999999996,0.417566,0.37348200000000004,-0.035623000000000016,0.4127519999999999,0.31869999999999993,-0.096496,0.412231,0.2388679999999999,-0.07541999999999999,0.4123389999999999,0.35139400000000004,-0.07393899999999998,0.4847659999999999,0.3206090000000001,-0.114456,0.4870699999999999,0.349956,-0.101018,0.4808009999999999,0.32769700000000007,-0.08372599999999997,0.4808589999999999
837,8.36,0.29427300000000006,-0.017061999999999966,0.3904739999999999,0.313088,0.05807499999999999,0.41747199999999995,0.3734030000000001,-0.03580699999999998,0.41274500000000003,0.318509,-0.09654900000000002,0.41228999999999993,0.23882700000000007,-0.07548099999999996,0.4124209999999999,0.35234899999999997,-0.07637899999999997,0.48558499999999993,0.321355,-0.11673800000000001,0.48785199999999995,0.3507759999999999,-0.10344899999999999,0.481611,0.328606,-0.08604299999999998,0.481656
838,8.37,0.2941810000000001,-0.01710900000000004,0.39054,0.313173,0.05799500000000002,0.4175119999999999,0.37334000000000006,-0.035989999999999966,0.412732,0.3182669999999999,-0.09648800000000002,0.41218999999999995,0.23874299999999998,-0.07559500000000002,0.41259899999999994,0.35324000000000005,-0.07883399999999996,0.48636900000000005,0.32202900000000007,-0.119028,0.48859299999999994,0.3515230000000001,-0.10589200000000001,0.482371,0.32944600000000007,-0.08836699999999997,0.4824249999999999
839,8.38,0.29408000000000006,-0.01719799999999999,0.39059699999999997,0.313127,0.057894999999999974,0.4174979999999999,0.373257,-0.03608,0.4127759999999999,0.318101,-0.096605,0.41230199999999995,0.23861300000000002,-0.07561299999999999,0.412728,0.354241,-0.081422,0.48707599999999995,0.3228170000000001,-0.121452,0.48927299999999996,0.352389,-0.10847399999999999,0.483093,0.330404,-0.09083400000000003,0.4830979999999999
840,8.39,0.294001,-0.017276000000000014,0.390659,0.31308299999999994,0.05784999999999996,0.41747500000000004,0.373211,-0.03617100000000001,0.4128569999999999,0.317992,-0.096643,0.41237099999999993,0.238512,-0.07569500000000001,0.41288400000000003,0.35500099999999996,-0.08390700000000001,0.4876649999999999,0.323375,-0.123779,0.48984899999999987,0.35301199999999994,-0.11094700000000002,0.48366999999999993,0.331116,-0.093197,0.48368599999999995
841,8.4,0.293924,-0.017337000000000047,0.3907139999999999,0.31300100000000003,0.05776100000000001,0.417543,0.3731419999999999,-0.03625100000000003,0.41292099999999987,0.3178729999999999,-0.09678,0.41246099999999997,0.2384,-0.07566499999999998,0.41291,0.35599200000000003,-0.08657000000000004,0.4882859999999999,0.32415999999999995,-0.126278,0.4904569999999999,0.3538740000000001,-0.11360500000000001,0.48432299999999995,0.332069,-0.095744,0.48427
842,8.41,0.293877,-0.017426000000000053,0.39079700000000006,0.312961,0.05773100000000003,0.417586,0.37310399999999994,-0.03639199999999998,0.4130449999999999,0.317829,-0.09686900000000001,0.412481,0.23834000000000005,-0.07575599999999999,0.4130539999999999,0.35687299999999994,-0.089225,0.48873599999999995,0.32483200000000007,-0.12876200000000002,0.49092899999999995,0.35461500000000007,-0.116252,0.48479700000000003,0.33290400000000003,-0.098276,0.484718
843,8.42,0.293796,-0.017511,0.39082399999999995,0.3128450000000001,0.05765999999999999,0.417648,0.37307300000000004,-0.03645799999999999,0.41308999999999996,0.317752,-0.09702,0.41251899999999997,0.2381999999999999,-0.07582899999999998,0.41303,0.35804300000000006,-0.09208699999999997,0.4892519999999999,0.325749,-0.131418,0.491452,0.35562,-0.11910499999999999,0.4853479999999999,0.334023,-0.100993,0.4852089999999999
844,8.43,0.29373299999999997,-0.01761600000000002,0.39091699999999996,0.312822,0.05759799999999998,0.4177099999999999,0.37303800000000004,-0.036631000000000025,0.41315999999999997,0.317653,-0.097075,0.4125549999999999,0.23815000000000003,-0.07597300000000001,0.413188,0.35899699999999996,-0.094801,0.489857,0.3264789999999999,-0.133948,0.49204499999999995,0.356424,-0.12180500000000002,0.485957,0.33493,-0.103571,0.48580199999999996
845,8.44,0.29363999999999996,-0.017631000000000008,0.3909619999999999,0.31275900000000006,0.057489999999999986,0.41774199999999995,0.37300400000000006,-0.03678200000000004,0.41325199999999995,0.31738000000000005,-0.096913,0.41264199999999995,0.23801199999999995,-0.07597799999999999,0.4132189999999999,0.3601849999999999,-0.097659,0.49068599999999996,0.327404,-0.13658900000000002,0.49280999999999997,0.35743700000000006,-0.124643,0.486768,0.336065,-0.106266,0.48659299999999994
846,8.45,0.29354399999999997,-0.01773600000000003,0.391019,0.312737,0.057472999999999996,0.41774199999999995,0.37292300000000006,-0.03692200000000001,0.413284,0.317244,-0.09713200000000002,0.412663,0.23788800000000004,-0.07603400000000005,0.41337,0.361207,-0.10053299999999998,0.491401,0.32818700000000006,-0.139264,0.49346999999999996,0.35829800000000006,-0.127498,0.4874639999999999,0.33703900000000003,-0.108991,0.48727999999999994
847,8.46,0.29349200000000003,-0.017782999999999993,0.3910069999999999,0.31272300000000003,0.05740600000000001,0.417678,0.372847,-0.037011000000000016,0.4132849999999999,0.317112,-0.09721000000000002,0.4128289999999999,0.237763,-0.07594400000000001,0.41335500000000003,0.36219399999999996,-0.10333700000000001,0.49217299999999997,0.328942,-0.141873,0.49415999999999993,0.35912499999999997,-0.130277,0.48818700000000004,0.337977,-0.11164200000000002,0.4880269999999999
848,8.47,0.29342399999999996,-0.017869999999999997,0.39104300000000003,0.31272300000000003,0.05737599999999998,0.417593,0.372774,-0.037080999999999975,0.41325499999999993,0.317101,-0.09734199999999998,0.4128869999999999,0.23768300000000003,-0.07597700000000002,0.4135509999999999,0.36318100000000003,-0.106298,0.49282399999999993,0.32970700000000003,-0.14464300000000002,0.494768,0.3599600000000001,-0.133218,0.488823,0.33891999999999994,-0.11446200000000001,0.4886569999999999
849,8.48,0.2932759999999999,-0.017907000000000006,0.39109099999999997,0.31271200000000005,0.05735600000000002,0.41758699999999993,0.37252900000000005,-0.036972000000000005,0.41314699999999993,0.31704899999999997,-0.097552,0.412952,0.23756899999999997,-0.07596799999999998,0.413702,0.3640860000000001,-0.109099,0.4935109999999999,0.33040300000000006,-0.14726399999999998,0.4953949999999999,0.3607179999999999,-0.135994,0.489467,0.33978099999999994,-0.117124,0.48933099999999996
850,8.49,0.293228,-0.018116999999999994,0.39122,0.31265800000000005,0.057296000000000014,0.417608,0.37233200000000005,-0.036918000000000006,0.413168,0.31718399999999997,-0.09809699999999999,0.413554,0.23749000000000003,-0.07596999999999998,0.4138289999999999,0.36509299999999995,-0.11210800000000001,0.49393200000000004,0.331188,-0.15007700000000002,0.49581,0.36156800000000006,-0.13898300000000002,0.48988,0.340741,-0.11998999999999999,0.48975499999999994
851,8.5,0.29316499999999995,-0.018156000000000005,0.39136499999999996,0.312594,0.05725199999999997,0.417678,0.37227899999999997,-0.037039000000000044,0.413319,0.317146,-0.09806899999999999,0.4136409999999999,0.237442,-0.075963,0.4140849999999999,0.365921,-0.115088,0.49412299999999987,0.33179200000000003,-0.152853,0.49603700000000006,0.362226,-0.14193699999999998,0.490054,0.341513,-0.12281900000000001,0.48998799999999987
852,8.51,0.29308700000000004,-0.018188000000000037,0.39144999999999996,0.3125839999999999,0.05724400000000002,0.417721,0.372176,-0.03707100000000002,0.41339800000000004,0.3169929999999999,-0.09806700000000002,0.41380300000000003,0.237369,-0.07601800000000003,0.41419499999999987,0.36693899999999996,-0.11812799999999998,0.49458599999999997,0.332583,-0.155687,0.496471,0.36308100000000004,-0.14495,0.490495,0.34248400000000007,-0.12570800000000001,0.490448
853,8.52,0.293004,-0.018233,0.39156099999999994,0.312544,0.05717300000000003,0.417716,0.37213100000000005,-0.037153999999999965,0.413513,0.3168,-0.097993,0.41398900000000005,0.2373110000000001,-0.07603400000000005,0.414419,0.368087,-0.12113800000000002,0.49524900000000005,0.33346000000000003,-0.158454,0.49702999999999997,0.364034,-0.147919,0.4910779999999999,0.34357699999999997,-0.128528,0.4910939999999999
854,8.53,0.292943,-0.01831100000000002,0.39167700000000005,0.31255700000000003,0.05713800000000002,0.41773499999999997,0.372067,-0.03728400000000004,0.413629,0.31666900000000003,-0.09801499999999999,0.414169,0.2372340000000001,-0.07609500000000002,0.41462999999999994,0.369291,-0.12445300000000001,0.4957579999999999,0.334405,-0.161528,0.49750099999999997,0.365057,-0.151205,0.49158100000000005,0.34473500000000007,-0.131673,0.49157799999999996
855,8.54,0.2928690000000001,-0.018396000000000023,0.39178899999999994,0.31254999999999994,0.05705199999999999,0.41775699999999993,0.3720280000000001,-0.03743300000000005,0.41371500000000005,0.3165280000000001,-0.098053,0.414308,0.2371330000000001,-0.07613599999999998,0.4148489999999999,0.37050599999999995,-0.127606,0.49641899999999994,0.335346,-0.164427,0.4980499999999999,0.36607399999999995,-0.154314,0.49216399999999993,0.3458980000000001,-0.134632,0.49221399999999993
856,8.55,0.2928260000000001,-0.018515000000000004,0.3918679999999999,0.3125839999999999,0.05692499999999995,0.4177519999999999,0.371968,-0.037603,0.41374900000000003,0.316463,-0.09815299999999999,0.4144389999999999,0.23706600000000005,-0.076181,0.415025,0.3716190000000001,-0.13082300000000002,0.49673199999999995,0.33622199999999997,-0.167416,0.49834899999999993,0.36701599999999995,-0.1575,0.492467,0.34696600000000005,-0.137688,0.492525
857,8.56,0.29289800000000005,-0.018510000000000026,0.3917339999999999,0.312564,0.056835000000000024,0.41774199999999995,0.37193899999999996,-0.03779600000000005,0.41379599999999994,0.31631899999999996,-0.09825899999999999,0.41456899999999997,0.237029,-0.07587899999999997,0.41459500000000005,0.37264499999999995,-0.13387000000000002,0.497115,0.337031,-0.17025500000000002,0.4986839999999999,0.36788000000000004,-0.16051200000000002,0.49280499999999994,0.347949,-0.140581,0.4929069999999999
858,8.57,0.29288,-0.01851699999999995,0.39191200000000004,0.312602,0.05672499999999997,0.417775,0.371867,-0.03793200000000002,0.41386599999999996,0.31625600000000004,-0.098363,0.414778,0.237103,-0.07554499999999997,0.414971,0.37377599999999994,-0.137273,0.49704899999999996,0.337929,-0.173425,0.49867300000000003,0.368837,-0.163887,0.492768,0.34903599999999996,-0.143828,0.492861
859,8.58,0.2928880000000001,-0.018560999999999994,0.39196600000000004,0.312611,0.05665300000000001,0.417824,0.37181899999999996,-0.03809599999999996,0.4140069999999999,0.3161620000000001,-0.09845000000000001,0.4149879999999999,0.23701599999999995,-0.07541599999999998,0.41494999999999993,0.37476400000000004,-0.140449,0.497047,0.33870799999999995,-0.176392,0.49870499999999995,0.369666,-0.167034,0.49276999999999993,0.34998100000000004,-0.14686,0.49288299999999996
860,8.59,0.2928969999999999,-0.018645999999999996,0.392162,0.31256899999999993,0.05658200000000002,0.4179489999999999,0.371878,-0.038234000000000046,0.41434399999999993,0.31611000000000006,-0.09854900000000003,0.415196,0.23696500000000004,-0.075403,0.415188,0.37589999999999996,-0.143859,0.49692499999999995,0.339617,-0.17957,0.4986369999999999,0.3706340000000001,-0.17041800000000001,0.49268999999999996,0.35107799999999995,-0.150119,0.492769
861,8.6,0.292757,-0.01882800000000001,0.3924599999999999,0.3125130000000001,0.05648199999999998,0.4181229999999999,0.37179999999999996,-0.038320999999999994,0.414558,0.3160720000000001,-0.098631,0.41538699999999995,0.2368550000000001,-0.07575900000000002,0.41569899999999993,0.37719700000000006,-0.147345,0.49694399999999994,0.3406519999999999,-0.182787,0.49867099999999986,0.37173700000000004,-0.173868,0.4927269999999999,0.352331,-0.153425,0.49278599999999995
862,8.61,0.29272000000000004,-0.018862999999999963,0.392667,0.312468,0.05635499999999999,0.4184439999999999,0.371751,-0.03837999999999997,0.4148529999999999,0.3158539999999999,-0.09872700000000001,0.4155399999999999,0.23683500000000007,-0.075764,0.41575799999999985,0.3786190000000001,-0.150955,0.497043,0.34179999999999994,-0.186113,0.49875899999999995,0.37296100000000004,-0.177439,0.4928469999999999,0.35371199999999997,-0.156848,0.492857
863,8.62,0.29265800000000003,-0.01895800000000003,0.39294699999999994,0.312356,0.05620799999999998,0.418725,0.37181400000000003,-0.038466,0.4150449999999999,0.3158539999999999,-0.09864,0.41586599999999996,0.23674599999999996,-0.07594500000000004,0.4160499999999999,0.38008899999999995,-0.15461,0.49712199999999995,0.34298100000000004,-0.18946400000000002,0.49882499999999996,0.374215,-0.18104900000000002,0.4929309999999999,0.355137,-0.160301,0.49292099999999994
864,8.63,0.292463,-0.018915000000000015,0.39312499999999995,0.312298,0.056093000000000004,0.41903099999999993,0.37165700000000007,-0.03860000000000002,0.4153899999999999,0.3152110000000001,-0.09863200000000003,0.415388,0.2367390000000001,-0.07598600000000005,0.4162509999999999,0.38172,-0.15842900000000001,0.497255,0.3443009999999999,-0.19294899999999998,0.49892499999999995,0.375616,-0.184815,0.493062,0.35672299999999996,-0.16389700000000001,0.493028
865,8.64,0.292399,-0.019040999999999975,0.3934099999999999,0.31221100000000007,0.05593300000000001,0.419327,0.37159100000000006,-0.038727999999999985,0.41571500000000006,0.31518300000000005,-0.098687,0.415747,0.23659399999999992,-0.07611899999999999,0.416486,0.38329300000000005,-0.16226900000000002,0.497274,0.345563,-0.19645100000000001,0.49892599999999987,0.376952,-0.188598,0.4930739999999999,0.35824799999999996,-0.16751,0.4930399999999999
866,8.65,0.2922630000000001,-0.019204,0.39362699999999995,0.312136,0.05566299999999996,0.41942999999999997,0.37142499999999995,-0.038887000000000005,0.41598500000000005,0.31497,-0.09876900000000002,0.41589299999999996,0.23652900000000004,-0.07622699999999999,0.4168479999999999,0.38483300000000004,-0.16614,0.49723699999999993,0.34681100000000004,-0.19999599999999998,0.4988809999999999,0.3782680000000001,-0.192414,0.49304099999999995,0.35974599999999995,-0.171167,0.4929929999999999
867,8.66,0.292175,-0.01919399999999999,0.393918,0.31227999999999995,0.05576500000000001,0.419764,0.371319,-0.039039000000000046,0.416068,0.314711,-0.098826,0.41615899999999995,0.23642400000000002,-0.07625300000000002,0.4171569999999999,0.38624600000000003,-0.16987000000000002,0.497158,0.34797300000000003,-0.20344299999999998,0.4987909999999999,0.379489,-0.19609600000000002,0.49296699999999993,0.361125,-0.174713,0.4929009999999999
868,8.67,0.292112,-0.01923600000000003,0.39405899999999994,0.31211000000000005,0.055459000000000036,0.419759,0.37112699999999993,-0.03918300000000002,0.41619499999999987,0.3151620000000001,-0.09817300000000001,0.41632199999999997,0.2363389999999999,-0.07638,0.4174669999999999,0.38802300000000006,-0.173656,0.49755399999999994,0.349482,-0.206926,0.49907899999999994,0.381071,-0.199828,0.49334100000000003,0.36287699999999995,-0.1783,0.4932279999999999
869,8.68,0.29203399999999996,-0.01929700000000001,0.39431799999999995,0.31215199999999993,0.055447000000000024,0.4199529999999999,0.3710649999999999,-0.03929299999999997,0.41642999999999997,0.31489000000000006,-0.09826300000000002,0.416682,0.23624299999999993,-0.07640599999999997,0.417778,0.389275,-0.177373,0.497167,0.350505,-0.210374,0.4987379999999999,0.382137,-0.20349699999999998,0.49296799999999996,0.36409299999999994,-0.181843,0.49286699999999994
870,8.69,0.29195200000000004,-0.019280999999999993,0.39456899999999995,0.31197,0.055325999999999986,0.4201809999999999,0.370959,-0.03941800000000001,0.41667599999999994,0.315078,-0.097776,0.416918,0.2361290000000001,-0.07649800000000001,0.41806200000000004,0.39075600000000005,-0.181315,0.496814,0.35172699999999996,-0.214008,0.49842699999999995,0.38341,-0.207385,0.492638,0.36553700000000006,-0.18559,0.49252799999999997
871,8.7,0.29186000000000006,-0.01947500000000002,0.394803,0.31186699999999995,0.05523699999999998,0.4203579999999999,0.3708350000000001,-0.03958400000000001,0.417053,0.31493200000000005,-0.098168,0.41725199999999996,0.23595899999999997,-0.07656300000000005,0.41828999999999994,0.3919639999999999,-0.185045,0.49621799999999994,0.35270300000000004,-0.217454,0.49790499999999993,0.38442099999999996,-0.21106100000000003,0.49205299999999996,0.36670700000000006,-0.189136,0.4919819999999999
872,8.71,0.29169300000000004,-0.01958500000000002,0.395135,0.31181200000000003,0.055199,0.4207519999999999,0.37066400000000005,-0.039722000000000035,0.4173819999999999,0.314559,-0.09853,0.4174969999999999,0.23578099999999996,-0.07663399999999998,0.4185789999999999,0.39299100000000003,-0.188278,0.4956219999999999,0.35356800000000005,-0.220487,0.4973869999999999,0.38530800000000004,-0.214257,0.4914789999999999,0.36770600000000003,-0.192242,0.49143099999999995
873,8.72,0.291583,-0.019701000000000024,0.39538399999999996,0.31167800000000007,0.05510700000000002,0.42096500000000003,0.370569,-0.03982399999999997,0.417759,0.31432600000000005,-0.09872199999999998,0.41785399999999995,0.23562699999999998,-0.07666499999999998,0.418797,0.394573,-0.191954,0.49530399999999997,0.354909,-0.223865,0.49705599999999994,0.386697,-0.217874,0.49115699999999995,0.36926,-0.195727,0.49110599999999993
874,8.73,0.29147799999999996,-0.019787,0.3956449999999999,0.311621,0.05501099999999998,0.42127800000000004,0.3704,-0.03995000000000004,0.4181039999999999,0.314115,-0.098963,0.4181,0.23545200000000005,-0.07665300000000003,0.41897299999999993,0.3960660000000001,-0.195734,0.494903,0.356146,-0.227325,0.4966559999999999,0.38798000000000005,-0.221588,0.49075199999999997,0.37072299999999997,-0.199302,0.49070899999999995
875,8.74,0.2913679999999999,-0.019874999999999976,0.3958109999999999,0.31146100000000004,0.054959000000000036,0.42145299999999997,0.37027800000000005,-0.04004000000000002,0.418393,0.31395600000000007,-0.09914,0.41834099999999996,0.23528200000000005,-0.07667200000000002,0.41906699999999997,0.397522,-0.199827,0.49400999999999995,0.35733299999999996,-0.231068,0.4958659999999999,0.389206,-0.225615,0.4899049999999999,0.3721419999999999,-0.20318000000000003,0.48985999999999996
876,8.75,0.29127699999999995,-0.019931000000000032,0.39605099999999993,0.31142300000000006,0.05488700000000002,0.4217559999999999,0.37011299999999997,-0.04013699999999998,0.41867999999999994,0.31376599999999993,-0.09929800000000003,0.418577,0.23515900000000006,-0.07667299999999999,0.419218,0.39925400000000005,-0.20450600000000002,0.4931089999999999,0.35876199999999997,-0.235348,0.495073,0.390689,-0.230228,0.489101,0.373844,-0.207629,0.4889629999999999
877,8.76,0.29117300000000007,-0.020011999999999974,0.39620999999999995,0.31134199999999995,0.05482799999999999,0.42191899999999993,0.370006,-0.04024100000000003,0.418886,0.313625,-0.09945900000000002,0.41874999999999996,0.234975,-0.07669900000000002,0.4193539999999999,0.4007340000000001,-0.208642,0.492309,0.359971,-0.23912,0.49434199999999995,0.39192999999999995,-0.23428500000000002,0.48830799999999996,0.375288,-0.211535,0.4882139999999999
878,8.77,0.291082,-0.020080000000000042,0.39639800000000003,0.311278,0.05480199999999996,0.4221499999999999,0.369866,-0.040337999999999985,0.41914399999999996,0.3134660000000001,-0.09959099999999999,0.41891999999999996,0.2348550000000001,-0.07677800000000001,0.4194739999999999,0.40221500000000004,-0.213038,0.49118099999999987,0.36118200000000006,-0.24314200000000002,0.49334100000000003,0.39316999999999996,-0.238604,0.4872289999999999,0.376735,-0.215704,0.487148
879,8.78,0.290985,-0.020148999999999972,0.39658899999999997,0.31121799999999994,0.054715000000000014,0.42238699999999996,0.36975299999999994,-0.04042000000000001,0.41934099999999996,0.3133740000000001,-0.09973100000000001,0.41905899999999996,0.23469,-0.076826,0.419624,0.40362900000000007,-0.217133,0.48992199999999997,0.36234799999999995,-0.24688500000000002,0.49222599999999994,0.39435100000000006,-0.242621,0.48600199999999993,0.378113,-0.219581,0.48597599999999996
880,8.79,0.290924,-0.020204,0.3967289999999999,0.31115,0.05465300000000001,0.42259599999999997,0.369673,-0.04053699999999999,0.4195699999999999,0.313223,-0.09984799999999999,0.41914799999999997,0.23459100000000005,-0.076853,0.41967299999999996,0.40516499999999994,-0.221421,0.4887619999999999,0.363624,-0.2508,0.491178,0.39565100000000003,-0.246828,0.484884,0.37962100000000004,-0.223644,0.48487199999999997
881,8.8,0.29089400000000004,-0.020289999999999975,0.39686599999999994,0.311159,0.05456300000000003,0.422832,0.36956399999999995,-0.040652999999999995,0.41969899999999993,0.313232,-0.09997500000000001,0.4193199999999999,0.2344650000000001,-0.07694899999999999,0.4196789999999999,0.40677500000000005,-0.22597,0.487202,0.36492399999999997,-0.254892,0.48979099999999987,0.39696899999999996,-0.251273,0.4833719999999999,0.38119200000000003,-0.227915,0.4834109999999999
882,8.81,0.29069399999999995,-0.02032600000000001,0.397072,0.311065,0.054539000000000004,0.422986,0.36947599999999997,-0.040688999999999975,0.41979599999999995,0.312973,-0.100022,0.41932999999999987,0.2343,-0.07705200000000001,0.42005099999999995,0.408326,-0.23006,0.48593200000000003,0.3662210000000001,-0.258602,0.48861699999999997,0.39828499999999994,-0.255276,0.4821329999999999,0.38272,-0.231776,0.48219199999999995
883,8.82,0.29060100000000005,-0.02038200000000001,0.39722599999999997,0.311034,0.05442999999999998,0.4230839999999999,0.3693539999999999,-0.040775000000000006,0.41991999999999996,0.31290099999999993,-0.100054,0.41952899999999993,0.23415000000000002,-0.07703200000000004,0.420265,0.409954,-0.234609,0.48426499999999995,0.36756799999999995,-0.262713,0.487131,0.399649,-0.259732,0.48056699999999997,0.38432399999999994,-0.236076,0.480587
884,8.83,0.2905560000000001,-0.020453999999999972,0.39725199999999994,0.310908,0.05428499999999997,0.4231219999999999,0.36928999999999995,-0.04085099999999997,0.420141,0.31271600000000005,-0.10014100000000001,0.419689,0.23406100000000002,-0.07698499999999997,0.420169,0.41128400000000004,-0.238761,0.4822989999999999,0.3686810000000001,-0.266511,0.48539999999999994,0.40076800000000007,-0.263818,0.47874099999999997,0.38563300000000006,-0.240039,0.4786929999999999
885,8.84,0.290479,-0.02043499999999998,0.397393,0.31087400000000004,0.054269999999999985,0.423303,0.36914600000000003,-0.04086699999999999,0.42023199999999994,0.31258500000000006,-0.100164,0.4198329999999999,0.23403999999999997,-0.07691999999999999,0.4202769999999999,0.412533,-0.24274,0.4801559999999999,0.36973799999999996,-0.270161,0.48351900000000003,0.40182200000000007,-0.267734,0.476746,0.386862,-0.243845,0.476637
886,8.85,0.290421,-0.020462000000000036,0.39752199999999993,0.31077800000000005,0.05422100000000002,0.423447,0.36909600000000004,-0.040934000000000026,0.420404,0.31250800000000006,-0.10017900000000002,0.420021,0.23393100000000006,-0.07689800000000002,0.420353,0.41378200000000004,-0.24679299999999998,0.4778819999999999,0.370806,-0.27389399999999997,0.48152300000000003,0.40288699999999994,-0.271731,0.47464799999999996,0.388094,-0.247739,0.47444
887,8.86,0.29033800000000004,-0.02043499999999998,0.397726,0.31078900000000004,0.054225999999999996,0.42362999999999995,0.36901100000000003,-0.040927999999999964,0.42054599999999986,0.312405,-0.10017100000000001,0.42016,0.23383100000000007,-0.07685900000000001,0.420624,0.414986,-0.250581,0.47560899999999995,0.3718350000000001,-0.277366,0.4795069999999999,0.40390700000000007,-0.275456,0.47251599999999994,0.38928099999999993,-0.251363,0.4722559999999999
888,8.87,0.29026900000000005,-0.020415000000000016,0.397942,0.310764,0.05432899999999996,0.42385699999999993,0.36897699999999994,-0.040927999999999964,0.42073399999999994,0.31233399999999995,-0.10015399999999999,0.420357,0.2337050000000001,-0.07692199999999999,0.42084199999999994,0.416178,-0.254569,0.47306899999999996,0.37285000000000007,-0.28102,0.4772759999999999,0.404909,-0.279381,0.47015799999999996,0.39045500000000005,-0.255185,0.46981399999999995
889,8.88,0.290256,-0.020403999999999978,0.39813,0.310745,0.054371999999999976,0.42402399999999996,0.36898900000000007,-0.040914000000000006,0.4210459999999999,0.312308,-0.100075,0.4205589999999999,0.233589,-0.07697400000000004,0.4210109999999999,0.41721500000000006,-0.258288,0.47038899999999995,0.373709,-0.284393,0.47490999999999994,0.405742,-0.283022,0.467619,0.391472,-0.258717,0.467271
890,8.89,0.29021100000000005,-0.020367999999999997,0.39836400000000005,0.31071299999999996,0.054452,0.4242959999999999,0.368971,-0.04085700000000003,0.421273,0.312285,-0.10003000000000001,0.42075399999999996,0.23350900000000002,-0.077038,0.421218,0.41861600000000004,-0.262315,0.4680639999999999,0.374906,-0.288032,0.47282899999999994,0.40692999999999996,-0.286965,0.4654449999999999,0.392862,-0.26254299999999997,0.4650169999999999
891,8.9,0.29019,-0.020340000000000025,0.398563,0.31067300000000003,0.05448999999999998,0.42453300000000005,0.36898500000000006,-0.0408,0.421513,0.3122820000000001,-0.09995900000000002,0.420967,0.23341499999999998,-0.07708999999999999,0.4213539999999999,0.41988300000000006,-0.266164,0.465558,0.375971,-0.291484,0.470592,0.40797200000000006,-0.290721,0.4630749999999999,0.39411500000000005,-0.266179,0.46261699999999994
892,8.91,0.29016400000000003,-0.020309999999999995,0.398759,0.31065499999999996,0.054437999999999986,0.4247289999999999,0.36894999999999994,-0.040712000000000026,0.42171899999999996,0.31226499999999996,-0.09988200000000003,0.421141,0.23339499999999996,-0.07708000000000004,0.42155,0.42128400000000005,-0.270085,0.46323000000000003,0.37716900000000003,-0.295,0.46849399999999997,0.409151,-0.294545,0.46087199999999995,0.395508,-0.269885,0.460371
893,8.92,0.29017999999999994,-0.020255999999999996,0.398942,0.31070800000000004,0.054533,0.42493499999999995,0.36895700000000003,-0.040655,0.421909,0.31228300000000003,-0.099828,0.42133600000000004,0.23335199999999995,-0.07708399999999999,0.42169899999999994,0.42245399999999994,-0.27382700000000004,0.46060999999999996,0.3781630000000001,-0.298366,0.466163,0.410112,-0.298196,0.4583919999999999,0.3966680000000001,-0.273428,0.45786899999999997
894,8.93,0.29019100000000003,-0.020152999999999976,0.399149,0.310723,0.054649,0.425196,0.36896500000000004,-0.04053599999999996,0.42213999999999996,0.312305,-0.099719,0.42145299999999997,0.23335900000000004,-0.07707199999999997,0.421864,0.423683,-0.277272,0.458198,0.379237,-0.301473,0.4639869999999999,0.411155,-0.301555,0.45608799999999994,0.397889,-0.276691,0.455558
895,8.94,0.2902289999999999,-0.02006199999999997,0.39932599999999996,0.31076599999999993,0.05481799999999998,0.4254239999999999,0.36899600000000005,-0.040464,0.4223189999999999,0.31237,-0.09964599999999998,0.42163399999999995,0.23334700000000003,-0.077048,0.42197799999999996,0.424615,-0.280635,0.455326,0.380049,-0.304531,0.4614489999999999,0.41192200000000007,-0.304846,0.45337799999999995,0.398812,-0.2799,0.4528249999999999
896,8.95,0.2902390000000001,-0.019991000000000037,0.399486,0.31067800000000007,0.054916999999999994,0.42558399999999996,0.36903,-0.04033899999999996,0.42254899999999995,0.312429,-0.099574,0.421805,0.23337799999999992,-0.07699999999999996,0.42211299999999996,0.42566599999999993,-0.283873,0.45265999999999995,0.38098400000000004,-0.307474,0.45907999999999993,0.41282100000000005,-0.308017,0.45087900000000003,0.39985699999999996,-0.282996,0.45026199999999994
897,8.96,0.290295,-0.019909999999999983,0.399702,0.31073100000000003,0.055008999999999975,0.42581999999999987,0.369095,-0.040266000000000024,0.422778,0.3124789999999999,-0.09945300000000001,0.422025,0.23341300000000004,-0.07696799999999998,0.422299,0.4267100000000001,-0.28719700000000004,0.44983399999999996,0.38191,-0.310482,0.456573,0.413711,-0.311272,0.44825400000000004,0.40089800000000003,-0.286177,0.44752800000000004
898,8.97,0.29032700000000006,-0.019903000000000004,0.3998059999999999,0.3106999999999999,0.05497799999999997,0.425832,0.369134,-0.040179999999999993,0.4230069999999999,0.3125280000000001,-0.099387,0.422241,0.23341300000000004,-0.07691100000000001,0.42243699999999995,0.42774799999999996,-0.290403,0.44701,0.38282299999999997,-0.31335,0.4540679999999999,0.414588,-0.314403,0.445639,0.401935,-0.28923,0.44479099999999994
899,8.98,0.29036900000000004,-0.01976699999999998,0.4000499999999999,0.310753,0.05522299999999997,0.426098,0.369176,-0.04007000000000005,0.42320599999999997,0.312591,-0.099302,0.4224239999999999,0.23349500000000006,-0.07684000000000002,0.42269199999999996,0.42885900000000005,-0.293789,0.44422799999999996,0.38380200000000003,-0.316373,0.45160599999999995,0.41553599999999996,-0.317712,0.44310499999999997,0.40304900000000005,-0.29246300000000003,0.44206499999999993
900,8.99,0.290414,-0.01964300000000002,0.40006600000000003,0.31068999999999997,0.055108000000000046,0.4260599999999999,0.369254,-0.03990300000000002,0.423079,0.3125989999999999,-0.099216,0.42258299999999993,0.23372699999999996,-0.07641400000000004,0.42276499999999995,0.430096,-0.297167,0.4416549999999999,0.38489500000000004,-0.31937,0.449303,0.41660500000000006,-0.321005,0.44076099999999996,0.40429200000000004,-0.29568,0.439524
901,9.0,0.290534,-0.01951900000000001,0.40020199999999995,0.3107619999999999,0.05522299999999997,0.42619399999999996,0.36933600000000005,-0.03989199999999998,0.423268,0.31265800000000005,-0.09914300000000001,0.422721,0.23389199999999993,-0.076152,0.42288800000000004,0.43129200000000006,-0.300419,0.43914300000000006,0.38594,-0.322224,0.44703800000000005,0.417619,-0.32416,0.438446,0.405496,-0.298751,0.437052
902,9.01,0.29064400000000007,-0.019391999999999965,0.40023299999999995,0.310799,0.05523300000000003,0.426188,0.369341,-0.03983700000000001,0.423273,0.3126609999999999,-0.099104,0.4228909999999999,0.23420400000000002,-0.07572099999999998,0.4229249999999999,0.432668,-0.303866,0.43682600000000005,0.38715499999999997,-0.325254,0.444937,0.418812,-0.327506,0.43633599999999995,0.4068840000000001,-0.302017,0.43474099999999993
903,9.02,0.29061699999999996,-0.019445000000000046,0.40033799999999997,0.31087900000000007,0.05529400000000001,0.42617799999999995,0.3693969999999999,-0.039829,0.423403,0.31265400000000004,-0.09907200000000002,0.4230599999999999,0.23399799999999998,-0.07591300000000001,0.4231369999999999,0.43366200000000005,-0.306803,0.43413499999999994,0.38803499999999996,-0.327833,0.44253700000000007,0.41964699999999994,-0.330353,0.43384999999999996,0.40788300000000005,-0.304797,0.43211999999999995
904,9.03,0.29065900000000006,-0.019403999999999977,0.400432,0.31095500000000004,0.05533500000000002,0.42612400000000006,0.36939800000000006,-0.03980600000000001,0.4234,0.312695,-0.09906999999999999,0.4232849999999999,0.2341290000000001,-0.07569199999999998,0.42339499999999997,0.43496399999999996,-0.309901,0.43190799999999996,0.389214,-0.330577,0.440515,0.420807,-0.333367,0.43184,0.409197,-0.30775600000000003,0.429886
905,9.04,0.29062499999999997,-0.01927000000000001,0.40049199999999996,0.31100900000000004,0.055333999999999994,0.42613199999999996,0.3694159999999999,-0.03981600000000002,0.4234629999999999,0.31279700000000005,-0.098463,0.423072,0.23400700000000002,-0.075799,0.423612,0.435814,-0.312404,0.42920999999999987,0.390002,-0.332815,0.43811500000000003,0.42156200000000005,-0.335811,0.429388,0.410052,-0.310172,0.42723199999999995
906,9.05,0.29062799999999994,-0.01929900000000001,0.40059,0.31101699999999993,0.055365,0.4261309999999999,0.369419,-0.03982800000000003,0.42345599999999994,0.31296000000000007,-0.09832200000000002,0.4233969999999999,0.23395500000000008,-0.07587699999999997,0.42378099999999996,0.436885,-0.315346,0.4266129999999999,0.39096800000000004,-0.335393,0.43579899999999994,0.42250099999999996,-0.338669,0.42707399999999995,0.41113400000000005,-0.312991,0.4246359999999999
907,9.06,0.290584,-0.019242999999999955,0.40061499999999994,0.31100199999999995,0.055315,0.426203,0.369373,-0.03986600000000001,0.4235169999999999,0.313073,-0.097913,0.42323599999999995,0.233794,-0.07604600000000006,0.42380299999999993,0.43775400000000003,-0.31782,0.42404699999999995,0.39176099999999997,-0.337561,0.4335119999999999,0.42326400000000003,-0.341071,0.4247719999999999,0.41201000000000004,-0.315368,0.42208599999999996
908,9.07,0.29052400000000006,-0.01929700000000001,0.4006899999999999,0.31099799999999994,0.055369,0.42637899999999995,0.369334,-0.039937,0.42357100000000003,0.312881,-0.09818199999999999,0.4232229999999999,0.23373000000000005,-0.076129,0.423794,0.43879300000000004,-0.320641,0.42154899999999995,0.392692,-0.339994,0.43128599999999995,0.424166,-0.343795,0.42256099999999985,0.413063,-0.318059,0.419581
909,9.08,0.290271,-0.019376999999999978,0.40071899999999994,0.310939,0.055199,0.4264499999999999,0.36877,-0.03960999999999998,0.423264,0.3128880000000001,-0.098418,0.4234739999999999,0.23362199999999994,-0.07626699999999997,0.423787,0.439706,-0.323072,0.419203,0.3935269999999999,-0.342106,0.429196,0.4249739999999999,-0.346146,0.42048299999999994,0.413985,-0.320394,0.417231
910,9.09,0.29034200000000004,-0.01951900000000001,0.4007519999999999,0.31090199999999996,0.055234000000000005,0.42641700000000005,0.368952,-0.03979299999999997,0.42354899999999995,0.312807,-0.098636,0.423659,0.23355999999999993,-0.076355,0.4237719999999999,0.4404789999999999,-0.32518800000000003,0.41684,0.394237,-0.343932,0.4270839999999999,0.425653,-0.348186,0.41836299999999993,0.41476699999999994,-0.322421,0.414882
911,9.1,0.29023400000000005,-0.01960799999999996,0.40074699999999996,0.3109009999999999,0.05516199999999999,0.426376,0.368759,-0.03974699999999998,0.42344399999999993,0.31274299999999994,-0.09885100000000002,0.423735,0.23346100000000009,-0.07642199999999999,0.42381099999999994,0.44108700000000006,-0.327007,0.41444100000000006,0.39482,-0.345537,0.424963,0.426213,-0.349955,0.41623699999999997,0.41537799999999997,-0.324204,0.41249499999999995
912,9.11,0.29025000000000006,-0.019710000000000005,0.40074,0.31087000000000004,0.05514999999999998,0.4262849999999999,0.368883,-0.03984900000000002,0.42351800000000006,0.312649,-0.09897799999999998,0.423813,0.233458,-0.07648900000000003,0.423855,0.441695,-0.328866,0.412018,0.39540000000000003,-0.347161,0.422824,0.42677099999999996,-0.351756,0.414111,0.4159890000000001,-0.326028,0.410072
913,9.12,0.290247,-0.019792000000000032,0.4007069999999999,0.3108969999999999,0.055142000000000024,0.42622399999999994,0.368921,-0.039975999999999956,0.423515,0.31262299999999993,-0.09914300000000001,0.42383099999999996,0.23332199999999997,-0.076517,0.423828,0.44225299999999995,-0.330525,0.40972399999999987,0.39593700000000004,-0.348604,0.42079599999999995,0.4272970000000001,-0.353363,0.41213299999999986,0.41655099999999995,-0.327676,0.40774999999999995
914,9.13,0.29020700000000005,-0.01984999999999998,0.40069199999999994,0.310934,0.05511499999999997,0.426114,0.368905,-0.04003200000000001,0.423488,0.31247699999999995,-0.09919800000000001,0.423852,0.23330099999999993,-0.07655699999999999,0.4239209999999999,0.44286699999999996,-0.332616,0.4074979999999999,0.396507,-0.350407,0.418855,0.42786299999999994,-0.355378,0.41029499999999997,0.4171709999999999,-0.32975,0.40545999999999993
915,9.14,0.29017200000000004,-0.019913000000000014,0.400625,0.310938,0.05509700000000001,0.4259829999999999,0.36888499999999996,-0.040119000000000016,0.4234199999999999,0.31242200000000003,-0.099325,0.4238479999999999,0.2331999999999999,-0.076542,0.4239099999999999,0.44348799999999994,-0.334374,0.40548799999999996,0.39709200000000006,-0.351915,0.41707799999999995,0.4284550000000001,-0.357068,0.40865300000000004,0.4178,-0.331515,0.40336099999999997
916,9.15,0.29016800000000004,-0.019945000000000046,0.4005679999999999,0.3109990000000001,0.055125000000000035,0.425824,0.36891,-0.040190000000000003,0.42333299999999996,0.31236100000000006,-0.09937299999999999,0.42381999999999986,0.2331910000000001,-0.07652799999999998,0.423976,0.443989,-0.336077,0.403486,0.3975610000000001,-0.353364,0.41532999999999987,0.428927,-0.358697,0.407029,0.418306,-0.333228,0.40128299999999995
917,9.16,0.290159,-0.01993800000000001,0.40046799999999994,0.31102199999999997,0.05512600000000001,0.42574900000000004,0.36891,-0.040215,0.423192,0.31231800000000004,-0.09942100000000001,0.42373000000000005,0.23314699999999994,-0.076482,0.42385399999999995,0.44465899999999997,-0.337826,0.40181199999999995,0.398174,-0.354836,0.41383499999999995,0.42955099999999996,-0.360358,0.405701,0.418985,-0.334973,0.39949900000000005
918,9.17,0.29014199999999996,-0.019903999999999977,0.40036799999999995,0.31101300000000004,0.05517300000000003,0.42564099999999994,0.368918,-0.040188,0.4230729999999999,0.312293,-0.09939599999999998,0.42351300000000003,0.2331870000000001,-0.07647700000000002,0.42381099999999994,0.444992,-0.339181,0.39991999999999994,0.398503,-0.355991,0.412203,0.42988699999999996,-0.361647,0.40418999999999994,0.41931899999999994,-0.336376,0.39753799999999995
919,9.18,0.29014599999999996,-0.019849000000000006,0.400284,0.31103200000000003,0.05523499999999998,0.425582,0.368937,-0.040154999999999996,0.422933,0.31229599999999996,-0.09935100000000002,0.4234049999999999,0.23320199999999996,-0.076436,0.4237239999999999,0.445394,-0.340684,0.398165,0.398877,-0.35724100000000003,0.410683,0.43026800000000004,-0.363059,0.4028139999999999,0.419727,-0.337904,0.3956989999999999
920,9.19,0.29014100000000004,-0.019791000000000003,0.4001739999999999,0.31103200000000003,0.055267999999999984,0.42549400000000004,0.368924,-0.04003499999999999,0.42276099999999994,0.31233799999999995,-0.09931500000000001,0.42326300000000006,0.23323900000000003,-0.07640599999999997,0.423616,0.44583200000000006,-0.342145,0.396547,0.39930400000000005,-0.358495,0.40929399999999994,0.430722,-0.364437,0.40162699999999996,0.42016800000000004,-0.33945000000000003,0.39395999999999987
921,9.2,0.290171,-0.019708000000000003,0.40008299999999997,0.311077,0.05534799999999995,0.4254349999999999,0.368941,-0.03997900000000004,0.4226169999999999,0.31234,-0.09919200000000003,0.42319299999999993,0.2333110000000001,-0.076355,0.423496,0.44617999999999997,-0.343758,0.39473199999999997,0.399634,-0.359843,0.4077479999999999,0.43106799999999995,-0.365939,0.400273,0.42051900000000003,-0.341132,0.392038
922,9.21,0.29018399999999994,-0.01960400000000001,0.3999499999999999,0.3110800000000001,0.05546599999999996,0.4253339999999999,0.36894299999999997,-0.039837999999999985,0.42247500000000004,0.31238000000000005,-0.099113,0.4230409999999999,0.23334100000000008,-0.07629000000000002,0.42333199999999993,0.446263,-0.345032,0.3928679999999999,0.39973200000000003,-0.360904,0.40619499999999986,0.431185,-0.36711,0.398891,0.42060100000000006,-0.342514,0.3900889999999999
923,9.22,0.29023099999999996,-0.019496999999999987,0.399875,0.311142,0.05563299999999999,0.4252699999999999,0.368976,-0.039748000000000006,0.422353,0.312428,-0.09900199999999998,0.422971,0.233427,-0.076231,0.4232569999999999,0.446749,-0.34622200000000003,0.39176599999999995,0.400175,-0.361853,0.40522899999999995,0.431668,-0.36818,0.3982079999999999,0.421097,-0.343798,0.3888149999999999
924,9.23,0.2902719999999999,-0.019397000000000053,0.399713,0.31114400000000003,0.05568899999999999,0.42510099999999995,0.369025,-0.03961400000000004,0.422261,0.312471,-0.09885100000000002,0.422832,0.23345299999999997,-0.07613500000000001,0.423076,0.44693,-0.347569,0.390327,0.400356,-0.362972,0.404049,0.431889,-0.369393,0.39729799999999993,0.42128099999999996,-0.345297,0.387231
925,9.24,0.29034699999999997,-0.019196999999999964,0.399606,0.31124999999999997,0.05598499999999995,0.425013,0.369088,-0.039443000000000006,0.4221079999999999,0.31254599999999993,-0.09870599999999999,0.422674,0.23355700000000007,-0.07598600000000005,0.42297799999999997,0.447394,-0.348597,0.38950699999999994,0.40079499999999996,-0.363814,0.40335,0.432391,-0.370289,0.39695100000000005,0.42175599999999996,-0.346501,0.38620299999999996
926,9.25,0.290399,-0.019039000000000028,0.399501,0.31124999999999997,0.05615400000000004,0.4248679999999999,0.36916599999999994,-0.03918300000000002,0.42196500000000003,0.31265400000000004,-0.09853700000000001,0.42257199999999995,0.23371399999999992,-0.07586399999999999,0.42293099999999995,0.447663,-0.349575,0.3883969999999999,0.401055,-0.364606,0.40241099999999996,0.4327039999999999,-0.371124,0.396331,0.42203300000000005,-0.34766400000000003,0.38491999999999993
927,9.26,0.29047700000000004,-0.018847000000000003,0.39935299999999996,0.311278,0.056365,0.424697,0.36924400000000007,-0.03893800000000003,0.42184599999999994,0.3127980000000001,-0.09834400000000001,0.42244799999999993,0.233802,-0.07567600000000002,0.422794,0.44764699999999996,-0.350395,0.38703299999999996,0.401059,-0.365265,0.401284,0.43275900000000006,-0.371795,0.395485,0.42202100000000003,-0.348694,0.38342
928,9.27,0.290533,-0.01864300000000002,0.3992509999999999,0.311293,0.05657599999999996,0.42454499999999995,0.3693300000000001,-0.03861999999999999,0.421689,0.31293299999999996,-0.09811800000000001,0.42229099999999997,0.23398400000000003,-0.07553400000000005,0.42278499999999997,0.44792400000000004,-0.351637,0.386269,0.40130499999999997,-0.366268,0.40066599999999997,0.43306399999999995,-0.372841,0.39525199999999994,0.42231499999999994,-0.350143,0.38245399999999996
929,9.28,0.29056999999999994,-0.01844800000000002,0.399076,0.311285,0.05682200000000004,0.42429300000000003,0.36939800000000006,-0.03838600000000003,0.421505,0.313024,-0.09784000000000001,0.422145,0.23409399999999997,-0.07538899999999998,0.42269899999999994,0.44842599999999994,-0.352674,0.3858539999999999,0.401754,-0.36708,0.40030599999999994,0.43358500000000005,-0.373667,0.395347,0.422843,-0.351412,0.38178899999999993
930,9.29,0.29064400000000007,-0.018354000000000037,0.39888899999999994,0.31129900000000005,0.056881000000000015,0.42401,0.36952599999999997,-0.03817299999999996,0.4212659999999999,0.313216,-0.09773499999999999,0.42203899999999994,0.234188,-0.075239,0.422612,0.448892,-0.353934,0.3854719999999999,0.402183,-0.368112,0.4000259999999999,0.434089,-0.374678,0.395552,0.423337,-0.352958,0.381159
931,9.3,0.29069799999999996,-0.018185000000000007,0.398663,0.31136,0.05712800000000001,0.423662,0.369624,-0.03801500000000002,0.4209679999999999,0.31327699999999997,-0.09747700000000001,0.42188099999999995,0.23432199999999997,-0.075094,0.42253399999999997,0.449374,-0.354793,0.3850969999999999,0.40264099999999997,-0.36878,0.3997609999999999,0.434626,-0.375277,0.3957719999999999,0.423849,-0.354144,0.3805489999999999
932,9.31,0.290803,-0.018025000000000013,0.3985059999999999,0.3115090000000001,0.057306000000000024,0.4235119999999999,0.36974599999999996,-0.037890000000000035,0.42071899999999995,0.313428,-0.09738,0.4216979999999999,0.23437900000000006,-0.07490000000000002,0.422404,0.44977300000000003,-0.355899,0.38486599999999993,0.403028,-0.369701,0.399667,0.43509799999999993,-0.376076,0.396207,0.42428499999999997,-0.355644,0.38007999999999986
933,9.32,0.290877,-0.017955999999999972,0.3982239999999999,0.31152399999999997,0.05735600000000002,0.423106,0.36987200000000003,-0.037771,0.42042499999999994,0.3135320000000001,-0.097216,0.4214969999999999,0.23452800000000001,-0.07479600000000003,0.422245,0.45043800000000006,-0.357034,0.38518699999999995,0.403676,-0.37067300000000003,0.40008299999999997,0.43584799999999996,-0.376845,0.3972579999999999,0.425005,-0.357271,0.380119
934,9.33,0.291013,-0.017818,0.3981,0.31176599999999993,0.05757899999999999,0.42304699999999995,0.369975,-0.03765099999999999,0.42022499999999996,0.31368200000000007,-0.09718600000000002,0.421323,0.234593,-0.07472099999999998,0.422083,0.45073500000000005,-0.357581,0.38484299999999994,0.403962,-0.371081,0.399833,0.43621100000000007,-0.377064,0.397513,0.425351,-0.358233,0.37956999999999996
935,9.34,0.29109,-0.017784000000000022,0.3977029999999999,0.311692,0.05745900000000004,0.42268399999999995,0.37007300000000004,-0.037588999999999984,0.41996100000000003,0.31376,-0.09708900000000001,0.421052,0.23462,-0.07457399999999997,0.421562,0.450702,-0.358454,0.38401300000000005,0.403944,-0.371762,0.39921799999999996,0.43625600000000003,-0.377554,0.39733699999999994,0.42536,-0.359527,0.37860799999999994
936,9.35,0.29121199999999997,-0.017753999999999992,0.39753499999999997,0.311857,0.05755499999999997,0.422577,0.37015099999999995,-0.03756900000000002,0.4197519999999999,0.313888,-0.097139,0.42090399999999994,0.23471100000000006,-0.074573,0.421327,0.451424,-0.358806,0.3845259999999999,0.40462799999999993,-0.37203200000000003,0.39968799999999993,0.43702,-0.377534,0.398413,0.4261620000000001,-0.360369,0.378869
937,9.36,0.2912719999999999,-0.017693999999999988,0.39725199999999994,0.31190199999999996,0.05756699999999998,0.422458,0.3702060000000001,-0.037602000000000024,0.41952999999999996,0.313946,-0.09718500000000002,0.420701,0.23451400000000006,-0.07442399999999999,0.4207989999999999,0.451448,-0.359545,0.38400900000000004,0.40465199999999996,-0.372593,0.399323,0.437097,-0.377863,0.398485,0.42624199999999995,-0.361534,0.378236
938,9.37,0.291268,-0.01775199999999999,0.39715599999999995,0.31193999999999994,0.05748499999999995,0.422226,0.3702440000000001,-0.037663,0.41935500000000003,0.31394799999999995,-0.097164,0.4204779999999999,0.23464500000000005,-0.07447700000000002,0.42093599999999987,0.451841,-0.359812,0.38407899999999995,0.40502,-0.372753,0.39940699999999996,0.43751900000000005,-0.37774,0.39906299999999995,0.42671200000000004,-0.362245,0.378143
939,9.38,0.291333,-0.01774500000000001,0.39690199999999987,0.312109,0.05743300000000001,0.422096,0.3703,-0.03771399999999997,0.41905899999999996,0.31397500000000006,-0.097243,0.42031399999999997,0.234458,-0.07441999999999999,0.4205119999999999,0.45217499999999994,-0.360404,0.3841849999999999,0.40534200000000004,-0.373193,0.39960299999999993,0.43788699999999997,-0.377878,0.39972699999999994,0.427124,-0.363304,0.378135
940,9.39,0.29132700000000006,-0.017791,0.396802,0.31209799999999993,0.05737300000000001,0.4218679999999999,0.370323,-0.03776099999999999,0.418898,0.3139600000000001,-0.097213,0.4201889999999999,0.23460299999999995,-0.07443,0.420593,0.452142,-0.361523,0.38386599999999993,0.4052719999999999,-0.37402,0.39941099999999996,0.437838,-0.378528,0.3999069999999999,0.42714599999999997,-0.36476000000000003,0.3777569999999999
941,9.4,0.291356,-0.01785500000000001,0.396648,0.31218700000000005,0.05730099999999999,0.421631,0.370369,-0.03782399999999997,0.418712,0.31395899999999993,-0.09725199999999998,0.420102,0.234605,-0.07445299999999999,0.42052599999999996,0.451915,-0.362805,0.3830269999999999,0.405051,-0.374976,0.39884699999999995,0.437637,-0.379304,0.3996089999999999,0.42695600000000006,-0.366377,0.376953
942,9.41,0.291367,-0.01790799999999998,0.39655700000000005,0.312212,0.05726999999999999,0.42145999999999995,0.37037900000000007,-0.03789199999999998,0.418635,0.313976,-0.09729900000000002,0.42003099999999993,0.234612,-0.07445700000000005,0.42052,0.4523650000000001,-0.36373,0.3835749999999999,0.40542300000000003,-0.375644,0.3993579999999999,0.438023,-0.379762,0.4005549999999999,0.427482,-0.367638,0.3773949999999999
943,9.42,0.29138400000000003,-0.01799299999999998,0.3965209999999999,0.31227599999999994,0.05724199999999996,0.42130599999999996,0.37042400000000003,-0.038005999999999984,0.41855,0.31397100000000006,-0.097355,0.4199959999999999,0.23468300000000003,-0.07452599999999998,0.42064099999999993,0.453,-0.363655,0.38430999999999993,0.40604099999999993,-0.375515,0.4000849999999999,0.43866900000000003,-0.379255,0.40169699999999997,0.428213,-0.368024,0.378053
944,9.43,0.29132399999999997,-0.018010000000000026,0.39643499999999987,0.31225600000000003,0.057211999999999985,0.421218,0.37035500000000005,-0.037975999999999954,0.4183819999999999,0.31393999999999994,-0.09737299999999999,0.41991899999999993,0.23464400000000002,-0.074571,0.420578,0.453587,-0.364252,0.38505999999999996,0.406568,-0.375909,0.4008059999999999,0.43920299999999995,-0.379383,0.4028139999999999,0.428884,-0.368979,0.37873500000000004
945,9.44,0.2913339999999999,-0.018139000000000016,0.396385,0.31228800000000007,0.05710800000000005,0.421098,0.37037400000000004,-0.038100999999999996,0.4183319999999999,0.31393600000000005,-0.09751499999999999,0.4198869999999999,0.234663,-0.07466499999999998,0.42060399999999987,0.4542089999999999,-0.36445500000000003,0.385787,0.407155,-0.376011,0.401505,0.439799,-0.37916300000000003,0.4038729999999999,0.429594,-0.369567,0.379413
946,9.45,0.29128099999999996,-0.018197999999999992,0.3963199999999999,0.31229,0.05702299999999999,0.421038,0.37032800000000005,-0.038205000000000044,0.41820899999999994,0.313869,-0.09754499999999999,0.41976499999999994,0.23460600000000004,-0.074737,0.42057199999999995,0.45418300000000006,-0.366265,0.385625,0.40705700000000006,-0.377402,0.4014289999999999,0.43968899999999994,-0.380516,0.4040069999999999,0.429591,-0.371516,0.379278
947,9.46,0.29123799999999994,-0.01833399999999996,0.3962509999999999,0.312235,0.05691400000000002,0.420886,0.37030499999999994,-0.03830600000000001,0.4181499999999999,0.313838,-0.09770100000000001,0.419725,0.23458700000000005,-0.07483000000000001,0.42059,0.45476500000000003,-0.366358,0.386161,0.4076140000000001,-0.377424,0.401942,0.4402479999999999,-0.380269,0.40478499999999995,0.43024500000000004,-0.371911,0.37979299999999994
948,9.47,0.29122600000000004,-0.018427000000000027,0.396207,0.31227900000000003,0.056838,0.42081499999999994,0.370295,-0.038436000000000026,0.4180499999999999,0.313823,-0.09779499999999999,0.41968799999999995,0.2345509999999999,-0.074909,0.420593,0.45470799999999995,-0.368777,0.385965,0.407496,-0.379339,0.40190499999999996,0.440116,-0.382203,0.4048829999999999,0.43018700000000004,-0.374415,0.379679
949,9.48,0.291194,-0.01852999999999999,0.396154,0.3122820000000001,0.05673600000000001,0.42070399999999997,0.37027899999999997,-0.03853700000000004,0.41797799999999996,0.313757,-0.097888,0.4196319999999999,0.23454000000000003,-0.07499699999999998,0.42061499999999996,0.4550180000000001,-0.369803,0.386162,0.4077429999999999,-0.3801,0.40209000000000006,0.440351,-0.382925,0.40523399999999987,0.430518,-0.375532,0.37987400000000004
950,9.49,0.29116499999999995,-0.018637999999999988,0.39612,0.312309,0.056641,0.4206169999999999,0.370238,-0.03861500000000001,0.417882,0.31375099999999995,-0.097993,0.4195979999999999,0.234539,-0.07511699999999999,0.420662,0.455579,-0.371412,0.387197,0.40822299999999995,-0.38137,0.4030989999999999,0.440815,-0.384079,0.406501,0.43112199999999995,-0.377322,0.38090999999999997
951,9.5,0.291116,-0.018725999999999965,0.396077,0.31228800000000007,0.05656899999999998,0.420573,0.37018,-0.038758000000000015,0.41782299999999994,0.31366999999999995,-0.098057,0.41955299999999995,0.23449500000000006,-0.07521,0.420627,0.45611699999999994,-0.372693,0.3880739999999999,0.40862799999999994,-0.382357,0.40376199999999995,0.441189,-0.38511,0.40741499999999997,0.431688,-0.378612,0.38168599999999986
952,9.51,0.2910939999999999,-0.01883800000000002,0.39605599999999985,0.312285,0.05645399999999995,0.42052199999999995,0.37015499999999996,-0.038866999999999985,0.417813,0.31363199999999997,-0.09819800000000001,0.41956899999999997,0.23444100000000007,-0.07527299999999998,0.420625,0.45682399999999995,-0.373898,0.38948499999999997,0.409225,-0.383286,0.40500499999999995,0.44175900000000007,-0.385977,0.408933,0.43243899999999996,-0.379924,0.38302899999999995
953,9.52,0.291078,-0.018855999999999984,0.39588599999999996,0.31227699999999997,0.056377999999999984,0.4204739999999999,0.3700560000000001,-0.03897700000000004,0.4178059999999999,0.31349699999999997,-0.09822899999999998,0.419562,0.23422399999999993,-0.07522200000000001,0.420203,0.457597,-0.375237,0.3912429999999999,0.40985699999999997,-0.384353,0.406489,0.44235399999999997,-0.387002,0.410744,0.433266,-0.381349,0.384668
954,9.53,0.29103700000000005,-0.018944000000000016,0.39589799999999997,0.3122390000000001,0.05629999999999996,0.420473,0.37001100000000003,-0.039080000000000004,0.4178299999999999,0.313437,-0.098356,0.41961499999999996,0.234161,-0.07525900000000002,0.42021299999999995,0.45815599999999995,-0.376651,0.39273499999999995,0.410299,-0.385466,0.407787,0.442761,-0.388103,0.41230199999999995,0.4338600000000001,-0.38282,0.38608399999999987
955,9.54,0.290982,-0.018973000000000018,0.39585899999999985,0.312205,0.05623300000000003,0.420443,0.36994999999999995,-0.03915299999999999,0.41784699999999997,0.31331899999999996,-0.098357,0.41960699999999995,0.23403499999999994,-0.07525900000000002,0.420134,0.45898900000000004,-0.377745,0.39511399999999997,0.41101099999999996,-0.386368,0.409895,0.4434360000000001,-0.388849,0.41475799999999996,0.43476699999999996,-0.384093,0.388362
956,9.55,0.290924,-0.01902999999999999,0.3958919999999999,0.31216400000000005,0.05621400000000004,0.4204359999999999,0.369863,-0.039212000000000025,0.41787799999999986,0.31326099999999996,-0.09843299999999999,0.419702,0.23398100000000005,-0.07528599999999996,0.42019399999999996,0.4598640000000001,-0.378357,0.39756999999999987,0.41173600000000005,-0.38688,0.4119109999999999,0.444108,-0.38929,0.41714699999999993,0.4357210000000001,-0.384787,0.39061599999999996
957,9.56,0.29086000000000006,-0.01905499999999999,0.395914,0.312105,0.056205000000000005,0.4204159999999999,0.3697970000000001,-0.03925300000000004,0.417929,0.3131749999999999,-0.098443,0.41975399999999996,0.23391599999999996,-0.07528799999999997,0.42024799999999995,0.46072799999999997,-0.378709,0.4002619999999999,0.4124729999999999,-0.38721300000000003,0.41418599999999994,0.444795,-0.38948,0.4197859999999999,0.436675,-0.385277,0.3931229999999999
958,9.57,0.29069799999999996,-0.01899200000000001,0.3958919999999999,0.312024,0.05617699999999998,0.42040699999999986,0.36970600000000003,-0.03929900000000003,0.4180219999999999,0.312799,-0.098277,0.419292,0.23384200000000005,-0.07534799999999997,0.42033299999999996,0.46141099999999996,-0.379087,0.402548,0.41307200000000005,-0.38758,0.4161799999999999,0.44535399999999997,-0.389713,0.4220499999999999,0.43743100000000007,-0.385782,0.39528700000000005
959,9.58,0.29063100000000003,-0.019025999999999987,0.3959339999999999,0.311997,0.05611100000000002,0.420442,0.36961000000000005,-0.03932600000000003,0.41806200000000004,0.312707,-0.09834299999999999,0.41934899999999986,0.23375699999999994,-0.07534000000000002,0.4203779999999999,0.4619170000000001,-0.379579,0.40464599999999995,0.41346200000000005,-0.388008,0.41790399999999994,0.445695,-0.390188,0.424021,0.4379840000000001,-0.386239,0.39719899999999997
960,9.59,0.290522,-0.019038,0.3960159999999999,0.311911,0.05611499999999997,0.42049099999999995,0.369527,-0.03938199999999997,0.4181809999999999,0.31249,-0.098335,0.41931399999999996,0.23372699999999996,-0.07537499999999997,0.4205309999999999,0.462327,-0.380071,0.406563,0.413797,-0.38844100000000004,0.419581,0.445996,-0.390622,0.42587699999999995,0.43843100000000007,-0.386738,0.399004
961,9.6,0.29043100000000005,-0.019056000000000017,0.39607799999999993,0.311831,0.05608799999999997,0.4205399999999999,0.369419,-0.039388000000000034,0.41825900000000005,0.312421,-0.098361,0.419451,0.23356800000000005,-0.07535900000000001,0.420577,0.4625320000000001,-0.380613,0.408096,0.41388699999999995,-0.388894,0.42073499999999997,0.446038,-0.39131,0.42718899999999993,0.43864699999999995,-0.38707,0.40032100000000004
962,9.61,0.290295,-0.01904,0.39615,0.31178500000000003,0.056084999999999996,0.42060399999999987,0.369341,-0.039298,0.4181,0.31229,-0.09836499999999998,0.41952899999999993,0.233493,-0.07539000000000001,0.42072299999999996,0.46270700000000003,-0.381848,0.41009299999999993,0.41394499999999995,-0.389915,0.422415,0.44604499999999997,-0.392552,0.429036,0.4388300000000001,-0.388124,0.40215
963,9.62,0.29023400000000005,-0.018977999999999995,0.39612400000000003,0.31168200000000007,0.056125000000000036,0.42062999999999995,0.369233,-0.039331000000000005,0.4182579999999999,0.31217200000000006,-0.09834799999999999,0.419624,0.2332490000000001,-0.07519800000000004,0.42053799999999997,0.4629560000000001,-0.381833,0.4116329999999999,0.41413800000000006,-0.389934,0.4237099999999999,0.446209,-0.392664,0.43042899999999995,0.4391,-0.388017,0.403552
964,9.63,0.290156,-0.018961000000000006,0.39621699999999993,0.311621,0.05614999999999998,0.420716,0.369161,-0.039273999999999976,0.41835,0.31206799999999996,-0.09832800000000003,0.41972699999999996,0.23318600000000006,-0.07521800000000001,0.420635,0.463007,-0.382922,0.41334099999999996,0.41411500000000007,-0.390836,0.42523999999999995,0.44615199999999994,-0.393739,0.4320489999999999,0.43914800000000004,-0.388967,0.4051659999999999
965,9.64,0.2900810000000001,-0.018878000000000006,0.39629799999999993,0.311518,0.05626000000000003,0.42076899999999995,0.36905800000000005,-0.03926099999999999,0.418547,0.31195600000000007,-0.098212,0.4198439999999999,0.233076,-0.075096,0.42070399999999997,0.463042,-0.383007,0.41442499999999993,0.41413300000000003,-0.390925,0.42624799999999996,0.446162,-0.393916,0.4330559999999999,0.43917999999999996,-0.38896600000000003,0.4061999999999999
966,9.65,0.290036,-0.018818,0.39641399999999993,0.3114510000000001,0.05632799999999999,0.42086099999999993,0.36900400000000005,-0.039171999999999985,0.418716,0.31190999999999997,-0.09815099999999999,0.41993099999999994,0.23306600000000005,-0.07504600000000006,0.42084299999999997,0.463031,-0.383276,0.415462,0.4140939999999999,-0.391175,0.4271839999999999,0.446111,-0.394289,0.43399599999999994,0.4391620000000001,-0.38912,0.407172
967,9.66,0.28999100000000005,-0.018718999999999986,0.396505,0.31136199999999997,0.056443999999999994,0.420941,0.3689550000000001,-0.039061999999999986,0.4188679999999999,0.311841,-0.098003,0.420064,0.23304999999999992,-0.07496899999999995,0.42091599999999996,0.462979,-0.38352600000000003,0.41660399999999986,0.414016,-0.391416,0.42822399999999994,0.44602,-0.394619,0.43505399999999994,0.439111,-0.389285,0.40825299999999987
968,9.67,0.28998299999999994,-0.018627000000000005,0.396586,0.31133000000000005,0.056555999999999995,0.420987,0.36894299999999997,-0.038958999999999966,0.418976,0.3118389999999999,-0.097892,0.42013900000000004,0.23308600000000007,-0.07488500000000003,0.42103199999999985,0.46312799999999993,-0.383162,0.417994,0.4141430000000001,-0.391169,0.429438,0.446131,-0.394358,0.436346,0.43929200000000007,-0.388916,0.40954899999999994
969,9.68,0.2900040000000001,-0.018520000000000036,0.39663400000000004,0.31133799999999995,0.05669099999999999,0.42103499999999994,0.36894299999999997,-0.038797000000000026,0.41906299999999996,0.3118640000000001,-0.09778400000000001,0.42021299999999995,0.23312799999999995,-0.07482000000000005,0.4210599999999999,0.463014,-0.383322,0.41891599999999996,0.41401499999999997,-0.391346,0.4302889999999999,0.445995,-0.394564,0.43722000000000005,0.43918399999999996,-0.389046,0.4104309999999999
970,9.69,0.29003700000000004,-0.018423999999999996,0.3966759999999999,0.31132299999999996,0.05680099999999999,0.42102799999999996,0.368991,-0.038654999999999995,0.4191069999999999,0.311943,-0.09764700000000001,0.420214,0.23325599999999996,-0.07475699999999996,0.42117399999999994,0.46308200000000005,-0.383112,0.42027199999999987,0.41406499999999996,-0.391227,0.431504,0.446031,-0.394386,0.4385269999999999,0.43928700000000004,-0.38888,0.41171899999999995
971,9.7,0.290086,-0.01833600000000002,0.3967099999999999,0.31132600000000005,0.05693199999999998,0.42107499999999987,0.36903400000000003,-0.038532999999999984,0.41916,0.31202900000000006,-0.097556,0.42020999999999986,0.23335900000000004,-0.07472800000000002,0.421199,0.46295800000000004,-0.383278,0.421145,0.413923,-0.391393,0.43229700000000004,0.44587799999999994,-0.39457200000000003,0.43936,0.439173,-0.389026,0.41255
972,9.71,0.29016899999999995,-0.018289,0.39673499999999995,0.311394,0.056977,0.421038,0.369138,-0.03845799999999999,0.4191929999999999,0.312131,-0.09745499999999999,0.42018999999999995,0.2335080000000001,-0.07470500000000002,0.4213149999999999,0.462953,-0.383345,0.42227800000000004,0.4139,-0.391476,0.433338,0.44584299999999993,-0.394635,0.44046699999999994,0.43918799999999997,-0.38911,0.41364
973,9.72,0.290156,-0.018201999999999996,0.3967719999999999,0.311406,0.057096000000000036,0.4210839999999999,0.36905499999999997,-0.03835499999999997,0.41907700000000003,0.31222200000000006,-0.09738100000000002,0.42016699999999996,0.23363499999999998,-0.07466299999999998,0.421404,0.462884,-0.38357399999999997,0.423307,0.413797,-0.391678,0.43423900000000004,0.445721,-0.394892,0.44142899999999996,0.439131,-0.38929,0.4146019999999999
974,9.73,0.290055,-0.01809700000000003,0.3967379999999999,0.311468,0.057143,0.421052,0.3689120000000001,-0.038085000000000035,0.41852599999999995,0.3122970000000001,-0.097309,0.420187,0.233732,-0.07462300000000005,0.42149400000000004,0.46297000000000005,-0.384039,0.4251039999999999,0.413796,-0.392069,0.43569100000000005,0.44566599999999995,-0.395408,0.4430599999999999,0.43925699999999995,-0.389644,0.4162229999999999
