FILE_VERSION,2.0.0
NO_OF_FRAMES,974
NO_OF_CAMERAS,18
NO_OF_MARKERS,14
FREQUENCY,100
DESCRIPTION,--
TIME_STAMP,"2026-04-23, 14:54:40.461",4479.26133950
DATA_INCLUDED,3D
MARKER_NAMES,Bowl_rim_4,Bowl_rim_3,Bowl_rim_2,Bowl_rim_1,Bowl_center,Handle_center,Handle_front,Handle_back,Handle_left,Spoon_center,Spoon_front,Spoon_back,Spoon_right,Spoon_left
TRAJECTORY_TYPES,Measured,Measured,Measured,Measured,Virtual,Measured,Measured,Measured,Measured,Virtual,Virtual,Virtual,Virtual,Virtual
Frame,Time,Bowl_rim_4 X,Bowl_rim_4 Y,Bowl_rim_4 Z,Bowl_rim_4 Type,Bowl_rim_3 X,Bowl_rim_3 Y,Bowl_rim_3 Z,Bowl_rim_3 Type,Bowl_rim_2 X,Bowl_rim_2 Y,Bowl_rim_2 Z,Bowl_rim_2 Type,Bowl_rim_1 X,Bowl_rim_1 Y,Bowl_rim_1 Z,Bowl_rim_1 Type,Bowl_center X,Bowl_center Y,Bowl_center Z,Bowl_center Type,Handle_center X,Handle_center Y,Handle_center Z,Handle_center Type,Handle_front X,Handle_front Y,Handle_front Z,Handle_front Type,Handle_back X,Handle_back Y,Handle_back Z,Handle_back Type,Handle_left X,Handle_left Y,Handle_left Z,Handle_left Type,Spoon_center X,Spoon_center Y,Spoon_center Z,Spoon_center Type,Spoon_front X,Spoon_front Y,Spoon_front Z,Spoon_front Type,Spoon_back X,Spoon_back Y,Spoon_back Z,Spoon_back Type,Spoon_right X,Spoon_right Y,Spoon_right Z,Spoon_right Type,Spoon_left X,Spoon_left Y,Spoon_left Z,Spoon_left Type,
1,0.00000,303.721,896.710,871.180,Measured,268.618,823.392,858.260,Measured,303.522,757.730,890.452,Measured,391.527,797.750,943.828,Measured,349.643,828.149,882.365,Virtual,132.576,956.453,1017.048,Measured,166.700,939.129,1027.038,Measured,104.852,1000.820,1039.582,Measured,178.079,1004.114,1023.465,Measured,244.558,785.741,926.215,Virtual,271.035,785.937,945.530,Virtual,231.772,818.205,948.980,Virtual,244.493,788.037,952.024,Virtual,258.310,806.153,935.430,Virtual
2,0.01000,303.852,896.696,871.135,Measured,268.599,823.390,858.252,Measured,303.364,757.719,890.523,Measured,391.415,797.696,943.919,Measured,349.624,828.066,882.403,Virtual,133.607,955.966,1017.849,Measured,168.002,939.010,1027.393,Measured,105.724,1000.078,1040.605,Measured,178.706,1004.085,1023.494,Measured,246.064,786.121,925.949,Virtual,272.795,786.640,944.903,Virtual,233.258,818.519,948.797,Virtual,246.324,788.490,951.751,Virtual,259.731,806.698,934.921,Virtual
3,0.02000,303.720,896.495,871.342,Measured,268.469,823.440,858.490,Measured,303.304,757.736,890.684,Measured,391.382,797.594,943.984,Measured,349.526,828.006,882.532,Virtual,134.579,955.410,1018.537,Measured,169.313,938.879,1027.651,Measured,106.542,999.305,1041.492,Measured,179.265,1004.049,1023.448,Measured,247.698,786.521,925.671,Virtual,274.665,787.385,944.276,Virtual,234.838,818.848,948.587,Virtual,248.265,788.971,951.460,Virtual,261.257,807.271,934.406,Virtual
4,0.03000,303.670,896.432,871.926,Measured,268.311,823.510,858.749,Measured,303.092,757.756,890.853,Measured,391.353,797.455,944.023,Measured,349.405,827.978,882.763,Virtual,135.695,954.930,1019.126,Measured,170.749,938.582,1027.720,Measured,107.352,998.521,1042.343,Measured,179.819,1003.975,1023.404,Measured,249.441,787.150,924.893,Virtual,276.625,788.320,943.161,Virtual,236.515,819.350,947.951,Virtual,250.301,789.623,950.672,Virtual,262.880,808.051,933.448,Virtual
5,0.04000,303.335,896.375,872.494,Measured,268.162,823.641,859.063,Measured,302.982,757.830,890.989,Measured,391.348,797.313,944.054,Measured,349.230,828.039,882.994,Virtual,136.683,954.255,1019.746,Measured,172.015,938.344,1027.869,Measured,108.270,997.637,1043.241,Measured,180.318,1003.865,1023.292,Measured,250.890,787.514,924.291,Virtual,278.317,789.021,942.167,Virtual,237.947,819.630,947.455,Virtual,252.090,790.060,950.049,Virtual,264.224,808.579,932.604,Virtual
6,0.05000,302.912,896.246,873.075,Measured,267.991,823.755,859.266,Measured,302.844,757.872,891.075,Measured,391.287,797.168,944.144,Measured,349.011,828.092,883.241,Virtual,137.802,953.726,1020.295,Measured,173.387,938.045,1027.958,Measured,109.092,996.781,1044.057,Measured,180.826,1003.682,1023.215,Measured,252.579,788.015,923.635,Virtual,280.204,789.843,941.174,Virtual,239.572,820.021,946.916,Virtual,254.065,790.609,949.373,Virtual,265.784,809.235,931.760,Virtual
7,0.06000,302.484,896.006,873.099,Measured,267.871,823.874,859.390,Measured,302.677,757.931,891.150,Measured,391.197,797.098,944.253,Measured,348.799,828.082,883.313,Virtual,138.695,952.977,1020.937,Measured,174.642,937.729,1028.112,Measured,109.993,995.790,1045.000,Measured,181.385,1003.404,1023.197,Measured,253.857,788.297,922.918,Virtual,281.700,790.424,940.074,Virtual,240.853,820.207,946.332,Virtual,255.669,790.943,948.630,Virtual,266.961,809.659,930.833,Virtual
8,0.07000,302.443,896.029,873.120,Measured,267.875,823.923,858.928,Measured,302.588,757.992,891.144,Measured,391.019,797.059,944.410,Measured,348.754,828.111,883.361,Virtual,139.822,952.355,1021.514,Measured,175.917,937.306,1028.280,Measured,110.945,994.799,1045.925,Measured,181.972,1003.052,1023.356,Measured,255.330,788.739,922.062,Virtual,283.337,791.097,938.919,Virtual,242.295,820.506,945.652,Virtual,257.397,791.374,947.756,Virtual,268.327,810.209,929.859,Virtual
9,0.08000,302.104,895.848,873.103,Measured,267.890,823.926,858.931,Measured,302.461,758.016,891.145,Measured,390.829,797.055,944.538,Measured,348.594,828.108,883.434,Virtual,140.835,951.626,1022.139,Measured,177.206,936.808,1028.437,Measured,111.834,993.734,1046.894,Measured,182.532,1002.642,1023.517,Measured,256.705,789.116,921.184,Virtual,284.882,791.720,937.718,Virtual,243.651,820.742,944.953,Virtual,259.045,791.750,946.855,Virtual,269.592,810.699,928.850,Virtual
10,0.09000,302.227,895.872,873.020,Measured,267.753,823.915,858.757,Measured,302.338,758.037,891.141,Measured,390.609,797.066,944.729,Measured,348.535,828.078,883.483,Virtual,141.926,951.053,1022.797,Measured,178.412,936.335,1028.636,Measured,112.745,992.754,1047.806,Measured,183.139,1002.203,1023.717,Measured,257.966,789.388,920.495,Virtual,286.288,792.202,936.743,Virtual,244.906,820.895,944.418,Virtual,260.546,792.023,946.142,Virtual,270.761,811.066,928.045,Virtual
11,0.10000,302.194,895.888,872.831,Measured,267.769,823.934,858.661,Measured,302.222,758.069,891.143,Measured,390.414,797.115,944.837,Measured,348.471,828.079,883.483,Virtual,142.873,950.144,1023.111,Measured,179.600,935.820,1028.769,Measured,113.659,991.722,1048.558,Measured,183.722,1001.753,1023.797,Measured,259.337,789.577,919.756,Virtual,287.782,792.612,935.748,Virtual,246.240,820.963,943.817,Virtual,262.128,792.218,945.380,Virtual,272.023,811.354,927.204,Virtual
12,0.11000,302.130,895.917,872.785,Measured,267.644,823.975,858.629,Measured,302.018,758.115,891.197,Measured,390.231,797.123,945.015,Measured,348.345,828.077,883.553,Virtual,143.837,949.587,1023.757,Measured,180.739,935.345,1028.919,Measured,114.526,990.805,1049.299,Measured,184.252,1001.328,1023.848,Measured,260.432,789.601,919.365,Virtual,289.015,792.876,935.060,Virtual,247.344,820.925,943.512,Virtual,263.465,792.304,944.955,Virtual,273.028,811.485,926.649,Virtual
13,0.12000,302.045,896.007,872.648,Measured,267.525,824.110,858.629,Measured,301.862,758.213,891.190,Measured,390.038,797.138,945.093,Measured,348.220,828.126,883.552,Virtual,144.764,948.737,1024.056,Measured,181.835,934.804,1029.020,Measured,115.400,989.807,1049.889,Measured,184.775,1000.866,1023.834,Measured,261.734,789.608,918.878,Virtual,290.420,793.116,934.333,Virtual,248.606,820.850,943.109,Virtual,264.958,792.355,944.441,Virtual,274.221,811.594,926.042,Virtual
14,0.13000,302.039,896.150,872.742,Measured,267.399,824.298,858.662,Measured,301.634,758.347,891.205,Measured,389.858,797.139,945.184,Measured,348.102,828.201,883.630,Virtual,145.672,947.888,1024.535,Measured,182.898,934.197,1028.895,Measured,116.281,988.794,1050.536,Measured,185.332,1000.294,1023.867,Measured,262.577,789.627,917.901,Virtual,291.398,793.308,933.063,Virtual,249.497,820.763,942.294,Virtual,266.046,792.373,943.432,Virtual,274.995,811.688,924.955,Virtual
15,0.14000,301.881,896.350,873.003,Measured,267.262,824.513,858.735,Measured,301.418,758.490,891.240,Measured,389.657,797.146,945.197,Measured,347.928,828.342,883.740,Virtual,146.664,947.032,1024.909,Measured,183.961,933.528,1028.773,Measured,117.097,987.688,1051.068,Measured,185.902,999.659,1023.894,Measured,263.717,789.663,917.038,Virtual,292.636,793.525,931.968,Virtual,250.625,820.681,941.574,Virtual,267.377,792.405,942.543,Virtual,276.041,811.801,924.017,Virtual
16,0.15000,301.874,896.520,873.048,Measured,267.108,824.760,858.720,Measured,301.157,758.652,891.248,Measured,389.444,797.122,945.256,Measured,347.790,828.422,883.782,Virtual,147.570,946.107,1025.222,Measured,184.949,932.845,1028.844,Measured,118.022,986.581,1051.627,Measured,186.467,998.950,1023.894,Measured,264.664,789.372,916.501,Virtual,293.679,793.410,931.194,Virtual,251.589,820.325,941.129,Virtual,268.514,792.147,941.973,Virtual,276.914,811.585,923.369,Virtual
17,0.16000,301.913,896.687,872.995,Measured,267.020,824.978,858.656,Measured,300.898,758.824,891.164,Measured,389.215,797.156,945.266,Measured,347.679,828.511,883.762,Virtual,148.499,945.258,1025.637,Measured,186.043,932.198,1028.844,Measured,118.949,985.475,1052.199,Measured,187.021,998.275,1023.831,Measured,265.647,789.144,915.930,Virtual,294.773,793.402,930.339,Virtual,252.594,820.037,940.647,Virtual,269.722,791.978,941.362,Virtual,277.808,811.450,922.655,Virtual
18,0.17000,301.959,896.769,872.888,Measured,266.933,825.190,858.422,Measured,300.699,758.937,891.046,Measured,388.969,797.173,945.317,Measured,347.587,828.569,883.726,Virtual,149.282,944.299,1025.691,Measured,187.018,931.590,1028.778,Measured,119.831,984.391,1052.690,Measured,187.526,997.649,1023.614,Measured,266.498,788.961,915.099,Virtual,295.728,793.416,929.236,Virtual,253.473,819.779,939.922,Virtual,270.790,791.834,940.490,Virtual,278.575,811.350,921.702,Virtual
19,0.18000,302.111,896.857,872.674,Measured,266.911,825.335,858.157,Measured,300.470,759.056,890.877,Measured,388.711,797.214,945.384,Measured,347.536,828.597,883.657,Virtual,150.216,943.515,1025.940,Measured,188.037,931.096,1028.490,Measured,120.692,983.290,1053.215,Measured,187.928,997.116,1023.331,Measured,267.388,789.118,913.918,Virtual,296.748,793.833,927.696,Virtual,254.399,819.830,938.889,Virtual,271.964,792.037,939.254,Virtual,279.349,811.613,920.366,Virtual
20,0.19000,302.381,897.030,872.377,Measured,266.888,825.452,857.892,Measured,300.348,759.162,890.676,Measured,388.427,797.225,945.418,Measured,347.538,828.618,883.553,Virtual,150.831,942.538,1025.691,Measured,188.977,930.670,1028.267,Measured,121.449,982.221,1053.669,Measured,188.225,996.633,1022.884,Measured,268.257,789.282,912.675,Virtual,297.723,794.256,926.131,Virtual,255.273,819.885,937.783,Virtual,273.083,792.246,937.960,Virtual,280.090,811.882,918.990,Virtual
21,0.20000,302.430,897.110,872.117,Measured,266.885,825.610,857.627,Measured,300.161,759.269,890.497,Measured,388.213,797.246,945.514,Measured,347.482,828.658,883.480,Virtual,151.740,941.663,1025.860,Measured,189.956,930.213,1027.947,Measured,122.202,981.124,1054.073,Measured,188.386,996.195,1022.469,Measured,269.426,789.479,911.732,Virtual,298.997,794.816,924.814,Virtual,256.408,819.995,936.930,Virtual,274.529,792.558,936.949,Virtual,281.081,812.226,917.850,Virtual
22,0.21000,302.571,897.306,872.071,Measured,266.792,825.787,857.673,Measured,300.022,759.404,890.411,Measured,388.029,797.248,945.461,Measured,347.430,828.724,883.447,Virtual,152.400,940.739,1025.685,Measured,190.732,929.782,1027.652,Measured,122.815,979.996,1054.545,Measured,188.527,995.740,1022.017,Measured,270.255,789.793,910.380,Virtual,299.922,795.417,923.121,Virtual,257.231,820.179,935.730,Virtual,275.618,792.920,935.537,Virtual,281.758,812.652,916.367,Virtual
23,0.22000,302.568,897.447,872.155,Measured,266.674,826.047,857.771,Measured,299.822,759.572,890.406,Measured,387.919,797.229,945.475,Measured,347.332,828.814,883.483,Virtual,153.114,939.963,1025.907,Measured,191.637,929.362,1027.292,Measured,123.599,978.833,1054.978,Measured,188.747,995.144,1021.612,Measured,270.943,789.884,909.222,Virtual,300.719,795.810,921.566,Virtual,257.962,820.185,934.695,Virtual,276.603,793.102,934.301,Virtual,282.304,812.861,915.024,Virtual
24,0.23000,302.544,897.638,872.416,Measured,266.587,826.284,857.994,Measured,299.664,759.743,890.411,Measured,387.819,797.183,945.430,Measured,347.241,828.928,883.571,Virtual,153.890,939.030,1025.924,Measured,192.180,928.866,1026.898,Measured,124.370,977.679,1055.397,Measured,189.039,994.539,1021.179,Measured,271.207,789.846,907.793,Virtual,301.090,795.981,919.770,Virtual,258.328,820.054,933.429,Virtual,277.153,793.103,932.802,Virtual,282.476,812.902,913.458,Virtual
25,0.24000,302.593,897.849,872.651,Measured,266.566,826.551,857.900,Measured,299.405,759.915,890.456,Measured,387.725,797.131,945.468,Measured,347.179,829.028,883.657,Virtual,154.663,938.181,1025.927,Measured,193.054,928.674,1026.256,Measured,125.201,976.623,1055.720,Measured,189.383,993.919,1020.602,Measured,271.698,790.057,906.182,Virtual,301.688,796.469,917.737,Virtual,258.906,820.164,931.980,Virtual,277.963,793.383,931.103,Virtual,282.837,813.217,911.677,Virtual
26,0.25000,302.591,898.002,872.710,Measured,266.559,826.771,858.011,Measured,299.285,760.048,890.445,Measured,387.593,797.111,945.501,Measured,347.125,829.116,883.715,Virtual,155.454,937.347,1025.910,Measured,193.786,928.472,1025.597,Measured,126.084,975.679,1055.888,Measured,189.610,993.435,1019.989,Measured,272.143,790.182,904.734,Virtual,302.229,796.879,915.871,Virtual,259.434,820.216,930.656,Virtual,278.715,793.605,929.562,Virtual,283.148,813.449,910.042,Virtual
27,0.26000,302.675,898.100,872.738,Measured,266.474,827.023,857.959,Measured,299.117,760.166,890.446,Measured,387.472,797.096,945.589,Measured,347.073,829.173,883.756,Virtual,156.359,936.615,1025.785,Measured,194.763,928.218,1025.084,Measured,126.967,974.776,1056.033,Measured,189.944,992.911,1019.337,Measured,273.024,790.199,903.718,Virtual,303.172,797.208,914.491,Virtual,260.333,820.190,929.700,Virtual,279.848,793.755,928.460,Virtual,283.873,813.583,908.835,Virtual
28,0.27000,302.696,898.200,872.776,Measured,266.448,827.111,858.021,Measured,298.960,760.259,890.515,Measured,387.308,797.127,945.717,Measured,347.007,829.214,883.853,Virtual,157.041,935.857,1025.645,Measured,195.534,927.705,1024.686,Measured,127.757,973.981,1056.000,Measured,190.192,992.435,1018.513,Measured,273.548,789.523,903.339,Virtual,303.753,796.819,913.756,Virtual,260.906,819.586,929.262,Virtual,280.600,793.286,927.987,Virtual,284.277,813.017,908.196,Virtual
29,0.28000,302.718,898.296,872.805,Measured,266.369,827.275,858.054,Measured,298.853,760.411,890.573,Measured,387.139,797.204,945.859,Measured,346.938,829.305,883.946,Virtual,157.876,935.184,1025.573,Measured,196.372,927.325,1024.220,Measured,128.444,973.194,1055.959,Measured,190.403,992.025,1017.795,Measured,274.517,789.253,902.903,Virtual,304.750,796.876,912.998,Virtual,261.845,819.337,928.786,Virtual,281.764,793.210,927.463,Virtual,285.077,812.868,907.537,Virtual
30,0.29000,302.758,898.490,872.946,Measured,266.339,827.425,858.143,Measured,298.699,760.499,890.731,Measured,386.992,797.180,946.065,Measured,346.884,829.361,884.124,Virtual,158.560,934.436,1025.433,Measured,197.148,927.023,1023.794,Measured,129.214,972.462,1055.849,Measured,190.542,991.630,1016.943,Measured,275.328,788.759,902.636,Virtual,305.592,796.730,912.364,Virtual,262.645,818.913,928.432,Virtual,282.789,792.960,927.091,Virtual,285.718,812.503,906.992,Virtual
31,0.30000,302.800,898.494,872.936,Measured,266.274,827.587,858.209,Measured,298.565,760.612,890.841,Measured,386.855,797.214,946.292,Measured,346.829,829.389,884.246,Virtual,159.137,933.776,1025.019,Measured,197.961,926.776,1023.268,Measured,129.801,971.732,1055.719,Measured,190.664,991.267,1016.217,Measured,276.310,788.811,901.846,Virtual,306.577,797.068,911.321,Virtual,263.566,818.929,927.655,Virtual,283.920,793.145,926.232,Virtual,286.529,812.655,906.057,Virtual
32,0.31000,302.879,898.616,873.071,Measured,266.302,827.662,858.184,Measured,298.461,760.683,890.941,Measured,386.764,797.176,946.460,Measured,346.825,829.415,884.384,Virtual,159.849,933.100,1024.595,Measured,198.699,926.516,1022.960,Measured,130.540,971.008,1055.646,Measured,190.764,990.877,1015.395,Measured,277.298,788.545,901.467,Virtual,307.569,797.126,910.639,Virtual,264.502,818.692,927.215,Virtual,285.075,793.084,925.763,Virtual,287.337,812.502,905.458,Virtual
33,0.32000,302.836,898.716,873.304,Measured,266.244,827.795,858.275,Measured,298.322,760.775,891.014,Measured,386.668,797.162,946.571,Measured,346.748,829.484,884.529,Virtual,160.936,932.703,1024.177,Measured,199.475,926.176,1022.426,Measured,131.286,970.409,1055.426,Measured,190.977,990.484,1014.626,Measured,278.376,788.431,900.881,Virtual,308.644,797.282,909.801,Virtual,265.530,818.582,926.600,Virtual,286.290,793.128,925.102,Virtual,288.257,812.481,904.704,Virtual
34,0.33000,302.917,898.822,873.470,Measured,266.219,827.958,858.362,Measured,298.165,760.879,891.122,Measured,386.530,797.142,946.787,Measured,346.707,829.527,884.709,Virtual,161.811,932.198,1024.182,Measured,200.293,925.978,1021.977,Measured,132.008,969.796,1055.346,Measured,191.159,990.150,1013.728,Measured,279.334,787.978,900.837,Virtual,309.604,797.207,909.359,Virtual,266.458,818.225,926.428,Virtual,287.455,792.965,924.932,Virtual,289.013,812.158,904.347,Virtual
35,0.34000,302.985,898.946,873.687,Measured,266.098,828.166,858.644,Measured,297.978,761.014,891.378,Measured,386.421,797.103,946.988,Measured,346.632,829.563,884.924,Virtual,162.731,931.816,1023.879,Measured,201.071,925.893,1021.425,Measured,132.749,969.335,1055.131,Measured,191.223,989.893,1012.772,Measured,280.349,787.793,900.515,Virtual,310.608,797.385,908.668,Virtual,267.424,818.104,926.006,Virtual,288.656,793.042,924.490,Virtual,289.821,812.093,903.749,Virtual
36,0.35000,302.963,899.058,874.070,Measured,266.030,828.381,858.923,Measured,297.798,761.155,891.661,Measured,386.337,797.062,947.208,Measured,346.551,829.633,885.206,Virtual,163.521,931.411,1023.906,Measured,201.905,925.866,1020.788,Measured,133.448,968.817,1054.937,Measured,191.328,989.617,1011.677,Measured,281.251,787.354,900.464,Virtual,311.497,797.366,908.145,Virtual,268.299,817.788,925.794,Virtual,289.789,792.948,924.280,Virtual,290.489,811.790,903.328,Virtual
37,0.36000,303.013,899.165,874.292,Measured,265.911,828.521,859.335,Measured,297.672,761.246,891.921,Measured,386.326,796.995,947.541,Measured,346.506,829.647,885.486,Virtual,164.333,931.133,1023.607,Measured,202.607,925.914,1020.277,Measured,134.102,968.338,1054.780,Measured,191.249,989.384,1010.745,Measured,282.315,787.382,900.110,Virtual,312.525,797.782,907.408,Virtual,269.284,817.859,925.347,Virtual,291.033,793.246,923.795,Virtual,291.311,811.939,902.700,Virtual
38,0.37000,303.082,899.205,874.506,Measured,265.876,828.625,859.605,Measured,297.579,761.302,892.167,Measured,386.363,796.852,947.814,Measured,346.510,829.610,885.721,Virtual,165.071,930.686,1023.462,Measured,203.371,925.822,1019.600,Measured,134.919,967.836,1054.730,Measured,191.151,989.297,1009.744,Measured,282.882,787.339,899.339,Virtual,313.076,798.128,906.123,Virtual,269.875,817.864,924.531,Virtual,291.871,793.481,922.852,Virtual,291.640,812.013,901.614,Virtual
39,0.38000,303.042,899.220,874.648,Measured,265.861,828.631,859.820,Measured,297.567,761.282,892.360,Measured,386.347,796.880,947.838,Measured,346.481,829.614,885.826,Virtual,165.906,930.333,1023.385,Measured,204.244,925.794,1019.103,Measured,135.624,967.352,1054.652,Measured,191.044,989.265,1008.983,Measured,284.162,787.595,898.965,Virtual,314.289,798.802,905.355,Virtual,271.043,818.131,924.086,Virtual,293.321,794.011,922.339,Virtual,292.636,812.390,900.980,Virtual
40,0.39000,303.027,899.150,875.017,Measured,265.904,828.585,859.919,Measured,297.563,761.267,892.545,Measured,386.200,796.916,948.089,Measured,346.457,829.623,886.115,Virtual,166.296,929.742,1022.973,Measured,205.006,925.704,1018.575,Measured,136.415,966.949,1054.560,Measured,191.116,989.001,1008.152,Measured,284.489,787.369,898.205,Virtual,314.603,798.812,904.231,Virtual,271.419,817.941,923.307,Virtual,293.842,793.963,921.452,Virtual,292.814,812.230,900.010,Virtual
41,0.40000,303.303,899.237,874.741,Measured,265.963,828.522,859.883,Measured,297.570,761.201,892.640,Measured,386.101,796.962,948.152,Measured,346.537,829.547,886.081,Virtual,167.218,929.463,1023.262,Measured,205.793,925.604,1018.107,Measured,137.102,966.737,1054.453,Measured,191.230,988.781,1007.532,Measured,285.345,786.938,898.470,Virtual,315.413,798.697,904.103,Virtual,272.245,817.629,923.412,Virtual,294.859,793.830,921.565,Virtual,293.469,811.887,899.966,Virtual
42,0.41000,303.614,899.219,874.578,Measured,266.032,828.482,859.867,Measured,297.522,761.169,892.701,Measured,386.023,796.899,948.417,Measured,346.632,829.425,886.165,Virtual,167.522,928.795,1022.879,Measured,206.469,925.563,1017.637,Measured,137.871,966.490,1054.475,Measured,191.314,988.494,1006.754,Measured,285.324,786.533,897.778,Virtual,315.387,798.480,903.028,Virtual,272.327,817.286,922.696,Virtual,295.046,793.598,920.733,Virtual,293.330,811.532,899.055,Virtual
43,0.42000,303.852,899.285,874.550,Measured,266.097,828.478,859.869,Measured,297.556,761.124,892.695,Measured,385.987,796.828,948.538,Measured,346.725,829.370,886.222,Virtual,168.887,928.787,1023.328,Measured,207.098,925.522,1017.195,Measured,138.529,966.188,1054.367,Measured,191.297,988.323,1006.053,Measured,286.644,786.272,898.318,Virtual,316.612,798.643,903.105,Virtual,273.537,817.153,923.020,Virtual,296.523,793.721,921.084,Virtual,294.356,811.379,899.222,Virtual
44,0.43000,304.085,899.359,874.809,Measured,266.142,828.545,859.996,Measured,297.499,761.131,892.795,Measured,386.035,796.728,948.588,Measured,346.801,829.338,886.347,Virtual,169.207,928.251,1023.167,Measured,207.673,925.546,1016.726,Measured,139.169,965.801,1054.330,Measured,191.210,988.063,1005.304,Measured,286.970,786.055,897.838,Virtual,316.888,798.690,902.232,Virtual,273.880,816.987,922.485,Virtual,297.028,793.724,920.452,Virtual,294.493,811.227,898.504,Virtual
45,0.44000,304.236,899.456,875.059,Measured,266.142,828.600,860.137,Measured,297.519,761.119,892.893,Measured,386.151,796.574,948.613,Measured,346.873,829.310,886.451,Virtual,170.015,928.107,1023.259,Measured,208.160,925.566,1016.294,Measured,139.696,965.564,1054.260,Measured,191.023,987.885,1004.542,Measured,287.723,785.820,897.975,Virtual,317.556,798.800,901.929,Virtual,274.579,816.855,922.462,Virtual,297.941,793.809,920.407,Virtual,294.995,811.072,898.320,Virtual
46,0.45000,304.525,899.463,875.195,Measured,266.248,828.682,860.392,Measured,297.538,761.107,893.029,Measured,386.341,796.435,948.627,Measured,347.026,829.227,886.527,Virtual,170.502,927.788,1023.233,Measured,208.683,925.560,1015.826,Measured,140.256,965.287,1054.191,Measured,190.886,987.642,1003.820,Measured,288.139,785.540,897.794,Virtual,317.903,798.791,901.343,Virtual,274.991,816.656,922.178,Virtual,298.519,793.784,920.058,Virtual,295.207,810.852,897.873,Virtual
47,0.46000,304.723,899.441,875.331,Measured,266.259,828.660,860.682,Measured,297.594,761.059,893.146,Measured,386.510,796.290,948.629,Measured,347.128,829.128,886.596,Virtual,170.748,927.358,1023.057,Measured,209.124,925.539,1015.488,Measured,140.852,964.989,1054.176,Measured,190.699,987.344,1002.968,Measured,288.259,785.010,897.669,Virtual,317.962,798.504,900.785,Virtual,275.147,816.236,921.930,Virtual,298.816,793.517,919.749,Virtual,295.143,810.372,897.458,Virtual
48,0.47000,304.890,899.432,875.428,Measured,266.348,828.587,860.848,Measured,297.721,761.004,893.206,Measured,386.698,796.183,948.717,Measured,347.267,829.060,886.680,Virtual,170.833,927.040,1022.991,Measured,209.646,925.392,1015.220,Measured,141.391,964.774,1054.262,Measured,190.716,987.085,1002.465,Measured,288.071,784.531,897.384,Virtual,317.754,798.133,900.200,Virtual,275.053,815.830,921.603,Virtual,298.777,793.175,919.340,Virtual,294.872,809.913,897.000,Virtual
49,0.48000,305.079,899.342,875.456,Measured,266.536,828.424,860.836,Measured,297.895,760.880,893.203,Measured,386.885,796.063,948.891,Measured,347.459,828.944,886.764,Virtual,171.440,926.752,1023.251,Measured,210.227,925.109,1015.021,Measured,141.978,964.509,1054.425,Measured,190.767,986.697,1002.116,Measured,288.347,783.939,897.574,Virtual,317.980,797.719,900.043,Virtual,275.366,815.336,921.685,Virtual,299.192,792.793,919.377,Virtual,295.008,809.354,896.956,Virtual
50,0.49000,305.273,899.222,875.374,Measured,266.687,828.264,860.787,Measured,298.098,760.747,893.149,Measured,387.064,795.900,949.036,Measured,347.649,828.801,886.789,Virtual,171.651,926.392,1023.384,Measured,210.634,924.939,1015.015,Measured,142.478,964.198,1054.690,Measured,190.840,986.342,1001.889,Measured,288.339,783.468,897.578,Virtual,317.945,797.348,899.798,Virtual,275.419,814.921,921.646,Virtual,299.299,792.443,919.274,Virtual,294.918,808.900,896.814,Virtual
51,0.50000,305.480,899.088,875.201,Measured,266.958,828.065,860.540,Measured,298.340,760.595,893.056,Measured,387.206,795.786,949.194,Measured,347.881,828.663,886.784,Virtual,172.234,926.153,1023.799,Measured,210.953,924.795,1015.176,Measured,142.857,963.925,1054.915,Measured,190.788,986.036,1001.817,Measured,289.036,783.097,898.273,Virtual,318.566,797.173,900.252,Virtual,276.043,814.624,922.205,Virtual,300.049,792.278,919.855,Virtual,295.453,808.564,897.312,Virtual
52,0.51000,305.702,898.972,875.079,Measured,267.158,827.926,860.363,Measured,298.550,760.467,892.988,Measured,387.366,795.723,949.259,Measured,348.088,828.555,886.751,Virtual,172.512,925.853,1024.166,Measured,211.273,924.631,1015.347,Measured,143.227,963.659,1055.280,Measured,190.807,985.656,1001.819,Measured,289.200,782.625,898.685,Virtual,318.690,796.813,900.443,Virtual,276.224,814.217,922.541,Virtual,300.295,791.944,920.166,Virtual,295.522,808.109,897.574,Virtual
53,0.52000,305.862,898.909,874.976,Measured,267.466,827.809,860.172,Measured,298.800,760.390,892.896,Measured,387.523,795.735,948.856,Measured,348.296,828.515,886.527,Virtual,172.863,925.533,1024.524,Measured,211.577,924.453,1015.467,Measured,143.574,963.288,1055.619,Measured,190.741,985.356,1001.837,Measured,289.571,782.422,898.895,Virtual,319.001,796.761,900.441,Virtual,276.570,814.036,922.709,Virtual,300.738,791.873,920.281,Virtual,295.762,807.933,897.658,Virtual
54,0.53000,306.125,898.859,874.968,Measured,267.646,827.815,860.110,Measured,298.995,760.333,892.776,Measured,387.670,795.762,948.896,Measured,348.499,828.502,886.525,Virtual,173.242,925.226,1024.864,Measured,211.864,924.310,1015.575,Measured,143.896,962.970,1055.949,Measured,190.534,985.075,1001.756,Measured,290.007,782.198,899.228,Virtual,319.353,796.733,900.503,Virtual,276.960,813.855,922.960,Virtual,301.253,791.834,920.490,Virtual,296.025,807.741,897.815,Virtual
55,0.54000,306.259,898.878,874.992,Measured,267.825,827.896,860.020,Measured,299.136,760.350,892.638,Measured,387.809,795.660,948.542,Measured,348.640,828.505,886.353,Virtual,173.507,924.955,1025.131,Measured,212.145,924.194,1015.594,Measured,144.212,962.685,1056.267,Measured,190.499,984.782,1001.670,Measured,290.152,781.947,899.317,Virtual,319.446,796.604,900.367,Virtual,277.117,813.637,923.011,Virtual,301.484,791.706,920.477,Virtual,296.059,807.509,897.776,Virtual
56,0.55000,306.461,898.931,875.069,Measured,268.038,828.053,859.953,Measured,299.283,760.379,892.451,Measured,388.022,795.565,948.453,Measured,348.837,828.543,886.305,Virtual,173.809,924.713,1025.383,Measured,212.401,924.106,1015.610,Measured,144.547,962.453,1056.516,Measured,190.222,984.537,1001.471,Measured,290.424,781.694,899.568,Virtual,319.632,796.539,900.313,Virtual,277.366,813.442,923.171,Virtual,301.850,791.648,920.585,Virtual,296.158,807.283,897.833,Virtual
57,0.56000,306.729,899.028,875.031,Measured,268.165,828.214,859.880,Measured,299.329,760.457,892.304,Measured,388.103,795.476,948.286,Measured,348.978,828.556,886.193,Virtual,174.231,924.548,1025.487,Measured,212.664,924.125,1015.506,Measured,144.812,962.248,1056.672,Measured,190.028,984.323,1001.218,Measured,290.948,781.677,899.673,Virtual,320.061,796.720,900.165,Virtual,277.825,813.453,923.203,Virtual,302.438,791.810,920.571,Virtual,296.500,807.294,897.778,Virtual
58,0.57000,307.089,899.216,874.978,Measured,268.331,828.365,859.772,Measured,299.421,760.549,892.128,Measured,388.193,795.489,948.166,Measured,349.169,828.624,886.095,Virtual,174.353,924.359,1025.662,Measured,212.861,924.157,1015.420,Measured,144.985,962.056,1056.774,Measured,189.731,984.121,1000.954,Measured,291.290,781.544,899.909,Virtual,320.313,796.766,900.151,Virtual,278.110,813.366,923.345,Virtual,302.839,791.859,920.685,Virtual,296.675,807.184,897.845,Virtual
59,0.58000,307.026,899.262,874.821,Measured,268.460,828.490,859.674,Measured,299.455,760.679,891.972,Measured,388.221,795.500,948.090,Measured,349.203,828.708,885.991,Virtual,174.729,924.252,1025.734,Measured,213.064,924.273,1015.315,Measured,145.095,961.851,1056.836,Measured,189.390,983.976,1000.693,Measured,292.148,781.776,900.114,Virtual,321.044,797.240,900.135,Virtual,278.819,813.602,923.460,Virtual,303.714,792.289,920.780,Virtual,297.308,807.450,897.897,Virtual
60,0.59000,307.532,899.417,874.551,Measured,268.573,828.594,859.415,Measured,299.498,760.786,891.777,Measured,388.167,795.583,948.062,Measured,349.387,828.733,885.856,Virtual,174.882,924.099,1025.839,Measured,213.231,924.359,1015.253,Measured,145.388,961.483,1056.884,Measured,189.108,983.845,1000.437,Measured,292.678,781.947,900.057,Virtual,321.467,797.607,899.863,Virtual,279.261,813.765,923.362,Virtual,304.285,792.613,920.621,Virtual,297.650,807.646,897.720,Virtual
61,0.60000,307.494,899.542,874.339,Measured,268.677,828.735,859.130,Measured,299.457,760.882,891.558,Measured,388.064,795.622,947.983,Measured,349.382,828.831,885.718,Virtual,175.114,923.984,1025.941,Measured,213.467,924.471,1015.143,Measured,145.647,961.125,1056.933,Measured,188.788,983.712,1000.274,Measured,293.404,782.332,899.911,Virtual,322.070,798.213,899.519,Virtual,279.865,814.114,923.195,Virtual,305.037,793.147,920.383,Virtual,298.165,808.062,897.474,Virtual
62,0.61000,307.553,899.661,874.157,Measured,268.801,828.872,858.619,Measured,299.441,760.988,891.276,Measured,387.938,795.695,947.910,Measured,349.416,828.943,885.565,Virtual,175.500,923.827,1025.952,Measured,213.742,924.541,1015.087,Measured,146.076,960.714,1056.986,Measured,188.666,983.474,999.793,Measured,294.171,782.312,900.048,Virtual,322.710,798.411,899.393,Virtual,280.527,814.121,923.235,Virtual,305.843,793.333,920.388,Virtual,298.718,808.065,897.437,Virtual
63,0.62000,307.612,899.732,873.974,Measured,268.855,829.051,858.292,Measured,299.405,761.073,890.916,Measured,387.819,795.630,947.796,Measured,349.425,828.998,885.396,Virtual,175.885,923.644,1026.004,Measured,214.098,924.523,1014.932,Measured,146.268,960.554,1057.029,Measured,188.673,983.342,999.692,Measured,294.824,782.468,900.019,Virtual,323.288,798.695,899.255,Virtual,281.098,814.259,923.182,Virtual,306.501,793.581,920.305,Virtual,299.247,808.235,897.346,Virtual
64,0.63000,307.644,899.813,873.762,Measured,268.898,829.192,857.983,Measured,299.338,761.181,890.547,Measured,387.675,795.553,947.832,Measured,349.416,829.049,885.284,Virtual,176.428,923.485,1025.944,Measured,214.632,924.521,1014.734,Measured,146.822,960.300,1057.020,Measured,188.859,983.107,999.353,Measured,295.536,782.436,899.927,Virtual,323.914,798.803,898.976,Virtual,281.757,814.240,923.041,Virtual,307.250,793.679,920.121,Virtual,299.817,808.216,897.144,Virtual
65,0.64000,307.660,899.889,873.705,Measured,268.890,829.348,857.822,Measured,299.229,761.244,890.216,Measured,387.656,795.320,947.622,Measured,349.395,829.040,885.110,Virtual,177.148,923.314,1025.858,Measured,215.202,924.434,1014.405,Measured,147.506,960.115,1057.037,Measured,189.188,982.958,999.225,Measured,295.916,782.554,899.266,Virtual,324.245,798.996,898.164,Virtual,282.171,814.328,922.440,Virtual,307.703,793.835,919.396,Virtual,300.114,808.344,896.453,Virtual
66,0.65000,307.633,900.026,873.599,Measured,268.880,829.493,857.691,Measured,299.139,761.303,889.945,Measured,387.507,795.160,947.718,Measured,349.347,829.071,885.088,Virtual,177.780,923.204,1025.749,Measured,215.873,924.383,1014.112,Measured,148.303,959.980,1056.885,Measured,189.570,982.789,998.813,Measured,296.432,782.320,899.085,Virtual,324.705,798.844,897.785,Virtual,282.703,814.138,922.208,Virtual,308.282,793.710,919.115,Virtual,300.538,808.112,896.156,Virtual
67,0.66000,307.616,900.126,873.637,Measured,268.832,829.645,857.575,Measured,299.021,761.387,889.758,Measured,387.489,794.976,947.499,Measured,349.300,829.087,884.959,Virtual,178.539,923.120,1025.478,Measured,216.526,924.419,1013.640,Measured,149.055,959.969,1056.658,Measured,189.983,982.654,998.270,Measured,296.957,782.161,898.743,Virtual,325.170,798.770,897.234,Virtual,283.245,814.023,921.817,Virtual,308.874,793.665,918.669,Virtual,300.965,807.955,895.696,Virtual
68,0.67000,307.604,900.215,873.646,Measured,268.792,829.823,857.493,Measured,298.909,761.452,889.603,Measured,387.422,794.826,947.467,Measured,349.252,829.109,884.920,Virtual,179.311,923.142,1025.103,Measured,217.143,924.478,1013.133,Measured,149.772,959.993,1056.350,Measured,190.244,982.568,997.638,Measured,297.571,782.103,898.392,Virtual,325.702,798.827,896.650,Virtual,283.850,814.008,921.400,Virtual,309.549,793.748,918.199,Virtual,301.449,807.900,895.207,Virtual
69,0.68000,307.531,900.317,873.764,Measured,268.759,830.006,857.449,Measured,298.764,761.576,889.536,Measured,387.296,794.976,946.951,Measured,349.144,829.246,884.723,Virtual,179.856,923.194,1024.869,Measured,217.747,924.662,1012.504,Measured,150.445,960.095,1055.972,Measured,190.516,982.525,996.895,Measured,297.985,781.912,898.148,Virtual,326.039,798.736,896.140,Virtual,284.278,813.894,921.058,Virtual,310.037,793.717,917.815,Virtual,301.742,807.706,894.793,Virtual
70,0.69000,307.632,900.453,873.715,Measured,268.684,830.186,857.491,Measured,298.589,761.695,889.511,Measured,387.179,795.062,946.946,Measured,349.089,829.318,884.705,Virtual,180.613,923.274,1024.365,Measured,218.291,924.896,1011.852,Measured,151.056,960.184,1055.619,Measured,190.429,982.561,996.012,Measured,298.766,782.141,897.688,Virtual,326.665,799.176,895.343,Virtual,284.987,814.158,920.505,Virtual,310.882,794.169,917.180,Virtual,302.287,807.942,894.138,Virtual
71,0.70000,307.599,900.606,873.753,Measured,268.639,830.383,857.492,Measured,298.408,761.840,889.519,Measured,387.039,795.134,946.721,Measured,348.989,829.425,884.624,Virtual,181.156,923.434,1024.069,Measured,218.825,925.185,1011.223,Measured,151.691,960.318,1055.212,Measured,190.679,982.641,995.431,Measured,299.225,782.320,897.164,Virtual,327.051,799.448,894.624,Virtual,285.446,814.360,919.948,Virtual,311.395,794.453,916.556,Virtual,302.635,808.122,893.514,Virtual
72,0.71000,307.709,900.714,873.766,Measured,268.583,830.536,857.476,Measured,298.248,761.948,889.465,Measured,386.968,795.102,946.862,Measured,348.963,829.458,884.676,Virtual,181.853,923.579,1023.546,Measured,219.377,925.554,1010.462,Measured,152.375,960.398,1054.865,Measured,190.470,982.764,994.471,Measured,299.944,782.780,896.406,Virtual,327.578,800.152,893.472,Virtual,286.095,814.835,919.127,Virtual,312.196,795.152,915.595,Virtual,303.071,808.589,892.558,Virtual
73,0.72000,307.614,900.835,873.722,Measured,268.607,830.685,857.309,Measured,298.162,762.019,889.376,Measured,386.805,795.110,946.829,Measured,348.893,829.544,884.641,Virtual,182.446,923.782,1023.200,Measured,219.777,925.970,1009.849,Measured,153.008,960.538,1054.575,Measured,190.617,982.838,993.889,Measured,300.335,783.125,895.719,Virtual,327.867,800.617,892.546,Virtual,286.487,815.188,918.430,Virtual,312.656,795.616,914.787,Virtual,303.315,808.935,891.768,Virtual
74,0.73000,307.683,900.893,873.614,Measured,268.527,830.737,857.183,Measured,298.083,762.062,889.214,Measured,386.704,795.097,946.731,Measured,348.854,829.553,884.530,Virtual,183.122,923.955,1022.739,Measured,220.335,926.293,1009.024,Measured,153.624,960.702,1054.193,Measured,190.598,982.953,993.036,Measured,300.878,783.461,894.978,Virtual,328.259,801.128,891.477,Virtual,287.000,815.546,917.640,Virtual,313.273,796.138,913.874,Virtual,303.643,809.271,890.868,Virtual
75,0.74000,307.716,900.929,873.468,Measured,268.509,830.690,857.018,Measured,298.055,762.083,889.048,Measured,386.575,795.073,946.675,Measured,348.828,829.542,884.436,Virtual,183.682,924.185,1022.382,Measured,220.740,926.732,1008.433,Measured,154.275,960.870,1053.882,Measured,190.587,983.020,992.304,Measured,301.351,783.725,894.496,Virtual,328.589,801.546,890.681,Virtual,287.446,815.846,917.089,Virtual,313.813,796.585,913.223,Virtual,303.918,809.528,890.221,Virtual
76,0.75000,307.836,900.973,873.227,Measured,268.507,830.823,856.819,Measured,298.005,762.114,888.884,Measured,386.490,794.992,946.746,Measured,348.846,829.524,884.355,Virtual,184.300,924.388,1022.025,Measured,221.245,927.037,1007.686,Measured,154.831,961.130,1053.440,Measured,190.651,983.119,991.411,Measured,301.867,783.753,894.210,Virtual,328.973,801.706,890.080,Virtual,287.934,815.948,916.681,Virtual,314.386,796.814,912.759,Virtual,304.253,809.541,889.741,Virtual
77,0.76000,307.897,901.036,873.219,Measured,268.492,830.912,856.749,Measured,297.952,762.171,888.745,Measured,386.438,794.881,946.761,Measured,348.843,829.527,884.336,Virtual,184.865,924.629,1021.535,Measured,221.709,927.375,1007.034,Measured,155.386,961.408,1052.992,Measured,190.634,983.169,990.595,Measured,302.412,783.869,893.897,Virtual,329.384,801.953,889.477,Virtual,288.437,816.122,916.257,Virtual,314.974,797.119,912.281,Virtual,304.617,809.641,889.251,Virtual
78,0.77000,307.990,901.095,873.169,Measured,268.441,831.037,856.737,Measured,297.860,762.242,888.678,Measured,386.390,794.781,946.862,Measured,348.833,829.518,884.351,Virtual,185.377,924.848,1021.169,Measured,222.189,927.726,1006.342,Measured,155.918,961.697,1052.536,Measured,190.742,983.228,989.782,Measured,302.896,783.883,893.672,Virtual,329.753,802.070,888.979,Virtual,288.895,816.207,915.914,Virtual,315.502,797.309,911.899,Virtual,304.946,809.636,888.853,Virtual
79,0.78000,308.141,901.158,873.270,Measured,268.411,831.177,856.812,Measured,297.778,762.322,888.640,Measured,386.404,794.664,946.813,Measured,348.852,829.511,884.353,Virtual,185.883,925.050,1020.786,Measured,222.524,928.055,1005.802,Measured,156.336,961.941,1052.193,Measured,190.596,983.258,989.004,Measured,303.468,783.990,893.560,Virtual,330.170,802.323,888.563,Virtual,289.397,816.375,915.668,Virtual,316.103,797.627,911.609,Virtual,305.313,809.722,888.548,Virtual
80,0.79000,307.880,901.432,873.574,Measured,268.352,831.365,856.932,Measured,297.740,762.422,888.593,Measured,386.457,794.532,946.839,Measured,348.767,829.670,884.461,Virtual,186.278,925.201,1020.492,Measured,223.019,928.432,1005.207,Measured,156.673,962.146,1052.051,Measured,190.551,983.307,988.494,Measured,304.010,784.416,893.094,Virtual,330.572,802.889,887.870,Virtual,289.878,816.798,915.168,Virtual,316.670,798.195,911.017,Virtual,305.672,810.140,887.977,Virtual
81,0.80000,308.249,901.312,873.750,Measured,268.323,831.510,857.039,Measured,297.649,762.506,888.570,Measured,386.548,794.413,946.751,Measured,348.860,829.583,884.457,Virtual,186.596,925.309,1020.316,Measured,223.045,928.623,1004.853,Measured,156.809,962.254,1051.591,Measured,190.368,983.277,987.976,Measured,304.594,784.418,893.317,Virtual,331.047,802.997,887.919,Virtual,290.356,816.849,915.251,Virtual,317.232,798.360,911.129,Virtual,306.111,810.122,888.054,Virtual
82,0.81000,308.279,901.448,873.810,Measured,268.297,831.687,857.113,Measured,297.649,762.598,888.514,Measured,386.588,794.321,946.726,Measured,348.872,829.645,884.459,Virtual,186.944,925.363,1020.085,Measured,223.359,928.986,1004.380,Measured,157.011,962.233,1051.329,Measured,190.164,983.299,987.715,Measured,305.504,785.198,892.806,Virtual,331.800,803.963,887.282,Virtual,291.112,817.555,914.748,Virtual,318.107,799.258,910.551,Virtual,306.812,810.904,887.501,Virtual
83,0.82000,308.433,901.499,873.856,Measured,268.292,831.793,857.096,Measured,297.601,762.663,888.440,Measured,386.609,794.280,946.636,Measured,348.907,829.656,884.414,Virtual,187.031,925.444,1019.908,Measured,223.306,929.035,1004.072,Measured,157.270,962.149,1051.284,Measured,189.981,983.269,987.495,Measured,305.117,785.308,892.087,Virtual,331.352,804.110,886.407,Virtual,290.794,817.656,914.087,Virtual,317.795,799.398,909.753,Virtual,306.355,811.013,886.759,Virtual
84,0.83000,308.494,901.576,873.776,Measured,268.331,831.863,857.038,Measured,297.625,762.747,888.344,Measured,386.563,794.266,946.737,Measured,348.939,829.698,884.426,Virtual,187.148,925.297,1019.897,Measured,223.554,929.279,1003.794,Measured,157.544,962.039,1051.407,Measured,189.801,983.252,987.429,Measured,305.323,785.827,891.416,Virtual,331.438,804.751,885.589,Virtual,290.970,818.111,913.490,Virtual,318.032,799.980,909.011,Virtual,306.411,811.536,886.078,Virtual
85,0.84000,308.421,901.522,873.576,Measured,268.401,831.915,856.870,Measured,297.639,762.795,888.247,Measured,386.499,794.290,946.828,Measured,348.936,829.720,884.388,Virtual,187.269,925.294,1019.754,Measured,223.668,929.414,1003.367,Measured,157.796,961.894,1051.444,Measured,189.569,983.208,987.227,Measured,305.203,786.229,890.514,Virtual,331.206,805.253,884.512,Virtual,290.870,818.463,912.674,Virtual,317.972,800.435,908.022,Virtual,306.157,811.941,885.163,Virtual
86,0.85000,308.626,901.534,873.326,Measured,268.491,831.904,856.743,Measured,297.681,762.818,888.194,Measured,386.491,794.328,946.933,Measured,349.035,829.692,884.343,Virtual,187.451,925.193,1019.715,Measured,223.796,929.543,1003.123,Measured,158.055,961.772,1051.455,Measured,189.327,983.123,987.083,Measured,305.392,786.524,890.065,Virtual,331.271,805.661,883.890,Virtual,291.024,818.727,912.248,Virtual,318.187,800.821,907.479,Virtual,306.194,812.231,884.665,Virtual
87,0.86000,308.640,901.545,873.112,Measured,268.539,831.938,856.656,Measured,297.734,762.852,888.175,Measured,386.474,794.395,946.984,Measured,349.065,829.718,884.294,Virtual,187.661,925.145,1019.585,Measured,223.907,929.629,1002.806,Measured,158.330,961.562,1051.399,Measured,189.039,982.989,986.699,Measured,305.658,786.739,889.637,Virtual,331.385,806.008,883.245,Virtual,291.237,818.926,911.809,Virtual,318.475,801.165,906.929,Virtual,306.275,812.433,884.154,Virtual
88,0.87000,308.741,901.567,873.111,Measured,268.597,831.944,856.603,Measured,297.797,762.872,888.140,Measured,386.522,794.449,946.960,Measured,349.134,829.745,884.274,Virtual,187.928,925.117,1019.331,Measured,223.983,929.741,1002.416,Measured,158.528,961.464,1051.263,Measured,188.782,982.869,986.359,Measured,305.916,787.017,889.126,Virtual,331.509,806.406,882.553,Virtual,291.445,819.181,911.299,Virtual,318.749,801.551,906.316,Virtual,306.371,812.702,883.579,Virtual
89,0.88000,308.823,901.597,873.043,Measured,268.640,831.998,856.600,Measured,297.850,762.899,888.126,Measured,386.553,794.464,946.968,Measured,349.190,829.762,884.255,Virtual,188.169,925.054,1019.049,Measured,224.106,929.815,1001.971,Measured,158.729,961.320,1051.099,Measured,188.526,982.660,985.962,Measured,306.212,787.220,888.633,Virtual,331.661,806.730,881.868,Virtual,291.683,819.366,910.794,Virtual,319.056,801.873,905.713,Virtual,306.494,812.891,883.013,Virtual
90,0.89000,308.930,901.671,873.234,Measured,268.654,832.115,856.621,Measured,297.865,762.979,888.099,Measured,386.577,794.458,946.911,Measured,349.231,829.825,884.288,Virtual,188.382,924.963,1018.809,Measured,224.236,929.848,1001.613,Measured,158.868,961.231,1050.902,Measured,188.361,982.468,985.582,Measured,306.565,787.272,888.415,Virtual,331.903,806.874,881.502,Virtual,291.972,819.420,910.531,Virtual,319.404,802.032,905.406,Virtual,306.714,812.927,882.717,Virtual
91,0.90000,308.903,901.821,873.380,Measured,268.634,832.232,856.675,Measured,297.797,763.071,888.103,Measured,386.609,794.466,946.892,Measured,349.208,829.917,884.324,Virtual,188.673,924.872,1018.566,Measured,224.313,929.807,1001.176,Measured,159.063,961.128,1050.651,Measured,188.161,982.214,985.033,Measured,306.810,787.092,888.265,Virtual,332.018,806.781,881.127,Virtual,292.172,819.279,910.295,Virtual,319.663,801.998,905.117,Virtual,306.807,812.719,882.439,Virtual
92,0.91000,308.889,901.932,873.577,Measured,268.615,832.445,856.748,Measured,297.740,763.218,888.124,Measured,386.594,794.495,946.862,Measured,349.181,830.037,884.381,Virtual,188.934,924.793,1018.169,Measured,224.560,929.794,1000.766,Measured,159.324,960.970,1050.376,Measured,188.084,981.958,984.644,Measured,307.230,787.189,887.837,Virtual,332.334,806.966,880.578,Virtual,292.533,819.360,909.851,Virtual,320.077,802.181,904.618,Virtual,307.103,812.804,881.961,Virtual
93,0.92000,309.029,902.114,873.621,Measured,268.580,832.677,856.796,Measured,297.643,763.389,888.152,Measured,386.561,794.498,946.884,Measured,349.185,830.126,884.407,Virtual,189.233,924.697,1017.900,Measured,224.612,929.716,1000.283,Measured,159.572,960.862,1050.100,Measured,187.918,981.719,984.107,Measured,307.290,786.969,887.517,Virtual,332.278,806.812,880.036,Virtual,292.587,819.178,909.470,Virtual,320.169,802.083,904.163,Virtual,307.032,812.558,881.530,Virtual
94,0.93000,309.010,902.214,873.700,Measured,268.547,832.868,856.830,Measured,297.532,763.523,888.176,Measured,386.541,794.509,946.878,Measured,349.142,830.211,884.429,Virtual,189.534,924.590,1017.579,Measured,224.730,929.671,999.763,Measured,159.874,960.739,1049.815,Measured,187.797,981.427,983.561,Measured,307.404,786.779,887.128,Virtual,332.269,806.691,879.427,Virtual,292.691,819.020,909.029,Virtual,320.312,802.014,903.639,Virtual,307.008,812.341,881.037,Virtual
95,0.94000,309.109,902.318,873.704,Measured,268.548,832.973,856.877,Measured,297.384,763.690,888.267,Measured,386.442,794.551,947.013,Measured,349.119,830.257,884.509,Virtual,189.844,924.472,1017.324,Measured,224.890,929.574,999.223,Measured,160.051,960.647,1049.532,Measured,187.478,981.089,982.965,Measured,307.733,786.554,887.022,Virtual,332.425,806.571,879.043,Virtual,292.953,818.841,908.809,Virtual,320.646,801.974,903.357,Virtual,307.140,812.074,880.772,Virtual
96,0.95000,309.089,902.321,873.626,Measured,268.701,832.929,856.547,Measured,297.582,763.562,887.769,Measured,386.419,794.453,946.809,Measured,349.200,830.271,884.331,Virtual,190.059,924.431,1016.939,Measured,224.842,929.507,998.687,Measured,160.201,960.618,1049.081,Measured,187.289,980.768,982.350,Measured,307.777,786.181,886.872,Virtual,332.366,806.240,878.680,Virtual,292.981,818.533,908.553,Virtual,320.708,801.731,903.070,Virtual,307.070,811.666,880.491,Virtual
97,0.96000,309.218,902.294,873.392,Measured,268.812,832.886,856.257,Measured,297.688,763.544,887.434,Measured,386.422,794.399,946.730,Measured,349.299,830.242,884.162,Virtual,190.338,924.380,1016.632,Measured,224.920,929.500,998.198,Measured,160.344,960.545,1048.808,Measured,186.771,980.437,981.609,Measured,308.249,786.043,886.899,Virtual,332.609,806.241,878.368,Virtual,293.335,818.445,908.423,Virtual,321.164,801.833,902.877,Virtual,307.282,811.468,880.317,Virtual
98,0.97000,309.278,902.177,873.152,Measured,269.016,832.800,855.879,Measured,297.838,763.454,887.109,Measured,386.367,794.301,946.560,Measured,349.400,830.168,883.965,Virtual,190.555,924.386,1016.295,Measured,224.926,929.479,997.743,Measured,160.507,960.597,1048.504,Measured,186.745,980.271,981.317,Measured,308.094,785.902,886.462,Virtual,332.407,806.108,877.817,Virtual,293.218,818.328,907.977,Virtual,321.045,801.733,902.370,Virtual,307.080,811.314,879.838,Virtual
99,0.98000,309.519,902.146,872.990,Measured,269.100,832.745,855.681,Measured,297.934,763.356,886.898,Measured,386.457,794.223,946.432,Measured,349.535,830.083,883.806,Virtual,190.721,924.412,1016.203,Measured,224.967,929.557,997.409,Measured,160.589,960.541,1048.370,Measured,186.163,980.006,980.765,Measured,308.586,785.903,886.647,Virtual,332.661,806.250,877.678,Virtual,293.575,818.366,908.011,Virtual,321.507,801.970,902.342,Virtual,307.305,811.253,879.833,Virtual
100,0.99000,309.555,902.081,872.964,Measured,269.191,832.705,855.555,Measured,298.040,763.306,886.736,Measured,386.567,794.462,945.517,Measured,349.585,830.142,883.358,Virtual,190.915,924.429,1016.193,Measured,225.028,929.632,997.242,Measured,160.659,960.533,1048.358,Measured,186.171,979.955,980.789,Measured,308.753,786.100,886.439,Virtual,332.777,806.488,877.426,Virtual,293.720,818.539,907.822,Virtual,321.671,802.192,902.109,Virtual,307.415,811.445,879.623,Virtual
101,1.00000,309.640,902.054,872.999,Measured,269.275,832.670,855.503,Measured,298.152,763.238,886.615,Measured,386.719,794.464,945.478,Measured,349.689,830.138,883.324,Virtual,191.071,924.540,1016.207,Measured,224.972,929.749,997.145,Measured,160.718,960.526,1048.435,Measured,185.581,979.787,980.771,Measured,309.007,786.420,886.376,Virtual,332.828,806.939,877.123,Virtual,293.879,818.844,907.716,Virtual,321.909,802.670,901.895,Virtual,307.446,811.726,879.460,Virtual
102,1.01000,309.815,901.994,872.979,Measured,269.407,832.696,855.462,Measured,298.317,763.197,886.476,Measured,386.817,794.442,944.933,Measured,349.817,830.110,883.061,Virtual,191.181,924.512,1016.362,Measured,224.986,929.869,997.171,Measured,160.684,960.534,1048.655,Measured,185.495,979.852,981.068,Measured,309.099,786.846,886.136,Virtual,332.873,807.418,876.882,Virtual,293.948,819.212,907.547,Virtual,321.996,803.093,901.662,Virtual,307.487,812.160,879.262,Virtual
103,1.02000,309.847,901.974,873.070,Measured,269.479,832.684,855.492,Measured,298.471,763.168,886.402,Measured,387.081,794.303,945.051,Measured,349.943,830.092,883.114,Virtual,191.239,924.594,1016.454,Measured,224.909,930.034,997.216,Measured,160.679,960.498,1048.939,Measured,185.078,979.801,981.239,Measured,309.210,787.324,885.927,Virtual,332.842,808.001,876.544,Virtual,293.999,819.641,907.371,Virtual,322.098,803.651,901.377,Virtual,307.444,812.623,879.032,Virtual
104,1.03000,309.968,902.001,873.150,Measured,269.630,832.712,855.496,Measured,298.597,763.166,886.350,Measured,387.200,794.240,944.970,Measured,350.071,830.096,883.103,Virtual,191.267,924.688,1016.687,Measured,224.800,930.264,997.301,Measured,160.670,960.477,1049.220,Measured,184.930,979.930,981.469,Measured,309.225,787.820,885.707,Virtual,332.792,808.558,876.293,Virtual,293.991,820.081,907.218,Virtual,322.112,804.159,901.146,Virtual,307.390,813.122,878.842,Virtual
105,1.04000,310.082,902.027,873.166,Measured,269.746,832.727,855.520,Measured,298.713,763.172,886.328,Measured,387.385,794.203,945.037,Measured,350.204,830.100,883.127,Virtual,191.207,924.849,1016.950,Measured,224.653,930.555,997.436,Measured,160.578,960.451,1049.513,Measured,184.501,980.022,981.682,Measured,309.434,788.461,885.648,Virtual,332.868,809.309,876.146,Virtual,294.110,820.660,907.188,Virtual,322.290,804.873,901.035,Virtual,307.452,813.749,878.774,Virtual
106,1.05000,310.264,902.042,873.165,Measured,269.845,832.782,855.601,Measured,298.835,763.216,886.303,Measured,387.527,794.094,945.098,Measured,350.345,830.078,883.154,Virtual,191.074,925.031,1017.245,Measured,224.371,930.919,997.511,Measured,160.354,960.558,1049.826,Measured,183.958,980.154,981.892,Measured,309.440,789.076,885.623,Virtual,332.733,810.027,876.001,Virtual,294.041,821.228,907.179,Virtual,322.273,805.573,900.938,Virtual,307.305,814.345,878.723,Virtual
107,1.06000,310.383,902.047,873.256,Measured,269.972,832.829,855.653,Measured,298.935,763.255,886.290,Measured,387.698,794.019,945.202,Measured,350.477,830.081,883.225,Virtual,190.927,925.309,1017.402,Measured,224.058,931.326,997.538,Measured,160.072,960.665,1050.064,Measured,183.314,980.264,982.016,Measured,309.592,789.830,885.563,Virtual,332.717,810.908,875.815,Virtual,294.078,821.923,907.126,Virtual,322.383,806.432,900.800,Virtual,307.274,815.073,878.629,Virtual
108,1.07000,310.528,902.088,873.373,Measured,270.071,832.883,855.772,Measured,299.047,763.281,886.309,Measured,387.849,793.893,945.208,Measured,350.603,830.067,883.274,Virtual,190.649,925.575,1017.582,Measured,223.657,931.793,997.573,Measured,159.674,960.776,1050.304,Measured,182.501,980.408,982.138,Measured,309.741,790.704,885.509,Virtual,332.676,811.929,875.629,Virtual,294.086,822.725,907.076,Virtual,322.475,807.425,900.663,Virtual,307.215,815.918,878.538,Virtual
109,1.08000,310.601,902.125,873.400,Measured,270.124,832.887,855.884,Measured,299.147,763.275,886.343,Measured,388.026,793.825,945.232,Measured,350.698,830.057,883.295,Virtual,190.425,925.904,1017.717,Measured,223.208,932.289,997.533,Measured,159.231,960.969,1050.411,Measured,181.281,980.345,981.927,Measured,310.258,791.408,885.978,Virtual,332.858,812.833,875.765,Virtual,294.353,823.411,907.391,Virtual,322.886,808.410,900.906,Virtual,307.370,816.530,878.819,Virtual
110,1.09000,310.871,902.087,873.429,Measured,270.267,832.890,855.915,Measured,299.272,763.228,886.385,Measured,388.211,793.717,945.275,Measured,350.884,829.975,883.323,Virtual,190.100,926.203,1017.863,Measured,222.717,932.768,997.450,Measured,158.811,961.125,1050.616,Measured,180.520,980.602,982.125,Measured,310.026,792.346,885.551,Virtual,332.476,813.886,875.250,Virtual,294.051,824.263,907.038,Virtual,322.631,809.408,900.431,Virtual,306.983,817.454,878.411,Virtual
111,1.10000,310.888,902.018,873.407,Measured,270.358,832.809,856.010,Measured,299.426,763.188,886.419,Measured,388.375,793.635,945.337,Measured,350.985,829.923,883.352,Virtual,189.802,926.585,1017.906,Measured,222.200,933.311,997.237,Measured,158.388,961.361,1050.675,Measured,179.335,980.579,981.832,Measured,310.214,793.043,885.704,Virtual,332.341,814.753,875.067,Virtual,294.046,824.943,907.072,Virtual,322.740,810.358,900.356,Virtual,306.835,818.061,878.398,Virtual
112,1.11000,311.014,901.959,873.512,Measured,270.485,832.680,856.031,Measured,299.560,763.113,886.478,Measured,388.537,793.567,945.389,Measured,351.120,829.852,883.414,Virtual,189.455,926.912,1017.967,Measured,221.675,933.823,996.989,Measured,158.041,961.610,1050.798,Measured,178.515,980.775,981.759,Measured,309.800,793.728,885.310,Virtual,331.742,815.533,874.485,Virtual,293.587,825.591,906.698,Virtual,322.319,811.148,899.843,Virtual,306.238,818.708,877.963,Virtual
113,1.12000,311.062,901.867,873.475,Measured,270.609,832.595,856.000,Measured,299.720,763.038,886.502,Measured,388.639,793.507,945.479,Measured,351.230,829.790,883.448,Virtual,189.174,927.101,1018.055,Measured,221.163,934.371,996.715,Measured,157.508,962.086,1050.943,Measured,177.566,980.927,981.658,Measured,309.545,794.293,885.302,Virtual,331.265,816.196,874.230,Virtual,293.241,826.150,906.630,Virtual,322.031,811.873,899.668,Virtual,305.762,819.210,877.851,Virtual
114,1.13000,311.239,901.775,873.433,Measured,270.706,832.493,855.959,Measured,299.857,762.951,886.554,Measured,388.778,793.794,944.858,Measured,351.339,829.799,883.155,Virtual,188.864,927.554,1018.084,Measured,220.600,934.912,996.467,Measured,157.255,962.226,1050.898,Measured,176.650,981.103,981.539,Measured,309.361,795.156,884.862,Virtual,330.847,817.185,873.586,Virtual,292.962,826.956,906.203,Virtual,321.811,812.871,899.096,Virtual,305.347,820.023,877.365,Virtual
115,1.14000,311.325,901.701,873.460,Measured,270.776,832.396,856.009,Measured,300.008,762.858,886.595,Measured,388.848,793.917,945.061,Measured,351.434,829.794,883.269,Virtual,188.590,927.779,1018.170,Measured,220.135,935.423,996.244,Measured,156.883,962.660,1051.123,Measured,175.795,981.327,981.551,Measured,308.845,795.748,884.565,Virtual,330.136,817.853,873.071,Virtual,292.420,827.530,905.912,Virtual,321.295,813.575,898.656,Virtual,304.647,820.568,877.013,Virtual
116,1.15000,311.436,901.609,873.454,Measured,270.960,832.302,855.976,Measured,300.109,762.778,886.625,Measured,388.944,793.991,944.758,Measured,351.545,829.752,883.141,Virtual,188.362,928.203,1018.242,Measured,219.639,935.915,996.063,Measured,156.723,962.840,1051.281,Measured,175.001,981.552,981.543,Measured,308.421,796.537,884.011,Virtual,329.501,818.742,872.321,Virtual,291.964,828.267,905.411,Virtual,320.868,814.465,897.977,Virtual,304.025,821.316,876.439,Virtual
117,1.16000,311.459,901.586,873.506,Measured,271.080,832.237,856.013,Measured,300.202,762.752,886.651,Measured,389.058,793.890,944.960,Measured,351.637,829.712,883.256,Virtual,188.112,928.531,1018.415,Measured,219.258,936.340,995.986,Measured,156.585,963.120,1051.658,Measured,174.325,981.783,981.797,Measured,307.692,797.159,883.467,Virtual,328.611,819.426,871.607,Virtual,291.277,828.852,904.953,Virtual,320.175,815.143,897.328,Virtual,303.156,821.916,875.903,Virtual
118,1.17000,311.567,901.551,873.504,Measured,271.174,832.239,856.053,Measured,300.211,762.753,886.733,Measured,389.059,793.796,945.131,Measured,351.702,829.648,883.353,Virtual,187.878,928.854,1018.618,Measured,218.869,936.732,995.938,Measured,156.492,963.366,1052.020,Measured,173.680,982.030,981.924,Measured,306.988,797.660,883.039,Virtual,327.750,819.978,870.999,Virtual,290.614,829.334,904.586,Virtual,319.505,815.710,896.784,Virtual,302.317,822.389,875.467,Virtual
119,1.18000,311.586,901.538,873.530,Measured,271.181,832.274,856.115,Measured,300.150,762.770,886.849,Measured,389.093,793.829,945.072,Measured,351.698,829.643,883.347,Virtual,187.665,929.066,1018.748,Measured,218.471,937.083,995.885,Measured,156.392,963.614,1052.404,Measured,173.103,982.258,982.210,Measured,306.108,798.179,882.390,Virtual,326.745,820.538,870.215,Virtual,289.817,829.817,904.050,Virtual,318.681,816.251,896.054,Virtual,301.338,822.899,874.852,Virtual
120,1.19000,311.593,901.611,873.628,Measured,271.185,832.360,856.201,Measured,300.083,762.809,886.953,Measured,389.075,793.807,945.360,Measured,351.691,829.669,883.528,Virtual,187.326,929.635,1018.998,Measured,218.056,937.415,995.886,Measured,156.257,963.829,1052.701,Measured,172.384,982.363,982.404,Measured,305.485,798.581,882.253,Virtual,325.947,820.987,869.871,Virtual,289.206,830.220,903.921,Virtual,318.073,816.748,895.776,Virtual,300.562,823.257,874.669,Virtual
121,1.20000,311.603,901.661,873.706,Measured,271.122,832.430,856.369,Measured,299.994,762.876,887.039,Measured,389.042,793.726,945.391,Measured,351.648,829.662,883.588,Virtual,187.012,929.663,1019.069,Measured,217.450,937.678,995.682,Measured,155.963,964.095,1052.935,Measured,171.631,982.424,982.441,Measured,304.484,798.722,881.828,Virtual,324.798,821.150,869.242,Virtual,288.273,830.374,903.528,Virtual,317.118,816.958,895.214,Virtual,299.441,823.365,874.215,Virtual
122,1.21000,311.662,901.746,873.795,Measured,271.052,832.593,856.491,Measured,299.891,762.949,887.125,Measured,389.021,793.599,945.598,Measured,351.626,829.661,883.722,Virtual,186.721,929.578,1019.208,Measured,216.979,937.894,995.497,Measured,155.667,964.327,1053.120,Measured,170.649,982.352,982.312,Measured,303.930,798.785,881.801,Virtual,324.004,821.265,868.927,Virtual,287.689,830.463,903.441,Virtual,316.553,817.179,894.982,Virtual,298.673,823.350,874.083,Virtual
123,1.22000,311.554,901.829,873.946,Measured,270.969,832.730,856.610,Measured,299.740,763.042,887.185,Measured,388.901,793.480,945.721,Measured,351.517,829.691,883.847,Virtual,186.450,929.056,1019.309,Measured,216.117,937.919,995.125,Measured,155.208,964.514,1053.017,Measured,169.808,982.302,982.178,Measured,302.730,798.413,881.460,Virtual,322.685,820.877,868.375,Virtual,286.577,830.144,903.089,Virtual,315.407,816.875,894.492,Virtual,297.384,822.941,873.687,Virtual
124,1.23000,311.641,901.949,873.940,Measured,270.893,832.888,856.679,Measured,299.578,763.149,887.240,Measured,388.759,793.429,945.838,Measured,351.458,829.708,883.913,Virtual,185.938,929.333,1019.465,Measured,215.713,938.160,994.928,Measured,154.913,964.657,1052.924,Measured,169.011,982.139,981.954,Measured,302.511,798.398,881.798,Virtual,322.277,820.892,868.479,Virtual,286.276,830.174,903.299,Virtual,315.142,817.014,894.654,Virtual,296.989,822.846,873.894,Virtual
125,1.24000,311.613,902.077,873.988,Measured,270.802,833.035,856.697,Measured,299.373,763.284,887.288,Measured,388.544,793.421,946.017,Measured,351.340,829.766,884.026,Virtual,185.847,928.985,1019.457,Measured,215.166,938.078,994.666,Measured,154.755,964.792,1052.827,Measured,168.423,982.002,981.782,Measured,301.592,797.899,881.597,Virtual,321.248,820.363,868.067,Virtual,285.443,829.744,903.062,Virtual,314.274,816.586,894.300,Virtual,295.991,822.307,873.624,Virtual
126,1.25000,311.543,902.200,873.950,Measured,270.726,833.171,856.637,Measured,299.201,763.417,887.277,Measured,388.299,793.405,946.196,Measured,351.219,829.828,884.104,Virtual,185.812,929.157,1019.534,Measured,214.973,938.087,994.600,Measured,154.728,964.957,1052.973,Measured,168.093,981.838,981.697,Measured,301.248,797.597,881.848,Virtual,320.788,820.042,868.118,Virtual,285.116,829.508,903.226,Virtual,313.941,816.378,894.400,Virtual,295.551,821.951,873.779,Virtual
127,1.26000,311.501,902.258,873.932,Measured,270.629,833.284,856.618,Measured,298.987,763.524,887.315,Measured,388.038,793.404,946.392,Measured,351.084,829.853,884.203,Virtual,185.663,929.224,1019.683,Measured,214.873,937.989,994.518,Measured,154.817,965.055,1053.066,Measured,167.920,981.718,981.705,Measured,300.578,797.094,881.937,Virtual,320.081,819.483,868.064,Virtual,284.547,829.083,903.274,Virtual,313.330,815.906,894.383,Virtual,294.867,821.426,873.812,Virtual
128,1.27000,311.407,902.340,873.879,Measured,270.403,833.418,856.600,Measured,298.821,763.640,887.315,Measured,387.792,793.400,946.610,Measured,350.916,829.906,884.284,Virtual,185.709,929.182,1019.804,Measured,214.793,937.905,994.578,Measured,154.960,965.163,1053.232,Measured,167.884,981.612,981.756,Measured,300.091,796.632,882.091,Virtual,319.570,818.969,868.102,Virtual,284.147,828.689,903.392,Virtual,312.894,815.466,894.450,Virtual,294.374,820.947,873.920,Virtual
129,1.28000,311.317,902.366,873.898,Measured,270.234,833.514,856.627,Measured,298.593,763.680,887.358,Measured,387.561,793.331,946.754,Measured,350.749,829.891,884.366,Virtual,185.692,929.219,1020.060,Measured,214.791,937.828,994.660,Measured,155.051,965.195,1053.458,Measured,167.842,981.531,981.914,Measured,299.764,796.346,882.284,Virtual,319.219,818.653,868.212,Virtual,283.877,828.445,903.564,Virtual,312.600,815.199,894.581,Virtual,294.036,820.649,874.082,Virtual
130,1.29000,311.190,902.493,873.944,Measured,269.966,833.667,856.689,Measured,298.367,763.797,887.356,Measured,387.332,793.341,946.777,Measured,350.540,829.967,884.392,Virtual,185.654,929.233,1020.262,Measured,214.656,937.756,994.834,Measured,155.140,965.200,1053.736,Measured,167.760,981.457,982.144,Measured,299.261,796.107,882.334,Virtual,318.697,818.386,868.193,Virtual,283.454,828.237,903.627,Virtual,312.143,814.960,894.582,Virtual,293.531,820.406,874.127,Virtual
131,1.30000,311.044,902.527,874.071,Measured,269.740,833.828,856.764,Measured,298.122,763.866,887.408,Measured,387.052,793.417,946.312,Measured,350.302,830.026,884.248,Virtual,185.630,929.204,1020.568,Measured,214.591,937.771,995.002,Measured,155.176,965.153,1054.060,Measured,167.614,981.431,982.397,Measured,299.069,796.157,882.380,Virtual,318.449,818.451,868.186,Virtual,283.279,828.279,903.698,Virtual,311.960,815.028,894.591,Virtual,293.295,820.448,874.177,Virtual
132,1.31000,310.949,902.612,874.143,Measured,269.442,833.931,856.824,Measured,297.869,763.957,887.456,Measured,386.831,793.369,946.561,Measured,350.098,830.049,884.382,Virtual,185.621,929.231,1020.836,Measured,214.507,937.752,995.299,Measured,155.208,965.113,1054.369,Measured,167.497,981.372,982.787,Measured,298.910,796.203,882.510,Virtual,318.254,818.508,868.285,Virtual,283.135,828.316,903.853,Virtual,311.809,815.081,894.701,Virtual,293.109,820.490,874.316,Virtual
133,1.32000,310.846,902.666,874.263,Measured,269.113,834.035,857.022,Measured,297.599,764.056,887.492,Measured,386.541,793.382,946.410,Measured,349.845,830.079,884.374,Virtual,185.651,929.252,1021.052,Measured,214.168,937.692,995.299,Measured,155.299,965.097,1054.685,Measured,167.309,981.298,983.011,Measured,298.042,795.999,882.217,Virtual,317.316,818.284,867.864,Virtual,282.394,828.139,903.613,Virtual,311.014,814.886,894.318,Virtual,292.204,820.281,874.030,Virtual
134,1.33000,310.772,902.702,874.184,Measured,268.866,834.059,856.989,Measured,297.425,764.094,887.547,Measured,386.395,793.361,946.516,Measured,349.691,830.065,884.385,Virtual,185.739,929.304,1021.205,Measured,214.080,937.758,995.305,Measured,155.436,965.118,1054.954,Measured,167.172,981.246,983.172,Measured,297.734,796.060,882.041,Virtual,316.912,818.359,867.583,Virtual,282.125,828.199,903.468,Virtual,310.727,814.980,894.067,Virtual,291.823,820.323,873.853,Virtual
135,1.34000,310.624,902.717,874.077,Measured,268.742,834.144,856.931,Measured,297.189,764.162,887.568,Measured,386.027,793.427,946.713,Measured,349.491,830.093,884.462,Virtual,186.138,929.239,1021.378,Measured,214.065,937.779,995.200,Measured,155.640,965.228,1055.100,Measured,167.063,981.193,983.208,Measured,297.648,795.984,882.017,Virtual,316.688,818.292,867.391,Virtual,282.054,828.145,903.420,Virtual,310.647,814.980,893.917,Virtual,291.626,820.203,873.781,Virtual
136,1.35000,310.559,902.761,873.968,Measured,268.537,834.162,856.807,Measured,296.893,764.259,887.650,Measured,385.697,793.566,946.777,Measured,349.281,830.118,884.462,Virtual,186.287,929.358,1021.414,Measured,214.056,937.889,995.029,Measured,155.891,965.324,1055.207,Measured,166.901,981.112,983.238,Measured,297.379,796.022,881.756,Virtual,316.279,818.343,866.969,Virtual,281.821,828.196,903.165,Virtual,310.394,815.081,893.535,Virtual,291.248,820.205,873.494,Virtual
137,1.36000,310.443,902.829,873.843,Measured,268.403,834.226,856.684,Measured,296.639,764.342,887.693,Measured,385.329,793.665,947.031,Measured,349.085,830.162,884.552,Virtual,186.539,929.444,1021.445,Measured,214.130,938.016,994.811,Measured,156.192,965.488,1055.254,Measured,166.801,981.045,983.178,Measured,297.247,795.988,881.607,Virtual,316.001,818.312,866.641,Virtual,281.713,828.189,902.992,Virtual,310.271,815.124,893.250,Virtual,291.001,820.124,873.296,Virtual
138,1.37000,310.288,902.936,873.775,Measured,268.251,834.372,856.643,Measured,296.307,764.502,887.788,Measured,384.953,793.746,947.323,Measured,348.854,830.235,884.687,Virtual,186.677,929.647,1021.417,Measured,214.118,938.162,994.599,Measured,156.492,965.624,1055.331,Measured,166.517,980.972,983.154,Measured,296.943,796.073,881.283,Virtual,315.511,818.415,866.113,Virtual,281.438,828.289,902.667,Virtual,309.976,815.296,892.772,Virtual,290.550,820.158,872.935,Virtual
139,1.38000,310.319,903.026,873.707,Measured,268.079,834.516,856.651,Measured,296.036,764.637,887.930,Measured,384.696,793.850,947.296,Measured,348.696,830.273,884.673,Virtual,186.913,929.708,1021.377,Measured,214.166,938.300,994.368,Measured,156.799,965.740,1055.382,Measured,166.388,980.859,983.098,Measured,296.814,796.118,881.007,Virtual,315.219,818.476,865.663,Virtual,281.327,828.346,902.386,Virtual,309.850,815.418,892.363,Virtual,290.293,820.157,872.626,Virtual
140,1.39000,310.100,903.168,873.848,Measured,267.928,834.726,856.619,Measured,295.714,764.777,887.930,Measured,384.387,793.826,947.435,Measured,348.460,830.372,884.790,Virtual,187.122,929.836,1021.341,Measured,214.216,938.392,994.174,Measured,157.146,965.880,1055.398,Measured,165.950,980.660,982.930,Measured,296.772,796.056,880.959,Virtual,314.917,818.432,865.333,Virtual,281.256,828.320,902.263,Virtual,309.778,815.505,892.093,Virtual,290.037,820.004,872.483,Virtual
141,1.40000,310.084,903.229,873.681,Measured,267.878,834.903,856.316,Measured,295.605,764.838,887.530,Measured,384.158,793.696,947.221,Measured,348.374,830.396,884.581,Virtual,187.344,929.894,1021.218,Measured,214.052,938.402,993.933,Measured,157.419,966.006,1055.318,Measured,165.864,980.530,982.784,Measured,296.283,795.747,880.720,Virtual,314.316,818.089,864.917,Virtual,280.848,828.066,901.998,Virtual,309.328,815.249,891.715,Virtual,289.474,819.657,872.199,Virtual
142,1.41000,310.097,903.278,873.582,Measured,267.765,835.001,856.100,Measured,295.429,764.893,887.234,Measured,383.975,793.609,947.100,Measured,348.272,830.398,884.439,Virtual,187.596,930.024,1021.164,Measured,214.126,938.499,993.687,Measured,157.805,966.179,1055.400,Measured,165.532,980.317,982.488,Measured,296.212,795.566,880.718,Virtual,313.990,817.905,864.624,Virtual,280.763,827.939,901.905,Virtual,309.233,815.214,891.479,Virtual,289.199,819.381,872.094,Virtual
143,1.42000,309.962,903.316,873.430,Measured,267.714,835.045,855.815,Measured,295.290,764.886,887.011,Measured,383.734,793.524,946.961,Measured,348.142,830.394,884.294,Virtual,187.816,930.125,1021.088,Measured,214.137,938.591,993.421,Measured,157.955,966.275,1055.360,Measured,165.425,980.272,982.379,Measured,296.202,795.664,880.483,Virtual,313.853,818.017,864.270,Virtual,280.745,828.039,901.662,Virtual,309.209,815.372,891.150,Virtual,289.087,819.439,871.836,Virtual
144,1.43000,310.064,903.319,873.224,Measured,267.690,835.097,855.611,Measured,295.225,764.908,886.760,Measured,383.578,793.477,946.953,Measured,348.123,830.368,884.185,Virtual,188.035,930.254,1021.091,Measured,214.209,938.717,993.209,Measured,158.562,966.403,1055.562,Measured,165.260,980.172,982.298,Measured,295.600,795.524,880.036,Virtual,313.044,817.861,863.578,Virtual,280.250,827.941,901.229,Virtual,308.652,815.307,890.508,Virtual,288.344,819.247,871.362,Virtual
145,1.44000,310.019,903.293,872.984,Measured,267.704,835.092,855.333,Measured,295.213,764.928,886.471,Measured,383.449,793.466,946.777,Measured,348.087,830.371,883.983,Virtual,188.341,930.386,1021.117,Measured,214.383,938.836,993.058,Measured,159.010,966.481,1055.712,Measured,165.249,980.192,982.546,Measured,295.319,795.780,879.468,Virtual,312.622,818.143,862.898,Virtual,280.037,828.174,900.743,Virtual,308.397,815.591,889.855,Virtual,287.967,819.486,870.831,Virtual
146,1.45000,310.066,903.316,872.676,Measured,267.742,835.106,855.027,Measured,295.156,764.915,886.260,Measured,383.304,793.459,946.756,Measured,348.074,830.349,883.836,Virtual,188.657,930.443,1021.181,Measured,214.517,938.920,992.978,Measured,159.519,966.561,1055.957,Measured,165.142,980.141,982.655,Measured,294.986,795.825,879.087,Virtual,312.109,818.197,862.343,Virtual,279.772,828.227,900.400,Virtual,308.085,815.694,889.336,Virtual,287.508,819.493,870.450,Virtual
147,1.46000,310.141,903.320,872.477,Measured,267.792,835.094,854.830,Measured,295.150,764.896,886.057,Measured,383.271,793.407,946.651,Measured,348.104,830.313,883.687,Virtual,188.978,930.531,1021.269,Measured,214.695,938.979,992.914,Measured,160.143,966.591,1056.228,Measured,165.265,980.193,982.986,Measured,294.333,795.918,878.395,Virtual,311.353,818.293,861.550,Virtual,279.275,828.313,899.828,Virtual,307.509,815.775,888.567,Virtual,286.807,819.594,869.822,Virtual
148,1.47000,310.014,903.333,872.487,Measured,267.825,835.087,854.589,Measured,295.194,764.887,885.832,Measured,383.270,793.378,946.570,Measured,348.091,830.362,883.609,Virtual,189.309,930.838,1021.554,Measured,214.812,939.015,992.812,Measured,160.657,966.608,1056.450,Measured,165.223,980.142,983.085,Measured,294.086,795.877,878.266,Virtual,310.921,818.245,861.228,Virtual,279.082,828.298,899.697,Virtual,307.273,815.806,888.280,Virtual,286.430,819.501,869.668,Virtual
149,1.48000,310.138,903.245,872.344,Measured,267.870,835.030,854.482,Measured,295.329,764.828,885.615,Measured,383.319,793.343,946.362,Measured,348.178,830.308,883.436,Virtual,193.214,929.747,1022.556,Measured,215.042,939.008,992.669,Measured,161.177,966.663,1056.558,Measured,165.091,980.067,982.949,Measured,297.776,796.868,879.129,Virtual,313.790,819.453,861.591,Virtual,282.167,829.157,900.327,Virtual,310.543,817.276,888.716,Virtual,289.380,820.163,870.323,Virtual
150,1.49000,310.161,903.227,872.263,Measured,267.956,835.011,854.263,Measured,295.408,764.773,885.437,Measured,383.377,793.337,946.185,Measured,348.238,830.308,883.291,Virtual,191.831,930.479,1022.056,Measured,215.221,939.078,992.474,Measured,161.617,966.688,1056.589,Measured,165.031,980.010,982.812,Measured,296.019,796.413,878.381,Virtual,312.164,818.903,860.841,Virtual,280.713,828.785,899.672,Virtual,308.967,816.705,887.971,Virtual,287.781,819.786,869.636,Virtual
151,1.50000,310.124,903.181,872.174,Measured,268.019,835.002,854.062,Measured,295.410,764.755,885.243,Measured,383.360,793.310,946.027,Measured,348.242,830.300,883.156,Virtual,192.441,930.302,1021.955,Measured,215.290,939.150,992.233,Measured,162.081,966.761,1056.629,Measured,165.066,980.003,982.816,Measured,295.831,796.526,877.762,Virtual,311.809,819.035,860.095,Virtual,280.582,828.885,899.115,Virtual,308.790,816.860,887.247,Virtual,287.481,819.870,869.044,Virtual
152,1.51000,310.236,903.280,871.954,Measured,268.046,835.095,853.781,Measured,295.406,764.842,884.932,Measured,383.301,793.296,945.888,Measured,348.274,830.346,882.963,Virtual,192.449,930.545,1021.744,Measured,215.309,939.270,991.971,Measured,162.170,966.833,1056.420,Measured,164.899,979.875,982.720,Measured,295.963,796.703,877.571,Virtual,311.813,819.229,859.812,Virtual,280.665,829.054,898.901,Virtual,308.880,817.100,886.977,Virtual,287.509,820.000,868.829,Virtual
153,1.52000,310.315,903.437,871.694,Measured,268.115,835.249,853.450,Measured,295.385,764.957,884.554,Measured,383.181,793.277,945.703,Measured,348.290,830.428,882.737,Virtual,191.973,930.788,1021.486,Measured,215.364,939.406,991.771,Measured,162.454,966.806,1056.528,Measured,164.678,979.742,982.655,Measured,295.293,796.787,876.955,Virtual,311.059,819.319,859.126,Virtual,280.085,829.135,898.356,Virtual,308.249,817.187,886.304,Virtual,286.795,820.084,868.253,Virtual
154,1.53000,310.329,903.578,871.568,Measured,268.180,835.497,853.008,Measured,295.334,765.123,884.105,Measured,383.038,793.247,945.410,Measured,348.275,830.559,882.487,Virtual,191.804,930.949,1021.342,Measured,215.347,939.514,991.627,Measured,162.623,966.872,1056.484,Measured,164.730,979.785,982.807,Measured,294.720,796.867,876.452,Virtual,310.493,819.394,858.624,Virtual,279.619,829.212,897.931,Virtual,307.734,817.228,885.804,Virtual,286.249,820.193,867.801,Virtual
155,1.54000,310.496,903.774,871.365,Measured,268.203,835.776,852.696,Measured,295.264,765.288,883.676,Measured,382.956,793.208,945.103,Measured,348.299,830.664,882.206,Virtual,191.947,931.014,1021.328,Measured,215.448,939.639,991.508,Measured,162.880,966.882,1056.604,Measured,164.407,979.611,982.782,Measured,294.890,797.118,876.264,Virtual,310.434,819.683,858.283,Virtual,279.726,829.437,897.736,Virtual,307.840,817.578,885.485,Virtual,286.238,820.370,867.595,Virtual
156,1.55000,310.523,903.901,871.275,Measured,268.166,836.005,852.474,Measured,295.112,765.447,883.295,Measured,382.881,793.116,944.749,Measured,348.245,830.740,881.945,Virtual,191.906,931.240,1021.250,Measured,215.577,939.774,991.501,Measured,163.325,966.924,1056.815,Measured,164.857,979.847,983.149,Measured,293.988,797.288,875.448,Virtual,309.632,819.848,857.549,Virtual,279.048,829.593,897.100,Virtual,307.072,817.629,884.745,Virtual,285.457,820.632,866.905,Virtual
157,1.56000,310.569,904.082,871.199,Measured,268.149,836.206,852.260,Measured,295.047,765.560,882.869,Measured,382.873,793.022,944.431,Measured,348.237,830.832,881.699,Virtual,192.159,931.351,1021.325,Measured,215.817,939.924,991.532,Measured,163.711,966.963,1056.970,Measured,164.719,979.799,983.282,Measured,294.230,797.604,875.304,Virtual,309.692,820.202,857.296,Virtual,279.247,829.879,896.971,Virtual,307.267,818.018,884.506,Virtual,285.557,820.895,866.762,Virtual
158,1.57000,310.585,904.148,871.093,Measured,268.142,836.325,852.096,Measured,295.041,765.596,882.491,Measured,382.850,792.949,944.138,Measured,348.233,830.874,881.473,Virtual,192.562,931.504,1021.477,Measured,216.119,940.074,991.638,Measured,164.321,967.056,1057.282,Measured,165.398,980.074,983.673,Measured,293.796,797.752,874.829,Virtual,309.336,820.342,856.876,Virtual,278.995,830.019,896.631,Virtual,306.941,818.073,884.082,Virtual,285.218,821.113,866.381,Virtual
159,1.58000,310.496,904.201,871.023,Measured,268.132,836.389,851.922,Measured,295.072,765.599,882.177,Measured,382.934,792.876,943.818,Measured,348.229,830.921,881.243,Virtual,196.781,930.601,1022.891,Measured,216.674,940.155,991.716,Measured,164.965,967.128,1057.599,Measured,165.585,980.154,983.962,Measured,298.014,799.070,875.928,Virtual,312.741,821.872,857.562,Virtual,282.561,831.166,897.531,Virtual,310.693,819.847,884.816,Virtual,288.711,822.091,867.316,Virtual
160,1.59000,310.597,904.176,870.882,Measured,268.118,836.365,851.734,Measured,295.124,765.566,881.944,Measured,383.001,792.854,943.543,Measured,348.277,830.895,881.016,Virtual,195.667,931.188,1022.474,Measured,217.083,940.284,991.830,Measured,165.631,967.264,1057.882,Measured,166.261,980.395,984.387,Measured,296.010,798.740,874.976,Virtual,311.080,821.458,856.786,Virtual,281.008,830.898,896.802,Virtual,308.982,819.264,884.023,Virtual,287.048,821.955,866.526,Virtual
161,1.60000,310.510,904.145,870.833,Measured,268.094,836.365,851.584,Measured,295.192,765.538,881.680,Measured,383.061,792.842,943.301,Measured,348.273,830.925,880.840,Virtual,196.382,931.160,1022.650,Measured,217.611,940.444,991.962,Measured,166.320,967.347,1058.190,Measured,166.541,980.509,984.643,Measured,296.417,799.103,874.763,Virtual,311.350,821.860,856.509,Virtual,281.417,831.224,896.646,Virtual,309.370,819.665,883.755,Virtual,287.357,822.293,866.347,Virtual
162,1.61000,310.504,904.170,870.736,Measured,268.054,836.355,851.452,Measured,295.256,765.554,881.457,Measured,383.144,792.836,943.131,Measured,348.293,830.956,880.679,Virtual,196.637,931.540,1022.892,Measured,217.958,940.628,992.027,Measured,166.947,967.514,1058.403,Measured,167.034,980.750,984.949,Measured,296.075,799.155,874.580,Virtual,311.025,821.885,856.307,Virtual,281.217,831.299,896.525,Virtual,309.106,819.673,883.556,Virtual,287.058,822.376,866.203,Virtual
163,1.62000,310.496,904.209,870.706,Measured,268.051,836.447,851.241,Measured,295.256,765.603,881.170,Measured,383.173,792.797,943.043,Measured,348.301,831.011,880.567,Virtual,196.378,931.898,1022.831,Measured,218.312,940.824,992.083,Measured,167.519,967.648,1058.696,Measured,167.277,980.880,985.134,Measured,295.377,799.204,874.155,Virtual,310.355,821.911,855.876,Virtual,280.691,831.365,896.191,Virtual,308.504,819.663,883.127,Virtual,286.418,822.469,865.840,Virtual
164,1.63000,310.501,904.331,870.620,Measured,268.007,836.643,851.060,Measured,295.202,765.728,880.870,Measured,383.220,792.777,942.903,Measured,348.292,831.114,880.405,Virtual,196.314,932.228,1022.807,Measured,218.557,941.021,992.105,Measured,168.094,967.819,1058.926,Measured,167.544,981.089,985.410,Measured,294.559,799.293,873.615,Virtual,309.553,821.978,855.322,Virtual,280.069,831.467,895.761,Virtual,307.792,819.689,882.575,Virtual,285.654,822.605,865.373,Virtual
165,1.64000,310.465,904.535,870.499,Measured,267.983,836.911,850.847,Measured,295.036,765.926,880.548,Measured,383.076,792.792,942.760,Measured,348.212,831.263,880.249,Virtual,196.704,932.440,1022.952,Measured,218.849,941.280,992.138,Measured,168.587,967.994,1059.218,Measured,167.730,981.204,985.555,Measured,294.687,799.594,873.486,Virtual,309.563,822.296,855.117,Virtual,280.214,831.756,895.661,Virtual,307.911,820.026,882.378,Virtual,285.701,822.880,865.259,Virtual
166,1.65000,310.489,904.782,870.391,Measured,267.918,837.222,850.627,Measured,294.861,766.161,880.298,Measured,382.829,792.756,942.575,Measured,348.112,831.400,880.095,Virtual,199.882,931.915,1024.049,Measured,219.077,941.517,992.181,Measured,169.097,968.165,1059.518,Measured,167.903,981.433,985.916,Measured,297.466,800.734,874.050,Virtual,311.724,823.591,855.385,Virtual,282.566,832.764,896.132,Virtual,310.366,821.484,882.676,Virtual,287.949,823.780,865.744,Virtual
167,1.66000,310.571,905.027,870.248,Measured,267.890,837.593,850.364,Measured,294.685,766.445,879.993,Measured,382.520,792.701,942.421,Measured,348.028,831.543,879.944,Virtual,200.052,932.225,1024.197,Measured,219.337,941.775,992.302,Measured,169.608,968.344,1059.855,Measured,168.078,981.599,986.259,Measured,297.195,801.033,873.790,Virtual,311.378,823.899,855.079,Virtual,282.380,833.052,895.945,Virtual,310.128,821.780,882.374,Virtual,287.644,824.082,865.532,Virtual
168,1.67000,310.659,905.224,870.047,Measured,267.809,837.862,850.184,Measured,294.384,766.672,879.821,Measured,382.283,792.779,942.141,Measured,347.908,831.646,879.719,Virtual,201.084,932.221,1024.591,Measured,219.658,942.030,992.445,Measured,170.189,968.515,1060.252,Measured,168.434,981.841,986.809,Measured,297.572,801.632,873.539,Virtual,311.586,824.555,854.772,Virtual,282.762,833.591,895.786,Virtual,310.478,822.417,882.071,Virtual,287.903,824.654,865.342,Virtual
169,1.68000,310.645,905.333,869.868,Measured,267.781,838.026,849.961,Measured,294.295,766.804,879.585,Measured,382.100,792.738,942.016,Measured,347.841,831.710,879.571,Virtual,200.352,932.790,1024.409,Measured,219.964,942.291,992.666,Measured,170.727,968.704,1060.613,Measured,168.611,982.094,987.226,Measured,296.301,801.783,872.918,Virtual,310.428,824.684,854.209,Virtual,281.753,833.754,895.320,Virtual,309.365,822.448,881.502,Virtual,286.770,824.901,864.831,Virtual
170,1.69000,310.601,905.376,869.717,Measured,267.777,838.004,849.771,Measured,294.325,766.809,879.453,Measured,382.161,792.849,941.785,Measured,347.845,831.768,879.376,Virtual,201.352,932.887,1025.017,Measured,220.245,942.612,992.857,Measured,171.281,968.826,1061.053,Measured,168.901,982.368,987.701,Measured,296.879,802.456,872.877,Virtual,310.813,825.419,854.098,Virtual,282.288,834.363,895.341,Virtual,309.887,823.183,881.397,Virtual,287.204,825.528,864.830,Virtual
171,1.70000,310.526,905.295,869.503,Measured,267.788,837.880,849.636,Measured,294.418,766.706,879.364,Measured,382.249,792.854,941.646,Measured,347.866,831.721,879.215,Virtual,199.476,933.644,1024.567,Measured,220.568,942.979,993.115,Measured,171.730,968.978,1061.588,Measured,169.047,982.690,988.260,Measured,294.473,802.677,871.713,Virtual,308.729,825.610,853.141,Virtual,280.330,834.582,894.464,Virtual,307.770,823.142,880.418,Virtual,285.122,825.954,863.875,Virtual
172,1.71000,310.451,905.175,869.295,Measured,267.841,837.684,849.499,Measured,294.592,766.577,879.234,Measured,382.079,792.634,941.953,Measured,347.877,831.584,879.298,Virtual,199.671,933.932,1024.794,Measured,220.867,943.303,993.481,Measured,172.179,969.160,1062.076,Measured,169.194,983.034,988.788,Measured,294.332,803.303,871.458,Virtual,308.545,826.279,852.907,Virtual,280.255,835.154,894.326,Virtual,307.657,823.742,880.180,Virtual,284.967,826.601,863.703,Virtual
173,1.72000,310.407,905.053,869.150,Measured,267.859,837.504,849.396,Measured,294.708,766.456,879.141,Measured,382.169,792.676,941.869,Measured,347.914,831.531,879.188,Virtual,203.288,933.640,1026.374,Measured,221.137,943.738,993.688,Measured,172.704,969.318,1062.613,Measured,169.461,983.437,989.348,Measured,297.827,804.936,872.321,Virtual,311.335,828.109,853.489,Virtual,283.204,836.608,895.095,Virtual,310.743,825.744,880.786,Virtual,287.850,827.954,864.490,Virtual
174,1.73000,310.381,904.992,868.926,Measured,267.881,837.453,849.192,Measured,294.790,766.441,879.015,Measured,382.001,792.787,941.570,Measured,347.890,831.541,878.980,Virtual,202.982,934.180,1026.318,Measured,221.507,944.175,993.988,Measured,173.249,969.524,1063.111,Measured,169.704,983.924,989.892,Measured,297.045,805.709,871.554,Virtual,310.621,828.927,852.827,Virtual,282.614,837.316,894.539,Virtual,310.073,826.408,880.111,Virtual,287.158,828.816,863.876,Virtual
175,1.74000,310.436,905.050,868.635,Measured,267.894,837.509,849.008,Measured,294.584,766.490,878.985,Measured,381.973,792.909,941.422,Measured,347.854,831.551,878.785,Virtual,204.087,934.382,1026.754,Measured,221.926,944.679,994.238,Measured,173.946,969.796,1063.639,Measured,170.189,984.417,990.468,Measured,297.568,806.719,871.229,Virtual,310.991,830.019,852.493,Virtual,283.137,838.232,894.342,Virtual,310.568,827.440,879.774,Virtual,287.576,829.811,863.642,Virtual
176,1.75000,310.528,905.183,868.297,Measured,267.887,837.679,848.665,Measured,294.494,766.665,878.772,Measured,381.775,793.062,941.177,Measured,347.816,831.660,878.523,Virtual,204.574,934.847,1027.097,Measured,222.386,945.175,994.439,Measured,174.679,970.090,1064.131,Measured,170.642,984.979,991.012,Measured,297.395,807.525,870.764,Virtual,310.770,830.869,852.050,Virtual,283.081,838.981,894.029,Virtual,310.447,828.207,879.324,Virtual,287.396,830.650,863.286,Virtual
177,1.76000,310.614,905.301,868.079,Measured,267.854,837.916,848.423,Measured,294.369,766.899,878.495,Measured,381.723,793.264,940.945,Measured,347.791,831.823,878.282,Virtual,205.102,935.340,1027.369,Measured,222.842,945.695,994.677,Measured,175.433,970.496,1064.518,Measured,171.129,985.502,991.567,Measured,297.275,808.216,870.446,Virtual,310.598,831.586,851.726,Virtual,283.074,839.638,893.824,Virtual,310.375,828.872,878.996,Virtual,287.267,831.363,863.049,Virtual
178,1.77000,310.697,905.590,867.733,Measured,267.838,838.158,848.043,Measured,294.207,767.128,878.272,Measured,381.542,793.415,940.824,Measured,347.740,831.991,878.059,Virtual,205.408,935.843,1027.557,Measured,223.227,946.218,994.844,Measured,176.236,970.802,1064.988,Measured,171.532,986.013,992.069,Measured,296.739,808.954,869.800,Virtual,310.011,832.358,851.087,Virtual,282.710,840.329,893.346,Virtual,309.918,829.560,878.349,Virtual,286.736,832.142,862.525,Virtual
179,1.78000,310.637,905.733,867.532,Measured,267.742,838.291,847.825,Measured,294.103,767.283,878.064,Measured,381.452,793.664,940.603,Measured,347.652,832.165,877.844,Virtual,204.996,936.572,1027.358,Measured,223.668,946.809,995.018,Measured,176.903,971.271,1065.380,Measured,171.810,986.524,992.542,Measured,295.745,809.642,869.059,Virtual,309.071,833.057,850.398,Virtual,281.948,840.989,892.778,Virtual,309.053,830.147,877.649,Virtual,285.832,832.908,861.912,Virtual
180,1.79000,310.578,905.845,867.345,Measured,267.662,838.357,847.632,Measured,294.054,767.415,877.901,Measured,381.398,793.798,940.488,Measured,347.591,832.280,877.689,Virtual,205.116,937.228,1027.431,Measured,224.017,947.389,995.105,Measured,177.622,971.674,1065.728,Measured,172.104,986.968,992.917,Measured,295.253,810.329,868.539,Virtual,308.508,833.764,849.852,Virtual,281.598,841.648,892.377,Virtual,308.620,830.809,877.098,Virtual,285.325,833.616,861.479,Virtual
181,1.80000,310.552,905.826,867.165,Measured,267.600,838.334,847.493,Measured,294.073,767.421,877.784,Measured,381.337,793.925,940.394,Measured,347.558,832.315,877.563,Virtual,205.121,937.915,1027.435,Measured,224.353,947.974,995.191,Measured,178.325,972.128,1066.071,Measured,172.329,987.480,993.272,Measured,294.548,811.000,867.954,Virtual,307.751,834.447,849.246,Virtual,281.067,842.297,891.919,Virtual,307.994,831.440,876.485,Virtual,284.627,834.317,860.987,Virtual
182,1.81000,310.546,905.760,866.942,Measured,267.622,838.284,847.318,Measured,294.103,767.380,877.710,Measured,381.454,794.204,940.015,Measured,347.584,832.366,877.282,Virtual,205.243,938.629,1027.514,Measured,224.789,948.562,995.265,Measured,179.023,972.662,1066.352,Measured,172.688,987.954,993.599,Measured,294.170,811.540,867.674,Virtual,307.330,834.981,848.928,Virtual,280.822,842.841,891.709,Virtual,307.675,831.958,876.164,Virtual,284.252,834.874,860.759,Virtual
183,1.82000,310.472,905.692,866.786,Measured,267.586,838.246,847.386,Measured,294.162,767.274,877.626,Measured,381.482,794.350,939.818,Measured,347.565,832.379,877.140,Virtual,206.712,938.866,1028.117,Measured,225.296,949.094,995.495,Measured,179.822,973.126,1066.664,Measured,173.065,988.438,993.965,Measured,295.261,812.279,867.944,Virtual,308.149,835.764,849.065,Virtual,281.808,843.546,891.963,Virtual,308.660,832.819,876.307,Virtual,285.134,835.519,861.018,Virtual
184,1.83000,310.410,905.653,866.562,Measured,267.594,838.176,847.254,Measured,294.179,767.196,877.566,Measured,381.562,794.429,939.562,Measured,347.565,832.364,876.924,Virtual,206.685,939.538,1028.175,Measured,225.864,949.651,995.646,Measured,180.705,973.604,1067.093,Measured,173.593,988.938,994.470,Measured,294.443,812.799,867.423,Virtual,307.359,836.277,848.554,Virtual,281.230,844.062,891.581,Virtual,307.968,833.257,875.786,Virtual,284.393,836.104,860.600,Virtual
185,1.84000,310.368,905.621,866.347,Measured,267.603,838.150,847.111,Measured,294.146,767.160,877.499,Measured,381.507,794.379,939.470,Measured,347.538,832.313,876.797,Virtual,205.904,940.247,1027.996,Measured,226.443,950.178,995.964,Measured,181.577,973.980,1067.605,Measured,174.147,989.408,995.091,Measured,292.846,813.264,866.603,Virtual,305.963,836.723,847.848,Virtual,280.011,844.513,890.981,Virtual,306.601,833.529,875.060,Virtual,283.023,836.713,859.946,Virtual
186,1.85000,310.298,905.617,866.101,Measured,267.560,838.158,846.876,Measured,293.811,767.181,877.618,Measured,381.424,794.484,939.333,Measured,347.409,832.279,876.629,Virtual,207.161,940.724,1028.541,Measured,227.133,950.699,996.252,Measured,182.564,974.367,1068.159,Measured,174.781,989.922,995.731,Measured,293.507,814.179,866.542,Virtual,306.429,837.696,847.726,Virtual,280.678,845.368,891.001,Virtual,307.226,834.496,874.933,Virtual,283.554,837.591,859.947,Virtual
187,1.86000,310.211,905.233,866.215,Measured,267.564,838.219,846.702,Measured,293.696,767.224,877.522,Measured,381.323,794.540,939.241,Measured,347.338,832.236,876.598,Virtual,211.034,940.413,1030.262,Measured,227.705,951.100,996.610,Measured,183.541,974.629,1068.793,Measured,175.387,990.414,996.389,Measured,296.861,815.343,867.616,Virtual,309.106,838.995,848.518,Virtual,283.575,846.428,891.964,Virtual,310.210,836.013,875.738,Virtual,286.347,838.486,860.942,Virtual
188,1.87000,310.243,905.542,865.680,Measured,267.539,838.202,846.466,Measured,293.538,767.203,877.516,Measured,381.237,794.574,939.165,Measured,347.288,832.239,876.367,Virtual,211.213,940.878,1030.440,Measured,228.368,951.612,996.974,Measured,184.532,974.938,1069.422,Measured,176.080,990.883,997.159,Measured,296.193,816.071,867.019,Virtual,308.478,839.756,847.987,Virtual,283.148,847.101,891.566,Virtual,309.671,836.638,875.189,Virtual,285.764,839.295,860.496,Virtual
189,1.88000,310.072,905.481,865.529,Measured,267.534,838.193,846.282,Measured,293.518,767.168,877.389,Measured,381.210,794.580,939.064,Measured,347.230,832.242,876.242,Virtual,212.433,941.178,1030.979,Measured,229.011,952.072,997.369,Measured,185.466,975.195,1070.064,Measured,176.698,991.369,997.804,Measured,296.828,817.005,866.912,Virtual,308.950,840.760,847.864,Virtual,283.792,847.954,891.567,Virtual,310.275,837.603,875.055,Virtual,286.294,840.206,860.473,Virtual
190,1.89000,310.049,905.442,865.352,Measured,267.524,838.104,846.122,Measured,293.588,767.108,877.256,Measured,381.209,794.590,938.954,Measured,347.237,832.217,876.107,Virtual,212.337,941.750,1031.142,Measured,229.735,952.540,997.770,Measured,186.449,975.469,1070.659,Measured,177.456,991.865,998.588,Measured,295.955,817.652,866.331,Virtual,308.204,841.425,847.387,Virtual,283.205,848.555,891.191,Virtual,309.572,838.105,874.556,Virtual,285.575,840.964,860.048,Virtual
191,1.90000,309.976,905.337,865.206,Measured,267.583,838.041,845.984,Measured,293.685,767.033,877.105,Measured,381.220,794.595,938.862,Measured,347.259,832.194,875.998,Virtual,212.423,942.369,1031.335,Measured,230.513,953.017,998.252,Measured,187.509,975.715,1071.406,Measured,178.318,992.391,999.334,Measured,295.277,818.401,865.799,Virtual,307.648,842.199,846.966,Virtual,282.797,849.246,890.868,Virtual,309.053,838.711,874.112,Virtual,285.044,841.821,859.676,Virtual
192,1.91000,309.910,905.288,865.015,Measured,267.560,837.916,845.907,Measured,293.718,766.982,877.051,Measured,381.226,794.629,938.807,Measured,347.242,832.162,875.896,Virtual,214.624,942.333,1032.443,Measured,231.313,953.412,998.766,Measured,188.558,975.945,1072.105,Measured,179.238,992.945,1000.109,Measured,296.899,819.274,866.254,Virtual,309.038,843.149,847.368,Virtual,284.307,850.040,891.363,Virtual,310.570,839.678,874.509,Virtual,286.486,842.622,860.164,Virtual
193,1.92000,309.897,905.231,864.891,Measured,267.512,837.796,845.867,Measured,293.759,766.923,877.030,Measured,381.275,794.654,938.745,Measured,347.244,832.119,875.813,Virtual,215.184,942.669,1032.906,Measured,232.333,953.731,998.941,Measured,189.704,976.135,1072.877,Measured,180.297,993.460,1000.983,Measured,296.398,819.930,865.697,Virtual,308.623,843.835,846.904,Virtual,284.082,850.633,891.019,Virtual,310.223,840.202,874.020,Virtual,286.111,843.376,859.772,Virtual
194,1.93000,309.853,905.210,864.801,Measured,267.524,837.665,845.827,Measured,293.844,766.892,877.013,Measured,381.340,794.688,938.686,Measured,347.267,832.110,875.749,Virtual,215.522,943.100,1033.249,Measured,233.060,954.007,999.560,Measured,190.761,976.302,1073.583,Measured,181.313,993.938,1001.848,Measured,295.735,820.384,865.405,Virtual,308.123,844.288,846.719,Virtual,283.709,851.050,890.910,Virtual,309.738,840.499,873.813,Virtual,285.629,843.944,859.622,Virtual
195,1.94000,309.878,905.086,864.715,Measured,267.435,837.431,845.860,Measured,293.956,766.783,877.088,Measured,381.466,794.693,938.629,Measured,347.298,832.010,875.688,Virtual,215.913,943.373,1033.552,Measured,234.064,954.339,1000.025,Measured,191.797,976.456,1074.274,Measured,182.312,994.382,1002.618,Measured,295.615,821.068,865.074,Virtual,308.142,845.003,846.520,Virtual,283.789,851.660,890.761,Virtual,309.745,841.047,873.591,Virtual,285.651,844.723,859.432,Virtual
196,1.95000,309.972,904.909,864.525,Measured,267.419,837.107,846.029,Measured,294.158,766.636,877.196,Measured,381.710,794.719,938.567,Measured,347.412,831.866,875.605,Virtual,217.451,943.442,1034.428,Measured,234.818,954.477,1000.763,Measured,192.793,976.580,1074.942,Measured,183.349,995.163,1003.420,Measured,296.136,821.590,865.318,Virtual,308.725,845.546,846.833,Virtual,284.422,852.136,891.112,Virtual,310.333,841.498,873.890,Virtual,286.242,845.294,859.759,Virtual
197,1.96000,309.680,904.472,864.882,Measured,267.445,836.901,846.221,Measured,294.352,766.485,877.400,Measured,382.006,794.730,938.526,Measured,347.436,831.787,875.720,Virtual,217.937,943.631,1034.792,Measured,235.566,954.689,1001.336,Measured,193.707,976.601,1075.683,Measured,184.258,995.652,1004.262,Measured,295.797,822.300,864.922,Virtual,308.531,846.292,846.584,Virtual,284.307,852.753,890.925,Virtual,310.134,842.056,873.613,Virtual,286.057,846.105,859.527,Virtual
198,1.97000,310.171,904.565,864.462,Measured,267.512,836.669,846.365,Measured,294.580,766.299,877.583,Measured,382.398,794.770,938.421,Measured,347.721,831.631,875.534,Virtual,216.825,944.051,1034.707,Measured,236.312,954.908,1001.916,Measured,194.461,976.699,1076.298,Measured,185.155,996.077,1004.985,Measured,294.005,822.566,864.286,Virtual,307.215,846.496,846.206,Virtual,282.981,852.979,890.538,Virtual,308.664,841.984,873.198,Virtual,284.704,846.589,859.084,Virtual
199,1.98000,309.992,904.394,864.467,Measured,267.605,836.445,846.527,Measured,294.637,766.115,877.920,Measured,382.755,794.743,938.334,Measured,347.776,831.508,875.519,Virtual,218.928,943.919,1035.790,Measured,236.951,955.044,1002.549,Measured,195.228,976.691,1076.944,Measured,185.991,996.387,1005.726,Measured,295.942,823.191,865.025,Virtual,308.946,847.209,846.910,Virtual,284.728,853.536,891.274,Virtual,310.468,842.724,873.903,Virtual,286.454,847.141,859.821,Virtual
200,1.99000,310.128,904.313,864.554,Measured,267.916,836.144,846.629,Measured,294.912,765.947,878.093,Measured,383.124,794.786,938.339,Measured,348.034,831.428,875.576,Virtual,219.958,943.900,1036.457,Measured,237.739,955.165,1003.174,Measured,195.980,976.688,1077.565,Measured,186.857,996.672,1006.403,Measured,296.894,823.650,865.404,Virtual,309.925,847.705,847.360,Virtual,285.668,853.936,891.716,Virtual,311.420,843.155,874.344,Virtual,287.421,847.616,860.250,Virtual
201,2.00000,310.071,904.142,864.633,Measured,268.027,835.847,846.895,Measured,295.136,765.784,878.325,Measured,383.532,794.777,938.265,Measured,348.175,831.323,875.592,Virtual,220.720,943.966,1036.945,Measured,238.465,955.201,1003.862,Measured,197.607,976.244,1078.568,Measured,187.874,996.984,1007.370,Measured,295.745,824.352,864.452,Virtual,308.805,848.460,846.498,Virtual,284.916,854.508,891.078,Virtual,310.467,843.691,873.434,Virtual,286.395,848.420,859.552,Virtual
202,2.01000,310.073,904.037,864.775,Measured,268.424,835.686,847.186,Measured,295.477,765.628,878.496,Measured,384.049,794.810,938.022,Measured,348.455,831.296,875.569,Virtual,220.997,944.036,1037.524,Measured,239.195,955.341,1004.566,Measured,198.205,976.248,1079.290,Measured,188.842,997.283,1008.261,Measured,295.844,824.790,864.637,Virtual,309.131,848.900,846.854,Virtual,285.153,854.878,891.396,Virtual,310.678,843.973,873.768,Virtual,286.682,848.951,859.842,Virtual
203,2.02000,309.155,903.514,865.460,Measured,268.310,835.551,847.504,Measured,295.780,765.504,878.636,Measured,384.380,794.809,937.996,Measured,348.294,831.377,875.800,Virtual,221.311,944.215,1037.876,Measured,239.949,955.456,1005.291,Measured,199.056,976.081,1080.002,Measured,189.703,997.630,1008.675,Measured,296.012,825.243,864.639,Virtual,309.481,849.361,847.004,Virtual,285.449,855.261,891.528,Virtual,310.943,844.289,873.897,Virtual,287.007,849.483,859.947,Virtual
204,2.03000,309.209,903.352,865.489,Measured,268.630,835.374,847.585,Measured,296.132,765.342,878.730,Measured,384.845,794.821,937.863,Measured,348.567,831.318,875.755,Virtual,222.374,944.109,1038.753,Measured,240.768,955.512,1006.004,Measured,199.898,976.019,1080.802,Measured,190.110,998.606,1009.587,Measured,296.139,826.228,864.492,Virtual,309.640,850.414,846.974,Virtual,285.700,856.116,891.572,Virtual,311.135,845.182,873.834,Virtual,287.189,850.518,859.956,Virtual
205,2.04000,309.066,903.096,865.724,Measured,268.786,835.092,847.712,Measured,296.447,765.171,878.854,Measured,385.278,794.790,937.792,Measured,348.724,831.245,875.802,Virtual,222.806,944.176,1039.270,Measured,241.633,955.601,1006.772,Measured,200.738,975.811,1081.586,Measured,191.705,998.747,1010.451,Measured,296.372,826.639,864.558,Virtual,310.216,850.809,847.288,Virtual,286.120,856.433,891.813,Virtual,311.524,845.361,874.115,Virtual,287.704,851.057,860.163,Virtual
206,2.05000,309.639,903.010,865.638,Measured,268.921,834.714,847.905,Measured,296.814,764.932,879.030,Measured,385.768,794.793,937.682,Measured,349.098,831.034,875.725,Virtual,223.730,944.119,1040.027,Measured,242.504,955.653,1007.580,Measured,201.524,975.652,1082.370,Measured,192.736,999.234,1011.614,Measured,296.839,827.549,864.539,Virtual,310.836,851.773,847.470,Virtual,286.693,857.195,891.993,Virtual,312.070,846.122,874.258,Virtual,288.304,852.042,860.308,Virtual
207,2.06000,310.175,902.789,865.326,Measured,269.043,834.370,848.105,Measured,297.223,764.688,879.248,Measured,386.287,794.812,937.554,Measured,349.475,830.781,875.568,Virtual,224.303,944.098,1040.612,Measured,243.271,955.733,1008.294,Measured,202.032,975.415,1083.121,Measured,194.113,999.386,1012.591,Measured,297.544,828.285,864.637,Virtual,311.830,852.535,847.846,Virtual,287.469,857.788,892.271,Virtual,312.862,846.658,874.594,Virtual,289.225,852.878,860.554,Virtual
208,2.07000,310.614,902.602,865.157,Measured,269.131,833.972,848.263,Measured,297.650,764.378,879.514,Measured,386.796,794.871,937.506,Measured,349.817,830.560,875.498,Virtual,224.428,944.169,1040.948,Measured,243.967,955.787,1009.025,Measured,202.649,975.163,1083.811,Measured,195.170,999.645,1013.459,Measured,297.445,829.021,864.379,Virtual,312.031,853.275,847.854,Virtual,287.553,858.380,892.232,Virtual,312.904,847.157,874.553,Virtual,289.382,853.729,860.481,Virtual
209,2.08000,310.169,902.416,865.025,Measured,269.539,833.575,848.287,Measured,298.072,764.133,879.762,Measured,387.276,794.919,937.478,Measured,349.994,830.516,875.480,Virtual,224.652,944.170,1041.300,Measured,244.551,955.853,1009.613,Measured,202.930,974.975,1084.386,Measured,196.105,999.879,1014.215,Measured,297.853,829.768,864.321,Virtual,312.711,854.038,848.062,Virtual,288.028,858.987,892.345,Virtual,313.391,847.709,874.719,Virtual,289.997,854.565,860.569,Virtual
210,2.09000,310.589,902.205,864.825,Measured,269.730,833.210,848.384,Measured,298.504,763.935,879.946,Measured,387.740,795.053,937.418,Measured,350.351,830.353,875.393,Virtual,224.874,944.213,1041.579,Measured,245.217,955.916,1010.199,Measured,203.260,974.813,1084.808,Measured,196.780,1000.166,1014.654,Measured,298.626,830.401,864.432,Virtual,313.683,854.689,848.388,Virtual,288.783,859.511,892.562,Virtual,314.189,848.212,875.012,Virtual,290.904,855.254,860.774,Virtual
211,2.10000,310.478,902.037,864.677,Measured,270.107,832.856,848.461,Measured,298.894,763.768,880.197,Measured,388.181,795.185,937.521,Measured,350.601,830.300,875.428,Virtual,224.449,944.526,1041.566,Measured,245.836,955.942,1010.624,Measured,203.755,974.650,1085.202,Measured,197.681,1000.439,1015.067,Measured,298.018,830.844,864.008,Virtual,313.448,855.064,848.216,Virtual,288.422,859.858,892.322,Virtual,313.759,848.375,874.791,Virtual,290.625,855.819,860.510,Virtual
212,2.11000,310.791,901.858,864.449,Measured,270.255,832.550,848.575,Measured,299.353,763.595,880.432,Measured,388.632,795.343,937.485,Measured,350.921,830.184,875.352,Virtual,226.852,943.924,1042.488,Measured,246.677,955.835,1011.121,Measured,204.489,974.419,1085.610,Measured,198.753,1000.695,1015.464,Measured,300.716,831.190,864.821,Virtual,316.009,855.515,849.058,Virtual,290.838,860.144,893.099,Virtual,316.302,848.839,875.636,Virtual,293.150,856.110,861.295,Virtual
213,2.12000,311.128,901.641,864.143,Measured,270.525,832.183,848.660,Measured,299.765,763.408,880.661,Measured,389.075,795.486,937.515,Measured,351.271,830.020,875.286,Virtual,226.894,944.054,1042.492,Measured,247.491,955.763,1011.557,Measured,204.951,974.309,1085.934,Measured,199.782,1000.980,1015.879,Measured,300.896,831.577,864.667,Virtual,316.540,855.845,849.162,Virtual,291.154,860.442,893.083,Virtual,316.602,848.986,875.695,Virtual,293.616,856.599,861.266,Virtual
214,2.13000,312.404,901.595,863.840,Measured,270.720,831.859,848.790,Measured,300.230,763.202,880.872,Measured,389.608,795.603,937.380,Measured,351.892,829.738,875.128,Virtual,227.385,943.830,1042.703,Measured,248.048,955.617,1011.935,Measured,205.415,974.129,1086.236,Measured,200.678,1001.176,1016.199,Measured,301.194,831.680,864.677,Virtual,317.055,855.907,849.331,Virtual,291.544,860.490,893.181,Virtual,316.977,848.937,875.835,Virtual,294.094,856.764,861.357,Virtual
215,2.14000,312.410,901.430,863.808,Measured,271.045,831.468,848.700,Measured,300.689,762.981,880.986,Measured,390.129,795.682,937.204,Measured,352.187,829.666,875.028,Virtual,227.448,943.795,1042.730,Measured,248.708,955.538,1012.396,Measured,205.734,973.905,1086.563,Measured,201.642,1001.304,1016.686,Measured,301.533,832.163,864.509,Virtual,317.713,856.355,849.439,Virtual,291.969,860.853,893.162,Virtual,317.403,849.192,875.891,Virtual,294.685,857.336,861.329,Virtual
216,2.15000,312.494,901.163,863.816,Measured,271.270,831.153,848.874,Measured,301.165,762.743,881.038,Measured,390.691,795.763,936.976,Measured,352.481,829.570,874.922,Virtual,227.404,943.710,1042.848,Measured,249.091,955.404,1012.756,Measured,206.009,973.668,1086.889,Measured,202.479,1001.366,1017.259,Measured,301.177,832.462,864.215,Virtual,317.652,856.593,849.371,Virtual,291.794,861.050,893.030,Virtual,317.174,849.254,875.771,Virtual,294.591,857.723,861.183,Virtual
217,2.16000,312.713,900.908,863.753,Measured,271.522,830.760,848.865,Measured,301.659,762.488,881.053,Measured,391.286,795.808,936.446,Measured,352.824,829.422,874.632,Virtual,227.363,943.667,1042.840,Measured,249.496,955.302,1013.220,Measured,206.378,973.312,1087.322,Measured,203.709,1001.558,1018.140,Measured,300.394,833.311,863.374,Virtual,317.312,857.361,848.902,Virtual,291.317,861.687,892.493,Virtual,316.593,849.709,875.208,Virtual,294.215,858.706,860.621,Virtual
218,2.17000,312.661,900.654,863.791,Measured,271.776,830.439,849.037,Measured,302.195,762.175,880.973,Measured,391.858,795.794,935.992,Measured,353.094,829.326,874.426,Virtual,227.371,943.549,1042.891,Measured,249.993,955.175,1013.645,Measured,206.480,973.043,1087.614,Measured,204.422,1001.683,1018.664,Measured,300.743,833.905,863.179,Virtual,317.944,857.926,848.993,Virtual,291.712,862.137,892.454,Virtual,316.999,850.084,875.236,Virtual,294.786,859.369,860.579,Virtual
219,2.18000,312.772,900.350,863.863,Measured,272.041,829.998,849.089,Measured,302.789,761.837,880.901,Measured,392.509,795.750,935.682,Measured,353.452,829.170,874.273,Virtual,227.345,943.452,1042.896,Measured,250.425,954.945,1014.043,Measured,206.714,972.754,1087.780,Measured,205.457,1001.883,1019.152,Measured,300.482,834.267,862.792,Virtual,318.098,858.172,848.924,Virtual,291.644,862.367,892.251,Virtual,316.877,850.120,875.092,Virtual,294.887,859.831,860.374,Virtual
220,2.19000,312.875,900.048,863.946,Measured,272.291,829.575,849.209,Measured,303.377,761.493,880.859,Measured,393.155,795.558,935.399,Measured,353.801,828.964,874.147,Virtual,228.254,942.866,1043.224,Measured,251.113,954.601,1014.430,Measured,206.956,972.465,1087.917,Measured,206.580,1002.052,1019.545,Measured,301.767,834.358,863.077,Virtual,319.647,858.214,849.466,Virtual,292.877,862.373,892.602,Virtual,318.166,850.044,875.583,Virtual,296.357,859.969,860.739,Virtual
221,2.20000,312.849,899.805,863.902,Measured,272.596,829.136,849.249,Measured,303.943,761.200,880.840,Measured,393.723,795.552,935.225,Measured,354.111,828.848,874.039,Virtual,228.075,942.717,1043.067,Measured,251.787,954.263,1014.812,Measured,207.102,972.178,1087.963,Measured,207.697,1002.176,1020.071,Measured,301.851,834.743,862.711,Virtual,320.219,858.454,849.502,Virtual,293.109,862.603,892.426,Virtual,318.368,850.055,875.523,Virtual,296.853,860.455,860.575,Virtual
222,2.21000,312.892,899.494,863.822,Measured,272.810,828.722,849.276,Measured,304.443,760.930,880.874,Measured,394.232,795.562,935.075,Measured,354.390,828.697,873.929,Virtual,228.357,942.365,1043.250,Measured,252.320,953.868,1015.161,Measured,207.593,971.750,1088.317,Measured,208.811,1002.236,1020.475,Measured,301.577,834.732,862.453,Virtual,320.273,858.311,849.471,Virtual,293.048,862.497,892.318,Virtual,318.222,849.764,875.428,Virtual,296.889,860.515,860.468,Virtual
223,2.22000,312.878,899.306,863.701,Measured,272.943,828.417,849.374,Measured,304.843,760.740,880.932,Measured,394.590,795.720,934.909,Measured,354.571,828.647,873.818,Virtual,228.169,942.143,1043.117,Measured,252.787,953.481,1015.449,Measured,207.542,971.393,1088.478,Measured,209.777,1002.314,1020.899,Measured,301.584,835.075,862.096,Virtual,320.728,858.504,849.498,Virtual,293.183,862.683,892.142,Virtual,318.325,849.749,875.356,Virtual,297.280,860.939,860.310,Virtual
224,2.23000,312.985,899.238,863.518,Measured,273.098,828.177,849.271,Measured,305.185,760.639,880.923,Measured,394.818,795.861,934.908,Measured,354.768,828.631,873.747,Virtual,227.974,941.892,1043.116,Measured,253.081,953.016,1015.703,Measured,207.675,970.924,1088.718,Measured,210.513,1002.222,1021.127,Measured,301.157,834.959,861.842,Virtual,320.621,858.244,849.471,Virtual,292.930,862.482,892.014,Virtual,318.001,849.364,875.265,Virtual,297.153,860.880,860.191,Virtual
225,2.24000,312.862,899.142,863.328,Measured,273.283,828.054,849.136,Measured,305.481,760.576,880.895,Measured,394.996,796.005,934.788,Measured,354.884,828.671,873.625,Virtual,227.577,941.500,1042.951,Measured,253.292,952.564,1016.007,Measured,207.362,970.429,1088.684,Measured,211.344,1002.035,1021.506,Measured,301.289,835.154,861.563,Virtual,321.200,858.277,849.606,Virtual,293.128,862.518,891.898,Virtual,318.189,849.203,875.290,Virtual,297.660,861.142,860.107,Virtual
226,2.25000,312.758,899.107,863.140,Measured,273.450,827.884,848.948,Measured,305.742,760.545,880.870,Measured,395.201,796.210,934.776,Measured,355.002,828.741,873.537,Virtual,227.219,941.084,1042.883,Measured,253.510,952.069,1016.313,Measured,207.116,969.926,1088.721,Measured,211.882,1001.915,1021.779,Measured,301.428,835.214,861.421,Virtual,321.678,858.207,849.788,Virtual,293.305,862.453,891.878,Virtual,318.361,848.989,875.383,Virtual,298.084,861.248,860.116,Virtual
227,2.26000,312.742,899.026,862.978,Measured,273.553,827.764,848.822,Measured,306.015,760.512,880.827,Measured,395.571,796.831,934.406,Measured,355.138,828.935,873.271,Virtual,226.933,940.633,1042.835,Measured,253.521,951.538,1016.564,Measured,206.732,969.309,1088.717,Measured,212.392,1001.769,1022.130,Measured,301.500,835.454,861.117,Virtual,322.084,858.326,849.838,Virtual,293.412,862.529,891.729,Virtual,318.460,848.936,875.328,Virtual,298.439,861.531,859.998,Virtual
228,2.27000,312.612,898.956,862.798,Measured,273.651,827.598,848.766,Measured,306.274,760.459,880.753,Measured,395.632,797.052,934.423,Measured,355.196,829.001,873.221,Virtual,226.351,940.175,1042.776,Measured,253.560,951.079,1016.815,Measured,206.442,968.625,1088.720,Measured,212.781,1001.643,1022.426,Measured,301.277,835.788,860.645,Virtual,322.185,858.534,849.711,Virtual,293.262,862.681,891.436,Virtual,318.279,848.963,875.092,Virtual,298.504,861.906,859.733,Virtual
229,2.28000,312.654,898.840,862.544,Measured,273.738,827.450,848.636,Measured,306.568,760.372,880.662,Measured,395.934,797.391,934.234,Measured,355.350,829.063,873.010,Virtual,225.884,939.731,1042.651,Measured,253.416,950.571,1017.017,Measured,206.006,967.947,1088.755,Measured,213.177,1001.468,1022.805,Measured,300.942,836.197,860.086,Virtual,322.176,858.810,849.511,Virtual,293.011,862.889,891.073,Virtual,317.988,849.046,874.774,Virtual,298.464,862.351,859.402,Virtual
230,2.29000,312.577,898.727,862.380,Measured,273.803,827.269,848.517,Measured,306.846,760.273,880.574,Measured,396.110,797.463,934.111,Measured,355.441,829.052,872.875,Virtual,225.252,939.287,1042.586,Measured,253.256,950.085,1017.249,Measured,205.461,967.224,1088.744,Measured,213.386,1001.304,1023.059,Measured,300.851,836.553,859.700,Virtual,322.379,859.051,849.479,Virtual,292.933,863.060,890.849,Virtual,317.903,849.116,874.625,Virtual,298.626,862.735,859.217,Virtual
231,2.30000,312.585,898.665,862.139,Measured,273.942,827.104,848.338,Measured,307.168,760.177,880.424,Measured,396.364,797.523,933.981,Measured,355.606,829.047,872.697,Virtual,225.028,938.615,1042.532,Measured,253.083,949.580,1017.473,Measured,204.699,966.562,1088.677,Measured,213.538,1001.170,1023.311,Measured,301.630,836.926,859.620,Virtual,323.389,859.369,849.771,Virtual,293.565,863.255,890.881,Virtual,318.610,849.281,874.800,Virtual,299.564,863.123,859.304,Virtual
232,2.31000,312.480,898.564,862.027,Measured,274.099,826.849,848.075,Measured,307.495,760.082,880.306,Measured,396.487,797.594,933.863,Measured,355.716,829.053,872.581,Virtual,224.257,938.259,1042.398,Measured,252.753,949.152,1017.751,Measured,203.914,965.935,1088.581,Measured,213.596,1001.042,1023.489,Measured,301.707,837.265,859.403,Virtual,323.757,859.583,849.930,Virtual,293.592,863.423,890.795,Virtual,318.657,849.346,874.834,Virtual,299.880,863.481,859.274,Virtual
233,2.32000,312.501,898.458,861.847,Measured,274.199,826.580,848.014,Measured,307.822,759.962,880.196,Measured,396.730,797.662,933.747,Measured,355.867,829.012,872.444,Virtual,223.624,937.780,1042.221,Measured,252.423,948.762,1017.938,Measured,203.198,965.292,1088.513,Measured,213.620,1000.957,1023.575,Measured,301.789,837.643,859.088,Virtual,324.077,859.865,849.953,Virtual,293.623,863.629,890.610,Virtual,318.707,849.483,874.740,Virtual,300.158,863.873,859.140,Virtual
234,2.33000,312.451,898.274,861.639,Measured,274.302,826.296,847.894,Measured,308.182,759.789,880.056,Measured,396.961,797.728,933.606,Measured,356.003,828.955,872.281,Virtual,222.777,937.566,1041.974,Measured,252.139,948.436,1018.124,Measured,202.254,964.802,1088.332,Measured,213.654,1000.896,1023.609,Measured,302.185,838.020,858.984,Virtual,324.765,860.111,850.254,Virtual,293.902,863.848,890.605,Virtual,319.034,849.597,874.905,Virtual,300.782,864.262,859.210,Virtual
235,2.34000,312.410,898.127,861.517,Measured,274.462,826.001,847.817,Measured,308.613,759.598,879.907,Measured,397.262,797.763,933.446,Measured,356.185,828.911,872.140,Virtual,222.208,937.198,1041.742,Measured,251.751,948.073,1018.189,Measured,201.422,964.306,1088.053,Measured,213.601,1000.888,1023.533,Measured,302.508,838.265,858.818,Virtual,325.300,860.262,850.408,Virtual,294.118,863.964,890.516,Virtual,319.292,849.644,874.949,Virtual,301.268,864.514,859.184,Virtual
236,2.35000,312.343,897.860,861.483,Measured,274.655,825.645,847.610,Measured,309.069,759.338,879.676,Measured,397.561,797.772,933.286,Measured,356.375,828.833,872.007,Virtual,221.415,937.065,1041.420,Measured,251.482,947.756,1018.233,Measured,200.541,963.919,1087.735,Measured,213.743,1000.966,1023.427,Measured,302.752,838.554,858.623,Virtual,325.851,860.378,850.610,Virtual,294.284,864.115,890.412,Virtual,319.477,849.650,875.010,Virtual,301.772,864.811,859.162,Virtual
237,2.36000,312.242,897.623,861.414,Measured,274.860,825.307,847.498,Measured,309.540,759.101,879.424,Measured,397.891,797.787,933.110,Measured,356.565,828.776,871.862,Virtual,220.763,936.908,1040.947,Measured,251.080,947.512,1018.126,Measured,199.574,963.725,1087.253,Measured,213.920,1001.031,1023.775,Measured,302.726,839.397,857.983,Virtual,326.166,861.025,850.440,Virtual,294.232,864.723,889.952,Virtual,319.411,850.119,874.658,Virtual,302.053,865.657,858.790,Virtual
238,2.37000,312.250,897.457,861.334,Measured,275.072,825.029,847.341,Measured,310.033,758.887,879.152,Measured,398.158,797.791,933.002,Measured,356.786,828.737,871.747,Virtual,219.867,936.972,1040.321,Measured,250.644,947.402,1017.825,Measured,198.698,963.593,1086.659,Measured,213.924,1001.083,1023.568,Measured,302.465,839.857,857.354,Virtual,326.180,861.301,850.156,Virtual,293.960,865.041,889.432,Virtual,319.117,850.293,874.240,Virtual,302.046,866.115,858.342,Virtual
239,2.38000,312.246,897.236,861.147,Measured,275.273,824.740,847.053,Measured,310.506,758.673,878.952,Measured,398.442,797.856,932.837,Measured,357.001,828.685,871.561,Virtual,219.081,937.043,1039.673,Measured,250.098,947.345,1017.417,Measured,197.574,963.686,1085.813,Measured,213.588,1001.201,1023.162,Measured,302.793,840.078,857.124,Virtual,326.692,861.414,850.219,Virtual,294.132,865.202,889.208,Virtual,319.347,850.365,874.199,Virtual,302.511,866.335,858.197,Virtual
240,2.39000,312.160,897.035,861.008,Measured,275.445,824.524,846.730,Measured,310.950,758.496,878.720,Measured,398.695,797.929,932.748,Measured,357.174,828.682,871.417,Virtual,218.264,937.187,1038.925,Measured,249.637,947.361,1016.979,Measured,196.667,963.774,1084.991,Measured,213.200,1001.383,1022.300,Measured,303.090,839.958,856.983,Virtual,327.108,861.217,850.256,Virtual,294.277,865.103,889.008,Virtual,319.552,850.188,874.179,Virtual,302.885,866.216,858.060,Virtual
241,2.40000,312.134,896.830,860.810,Measured,275.598,824.279,846.340,Measured,311.345,758.273,878.506,Measured,398.898,798.030,932.613,Measured,357.338,828.647,871.230,Virtual,217.449,937.361,1038.085,Measured,248.848,947.417,1016.349,Measured,195.538,964.022,1083.970,Measured,212.727,1001.592,1021.600,Measured,302.968,840.046,856.551,Virtual,327.138,861.198,850.033,Virtual,294.056,865.177,888.561,Virtual,319.359,850.163,873.882,Virtual,302.887,866.303,857.676,Virtual
242,2.41000,312.068,896.633,860.468,Measured,276.311,823.655,846.367,Measured,311.788,758.121,878.222,Measured,399.067,798.191,932.574,Measured,357.630,828.580,871.136,Virtual,216.712,937.487,1037.320,Measured,248.441,947.413,1015.801,Measured,194.659,964.135,1083.133,Measured,212.530,1001.808,1020.884,Measured,303.089,840.103,856.184,Virtual,327.425,861.134,849.895,Virtual,294.080,865.211,888.185,Virtual,319.408,850.088,873.660,Virtual,303.146,866.357,857.369,Virtual
243,2.42000,312.050,896.439,860.035,Measured,276.216,823.372,845.721,Measured,312.183,757.930,877.999,Measured,399.115,798.362,932.528,Measured,357.706,828.548,870.882,Virtual,215.984,937.634,1036.385,Measured,247.873,947.402,1015.238,Measured,193.613,964.274,1082.090,Measured,212.300,1001.966,1020.386,Measured,303.290,840.524,855.610,Virtual,327.829,861.415,849.650,Virtual,294.159,865.536,887.650,Virtual,319.515,850.309,873.285,Virtual,303.518,866.771,856.925,Virtual
244,2.43000,311.969,896.179,859.609,Measured,276.919,822.817,845.414,Measured,312.608,757.747,877.789,Measured,399.207,798.609,932.541,Measured,357.980,828.495,870.764,Virtual,215.339,937.618,1035.689,Measured,247.509,947.203,1014.801,Measured,193.048,964.131,1081.391,Measured,212.383,1002.116,1019.798,Measured,302.927,840.531,854.970,Virtual,327.675,861.238,849.240,Virtual,293.824,865.482,887.065,Virtual,319.132,850.102,872.779,Virtual,303.369,866.769,856.400,Virtual
245,2.44000,311.959,895.910,859.281,Measured,276.977,822.457,845.018,Measured,313.010,757.604,877.570,Measured,399.207,798.861,932.644,Measured,358.084,828.478,870.657,Virtual,214.617,937.544,1034.892,Measured,247.152,946.982,1014.354,Measured,192.127,964.033,1080.530,Measured,212.346,1002.141,1019.446,Measured,303.169,840.834,854.446,Virtual,328.144,861.366,849.084,Virtual,293.963,865.666,886.605,Virtual,319.279,850.160,872.470,Virtual,303.817,867.058,856.042,Virtual
246,2.45000,311.699,895.692,858.849,Measured,277.277,822.108,844.534,Measured,313.428,757.416,877.443,Measured,399.264,799.161,932.723,Measured,358.195,828.513,870.525,Virtual,213.965,937.448,1034.262,Measured,246.799,946.678,1014.000,Measured,191.393,963.825,1079.814,Measured,212.493,1002.164,1019.065,Measured,303.127,840.880,853.966,Virtual,328.341,861.201,848.928,Virtual,293.890,865.620,886.187,Virtual,319.174,849.950,872.176,Virtual,304.012,867.087,855.716,Virtual
247,2.46000,311.890,895.458,858.319,Measured,277.542,821.745,844.130,Measured,313.820,757.243,877.303,Measured,399.336,799.396,932.732,Measured,358.427,828.427,870.328,Virtual,213.194,937.338,1033.589,Measured,246.417,946.454,1013.669,Measured,190.397,963.577,1079.098,Measured,212.376,1002.153,1018.851,Measured,303.499,841.383,853.500,Virtual,328.911,861.553,848.858,Virtual,294.121,865.963,885.802,Virtual,319.429,850.207,871.933,Virtual,304.559,867.570,855.444,Virtual
248,2.47000,311.818,895.281,858.123,Measured,277.754,821.392,843.827,Measured,314.146,757.077,877.190,Measured,399.366,799.573,932.839,Measured,358.539,828.408,870.296,Virtual,212.377,937.338,1032.885,Measured,245.842,946.287,1013.405,Measured,189.397,963.413,1078.410,Measured,212.051,1002.274,1018.970,Measured,303.454,842.416,852.707,Virtual,329.061,862.430,848.479,Virtual,293.988,866.756,885.165,Virtual,319.293,850.936,871.360,Virtual,304.700,868.574,854.915,Virtual
249,2.48000,311.577,895.102,857.924,Measured,277.918,821.083,843.608,Measured,314.472,756.933,877.045,Measured,399.436,799.741,932.866,Measured,358.592,828.426,870.224,Virtual,211.437,937.336,1032.230,Measured,245.243,946.256,1013.108,Measured,188.187,963.318,1077.716,Measured,211.724,1002.365,1018.568,Measured,303.824,842.789,852.499,Virtual,329.588,862.673,848.628,Virtual,294.174,867.025,884.981,Virtual,319.523,851.124,871.353,Virtual,305.200,868.929,854.849,Virtual
250,2.49000,311.480,894.917,857.724,Measured,278.065,820.752,843.485,Measured,314.776,756.778,877.037,Measured,399.575,799.920,932.875,Measured,358.690,828.392,870.157,Virtual,210.526,937.363,1031.680,Measured,244.483,946.211,1012.857,Measured,186.939,963.181,1077.034,Measured,210.956,1002.527,1018.302,Measured,304.171,843.412,852.283,Virtual,329.998,863.267,848.704,Virtual,294.300,867.527,884.790,Virtual,319.731,851.640,871.298,Virtual,305.572,869.539,854.756,Virtual
251,2.50000,311.348,894.662,857.436,Measured,278.154,820.398,843.511,Measured,315.073,756.600,877.206,Measured,399.763,800.088,932.891,Measured,358.770,828.299,870.089,Virtual,209.426,937.408,1031.114,Measured,243.760,946.304,1012.729,Measured,185.558,963.049,1076.497,Measured,210.264,1002.638,1017.982,Measured,304.699,844.020,852.274,Virtual,330.606,863.830,849.033,Virtual,294.568,868.017,884.787,Virtual,320.093,852.129,871.475,Virtual,306.136,870.132,854.874,Virtual
252,2.51000,311.254,894.417,857.269,Measured,278.194,820.033,843.593,Measured,315.289,756.425,877.495,Measured,399.966,800.360,932.945,Measured,358.828,828.222,870.084,Virtual,208.461,937.486,1030.724,Measured,242.985,946.441,1012.709,Measured,184.085,962.767,1076.015,Measured,209.564,1002.789,1018.000,Measured,305.545,845.227,852.224,Virtual,331.515,865.019,849.413,Virtual,295.092,869.002,884.798,Virtual,320.738,853.172,871.652,Virtual,306.992,871.317,855.030,Virtual
253,2.52000,311.218,894.231,856.938,Measured,278.236,819.691,843.703,Measured,315.476,756.307,877.838,Measured,400.117,800.554,932.973,Measured,358.894,828.109,870.033,Virtual,207.593,937.580,1030.369,Measured,242.378,946.537,1012.870,Measured,182.868,962.586,1075.698,Measured,209.117,1002.926,1018.338,Measured,306.160,846.497,852.121,Virtual,332.247,866.194,849.766,Virtual,295.469,870.022,884.800,Virtual,321.182,854.195,871.780,Virtual,307.694,872.554,855.181,Virtual
254,2.53000,311.044,894.028,856.665,Measured,278.228,819.399,843.784,Measured,315.622,756.226,878.117,Measured,400.228,800.838,933.069,Measured,358.886,828.073,870.018,Virtual,206.900,937.642,1030.160,Measured,241.919,946.593,1013.136,Measured,181.742,962.332,1075.430,Measured,208.983,1003.079,1018.854,Measured,307.047,847.869,852.121,Virtual,333.285,867.422,850.299,Virtual,296.105,871.106,884.922,Virtual,321.875,855.256,872.045,Virtual,308.709,873.880,855.484,Virtual
255,2.54000,310.893,893.889,856.377,Measured,278.273,819.151,843.731,Measured,315.750,756.184,878.359,Measured,400.227,801.226,933.099,Measured,358.870,828.104,869.969,Virtual,206.316,937.726,1029.908,Measured,241.561,946.525,1013.371,Measured,180.849,962.229,1075.028,Measured,208.987,1003.219,1019.265,Measured,307.793,848.755,852.219,Virtual,334.202,868.116,850.875,Virtual,296.655,871.784,885.100,Virtual,322.448,855.846,872.377,Virtual,309.618,874.722,855.835,Virtual
256,2.55000,310.855,893.726,856.131,Measured,278.332,818.895,843.761,Measured,315.884,756.134,878.560,Measured,400.208,801.593,933.252,Measured,358.892,828.110,869.996,Virtual,205.828,937.794,1029.651,Measured,241.235,946.466,1013.364,Measured,180.096,962.183,1074.548,Measured,209.293,1003.366,1019.668,Measured,308.111,849.605,851.966,Virtual,334.741,868.688,851.094,Virtual,296.885,872.412,884.971,Virtual,322.633,856.326,872.346,Virtual,310.181,875.511,855.872,Virtual
257,2.56000,310.684,893.641,855.814,Measured,278.369,818.726,843.629,Measured,316.001,756.123,878.783,Measured,400.104,801.977,933.384,Measured,358.852,828.181,869.988,Virtual,205.264,937.906,1029.201,Measured,240.880,946.420,1013.245,Measured,179.290,962.168,1074.087,Measured,209.180,1003.485,1019.664,Measured,308.437,850.156,851.822,Virtual,335.186,869.085,851.277,Virtual,297.083,872.831,884.874,Virtual,322.835,856.667,872.357,Virtual,310.629,876.025,855.901,Virtual
258,2.57000,310.584,893.535,855.576,Measured,278.439,818.504,843.519,Measured,316.087,756.095,878.949,Measured,399.989,802.237,933.708,Measured,358.841,828.196,870.088,Virtual,204.693,938.028,1028.572,Measured,240.489,946.399,1012.820,Measured,178.645,962.319,1073.374,Measured,209.261,1003.619,1019.491,Measured,308.210,850.515,851.258,Virtual,335.130,869.206,851.005,Virtual,296.847,873.082,884.383,Virtual,322.534,856.767,871.926,Virtual,310.607,876.338,855.518,Virtual
259,2.58000,310.731,893.358,855.021,Measured,278.565,818.251,843.289,Measured,316.233,756.045,879.098,Measured,399.820,802.519,934.031,Measured,358.928,828.127,870.088,Virtual,204.163,938.212,1027.798,Measured,240.053,946.428,1012.202,Measured,177.956,962.590,1072.495,Measured,208.952,1003.831,1018.890,Measured,308.152,850.579,850.847,Virtual,335.145,869.165,850.750,Virtual,296.720,873.140,883.952,Virtual,322.402,856.744,871.592,Virtual,310.629,876.386,855.157,Virtual
260,2.59000,310.574,893.160,854.603,Measured,278.682,817.977,843.053,Measured,316.327,755.994,879.256,Measured,399.659,802.790,934.440,Measured,358.910,828.107,870.165,Virtual,203.680,938.363,1026.914,Measured,239.619,946.480,1011.526,Measured,177.312,962.947,1071.522,Measured,208.663,1004.024,1017.891,Measured,308.190,850.079,850.668,Virtual,335.231,868.595,850.645,Virtual,296.672,872.747,883.669,Virtual,322.365,856.256,871.460,Virtual,310.714,875.889,854.928,Virtual
261,2.60000,310.422,892.942,854.055,Measured,278.804,817.638,842.643,Measured,316.491,755.910,879.303,Measured,399.470,803.115,934.746,Measured,358.903,828.094,870.129,Virtual,203.088,938.608,1025.987,Measured,239.073,946.556,1010.648,Measured,176.627,963.249,1070.412,Measured,208.263,1004.215,1017.074,Measured,307.872,850.120,849.968,Virtual,334.978,868.541,850.060,Virtual,296.318,872.794,882.953,Virtual,321.995,856.225,870.816,Virtual,310.472,875.916,854.264,Virtual
262,2.61000,310.498,892.756,853.450,Measured,278.941,817.373,842.253,Measured,316.595,755.816,879.205,Measured,399.174,803.508,934.458,Measured,358.910,828.066,869.811,Virtual,202.537,938.679,1025.173,Measured,238.574,946.558,1009.986,Measured,175.893,963.391,1069.502,Measured,207.870,1004.342,1016.208,Measured,307.894,849.906,849.660,Virtual,335.033,868.278,849.856,Virtual,296.240,872.621,882.581,Virtual,321.939,855.998,870.565,Virtual,310.523,875.700,853.951,Virtual
263,2.62000,310.230,892.640,852.955,Measured,279.059,817.101,841.609,Measured,316.699,755.708,878.902,Measured,398.905,803.728,934.641,Measured,358.836,828.110,869.677,Virtual,201.909,938.671,1024.326,Measured,238.096,946.439,1009.381,Measured,175.157,963.340,1068.612,Measured,207.486,1004.353,1015.728,Measured,307.860,850.233,849.019,Virtual,335.065,868.503,849.432,Virtual,296.118,872.856,881.972,Virtual,321.818,856.187,870.021,Virtual,310.561,875.999,853.430,Virtual
264,2.63000,309.974,892.478,852.412,Measured,279.210,816.816,840.947,Measured,316.757,755.596,878.540,Measured,398.474,803.991,934.408,Measured,358.712,828.137,869.359,Virtual,201.375,938.467,1023.713,Measured,237.722,946.176,1008.958,Measured,174.394,963.076,1067.955,Measured,207.270,1004.226,1015.495,Measured,308.052,850.536,848.592,Virtual,335.331,868.687,849.273,Virtual,296.198,873.035,881.589,Virtual,321.902,856.320,869.713,Virtual,310.835,876.267,853.156,Virtual
265,2.64000,309.729,892.366,851.808,Measured,279.237,816.609,840.468,Measured,316.812,755.517,878.205,Measured,398.163,804.123,934.630,Measured,358.603,828.145,869.218,Virtual,200.820,938.137,1023.092,Measured,237.266,945.684,1008.660,Measured,173.768,962.625,1067.324,Measured,207.149,1003.960,1015.365,Measured,307.958,850.687,848.035,Virtual,335.347,868.659,848.997,Virtual,296.052,873.044,881.111,Virtual,321.719,856.243,869.275,Virtual,310.877,876.370,852.787,Virtual
266,2.65000,309.262,892.257,851.358,Measured,279.322,816.310,839.901,Measured,316.840,755.417,878.017,Measured,397.836,804.295,934.534,Measured,358.417,828.178,869.002,Virtual,200.307,937.789,1022.545,Measured,236.860,945.175,1008.378,Measured,173.066,962.100,1066.764,Measured,207.013,1003.607,1015.349,Measured,308.053,850.969,847.548,Virtual,335.537,868.776,848.817,Virtual,296.060,873.154,880.708,Virtual,321.707,856.292,868.916,Virtual,311.087,876.599,852.505,Virtual
267,2.66000,308.867,892.058,850.905,Measured,279.409,816.090,839.443,Measured,316.905,755.336,877.868,Measured,397.551,804.574,934.593,Measured,358.270,828.233,868.862,Virtual,199.707,937.357,1021.973,Measured,236.394,944.561,1008.138,Measured,172.336,961.537,1066.190,Measured,206.831,1003.242,1015.108,Measured,308.099,850.785,847.262,Virtual,335.671,868.436,848.791,Virtual,296.016,872.875,880.453,Virtual,321.647,855.931,868.741,Virtual,311.240,876.374,852.362,Virtual
268,2.67000,308.726,891.915,850.596,Measured,279.612,815.887,839.150,Measured,317.078,755.206,877.639,Measured,397.365,804.707,934.639,Measured,358.274,828.239,868.777,Virtual,199.061,936.973,1021.398,Measured,235.902,944.002,1007.846,Measured,171.567,961.005,1065.563,Measured,206.656,1002.791,1014.967,Measured,308.094,850.753,846.877,Virtual,335.764,868.222,848.697,Virtual,295.927,872.716,880.121,Virtual,321.530,855.684,868.477,Virtual,311.360,876.290,852.153,Virtual
269,2.68000,308.341,891.770,850.320,Measured,279.721,815.677,838.841,Measured,317.225,755.080,877.467,Measured,397.266,804.813,934.633,Measured,358.190,828.265,868.660,Virtual,198.382,936.589,1020.793,Measured,235.410,943.452,1007.570,Measured,170.756,960.489,1064.930,Measured,206.356,1002.487,1014.786,Measured,308.195,850.807,846.543,Virtual,335.938,868.126,848.649,Virtual,295.912,872.643,879.828,Virtual,321.507,855.548,868.261,Virtual,311.552,876.298,851.987,Virtual
270,2.69000,308.347,891.713,849.969,Measured,279.944,815.473,838.658,Measured,317.543,754.964,877.154,Measured,397.285,804.858,934.713,Measured,358.322,828.262,868.559,Virtual,197.741,936.225,1020.193,Measured,234.853,942.926,1007.358,Measured,169.912,959.994,1064.357,Measured,205.991,1002.223,1014.698,Measured,308.312,851.011,846.222,Virtual,336.120,868.187,848.623,Virtual,295.903,872.700,879.556,Virtual,321.498,855.557,868.059,Virtual,311.750,876.452,851.845,Virtual
271,2.70000,308.030,891.565,849.882,Measured,280.088,815.291,838.406,Measured,317.755,754.831,876.865,Measured,397.323,804.856,934.706,Measured,358.308,828.284,868.478,Virtual,197.071,935.845,1019.719,Measured,234.332,942.413,1007.103,Measured,169.060,959.465,1063.712,Measured,205.636,1001.924,1014.620,Measured,308.527,851.174,845.982,Virtual,336.391,868.215,848.681,Virtual,295.974,872.722,879.354,Virtual,321.576,855.536,867.938,Virtual,312.034,876.567,851.778,Virtual
272,2.71000,307.935,891.521,849.747,Measured,280.319,815.206,838.118,Measured,318.023,754.730,876.628,Measured,397.431,804.878,934.800,Measured,358.420,828.330,868.433,Virtual,196.452,935.515,1019.123,Measured,233.860,941.916,1006.887,Measured,168.238,958.985,1063.170,Measured,205.449,1001.578,1014.553,Measured,308.674,851.334,845.682,Virtual,336.618,868.190,848.699,Virtual,296.005,872.733,879.106,Virtual,321.588,855.471,867.762,Virtual,312.289,876.666,851.674,Virtual
273,2.72000,307.973,891.442,849.598,Measured,280.499,815.090,837.861,Measured,318.355,754.724,876.425,Measured,397.493,804.974,934.874,Measured,358.559,828.388,868.385,Virtual,195.880,935.182,1018.594,Measured,233.380,941.458,1006.642,Measured,167.475,958.554,1062.563,Measured,205.332,1001.153,1014.496,Measured,308.808,851.376,845.421,Virtual,336.835,868.034,848.745,Virtual,296.033,872.644,878.888,Virtual,321.588,855.291,867.619,Virtual,312.539,876.646,851.599,Virtual
274,2.73000,307.885,891.330,849.486,Measured,280.765,814.921,837.772,Measured,318.706,754.671,876.386,Measured,397.652,805.142,935.004,Measured,358.702,828.451,868.408,Virtual,195.343,934.947,1017.965,Measured,232.973,940.987,1006.342,Measured,166.790,958.187,1061.906,Measured,205.954,1000.489,1014.421,Measured,308.666,851.066,844.997,Virtual,336.896,867.290,848.731,Virtual,295.887,872.206,878.544,Virtual,321.295,854.593,867.345,Virtual,312.699,876.222,851.445,Virtual
275,2.74000,308.045,891.122,849.375,Measured,281.073,814.632,837.789,Measured,319.164,754.563,876.618,Measured,397.951,805.432,935.184,Measured,358.983,828.439,868.484,Virtual,194.820,934.754,1017.363,Measured,232.504,940.679,1006.085,Measured,165.977,957.915,1061.221,Measured,206.045,1000.090,1014.377,Measured,308.956,851.197,844.781,Virtual,337.288,867.150,848.893,Virtual,296.052,872.195,878.369,Virtual,321.410,854.449,867.269,Virtual,313.144,876.269,851.455,Virtual
276,2.75000,308.060,890.842,849.255,Measured,281.460,814.181,837.918,Measured,319.820,754.357,876.959,Measured,398.283,805.726,934.855,Measured,359.269,828.384,868.375,Virtual,194.068,934.774,1016.602,Measured,232.066,940.459,1005.843,Measured,165.140,957.721,1060.470,Measured,206.222,999.723,1014.214,Measured,309.139,851.332,844.501,Virtual,337.596,866.945,849.027,Virtual,296.124,872.188,878.134,Virtual,321.402,854.264,867.137,Virtual,313.527,876.301,851.426,Virtual
277,2.76000,308.411,890.493,849.239,Measured,281.761,813.686,838.398,Measured,320.427,754.121,877.431,Measured,398.881,806.041,935.237,Measured,359.698,828.239,868.611,Virtual,193.526,934.786,1016.112,Measured,231.575,940.359,1005.719,Measured,164.091,957.599,1059.680,Measured,205.700,999.865,1014.119,Measured,310.303,851.914,844.890,Virtual,338.731,867.467,849.794,Virtual,296.949,872.648,878.467,Virtual,322.321,854.733,867.672,Virtual,314.650,876.848,851.968,Virtual
278,2.77000,308.907,890.149,849.553,Measured,282.097,813.276,839.018,Measured,321.123,753.882,877.997,Measured,399.538,806.204,935.146,Measured,360.198,828.052,868.775,Virtual,192.677,934.938,1015.430,Measured,230.978,940.407,1005.721,Measured,162.920,957.480,1058.975,Measured,205.155,999.956,1014.362,Measured,311.230,853.248,844.922,Virtual,339.665,868.620,850.331,Virtual,297.557,873.704,878.540,Virtual,322.979,855.783,867.877,Virtual,315.601,878.089,852.304,Virtual
279,2.78000,309.333,889.822,850.089,Measured,282.247,812.879,839.915,Measured,321.713,753.687,878.732,Measured,400.565,806.344,935.354,Measured,360.690,827.861,869.111,Virtual,192.101,935.122,1015.050,Measured,230.470,940.539,1005.884,Measured,161.734,957.452,1058.360,Measured,204.809,1000.150,1014.611,Measured,312.661,854.280,845.579,Virtual,341.073,869.507,851.495,Virtual,298.598,874.537,879.157,Virtual,324.101,856.601,868.713,Virtual,317.019,879.049,853.207,Virtual
280,2.79000,309.811,889.519,850.570,Measured,282.277,812.643,840.907,Measured,322.150,753.518,879.667,Measured,401.353,806.541,935.422,Measured,361.083,827.663,869.426,Virtual,191.570,935.315,1014.819,Measured,230.007,940.769,1006.158,Measured,160.568,957.401,1057.804,Measured,204.360,1000.414,1015.221,Measured,314.346,855.927,846.272,Virtual,342.705,871.022,852.753,Virtual,299.843,875.884,879.842,Virtual,325.452,857.989,869.592,Virtual,318.651,880.608,854.209,Virtual
281,2.80000,309.643,889.500,851.259,Measured,282.217,812.481,842.068,Measured,322.555,753.545,880.679,Measured,402.183,806.832,935.606,Measured,361.246,827.739,869.871,Virtual,191.100,935.644,1014.555,Measured,229.668,941.060,1006.579,Measured,159.526,957.458,1057.310,Measured,204.116,1000.735,1015.859,Measured,316.146,857.532,847.129,Virtual,344.459,872.445,854.201,Virtual,301.203,877.200,880.676,Virtual,326.899,859.309,870.636,Virtual,320.423,882.112,855.386,Virtual
282,2.81000,309.438,889.306,851.799,Measured,282.127,812.291,843.073,Measured,322.800,753.524,881.670,Measured,402.811,807.281,935.513,Measured,361.301,827.773,870.141,Virtual,190.795,936.040,1014.315,Measured,229.440,941.315,1006.826,Measured,158.713,957.648,1056.768,Measured,203.930,1001.151,1016.318,Measured,317.710,858.839,847.880,Virtual,345.979,873.597,855.439,Virtual,302.398,878.291,881.387,Virtual,328.162,860.391,871.539,Virtual,321.962,883.338,856.389,Virtual
283,2.82000,309.217,889.259,852.409,Measured,282.051,812.219,844.241,Measured,323.049,753.651,882.816,Measured,403.355,807.673,936.097,Measured,361.361,827.891,870.788,Virtual,190.528,936.487,1013.893,Measured,229.268,941.664,1007.004,Measured,157.902,957.956,1056.168,Measured,203.832,1001.656,1016.627,Measured,319.329,860.124,848.616,Virtual,347.550,874.714,856.665,Virtual,303.644,879.377,882.066,Virtual,329.470,861.454,872.424,Virtual,323.559,884.540,857.371,Virtual
284,2.83000,309.189,889.308,852.886,Measured,281.897,812.137,845.331,Measured,323.135,753.794,884.178,Measured,403.809,808.193,936.470,Measured,361.403,827.972,871.322,Virtual,190.276,937.078,1013.492,Measured,229.074,942.158,1007.105,Measured,157.153,958.381,1055.485,Measured,203.482,1002.277,1016.741,Measured,320.955,861.404,849.417,Virtual,349.086,875.940,857.869,Virtual,304.885,880.510,882.769,Virtual,330.813,862.617,873.349,Virtual,325.094,885.777,858.335,Virtual
285,2.84000,308.941,889.196,853.335,Measured,281.855,811.956,846.396,Measured,323.409,753.940,885.328,Measured,404.239,808.714,936.980,Measured,361.438,828.092,871.894,Virtual,190.090,937.676,1013.042,Measured,228.946,942.714,1007.039,Measured,156.556,958.964,1054.681,Measured,203.470,1002.876,1016.562,Measured,322.340,862.100,850.161,Virtual,350.416,876.537,858.956,Virtual,305.959,881.161,883.386,Virtual,331.940,863.223,874.202,Virtual,326.447,886.437,859.188,Virtual
286,2.85000,308.740,888.892,853.715,Measured,281.962,811.750,847.171,Measured,323.682,753.948,886.448,Measured,404.623,809.215,937.497,Measured,361.522,828.125,872.430,Virtual,189.882,938.351,1012.291,Measured,228.776,943.235,1006.755,Measured,156.054,959.604,1053.754,Measured,203.255,1003.531,1016.204,Measured,323.408,862.955,850.448,Virtual,351.432,877.314,859.532,Virtual,306.769,881.956,883.579,Virtual,332.796,863.993,874.576,Virtual,327.480,887.259,859.579,Virtual
287,2.86000,310.006,888.468,853.646,Measured,282.626,811.157,847.906,Measured,324.243,753.833,887.421,Measured,405.060,809.689,938.037,Measured,362.289,827.799,872.880,Virtual,189.688,938.894,1011.662,Measured,228.633,943.707,1006.318,Measured,155.653,960.301,1052.764,Measured,203.303,1004.076,1015.393,Measured,324.136,862.691,850.889,Virtual,352.136,877.002,860.122,Virtual,307.324,881.830,883.852,Virtual,333.363,863.773,875.077,Virtual,328.211,887.011,859.978,Virtual
288,2.87000,309.742,888.177,853.914,Measured,283.000,810.631,848.644,Measured,324.899,753.675,888.365,Measured,405.584,810.096,938.541,Measured,362.527,827.789,873.373,Virtual,189.425,939.508,1010.833,Measured,228.411,944.113,1005.750,Measured,155.212,961.013,1051.731,Measured,203.190,1004.571,1014.567,Measured,324.583,862.614,850.985,Virtual,352.572,876.852,860.365,Virtual,307.634,881.851,883.822,Virtual,333.670,863.702,875.226,Virtual,328.679,886.934,860.065,Virtual
289,2.88000,309.693,887.776,854.140,Measured,283.570,810.043,849.341,Measured,325.890,753.578,889.129,Measured,406.165,810.395,939.102,Measured,362.968,827.758,873.872,Virtual,189.178,939.943,1010.103,Measured,228.165,944.477,1005.228,Measured,154.695,961.670,1050.693,Measured,203.016,1005.013,1013.722,Measured,325.205,862.313,851.372,Virtual,353.160,876.526,860.891,Virtual,308.078,881.683,884.037,Virtual,334.135,863.458,875.669,Virtual,329.288,886.653,860.403,Virtual
290,2.89000,309.818,887.365,854.436,Measured,283.773,809.554,849.950,Measured,326.498,753.299,889.912,Measured,406.790,810.694,939.430,Measured,363.293,827.598,874.228,Virtual,188.801,940.371,1009.431,Measured,227.866,944.724,1004.779,Measured,154.224,962.195,1049.757,Measured,203.004,1005.346,1013.056,Measured,325.476,862.028,851.530,Virtual,353.438,876.113,861.217,Virtual,308.240,881.489,884.084,Virtual,334.262,863.139,875.881,Virtual,329.618,886.351,860.580,Virtual
291,2.90000,309.592,886.999,855.011,Measured,284.122,809.081,850.548,Measured,327.336,753.152,890.508,Measured,407.333,810.864,939.814,Measured,363.569,827.598,874.700,Virtual,188.578,940.413,1008.167,Measured,227.688,944.777,1003.909,Measured,153.794,962.594,1048.847,Measured,202.907,1005.600,1012.642,Measured,325.404,862.715,850.491,Virtual,353.400,876.578,860.397,Virtual,308.135,882.034,883.113,Virtual,334.093,863.603,874.886,Virtual,329.638,886.950,859.734,Virtual
292,2.91000,309.418,886.753,855.314,Measured,284.457,808.725,850.921,Measured,327.901,752.930,890.898,Measured,407.907,811.034,939.939,Measured,363.812,827.570,874.907,Virtual,188.234,940.479,1007.617,Measured,227.461,944.678,1003.708,Measured,153.414,962.839,1048.118,Measured,203.157,1005.677,1012.375,Measured,325.682,862.269,850.725,Virtual,353.710,875.888,860.875,Virtual,308.323,881.624,883.277,Virtual,334.199,863.019,875.185,Virtual,330.034,886.443,860.070,Virtual
293,2.92000,309.292,886.564,855.569,Measured,284.745,808.447,851.223,Measured,328.511,752.750,891.194,Measured,408.445,810.999,940.116,Measured,364.075,827.519,875.110,Virtual,188.131,940.628,1006.867,Measured,227.307,944.658,1003.163,Measured,153.049,963.045,1047.244,Measured,203.290,1005.721,1012.254,Measured,326.102,862.784,850.330,Virtual,354.142,876.150,860.779,Virtual,308.635,882.004,882.904,Virtual,334.450,863.297,874.854,Virtual,330.539,886.860,859.887,Virtual
294,2.93000,309.532,886.333,855.828,Measured,285.016,808.175,851.637,Measured,329.101,752.585,891.392,Measured,409.064,810.996,940.130,Measured,364.450,827.408,875.228,Virtual,187.869,940.912,1006.462,Measured,227.159,944.574,1003.008,Measured,152.726,963.257,1046.554,Measured,203.464,1005.809,1011.947,Measured,326.521,862.380,850.708,Virtual,354.566,875.568,861.370,Virtual,308.943,881.654,883.190,Virtual,334.703,862.809,875.290,Virtual,331.032,886.416,860.332,Virtual
295,2.94000,309.189,886.149,856.462,Measured,285.079,807.906,852.170,Measured,329.680,752.359,891.590,Measured,409.747,810.909,940.051,Measured,364.581,827.386,875.403,Virtual,187.711,941.078,1005.861,Measured,227.009,944.581,1002.643,Measured,152.271,963.461,1045.633,Measured,203.620,1005.852,1011.716,Measured,327.295,862.476,850.933,Virtual,355.316,875.457,861.906,Virtual,309.533,881.703,883.343,Virtual,335.257,862.749,875.589,Virtual,331.854,886.443,860.706,Virtual
296,2.95000,309.111,885.994,857.017,Measured,285.210,807.712,852.602,Measured,330.121,752.201,891.900,Measured,410.383,810.890,939.881,Measured,364.777,827.340,875.527,Virtual,187.502,941.427,1005.184,Measured,226.853,944.651,1002.239,Measured,152.039,963.763,1044.722,Measured,203.750,1006.031,1011.225,Measured,327.693,862.373,850.934,Virtual,355.710,875.190,862.108,Virtual,309.826,881.621,883.274,Virtual,335.503,862.554,875.639,Virtual,332.311,886.296,860.785,Virtual
297,2.96000,308.927,885.688,857.129,Measured,285.439,807.344,852.962,Measured,330.612,752.007,892.148,Measured,410.964,811.026,939.754,Measured,364.968,827.255,875.529,Virtual,187.379,941.750,1004.433,Measured,226.690,944.826,1001.781,Measured,151.605,964.148,1043.716,Measured,203.864,1006.237,1010.805,Measured,328.452,862.524,851.101,Virtual,356.435,875.165,862.558,Virtual,310.403,881.753,883.351,Virtual,336.051,862.584,875.873,Virtual,333.103,886.391,861.072,Virtual
298,2.97000,308.795,885.363,856.990,Measured,285.674,806.905,853.036,Measured,331.133,751.799,892.378,Measured,411.329,811.229,939.755,Measured,365.151,827.163,875.506,Virtual,187.214,942.248,1003.610,Measured,226.543,945.163,1001.251,Measured,151.342,964.620,1042.626,Measured,203.906,1006.595,1010.046,Measured,329.076,862.549,851.176,Virtual,357.021,875.107,862.813,Virtual,310.876,881.829,883.309,Virtual,336.515,862.586,875.996,Virtual,333.732,886.401,861.178,Virtual
299,2.98000,308.687,885.070,856.632,Measured,286.183,806.492,852.991,Measured,331.485,751.623,892.538,Measured,411.429,811.519,939.833,Measured,365.333,827.099,875.481,Virtual,187.069,942.738,1002.888,Measured,226.381,945.542,1000.620,Measured,150.994,965.187,1041.613,Measured,203.860,1007.010,1009.426,Measured,329.533,862.780,851.107,Virtual,357.446,875.252,862.912,Virtual,311.206,882.082,883.155,Virtual,336.833,862.775,875.968,Virtual,334.198,886.611,861.156,Virtual
300,2.99000,308.544,884.883,856.301,Measured,286.175,806.279,852.902,Measured,331.658,751.607,892.713,Measured,411.435,811.836,939.855,Measured,365.317,827.108,875.397,Virtual,186.895,943.242,1002.047,Measured,226.287,945.931,1000.091,Measured,150.659,965.645,1040.538,Measured,203.866,1007.474,1008.722,Measured,330.309,863.074,851.207,Virtual,358.165,875.477,863.219,Virtual,311.797,882.389,883.142,Virtual,337.433,863.033,876.120,Virtual,334.953,886.887,861.309,Virtual
301,3.00000,308.436,884.894,856.065,Measured,286.110,806.216,852.979,Measured,331.602,751.693,892.905,Measured,411.399,812.135,939.797,Measured,365.239,827.167,875.324,Virtual,186.896,943.765,1001.383,Measured,226.212,946.295,999.617,Measured,150.419,966.127,1039.583,Measured,203.962,1007.829,1008.384,Measured,331.075,863.650,851.213,Virtual,358.885,875.910,863.475,Virtual,312.398,882.905,883.087,Virtual,338.017,863.488,876.176,Virtual,335.728,887.407,861.440,Virtual
302,3.01000,308.317,885.036,855.992,Measured,285.774,806.355,853.077,Measured,331.315,751.870,893.019,Measured,411.334,812.322,939.579,Measured,365.033,827.258,875.197,Virtual,186.875,944.204,1000.675,Measured,226.240,946.567,999.241,Measured,150.183,966.475,1038.696,Measured,204.159,1008.199,1008.092,Measured,331.972,864.248,851.281,Virtual,359.728,876.348,863.821,Virtual,313.112,883.423,883.095,Virtual,338.715,863.945,876.298,Virtual,336.629,887.940,861.656,Virtual
303,3.02000,308.019,885.248,856.012,Measured,285.330,806.629,853.184,Measured,331.005,752.058,892.981,Measured,411.242,812.402,939.268,Measured,364.728,827.406,875.033,Virtual,187.038,944.640,1000.021,Measured,226.343,946.826,998.896,Measured,150.003,966.762,1037.804,Measured,204.471,1008.403,1008.065,Measured,333.151,865.175,851.348,Virtual,360.838,877.053,864.247,Virtual,314.071,884.186,883.131,Virtual,339.652,864.646,876.425,Virtual,337.813,888.765,861.953,Virtual
304,3.03000,307.195,885.444,856.099,Measured,284.992,806.899,853.163,Measured,330.672,752.251,892.860,Measured,411.358,812.398,938.770,Measured,364.317,827.616,874.757,Virtual,187.133,945.025,999.467,Measured,226.487,946.975,998.639,Measured,149.950,966.950,1037.112,Measured,204.855,1008.609,1008.090,Measured,334.003,865.954,851.261,Virtual,361.649,877.599,864.458,Virtual,314.776,884.813,883.046,Virtual,340.314,865.202,876.381,Virtual,338.698,889.439,862.082,Virtual
305,3.04000,307.434,885.159,855.598,Measured,285.038,806.631,853.033,Measured,330.929,752.106,892.662,Measured,411.688,812.448,938.084,Measured,364.501,827.408,874.221,Virtual,187.463,945.505,998.958,Measured,226.719,947.017,998.256,Measured,150.007,967.163,1036.269,Measured,205.412,1008.669,1008.316,Measured,335.043,866.919,851.066,Virtual,362.648,878.220,864.643,Virtual,315.658,885.561,882.883,Virtual,341.117,865.844,876.232,Virtual,339.803,890.249,862.191,Virtual
306,3.05000,307.222,884.778,855.176,Measured,285.366,806.258,852.364,Measured,331.453,751.774,891.864,Measured,411.943,812.303,937.589,Measured,364.665,827.292,873.695,Virtual,187.697,945.888,998.230,Measured,227.002,946.998,997.675,Measured,150.363,967.559,1035.518,Measured,206.284,1008.804,1007.683,Measured,335.025,866.316,850.509,Virtual,362.690,877.362,864.173,Virtual,315.719,885.048,882.320,Virtual,341.032,865.138,875.687,Virtual,339.949,889.582,861.694,Virtual
307,3.06000,307.394,884.354,854.616,Measured,286.021,805.685,851.615,Measured,332.309,751.343,891.088,Measured,412.397,812.265,937.050,Measured,365.141,827.117,873.117,Virtual,187.866,946.294,997.499,Measured,227.119,947.100,996.972,Measured,150.417,967.936,1034.503,Measured,206.592,1008.913,1007.339,Measured,335.550,866.705,850.046,Virtual,363.195,877.526,863.928,Virtual,316.164,885.361,881.854,Virtual,341.408,865.353,875.250,Virtual,340.534,889.881,861.390,Virtual
308,3.07000,307.589,883.952,854.176,Measured,286.324,805.199,850.993,Measured,332.872,751.017,890.352,Measured,412.663,812.161,936.559,Measured,365.433,826.917,872.600,Virtual,187.967,946.680,996.559,Measured,227.262,947.223,996.196,Measured,150.570,968.425,1033.443,Measured,207.051,1009.256,1006.120,Measured,335.685,865.808,849.765,Virtual,363.345,876.581,863.656,Virtual,316.309,884.675,881.454,Virtual,341.488,864.541,874.986,Virtual,340.737,889.013,861.019,Virtual
309,3.08000,307.576,883.707,853.670,Measured,286.805,804.820,850.401,Measured,333.480,750.764,889.746,Measured,412.921,812.127,936.173,Measured,365.722,826.842,872.151,Virtual,188.092,947.069,995.782,Measured,227.374,947.377,995.366,Measured,150.604,968.798,1032.397,Measured,207.333,1009.313,1005.603,Measured,336.036,866.093,849.138,Virtual,363.685,876.675,863.197,Virtual,316.610,884.909,880.827,Virtual,341.723,864.687,874.378,Virtual,341.147,889.224,860.518,Virtual
310,3.09000,307.813,883.368,853.040,Measured,287.121,804.471,849.747,Measured,333.823,750.545,889.285,Measured,413.135,812.190,935.731,Measured,365.989,826.672,871.630,Virtual,188.172,947.371,994.750,Measured,227.489,947.375,994.586,Measured,150.694,969.136,1031.346,Measured,207.739,1009.502,1004.693,Measured,336.240,865.700,848.610,Virtual,363.893,876.135,862.771,Virtual,316.799,884.591,880.246,Virtual,341.833,864.249,873.869,Virtual,341.427,888.798,860.024,Virtual
311,3.10000,307.985,883.086,852.563,Measured,287.444,804.096,849.276,Measured,334.353,750.328,888.792,Measured,413.349,812.138,935.396,Measured,366.272,826.532,871.231,Virtual,188.312,947.691,993.917,Measured,227.625,947.477,993.732,Measured,150.810,969.406,1030.301,Measured,208.249,1009.490,1004.236,Measured,336.506,866.019,847.754,Virtual,364.162,876.183,862.104,Virtual,317.046,884.821,879.430,Virtual,341.979,864.364,873.026,Virtual,341.789,889.006,859.344,Virtual
312,3.11000,308.199,882.818,852.087,Measured,287.814,803.843,848.855,Measured,334.784,750.107,888.291,Measured,413.716,812.140,934.970,Measured,366.591,826.405,870.775,Virtual,188.314,948.028,992.970,Measured,227.682,947.527,993.048,Measured,150.717,969.716,1029.237,Measured,208.459,1009.693,1003.554,Measured,337.006,866.041,847.455,Virtual,364.623,876.056,861.984,Virtual,317.447,884.846,879.068,Virtual,342.331,864.302,872.754,Virtual,342.318,888.978,859.131,Virtual
313,3.12000,308.308,882.640,852.028,Measured,288.163,803.599,848.595,Measured,335.357,749.895,887.804,Measured,414.181,811.941,934.502,Measured,366.908,826.310,870.444,Virtual,188.397,948.413,992.049,Measured,227.730,947.684,992.445,Measured,150.652,970.052,1028.151,Measured,208.875,1009.773,1003.234,Measured,337.733,866.500,847.133,Virtual,365.295,876.223,861.962,Virtual,318.039,885.200,878.726,Virtual,342.838,864.537,872.460,Virtual,343.100,889.314,859.024,Virtual
314,3.13000,308.342,882.458,852.169,Measured,288.393,803.365,848.535,Measured,335.860,749.655,887.412,Measured,414.797,811.868,933.845,Measured,367.163,826.238,870.090,Virtual,188.431,948.762,991.212,Measured,227.787,947.765,991.931,Measured,150.542,970.353,1027.195,Measured,209.066,1009.942,1002.826,Measured,338.424,866.786,847.011,Virtual,365.923,876.327,862.073,Virtual,318.591,885.434,878.547,Virtual,343.344,864.692,872.365,Virtual,343.806,889.525,859.038,Virtual
315,3.14000,308.383,882.411,852.400,Measured,288.591,803.218,848.625,Measured,336.301,749.546,887.058,Measured,415.255,811.781,933.473,Measured,367.377,826.247,869.931,Virtual,188.489,949.042,990.414,Measured,227.851,947.777,991.525,Measured,150.466,970.630,1026.270,Measured,209.490,1009.892,1002.523,Measured,339.099,866.765,847.020,Virtual,366.540,876.035,862.354,Virtual,319.140,885.379,878.496,Virtual,343.800,864.502,872.400,Virtual,344.538,889.402,859.212,Virtual
316,3.15000,308.360,882.274,852.541,Measured,288.678,803.026,848.705,Measured,336.628,749.445,886.906,Measured,415.630,811.899,933.119,Measured,367.496,826.253,869.769,Virtual,188.592,949.249,989.715,Measured,227.942,947.683,991.192,Measured,150.340,970.744,1025.404,Measured,209.814,1009.859,1002.409,Measured,340.022,867.043,847.138,Virtual,367.375,876.059,862.778,Virtual,319.884,885.559,878.558,Virtual,344.483,864.585,872.544,Virtual,345.476,889.568,859.529,Virtual
317,3.16000,308.158,882.144,852.678,Measured,288.761,802.844,848.848,Measured,336.988,749.455,886.861,Measured,415.829,812.012,933.021,Measured,367.537,826.321,869.764,Virtual,188.711,949.399,989.092,Measured,228.100,947.547,990.948,Measured,150.376,970.853,1024.683,Measured,210.365,1009.699,1002.624,Measured,340.800,867.453,847.049,Virtual,368.083,876.083,863.026,Virtual,320.529,885.807,878.478,Virtual,345.011,864.697,872.467,Virtual,346.324,889.803,859.722,Virtual
318,3.17000,308.064,881.944,852.619,Measured,288.891,802.591,848.934,Measured,337.417,749.418,887.140,Measured,416.077,812.314,932.894,Measured,367.652,826.338,869.718,Virtual,188.870,949.532,988.560,Measured,228.217,947.371,990.819,Measured,150.314,970.920,1024.093,Measured,210.874,1009.527,1002.917,Measured,341.625,867.836,847.144,Virtual,368.823,876.096,863.456,Virtual,321.204,886.032,878.568,Virtual,345.579,864.795,872.570,Virtual,347.201,890.016,860.091,Virtual
319,3.18000,307.913,881.773,852.643,Measured,289.037,802.299,849.017,Measured,337.819,749.263,887.178,Measured,416.286,812.482,932.870,Measured,367.739,826.335,869.720,Virtual,189.035,949.657,988.172,Measured,228.385,947.237,990.735,Measured,150.468,971.007,1023.632,Measured,211.338,1009.376,1003.226,Measured,342.268,868.182,847.136,Virtual,369.406,876.124,863.705,Virtual,321.749,886.242,878.574,Virtual,346.027,864.897,872.562,Virtual,347.899,890.214,860.311,Virtual
320,3.19000,307.671,881.547,852.766,Measured,289.111,802.047,849.054,Measured,338.096,749.115,887.199,Measured,416.486,812.615,932.766,Measured,367.747,826.322,869.699,Virtual,189.232,949.804,987.753,Measured,228.532,947.084,990.731,Measured,150.418,971.087,1023.095,Measured,211.805,1009.232,1003.658,Measured,343.301,868.656,847.491,Virtual,370.325,876.237,864.413,Virtual,322.592,886.547,878.901,Virtual,346.778,865.090,872.919,Virtual,348.953,890.513,860.944,Virtual
321,3.20000,307.401,881.444,852.877,Measured,289.130,801.902,849.031,Measured,338.357,749.007,886.902,Measured,416.578,812.590,932.619,Measured,367.710,826.358,869.622,Virtual,189.426,949.922,987.416,Measured,228.716,946.959,990.808,Measured,150.484,971.186,1022.670,Measured,212.259,1009.080,1004.116,Measured,344.248,869.045,847.868,Virtual,371.166,876.295,865.099,Virtual,323.373,886.791,879.251,Virtual,347.471,865.229,873.293,Virtual,349.920,890.744,861.567,Virtual
322,3.21000,307.107,881.473,853.087,Measured,288.924,801.939,849.069,Measured,338.253,748.954,886.759,Measured,416.526,812.548,932.397,Measured,367.508,826.401,869.558,Virtual,189.627,950.050,987.092,Measured,228.862,946.796,990.921,Measured,150.416,971.157,1022.187,Measured,212.602,1008.925,1004.704,Measured,345.514,869.778,848.414,Virtual,372.282,876.689,866.015,Virtual,324.396,887.307,879.756,Virtual,348.436,865.672,873.830,Virtual,351.158,891.296,862.406,Virtual
323,3.22000,306.773,881.665,853.327,Measured,288.544,802.078,849.196,Measured,338.077,749.041,886.565,Measured,416.507,812.489,932.041,Measured,367.238,826.516,869.429,Virtual,189.785,950.083,986.716,Measured,228.990,946.609,991.072,Measured,150.364,971.071,1021.706,Measured,212.963,1008.615,1005.320,Measured,346.760,870.438,848.957,Virtual,373.369,876.980,866.935,Virtual,325.398,887.743,880.258,Virtual,349.370,866.026,874.356,Virtual,352.378,891.760,863.257,Virtual
324,3.23000,306.410,881.862,853.780,Measured,288.111,802.277,849.479,Measured,337.744,749.152,886.578,Measured,416.461,812.431,931.823,Measured,366.907,826.632,869.466,Virtual,189.958,950.056,986.320,Measured,229.093,946.332,991.105,Measured,150.275,970.963,1021.246,Measured,213.214,1008.354,1005.838,Measured,347.846,871.034,849.362,Virtual,374.311,877.250,867.666,Virtual,326.267,888.131,880.629,Virtual,350.183,866.347,874.738,Virtual,353.434,892.178,863.935,Virtual
325,3.24000,306.351,881.550,853.882,Measured,288.167,801.930,849.832,Measured,338.073,748.976,886.800,Measured,416.839,812.488,931.614,Measured,367.009,826.472,869.431,Virtual,190.084,949.932,985.931,Measured,229.184,945.951,991.109,Measured,150.228,970.753,1020.741,Measured,213.508,1007.882,1006.452,Measured,348.884,871.597,849.669,Virtual,375.199,877.416,868.317,Virtual,327.095,888.453,880.921,Virtual,350.929,866.586,875.009,Virtual,354.458,892.525,864.556,Virtual
326,3.25000,306.425,881.012,854.164,Measured,288.576,801.288,850.092,Measured,338.811,748.557,886.843,Measured,417.356,812.431,931.610,Measured,367.347,826.214,869.535,Virtual,190.349,949.761,985.490,Measured,229.378,945.471,990.876,Measured,150.547,970.786,1020.307,Measured,214.219,1007.495,1006.330,Measured,348.973,870.603,849.552,Virtual,375.270,876.144,868.309,Virtual,327.216,887.532,880.787,Virtual,350.890,865.491,874.882,Virtual,354.667,891.435,864.529,Virtual
327,3.26000,306.489,880.326,854.355,Measured,289.230,800.534,850.296,Measured,339.747,748.059,886.991,Measured,417.955,812.447,931.739,Measured,367.805,825.925,869.690,Virtual,190.521,949.565,985.030,Measured,229.553,945.026,990.628,Measured,150.636,970.762,1019.675,Measured,214.570,1007.049,1006.427,Measured,349.620,870.236,849.756,Virtual,375.816,875.488,868.737,Virtual,327.748,887.119,880.936,Virtual,351.319,864.957,875.067,Virtual,355.342,890.938,864.902,Virtual
328,3.27000,306.641,879.872,854.529,Measured,289.629,800.038,850.529,Measured,340.375,747.717,887.273,Measured,418.441,812.424,931.904,Measured,368.161,825.681,869.865,Virtual,190.681,949.471,984.465,Measured,229.687,944.716,990.244,Measured,150.857,970.836,1019.126,Measured,215.215,1006.822,1006.049,Measured,349.590,869.324,849.466,Virtual,375.777,874.363,868.516,Virtual,327.761,886.299,880.625,Virtual,351.194,863.988,874.771,Virtual,355.417,889.959,864.661,Virtual
329,3.28000,306.722,879.618,854.630,Measured,289.899,799.731,850.801,Measured,340.807,747.502,887.494,Measured,418.797,812.304,931.981,Measured,368.407,825.494,869.981,Virtual,190.770,949.474,983.920,Measured,229.755,944.572,989.905,Measured,150.849,970.932,1018.423,Measured,215.295,1006.657,1006.042,Measured,350.287,869.529,849.552,Virtual,376.363,874.358,868.808,Virtual,328.311,886.413,880.658,Virtual,351.698,864.044,874.836,Virtual,356.090,890.055,864.904,Virtual
330,3.29000,306.650,879.439,854.872,Measured,290.058,799.501,851.184,Measured,341.091,747.363,887.710,Measured,419.162,812.196,932.063,Measured,368.540,825.373,870.139,Virtual,190.911,949.553,983.435,Measured,229.805,944.460,989.619,Measured,150.859,971.095,1017.788,Measured,215.592,1006.632,1005.854,Measured,350.782,869.264,849.725,Virtual,376.774,873.923,869.136,Virtual,328.714,886.163,880.757,Virtual,352.030,863.705,875.002,Virtual,356.594,889.722,865.164,Virtual
331,3.30000,305.449,878.365,856.220,Measured,290.251,799.295,851.456,Measured,341.394,747.196,887.797,Measured,419.498,812.056,932.052,Measured,368.234,825.361,870.555,Virtual,191.038,949.622,983.004,Measured,229.877,944.363,989.369,Measured,150.878,971.213,1017.124,Measured,215.846,1006.474,1005.889,Measured,351.481,869.323,849.949,Virtual,377.357,873.749,869.569,Virtual,329.275,886.158,880.917,Virtual,352.523,863.619,875.203,Virtual,357.282,889.667,865.542,Virtual
332,3.31000,304.652,877.479,856.665,Measured,290.456,799.086,851.711,Measured,341.782,747.072,887.949,Measured,419.870,812.042,932.018,Measured,368.127,825.274,870.692,Virtual,191.179,949.672,982.591,Measured,229.970,944.208,989.186,Measured,150.910,971.316,1016.622,Measured,216.142,1006.372,1005.946,Measured,352.029,869.302,850.109,Virtual,377.809,873.507,869.903,Virtual,329.720,886.089,881.030,Virtual,352.895,863.468,875.340,Virtual,357.834,889.541,865.837,Virtual
333,3.32000,304.908,877.375,856.948,Measured,290.577,798.783,852.006,Measured,342.145,746.963,888.168,Measured,420.218,812.047,932.105,Measured,368.363,825.170,870.856,Virtual,191.314,949.770,982.182,Measured,230.025,944.052,989.097,Measured,150.945,971.447,1016.132,Measured,216.454,1006.188,1006.089,Measured,352.619,869.247,850.394,Virtual,378.285,873.184,870.391,Virtual,330.193,885.982,881.258,Virtual,353.275,863.259,875.595,Virtual,358.432,889.358,866.282,Virtual
334,3.33000,304.695,877.055,857.344,Measured,290.738,798.534,852.420,Measured,342.501,746.878,888.450,Measured,420.490,812.172,932.229,Measured,368.420,825.146,871.098,Virtual,191.425,949.866,981.786,Measured,230.052,943.939,988.981,Measured,150.937,971.556,1015.649,Measured,216.588,1006.083,1006.197,Measured,353.248,869.382,850.673,Virtual,378.799,873.114,870.855,Virtual,330.689,886.048,881.478,Virtual,353.717,863.263,875.847,Virtual,359.038,889.388,866.701,Virtual
335,3.34000,304.808,877.007,857.479,Measured,290.869,798.339,852.666,Measured,342.816,746.853,888.746,Measured,420.699,812.379,932.404,Measured,368.580,825.160,871.273,Virtual,191.514,949.909,981.466,Measured,230.117,943.771,988.866,Measured,150.947,971.657,1015.239,Measured,216.906,1005.875,1006.307,Measured,353.643,869.214,850.853,Virtual,379.102,872.706,871.194,Virtual,331.005,885.848,881.617,Virtual,353.940,862.966,875.998,Virtual,359.452,889.108,867.014,Virtual
336,3.35000,305.036,877.133,857.322,Measured,291.007,798.174,852.884,Measured,343.056,746.754,889.061,Measured,420.824,812.623,932.637,Measured,368.769,825.152,871.392,Virtual,191.634,949.956,981.097,Measured,230.161,943.628,988.684,Measured,151.007,971.696,1014.827,Measured,217.100,1005.707,1006.466,Measured,354.106,869.457,850.833,Virtual,379.473,872.715,871.327,Virtual,331.376,885.988,881.585,Virtual,354.247,863.048,875.939,Virtual,359.912,889.223,867.150,Virtual
337,3.36000,305.150,877.187,857.085,Measured,291.116,797.972,852.998,Measured,343.353,746.759,889.281,Measured,420.920,812.849,932.750,Measured,368.913,825.167,871.412,Virtual,191.765,950.007,980.795,Measured,230.238,943.489,988.549,Measured,151.088,971.761,1014.509,Measured,217.430,1005.505,1006.604,Measured,354.411,869.471,850.793,Virtual,379.706,872.491,871.412,Virtual,331.631,885.939,881.541,Virtual,354.415,862.921,875.862,Virtual,360.243,889.118,867.245,Virtual
338,3.37000,305.232,877.172,856.903,Measured,291.217,797.807,852.995,Measured,343.530,746.684,889.350,Measured,421.000,813.015,932.804,Measured,369.015,825.152,871.387,Virtual,191.870,950.086,980.541,Measured,230.252,943.375,988.556,Measured,151.065,971.787,1014.200,Measured,217.588,1005.318,1006.935,Measured,355.018,869.798,851.067,Virtual,380.192,872.573,871.867,Virtual,332.107,886.146,881.782,Virtual,354.834,863.075,876.090,Virtual,360.823,889.307,867.691,Virtual
339,3.38000,305.455,877.348,856.578,Measured,291.333,797.690,852.833,Measured,343.688,746.649,889.202,Measured,421.035,813.087,932.768,Measured,369.167,825.160,871.245,Virtual,191.987,950.117,980.453,Measured,230.297,943.226,988.665,Measured,151.067,971.753,1013.994,Measured,217.742,1005.103,1007.329,Measured,355.641,870.030,851.488,Virtual,380.698,872.595,872.455,Virtual,332.601,886.276,882.162,Virtual,355.283,863.160,876.469,Virtual,361.412,889.420,868.263,Virtual
340,3.39000,304.416,875.822,857.912,Measured,291.420,797.606,852.617,Measured,343.875,746.615,888.939,Measured,421.028,813.134,932.626,Measured,368.760,825.194,871.517,Virtual,192.102,950.134,980.454,Measured,230.344,943.036,988.841,Measured,151.010,971.650,1013.821,Measured,217.850,1004.757,1007.902,Measured,356.400,870.437,852.023,Virtual,381.313,872.745,873.192,Virtual,333.197,886.527,882.655,Virtual,355.835,863.373,876.947,Virtual,362.119,889.674,868.991,Virtual
341,3.40000,304.568,876.029,857.697,Measured,291.606,797.516,852.316,Measured,344.053,746.531,888.570,Measured,421.075,813.178,932.461,Measured,368.902,825.252,871.314,Virtual,192.254,950.085,980.441,Measured,230.406,942.802,988.973,Measured,151.041,971.536,1013.695,Measured,218.045,1004.416,1008.428,Measured,357.001,870.700,852.391,Virtual,381.796,872.758,873.723,Virtual,333.678,886.657,883.001,Virtual,356.260,863.458,877.258,Virtual,362.693,889.791,869.532,Virtual
342,3.41000,304.641,875.940,857.726,Measured,291.743,797.463,852.086,Measured,344.315,746.514,888.275,Measured,421.063,813.243,932.353,Measured,368.991,825.318,871.231,Virtual,192.396,950.066,980.363,Measured,230.480,942.579,989.033,Measured,151.079,971.395,1013.504,Measured,218.182,1004.090,1008.915,Measured,357.656,871.139,852.664,Virtual,382.329,872.948,874.160,Virtual,334.201,886.933,883.258,Virtual,356.742,863.705,877.469,Virtual,363.307,890.076,869.988,Virtual
343,3.42000,304.604,875.914,857.717,Measured,291.883,797.349,852.014,Measured,344.489,746.473,888.265,Measured,421.188,813.433,932.307,Measured,369.058,825.373,871.193,Virtual,192.542,950.090,980.187,Measured,230.539,942.451,988.989,Measured,151.100,971.358,1013.213,Measured,218.340,1003.867,1009.113,Measured,358.189,871.313,852.892,Virtual,382.761,872.942,874.518,Virtual,334.630,887.022,883.450,Virtual,357.132,863.757,877.654,Virtual,363.810,890.146,870.339,Virtual
344,3.43000,304.881,876.224,857.621,Measured,291.897,797.277,852.251,Measured,344.714,746.506,888.456,Measured,421.328,813.595,932.318,Measured,369.227,825.429,871.212,Virtual,192.688,950.149,979.922,Measured,230.628,942.366,988.817,Measured,151.154,971.362,1012.828,Measured,218.443,1003.755,1009.149,Measured,358.708,871.529,852.997,Virtual,383.191,873.023,874.732,Virtual,335.051,887.164,883.517,Virtual,357.531,863.878,877.725,Virtual,364.292,890.282,870.541,Virtual
345,3.44000,305.001,876.296,857.676,Measured,291.999,797.139,852.673,Measured,345.009,746.545,888.755,Measured,421.560,813.768,932.427,Measured,369.386,825.457,871.349,Virtual,192.820,950.149,979.582,Measured,230.695,942.242,988.581,Measured,151.184,971.336,1012.426,Measured,218.625,1003.582,1009.059,Measured,359.053,871.524,852.949,Virtual,383.468,872.887,874.769,Virtual,335.333,887.119,883.441,Virtual,357.775,863.795,877.648,Virtual,364.625,890.206,870.573,Virtual
346,3.45000,305.181,876.433,857.678,Measured,292.085,797.042,853.001,Measured,345.216,746.523,889.061,Measured,421.882,813.917,932.395,Measured,369.567,825.448,871.384,Virtual,192.953,950.057,979.204,Measured,230.753,942.025,988.317,Measured,151.283,971.243,1012.066,Measured,218.775,1003.325,1009.089,Measured,359.368,871.661,852.735,Virtual,383.716,872.845,874.641,Virtual,335.593,887.163,883.231,Virtual,357.989,863.809,877.390,Virtual,364.934,890.237,870.473,Virtual
347,3.46000,305.265,876.396,857.724,Measured,292.167,796.924,853.153,Measured,345.538,746.491,889.144,Measured,422.127,814.021,932.432,Measured,369.717,825.459,871.427,Virtual,193.063,949.897,978.975,Measured,230.802,941.717,988.208,Measured,151.292,971.022,1011.767,Measured,218.896,1002.882,1009.308,Measured,359.843,871.797,852.805,Virtual,384.089,872.770,874.833,Virtual,335.969,887.180,883.284,Virtual,358.322,863.795,877.403,Virtual,365.380,890.244,870.685,Virtual
348,3.47000,305.485,876.396,857.762,Measured,292.943,796.833,853.337,Measured,345.845,746.406,889.159,Measured,422.414,814.041,932.361,Measured,370.096,825.448,871.466,Virtual,193.209,949.726,978.860,Measured,230.854,941.342,988.184,Measured,151.339,970.770,1011.575,Measured,219.101,1002.395,1009.656,Measured,360.276,871.867,852.913,Virtual,384.422,872.595,875.060,Virtual,336.317,887.129,883.386,Virtual,358.610,863.701,877.447,Virtual,365.798,890.169,870.946,Virtual
349,3.48000,305.452,876.211,857.797,Measured,292.811,796.659,853.235,Measured,346.164,746.298,889.100,Measured,422.680,814.061,932.343,Measured,370.156,825.401,871.415,Virtual,193.301,949.535,978.786,Measured,230.897,940.922,988.278,Measured,151.344,970.476,1011.461,Measured,219.209,1001.904,1010.093,Measured,360.768,871.967,853.188,Virtual,384.802,872.465,875.464,Virtual,336.702,887.101,883.641,Virtual,358.949,863.640,877.657,Virtual,366.257,890.128,871.374,Virtual
350,3.49000,305.533,876.119,857.801,Measured,293.318,796.536,853.159,Measured,346.456,746.199,889.022,Measured,422.890,814.023,932.276,Measured,370.406,825.372,871.391,Virtual,193.444,949.353,978.758,Measured,230.963,940.588,988.380,Measured,151.405,970.213,1011.386,Measured,219.448,1001.407,1010.554,Measured,361.218,872.075,853.390,Virtual,385.151,872.328,875.779,Virtual,337.067,887.081,883.839,Virtual,359.256,863.582,877.791,Virtual,366.689,890.087,871.729,Virtual
351,3.50000,305.604,876.108,857.775,Measured,293.393,796.498,853.009,Measured,346.724,746.134,888.882,Measured,423.070,814.077,932.191,Measured,370.531,825.404,871.304,Virtual,193.638,949.224,978.711,Measured,231.091,940.324,988.463,Measured,151.522,970.041,1011.316,Measured,219.610,1001.069,1010.967,Measured,361.758,872.297,853.635,Virtual,385.594,872.357,876.128,Virtual,337.512,887.183,884.068,Virtual,359.669,863.664,877.977,Virtual,367.194,890.186,872.104,Virtual
352,3.51000,305.527,876.002,857.922,Measured,293.498,796.413,853.063,Measured,346.926,746.121,888.822,Measured,423.218,814.112,932.111,Measured,370.580,825.429,871.306,Virtual,193.863,949.202,978.705,Measured,231.226,940.180,988.582,Measured,151.637,969.966,1011.256,Measured,219.824,1000.808,1011.383,Measured,362.322,872.561,853.946,Virtual,386.058,872.430,876.544,Virtual,337.981,887.338,884.356,Virtual,360.103,863.795,878.228,Virtual,367.723,890.330,872.541,Virtual
353,3.52000,305.514,875.934,858.047,Measured,293.344,796.065,853.596,Measured,347.384,746.240,888.746,Measured,423.461,814.274,931.986,Measured,370.618,825.469,871.302,Virtual,194.142,949.250,978.702,Measured,231.466,940.087,988.678,Measured,151.850,969.957,1011.223,Measured,220.133,1000.636,1011.795,Measured,362.888,872.901,854.157,Virtual,386.537,872.579,876.844,Virtual,338.470,887.567,884.558,Virtual,360.554,864.002,878.380,Virtual,368.264,890.549,872.874,Virtual
354,3.53000,305.537,875.890,858.225,Measured,293.395,795.951,853.807,Measured,347.595,746.178,888.941,Measured,423.685,814.422,931.889,Measured,370.699,825.470,871.340,Virtual,194.462,949.338,978.744,Measured,231.697,940.013,988.808,Measured,152.113,969.985,1011.247,Measured,220.498,1000.483,1012.212,Measured,363.388,873.165,854.358,Virtual,386.961,872.650,877.121,Virtual,338.912,887.739,884.756,Virtual,360.947,864.143,878.524,Virtual,368.754,890.696,873.187,Virtual
355,3.54000,305.541,875.745,858.289,Measured,293.578,795.746,853.969,Measured,348.024,746.203,889.053,Measured,423.949,814.654,931.828,Measured,370.852,825.515,871.351,Virtual,194.769,949.368,978.857,Measured,231.956,939.869,988.974,Measured,152.360,969.934,1011.302,Measured,220.812,1000.182,1012.751,Measured,363.970,873.533,854.610,Virtual,387.449,872.792,877.463,Virtual,339.415,887.973,885.009,Virtual,361.405,864.354,878.704,Virtual,369.312,890.919,873.580,Virtual
356,3.55000,305.514,875.672,858.364,Measured,293.709,795.638,854.042,Measured,348.285,746.187,889.090,Measured,424.136,814.856,931.793,Measured,370.941,825.576,871.361,Virtual,195.070,949.312,978.969,Measured,232.207,939.651,989.189,Measured,152.696,969.774,1011.502,Measured,221.241,999.838,1013.297,Measured,364.341,873.774,854.648,Virtual,387.766,872.813,877.548,Virtual,339.762,888.091,885.087,Virtual,361.694,864.446,878.677,Virtual,369.693,891.020,873.743,Virtual
357,3.56000,305.525,875.670,858.343,Measured,293.849,795.601,854.103,Measured,348.478,746.242,889.144,Measured,424.288,815.068,931.691,Measured,371.031,825.657,871.314,Virtual,195.310,949.196,979.162,Measured,232.405,939.339,989.422,Measured,152.825,969.542,1011.596,Measured,221.410,999.361,1013.956,Measured,364.989,874.140,855.064,Virtual,388.299,872.943,878.071,Virtual,340.299,888.292,885.490,Virtual,362.199,864.637,879.008,Virtual,370.293,891.226,874.315,Virtual
358,3.57000,305.417,875.675,858.358,Measured,293.808,795.627,854.123,Measured,348.606,746.347,889.090,Measured,424.426,815.214,931.549,Measured,371.019,825.763,871.231,Virtual,195.540,948.977,979.280,Measured,232.560,938.976,989.603,Measured,153.032,969.208,1011.773,Measured,221.740,998.838,1014.535,Measured,365.325,874.346,855.095,Virtual,388.572,872.912,878.151,Virtual,340.598,888.348,885.559,Virtual,362.445,864.677,878.961,Virtual,370.629,891.275,874.484,Virtual
359,3.58000,305.351,875.779,858.251,Measured,293.829,795.721,854.048,Measured,348.581,746.416,888.958,Measured,424.495,815.340,931.348,Measured,371.005,825.864,871.074,Virtual,195.710,948.725,979.383,Measured,232.685,938.572,989.720,Measured,153.128,968.881,1011.852,Measured,221.907,998.245,1015.095,Measured,365.731,874.572,855.229,Virtual,388.889,872.895,878.359,Virtual,340.933,888.414,885.709,Virtual,362.736,864.730,879.011,Virtual,371.013,891.338,874.766,Virtual
360,3.59000,305.307,875.813,858.121,Measured,293.801,795.771,853.851,Measured,348.679,746.478,888.640,Measured,424.566,815.403,930.972,Measured,370.999,825.948,870.794,Virtual,195.872,948.444,979.402,Measured,232.747,938.091,989.780,Measured,153.177,968.481,1011.944,Measured,222.075,997.706,1015.583,Measured,366.011,874.762,855.210,Virtual,389.101,872.861,878.390,Virtual,341.164,888.447,885.721,Virtual,362.927,864.757,878.912,Virtual,371.281,891.374,874.881,Virtual
361,3.60000,305.267,875.886,857.960,Measured,293.918,795.833,853.520,Measured,348.804,746.501,888.214,Measured,424.686,815.483,930.573,Measured,371.049,826.062,870.474,Virtual,195.993,948.124,979.426,Measured,232.805,937.604,989.839,Measured,153.272,968.026,1012.012,Measured,222.213,996.954,1016.090,Measured,366.289,874.993,855.125,Virtual,389.302,872.825,878.358,Virtual,341.390,888.493,885.677,Virtual,363.102,864.796,878.731,Virtual,371.549,891.421,874.953,Virtual
362,3.61000,305.296,876.004,857.720,Measured,294.001,795.920,853.134,Measured,348.946,746.527,887.763,Measured,424.829,815.515,930.163,Measured,371.131,826.162,870.113,Virtual,196.095,947.768,979.386,Measured,232.802,937.054,989.805,Measured,153.289,967.472,1012.045,Measured,222.309,996.264,1016.540,Measured,366.519,875.308,854.915,Virtual,389.469,872.896,878.187,Virtual,341.571,888.605,885.516,Virtual,363.250,864.921,878.427,Virtual,371.764,891.558,874.893,Virtual
363,3.62000,305.196,876.099,857.618,Measured,294.014,796.015,852.893,Measured,349.039,746.581,887.287,Measured,425.001,815.592,929.657,Measured,371.129,826.295,869.751,Virtual,196.162,947.362,979.365,Measured,232.839,936.420,989.837,Measured,153.301,966.877,1012.022,Measured,222.400,995.374,1016.971,Measured,366.831,875.381,854.897,Virtual,389.689,872.704,878.230,Virtual,341.813,888.498,885.517,Virtual,363.446,864.808,878.309,Virtual,372.052,891.447,875.028,Virtual
364,3.63000,305.132,876.149,857.605,Measured,293.995,796.118,852.608,Measured,349.156,746.654,886.826,Measured,425.082,815.607,929.256,Measured,371.120,826.423,869.473,Virtual,196.265,946.937,979.222,Measured,232.859,935.849,989.707,Measured,153.342,966.272,1011.931,Measured,222.447,994.660,1017.317,Measured,367.156,875.707,854.668,Virtual,389.944,872.809,878.043,Virtual,342.072,888.618,885.323,Virtual,363.689,864.953,877.986,Virtual,372.345,891.604,874.942,Virtual
365,3.64000,304.920,876.157,857.358,Measured,293.944,796.182,852.299,Measured,349.150,746.654,886.427,Measured,425.187,815.730,928.730,Measured,371.034,826.508,869.055,Virtual,196.334,946.578,979.092,Measured,232.877,935.311,989.581,Measured,153.397,965.764,1011.830,Measured,222.613,993.898,1017.628,Measured,367.332,875.828,854.382,Virtual,390.052,872.668,877.789,Virtual,342.211,888.567,885.078,Virtual,363.772,864.895,877.602,Virtual,372.519,891.543,874.798,Virtual
366,3.65000,304.849,876.165,857.249,Measured,293.945,796.183,852.014,Measured,349.260,746.667,886.007,Measured,425.258,815.743,928.220,Measured,371.020,826.568,868.703,Virtual,196.452,946.289,978.926,Measured,232.926,934.870,989.454,Measured,153.476,965.360,1011.664,Measured,222.697,993.321,1017.869,Measured,367.681,876.000,854.285,Virtual,390.322,872.638,877.740,Virtual,342.493,888.591,884.987,Virtual,364.027,864.922,877.422,Virtual,372.839,891.569,874.819,Virtual
367,3.66000,304.733,876.088,857.081,Measured,293.811,795.974,852.020,Measured,349.513,746.726,885.505,Measured,425.421,815.882,927.725,Measured,370.976,826.624,868.336,Virtual,196.582,946.073,978.859,Measured,232.999,934.441,989.359,Measured,153.588,965.021,1011.659,Measured,222.907,992.719,1018.178,Measured,367.796,876.144,853.990,Virtual,390.386,872.538,877.458,Virtual,342.595,888.589,884.741,Virtual,364.067,864.908,877.039,Virtual,372.968,891.546,874.647,Virtual
368,3.67000,304.693,876.087,856.823,Measured,293.943,795.943,851.699,Measured,349.788,746.800,885.028,Measured,425.528,815.864,927.344,Measured,371.059,826.699,867.997,Virtual,196.701,945.797,978.797,Measured,233.074,934.010,989.343,Measured,153.679,964.641,1011.571,Measured,223.045,992.082,1018.547,Measured,368.178,876.291,854.027,Virtual,390.674,872.450,877.549,Virtual,342.904,888.586,884.779,Virtual,364.335,864.899,876.981,Virtual,373.321,891.528,874.814,Virtual
369,3.68000,304.624,876.114,856.683,Measured,293.887,795.948,851.432,Measured,349.911,746.857,884.679,Measured,425.593,815.986,927.051,Measured,371.041,826.807,867.738,Virtual,196.844,945.466,978.757,Measured,233.151,933.481,989.328,Measured,153.767,964.151,1011.585,Measured,223.232,991.306,1019.082,Measured,368.528,876.639,853.912,Virtual,390.930,872.492,877.471,Virtual,343.189,888.715,884.696,Virtual,364.569,865.035,876.738,Virtual,373.649,891.654,874.864,Virtual
370,3.69000,304.557,876.304,856.477,Measured,293.783,796.101,851.175,Measured,349.758,746.985,884.381,Measured,425.475,816.057,926.819,Measured,370.940,826.937,867.507,Virtual,196.945,945.079,978.758,Measured,233.179,932.862,989.362,Measured,153.807,963.557,1011.596,Measured,223.311,990.430,1019.675,Measured,368.953,877.000,853.940,Virtual,391.242,872.539,877.549,Virtual,343.521,888.838,884.740,Virtual,364.861,865.174,876.629,Virtual,374.032,891.781,875.068,Virtual
371,3.70000,304.290,876.484,856.237,Measured,293.582,796.278,850.939,Measured,349.548,747.126,884.138,Measured,425.311,816.240,926.477,Measured,370.718,827.109,867.216,Virtual,197.021,944.658,978.742,Measured,233.159,932.241,989.430,Measured,153.742,962.898,1011.631,Measured,223.278,989.485,1020.288,Measured,369.426,877.497,854.031,Virtual,391.593,872.728,877.694,Virtual,343.879,889.067,884.838,Virtual,365.199,865.438,876.572,Virtual,374.442,892.038,875.340,Virtual
372,3.71000,304.110,876.736,856.008,Measured,293.317,796.432,850.752,Measured,349.342,747.282,883.881,Measured,425.128,816.379,926.216,Measured,370.511,827.273,866.969,Virtual,197.107,944.252,978.737,Measured,233.146,931.594,989.490,Measured,153.750,962.256,1011.609,Measured,223.270,988.536,1020.883,Measured,369.938,877.876,854.191,Virtual,391.972,872.790,877.913,Virtual,344.271,889.197,884.991,Virtual,365.562,865.593,876.582,Virtual,374.890,892.176,875.678,Virtual
373,3.72000,303.892,876.813,855.822,Measured,293.153,796.471,850.613,Measured,349.273,747.375,883.630,Measured,425.057,816.574,925.768,Measured,370.339,827.394,866.650,Virtual,197.172,943.831,978.738,Measured,233.121,931.012,989.559,Measured,153.640,961.704,1011.610,Measured,223.210,987.687,1021.455,Measured,370.421,878.196,854.452,Virtual,392.324,872.832,878.233,Virtual,344.631,889.297,885.229,Virtual,365.902,865.717,876.706,Virtual,375.303,892.283,876.095,Virtual
374,3.73000,303.633,876.667,855.832,Measured,293.128,796.403,850.603,Measured,349.432,747.440,883.443,Measured,425.134,816.709,925.517,Measured,370.256,827.473,866.504,Virtual,197.266,943.482,978.734,Measured,233.130,930.458,989.649,Measured,153.646,961.196,1011.486,Measured,223.285,986.798,1021.939,Measured,370.981,878.279,854.809,Virtual,392.731,872.619,878.662,Virtual,345.062,889.204,885.540,Virtual,366.291,865.619,876.924,Virtual,375.796,892.153,876.603,Virtual
375,3.74000,303.620,876.608,855.731,Measured,292.887,796.062,850.739,Measured,349.815,747.408,883.226,Measured,425.352,816.882,925.258,Measured,370.262,827.467,866.302,Virtual,197.376,943.176,978.760,Measured,233.123,929.968,989.683,Measured,153.632,960.752,1011.396,Measured,223.300,986.124,1022.348,Measured,371.451,878.401,855.103,Virtual,393.082,872.518,879.010,Virtual,345.425,889.175,885.797,Virtual,366.633,865.598,877.108,Virtual,376.205,892.109,877.015,Virtual
376,3.75000,303.529,876.404,855.804,Measured,292.965,795.833,850.859,Measured,350.183,747.360,883.202,Measured,425.604,817.093,925.062,Measured,370.326,827.482,866.224,Virtual,197.466,942.843,978.696,Measured,233.132,929.425,989.677,Measured,153.661,960.274,1011.356,Measured,223.346,985.350,1022.728,Measured,371.780,878.530,855.157,Virtual,393.310,872.395,879.093,Virtual,345.678,889.136,885.846,Virtual,366.848,865.567,877.044,Virtual,376.497,892.050,877.195,Virtual
377,3.76000,303.435,876.349,855.938,Measured,293.060,795.783,851.089,Measured,350.400,747.365,883.267,Measured,425.824,817.229,924.977,Measured,370.378,827.534,866.246,Virtual,197.534,942.468,978.649,Measured,233.125,928.814,989.592,Measured,153.663,959.745,1011.288,Measured,223.432,984.568,1023.082,Measured,372.012,878.584,855.097,Virtual,393.454,872.196,879.046,Virtual,345.853,889.028,885.792,Virtual,366.977,865.464,876.866,Virtual,376.705,891.917,877.253,Virtual
378,3.77000,303.490,876.450,855.967,Measured,293.102,795.844,851.319,Measured,350.472,747.435,883.487,Measured,425.924,817.383,924.929,Measured,370.433,827.596,866.278,Virtual,197.535,941.967,978.508,Measured,233.046,928.137,989.463,Measured,153.618,959.047,1011.087,Measured,223.335,983.556,1023.462,Measured,372.435,878.862,855.120,Virtual,393.749,872.181,879.102,Virtual,346.161,889.070,885.796,Virtual,367.266,865.540,876.735,Virtual,377.060,891.962,877.428,Virtual
379,3.78000,303.374,876.492,856.086,Measured,293.073,795.928,851.609,Measured,350.521,747.491,883.701,Measured,426.111,817.524,924.858,Measured,370.418,827.664,866.318,Virtual,197.500,941.397,978.358,Measured,232.941,927.366,989.243,Measured,153.505,958.348,1011.011,Measured,223.362,982.516,1023.777,Measured,372.435,878.886,854.750,Virtual,393.676,871.908,878.713,Virtual,346.131,888.894,885.466,Virtual,367.175,865.380,876.228,Virtual,377.057,891.760,877.191,Virtual
380,3.79000,303.544,876.840,855.952,Measured,293.058,795.962,851.812,Measured,350.616,747.509,883.824,Measured,426.249,817.650,924.739,Measured,370.521,827.726,866.250,Virtual,197.443,940.808,978.212,Measured,232.792,926.536,989.101,Measured,153.386,957.539,1010.785,Measured,223.187,981.290,1024.181,Measured,372.832,879.074,854.807,Virtual,393.921,871.755,878.802,Virtual,346.398,888.828,885.495,Virtual,367.412,865.346,876.104,Virtual,377.378,891.680,877.415,Virtual
381,3.80000,303.446,876.836,856.004,Measured,293.154,795.962,851.992,Measured,350.356,747.360,884.236,Measured,426.405,817.804,924.673,Measured,370.490,827.653,866.282,Virtual,197.352,940.228,978.058,Measured,232.581,925.755,988.930,Measured,153.187,956.807,1010.594,Measured,223.049,980.216,1024.516,Measured,373.023,879.099,854.771,Virtual,393.990,871.482,878.780,Virtual,346.498,888.649,885.443,Virtual,367.472,865.187,875.915,Virtual,377.518,891.474,877.516,Virtual
382,3.81000,303.427,876.839,856.119,Measured,293.167,795.948,852.121,Measured,350.625,747.410,884.153,Measured,426.499,818.010,924.646,Measured,370.529,827.782,866.303,Virtual,197.251,939.685,977.902,Measured,232.380,924.994,988.863,Measured,152.972,956.078,1010.408,Measured,222.813,979.145,1024.925,Measured,373.401,879.240,854.990,Virtual,394.217,871.325,879.035,Virtual,346.740,888.569,885.613,Virtual,367.695,865.139,875.966,Virtual,377.811,891.378,877.879,Virtual
383,3.82000,303.349,876.889,856.168,Measured,293.296,796.024,852.230,Measured,350.610,747.485,884.266,Measured,426.514,818.229,924.678,Measured,370.525,827.898,866.361,Virtual,197.124,939.231,977.915,Measured,232.149,924.362,988.849,Measured,152.712,955.508,1010.264,Measured,222.581,978.244,1025.259,Measured,373.639,879.161,855.299,Virtual,394.323,871.011,879.379,Virtual,346.867,888.344,885.869,Virtual,367.798,864.924,876.146,Virtual,377.980,891.120,878.295,Virtual
384,3.83000,303.190,876.942,856.468,Measured,293.094,796.198,852.418,Measured,350.671,747.800,884.378,Measured,426.418,818.480,924.711,Measured,370.382,828.147,866.498,Virtual,196.823,938.716,978.000,Measured,231.835,923.735,988.926,Measured,152.401,954.886,1010.120,Measured,222.200,977.378,1025.680,Measured,373.880,879.084,855.807,Virtual,394.427,870.731,879.934,Virtual,346.977,888.125,886.303,Virtual,367.906,864.724,876.530,Virtual,378.133,890.882,878.902,Virtual
385,3.84000,302.886,877.229,856.491,Measured,292.890,796.421,852.672,Measured,350.270,747.907,884.790,Measured,426.186,818.782,924.857,Measured,370.111,828.311,866.644,Virtual,196.617,938.280,978.020,Measured,231.537,923.143,989.076,Measured,152.092,954.322,1009.959,Measured,221.847,976.592,1026.086,Measured,374.276,878.962,856.508,Virtual,394.662,870.416,880.704,Virtual,347.215,887.881,886.901,Virtual,368.148,864.491,877.109,Virtual,378.420,890.611,879.698,Virtual
386,3.85000,302.615,877.474,856.882,Measured,292.458,796.719,853.065,Measured,349.863,748.153,885.163,Measured,426.087,819.038,924.852,Measured,369.788,828.522,866.820,Virtual,196.375,937.848,978.051,Measured,231.287,922.602,989.094,Measured,151.730,953.740,1009.807,Measured,221.449,975.781,1026.521,Measured,374.626,879.250,856.973,Virtual,394.873,870.488,881.210,Virtual,347.418,887.971,887.292,Virtual,368.370,864.628,877.429,Virtual,378.665,890.713,880.275,Virtual
387,3.86000,302.203,877.724,857.228,Measured,292.156,796.943,853.506,Measured,349.504,748.389,885.574,Measured,425.945,819.297,924.946,Measured,369.455,828.739,867.050,Virtual,196.260,937.454,978.031,Measured,231.046,922.074,989.218,Measured,151.472,953.151,1009.732,Measured,221.090,974.986,1026.904,Measured,375.033,879.460,857.495,Virtual,395.146,870.508,881.772,Virtual,347.681,888.004,887.734,Virtual,368.656,864.705,877.817,Virtual,378.966,890.757,880.895,Virtual
388,3.87000,302.064,877.999,857.488,Measured,291.747,797.198,853.995,Measured,349.224,748.620,885.859,Measured,425.885,819.546,924.895,Measured,369.213,828.927,867.165,Virtual,196.086,937.045,978.017,Measured,230.780,921.506,989.255,Measured,151.181,952.549,1009.645,Measured,220.797,974.157,1027.270,Measured,375.262,879.617,857.808,Virtual,395.257,870.450,882.102,Virtual,347.797,887.985,887.995,Virtual,368.774,864.723,877.993,Virtual,379.116,890.734,881.308,Virtual
389,3.88000,301.765,878.239,857.704,Measured,291.425,797.419,854.341,Measured,349.008,748.831,886.036,Measured,425.736,819.732,924.927,Measured,368.942,829.131,867.294,Virtual,195.874,936.615,978.068,Measured,230.479,920.968,989.403,Measured,150.843,951.995,1009.525,Measured,220.353,973.358,1027.708,Measured,375.671,879.705,858.529,Virtual,395.508,870.343,882.879,Virtual,348.043,887.916,888.610,Virtual,369.040,864.687,878.576,Virtual,379.404,890.658,882.125,Virtual
390,3.89000,301.547,878.508,857.836,Measured,291.126,797.663,854.598,Measured,348.721,749.071,886.202,Measured,425.564,819.919,924.929,Measured,368.693,829.329,867.374,Virtual,195.708,936.228,978.121,Measured,230.200,920.451,989.546,Measured,150.565,951.466,1009.460,Measured,220.012,972.633,1028.068,Measured,375.953,879.689,859.089,Virtual,395.665,870.160,883.476,Virtual,348.200,887.775,889.089,Virtual,369.208,864.570,879.021,Virtual,379.595,890.504,882.763,Virtual
391,3.90000,301.186,878.742,858.083,Measured,290.792,797.916,854.831,Measured,348.407,749.340,886.398,Measured,425.302,820.164,924.989,Measured,368.356,829.580,867.522,Virtual,195.510,935.816,978.179,Measured,229.936,919.947,989.737,Measured,150.175,950.952,1009.321,Measured,219.582,971.897,1028.538,Measured,376.462,879.775,859.983,Virtual,396.000,870.064,884.438,Virtual,348.526,887.714,889.851,Virtual,369.565,864.541,879.775,Virtual,379.965,890.436,883.747,Virtual
392,3.91000,300.876,878.912,858.240,Measured,290.472,798.105,855.073,Measured,348.186,749.578,886.582,Measured,425.145,820.401,925.028,Measured,368.080,829.783,867.622,Virtual,195.313,935.389,978.180,Measured,229.625,919.321,989.934,Measured,149.838,950.445,1009.212,Measured,219.158,971.184,1028.845,Measured,376.768,879.381,860.787,Virtual,396.152,869.531,885.308,Virtual,348.687,887.263,890.535,Virtual,369.731,864.084,880.481,Virtual,380.166,889.940,884.612,Virtual
393,3.92000,300.664,879.103,858.409,Measured,290.179,798.269,855.421,Measured,347.939,749.751,886.930,Measured,425.062,820.659,924.981,Measured,367.849,829.927,867.713,Virtual,195.141,934.891,978.134,Measured,229.371,918.684,990.007,Measured,149.551,949.828,1009.085,Measured,218.850,970.328,1029.092,Measured,376.992,879.162,861.234,Virtual,396.254,869.145,885.784,Virtual,348.800,886.935,890.905,Virtual,369.844,863.772,880.816,Virtual,380.307,889.587,885.130,Virtual
394,3.93000,300.633,879.237,858.727,Measured,289.893,798.396,855.951,Measured,347.898,749.972,887.088,Measured,425.144,820.791,924.864,Measured,367.733,830.052,867.807,Virtual,194.889,934.293,978.081,Measured,229.031,917.940,989.996,Measured,149.193,949.118,1008.926,Measured,218.426,969.339,1029.367,Measured,377.148,878.975,861.625,Virtual,396.281,868.758,886.194,Virtual,348.839,886.608,891.221,Virtual,369.883,863.471,881.072,Virtual,380.377,889.236,885.603,Virtual
395,3.94000,300.108,879.310,859.450,Measured,289.651,798.540,856.496,Measured,347.748,750.028,887.404,Measured,425.258,820.901,924.722,Measured,367.429,830.199,868.035,Virtual,194.638,933.629,977.975,Measured,228.666,917.092,989.911,Measured,148.813,948.244,1008.724,Measured,218.001,968.187,1029.692,Measured,377.349,878.987,861.916,Virtual,396.345,868.518,886.486,Virtual,348.911,886.412,891.442,Virtual,369.961,863.326,881.191,Virtual,380.481,889.030,885.999,Virtual
396,3.95000,300.060,879.549,859.989,Measured,289.337,798.749,857.176,Measured,347.547,750.129,887.625,Measured,425.436,820.873,924.518,Measured,367.285,830.269,868.175,Virtual,194.243,932.938,977.797,Measured,228.191,916.264,989.825,Measured,148.345,947.430,1008.498,Measured,217.432,967.053,1029.933,Measured,377.399,878.823,862.218,Virtual,396.257,868.126,886.795,Virtual,348.838,886.080,891.666,Virtual,369.888,863.029,881.337,Virtual,380.438,888.674,886.392,Virtual
397,3.96000,299.639,879.708,860.951,Measured,289.010,799.003,857.854,Measured,347.322,750.280,887.936,Measured,425.575,820.870,924.428,Measured,366.982,830.447,868.513,Virtual,193.850,932.232,977.576,Measured,227.751,915.390,989.537,Measured,147.750,946.559,1008.168,Measured,216.780,965.869,1030.150,Measured,377.503,878.987,862.398,Virtual,396.221,868.032,886.968,Virtual,348.802,886.004,891.768,Virtual,369.874,863.023,881.328,Virtual,380.432,888.604,886.680,Virtual
398,3.97000,299.544,879.925,861.702,Measured,288.689,799.238,858.696,Measured,347.179,750.462,888.310,Measured,425.772,820.962,924.314,Measured,366.817,830.594,868.794,Virtual,193.415,931.611,977.406,Measured,227.232,914.608,989.411,Measured,147.194,945.774,1007.732,Measured,216.087,964.814,1030.336,Measured,377.754,878.877,863.005,Virtual,396.292,867.708,887.616,Virtual,348.873,885.730,892.237,Virtual,369.974,862.788,881.767,Virtual,380.541,888.310,887.376,Virtual
399,3.98000,299.351,880.071,862.414,Measured,288.370,799.413,859.628,Measured,346.989,750.654,888.985,Measured,425.959,821.111,924.425,Measured,366.622,830.701,869.209,Virtual,193.019,931.008,977.144,Measured,226.715,913.882,989.237,Measured,146.586,945.017,1007.307,Measured,215.421,963.838,1030.412,Measured,377.917,878.794,863.449,Virtual,396.303,867.445,888.091,Virtual,348.879,885.491,892.561,Virtual,370.013,862.593,882.062,Virtual,380.576,888.067,887.895,Virtual
400,3.99000,299.202,880.151,863.273,Measured,288.219,799.609,860.535,Measured,347.008,750.846,889.681,Measured,426.109,821.345,924.568,Measured,366.503,830.872,869.702,Virtual,192.590,930.460,976.918,Measured,226.170,913.189,989.077,Measured,146.002,944.323,1006.873,Measured,214.728,962.906,1030.430,Measured,378.022,878.599,863.913,Virtual,396.257,867.084,888.591,Virtual,348.835,885.172,892.904,Virtual,369.993,862.304,882.391,Virtual,380.560,887.729,888.426,Virtual
401,4.00000,299.070,880.138,863.866,Measured,288.154,799.661,861.394,Measured,347.082,751.076,890.477,Measured,426.355,821.641,924.888,Measured,366.465,830.989,870.192,Virtual,192.109,929.890,976.582,Measured,225.632,912.523,988.861,Measured,145.387,943.624,1006.385,Measured,213.999,962.033,1030.445,Measured,378.141,878.529,864.337,Virtual,396.230,866.860,889.049,Virtual,348.798,884.961,893.203,Virtual,369.998,862.137,882.677,Virtual,380.551,887.518,888.915,Virtual
402,4.01000,298.949,880.275,864.255,Measured,288.072,799.719,862.406,Measured,347.155,751.235,891.327,Measured,426.543,822.004,925.170,Measured,366.416,831.095,870.629,Virtual,191.617,929.316,976.276,Measured,225.065,911.941,988.485,Measured,144.773,942.992,1005.891,Measured,213.270,961.209,1030.361,Measured,378.067,878.522,864.459,Virtual,396.049,866.710,889.181,Virtual,348.610,884.812,893.239,Virtual,369.841,862.034,882.676,Virtual,380.381,887.376,889.095,Virtual
403,4.02000,298.974,880.240,864.942,Measured,288.033,799.720,863.239,Measured,347.322,751.448,892.070,Measured,426.792,822.263,925.417,Measured,366.442,831.190,871.110,Virtual,191.151,928.716,975.952,Measured,224.517,911.220,988.327,Measured,144.128,942.257,1005.432,Measured,212.543,960.360,1030.284,Measured,378.124,878.202,864.924,Virtual,395.975,866.288,889.692,Virtual,348.526,884.401,893.578,Virtual,369.798,861.651,883.038,Virtual,380.318,886.963,889.604,Virtual
404,4.03000,298.972,880.492,865.372,Measured,287.847,799.830,864.228,Measured,347.280,751.566,892.783,Measured,427.072,822.506,925.463,Measured,366.392,831.260,871.423,Virtual,190.635,928.070,975.582,Measured,223.933,910.548,987.953,Measured,143.537,941.518,1004.882,Measured,211.817,959.437,1030.185,Measured,378.085,878.113,865.073,Virtual,395.818,866.047,889.853,Virtual,348.362,884.167,893.631,Virtual,369.668,861.464,883.055,Virtual,380.174,886.732,889.813,Virtual
405,4.04000,298.651,880.676,866.192,Measured,287.527,799.933,865.080,Measured,347.292,751.770,893.260,Measured,427.249,822.581,925.440,Measured,366.170,831.418,871.790,Virtual,190.159,927.442,975.232,Measured,223.433,909.801,987.668,Measured,142.929,940.688,1004.403,Measured,211.088,958.483,1030.090,Measured,378.120,878.088,865.300,Virtual,395.744,865.890,890.092,Virtual,348.269,883.981,893.756,Virtual,369.625,861.340,883.153,Virtual,380.096,886.572,890.095,Virtual
406,4.05000,298.503,881.055,866.943,Measured,287.195,800.197,866.040,Measured,347.134,751.880,893.570,Measured,427.550,822.544,925.191,Measured,365.991,831.543,872.017,Virtual,189.673,926.797,974.884,Measured,222.859,909.120,987.353,Measured,142.311,939.925,1003.895,Measured,210.374,957.522,1029.990,Measured,378.093,877.996,865.498,Virtual,395.600,865.648,890.300,Virtual,348.117,883.742,893.854,Virtual,369.511,861.150,883.218,Virtual,379.963,886.337,890.350,Virtual
407,4.06000,298.216,881.332,867.803,Measured,286.780,800.460,866.738,Measured,346.910,752.031,893.702,Measured,427.649,822.434,924.859,Measured,365.682,831.697,872.202,Virtual,189.263,926.163,974.470,Measured,222.390,908.359,987.115,Measured,141.729,939.169,1003.415,Measured,209.691,956.647,1029.891,Measured,378.178,877.721,865.864,Virtual,395.560,865.261,890.697,Virtual,348.068,883.360,894.098,Virtual,369.503,860.805,883.470,Virtual,379.931,885.957,890.759,Virtual
408,4.07000,297.982,881.502,868.275,Measured,286.730,800.637,867.332,Measured,346.641,752.175,893.776,Measured,427.731,822.430,924.436,Measured,365.477,831.797,872.219,Virtual,188.786,925.575,974.137,Measured,221.807,907.747,986.853,Measured,141.120,938.463,1002.862,Measured,208.993,955.787,1029.769,Measured,378.207,877.556,866.209,Virtual,395.462,864.974,891.069,Virtual,347.962,883.079,894.322,Virtual,369.439,860.563,883.695,Virtual,379.842,885.677,891.150,Virtual
409,4.08000,297.862,881.838,868.814,Measured,286.611,800.883,867.744,Measured,346.329,752.341,893.706,Measured,427.698,822.381,924.009,Measured,365.270,831.964,872.227,Virtual,188.319,925.038,973.815,Measured,221.321,907.141,986.570,Measured,140.535,937.872,1002.362,Measured,208.225,955.006,1029.718,Measured,378.288,877.482,866.633,Virtual,395.407,864.766,891.519,Virtual,347.900,882.882,894.615,Virtual,369.420,860.407,883.987,Virtual,379.798,885.477,891.622,Virtual
410,4.09000,297.453,882.128,869.099,Measured,286.411,801.102,868.197,Measured,346.025,752.577,893.460,Measured,427.637,822.380,923.788,Measured,364.963,832.181,872.228,Virtual,187.874,924.502,973.321,Measured,220.861,906.627,986.313,Measured,140.017,937.259,1001.909,Measured,207.645,954.323,1029.605,Measured,378.255,877.426,866.759,Virtual,395.290,864.621,891.657,Virtual,347.769,882.715,894.655,Virtual,369.330,860.284,884.019,Virtual,379.676,885.328,891.783,Virtual
411,4.10000,297.355,882.450,869.584,Measured,285.812,801.418,868.593,Measured,345.565,752.750,893.575,Measured,427.560,822.332,923.467,Measured,364.618,832.300,872.264,Virtual,187.563,924.059,972.999,Measured,220.507,906.055,986.114,Measured,139.589,936.690,1001.544,Measured,207.093,953.554,1029.550,Measured,378.344,877.376,867.031,Virtual,395.269,864.434,891.933,Virtual,347.747,882.544,894.828,Virtual,369.338,860.153,884.167,Virtual,379.667,885.151,892.100,Virtual
412,4.11000,296.918,882.665,870.057,Measured,285.424,801.684,869.023,Measured,345.216,752.978,893.588,Measured,427.469,822.429,923.219,Measured,364.223,832.521,872.331,Virtual,187.309,923.661,972.709,Measured,220.235,905.695,985.923,Measured,139.263,936.162,1001.208,Measured,206.723,953.107,1029.440,Measured,378.395,877.452,867.113,Virtual,395.284,864.488,892.028,Virtual,347.731,882.526,894.854,Virtual,369.376,860.185,884.198,Virtual,379.653,885.182,892.200,Virtual
413,4.12000,296.745,882.940,870.276,Measured,285.032,801.995,869.407,Measured,344.892,753.164,893.668,Measured,427.305,822.435,922.965,Measured,363.929,832.654,872.327,Virtual,187.150,923.380,972.536,Measured,220.091,905.436,985.781,Measured,139.069,935.828,1001.038,Measured,206.445,952.755,1029.321,Measured,378.383,877.482,867.093,Virtual,395.257,864.499,892.008,Virtual,347.685,882.492,894.808,Virtual,369.361,860.184,884.145,Virtual,379.608,885.179,892.191,Virtual
414,4.13000,296.769,883.565,870.285,Measured,284.717,802.282,869.515,Measured,344.581,753.306,893.854,Measured,427.350,822.515,922.841,Measured,363.814,832.824,872.290,Virtual,187.038,923.247,972.450,Measured,220.018,905.436,985.700,Measured,138.953,935.698,1000.885,Measured,206.329,952.955,1029.038,Measured,378.271,877.284,867.004,Virtual,395.203,864.467,891.967,Virtual,347.590,882.357,894.726,Virtual,369.309,860.050,884.152,Virtual,379.503,885.110,892.062,Virtual
415,4.14000,296.267,883.948,870.659,Measured,283.831,802.491,870.230,Measured,344.252,753.518,894.031,Measured,427.184,822.583,922.485,Measured,363.241,832.992,872.313,Virtual,187.015,923.245,972.442,Measured,220.010,905.550,985.744,Measured,138.922,935.825,1000.902,Measured,206.297,953.188,1028.883,Measured,378.163,877.005,867.013,Virtual,395.125,864.298,892.011,Virtual,347.503,882.169,894.743,Virtual,369.227,859.833,884.237,Virtual,379.412,884.931,892.039,Virtual
416,4.15000,296.011,884.276,871.189,Measured,283.206,802.930,870.585,Measured,343.747,753.835,894.335,Measured,426.990,822.660,922.176,Measured,362.800,833.214,872.394,Virtual,186.987,923.325,972.513,Measured,220.007,905.713,985.808,Measured,138.998,936.064,1000.996,Measured,206.519,953.735,1028.644,Measured,377.760,876.268,866.731,Virtual,394.819,863.767,891.767,Virtual,347.203,881.647,894.532,Virtual,368.894,859.233,884.126,Virtual,379.101,884.395,891.688,Virtual
417,4.16000,295.404,884.581,871.911,Measured,282.509,803.448,871.321,Measured,343.136,754.137,894.404,Measured,426.757,822.993,921.834,Measured,362.141,833.594,872.528,Virtual,187.013,923.411,972.603,Measured,220.038,905.725,986.001,Measured,139.065,936.342,1001.147,Measured,206.591,953.963,1028.590,Measured,377.606,875.515,866.905,Virtual,394.660,863.084,891.979,Virtual,347.080,881.068,894.706,Virtual,368.720,858.569,884.376,Virtual,378.981,883.742,891.827,Virtual
418,4.17000,295.348,885.370,872.104,Measured,281.859,803.967,871.725,Measured,342.688,754.470,894.438,Measured,426.834,822.883,921.066,Measured,361.819,833.816,872.260,Virtual,187.005,923.442,972.670,Measured,220.002,905.765,986.084,Measured,139.128,936.537,1001.255,Measured,206.804,954.218,1028.485,Measured,377.266,874.773,866.731,Virtual,394.362,862.431,891.820,Virtual,346.816,880.497,894.581,Virtual,368.397,857.920,884.301,Virtual,378.714,883.112,891.611,Virtual
419,4.18000,294.985,885.580,872.640,Measured,281.405,804.502,872.095,Measured,342.230,754.706,894.402,Measured,426.693,823.087,920.366,Measured,361.351,834.104,872.132,Virtual,186.997,923.402,972.712,Measured,219.999,905.685,986.108,Measured,139.156,936.535,1001.328,Measured,206.791,954.099,1028.545,Measured,377.219,874.670,866.729,Virtual,394.304,862.287,891.807,Virtual,346.774,880.394,894.585,Virtual,368.335,857.807,884.283,Virtual,378.674,882.983,891.618,Virtual
420,4.19000,294.560,885.718,873.047,Measured,280.927,804.865,872.079,Measured,341.888,754.890,894.216,Measured,426.658,823.071,919.832,Measured,360.954,834.308,871.977,Virtual,186.936,923.311,972.846,Measured,219.975,905.634,986.221,Measured,139.083,936.558,1001.377,Measured,206.770,954.218,1028.510,Measured,377.107,874.185,866.904,Virtual,394.205,861.896,892.018,Virtual,346.676,880.013,894.753,Virtual,368.232,857.388,884.524,Virtual,378.575,882.590,891.761,Virtual
421,4.20000,294.269,885.751,873.413,Measured,280.563,805.133,872.265,Measured,341.520,755.082,894.024,Measured,426.594,823.151,919.195,Measured,360.583,834.468,871.785,Virtual,186.852,923.310,972.912,Measured,219.942,905.775,986.223,Measured,139.059,936.584,1001.476,Measured,206.709,954.277,1028.505,Measured,376.955,874.423,866.720,Virtual,394.100,862.163,891.817,Virtual,346.554,880.224,894.607,Virtual,368.123,857.622,884.358,Virtual,378.445,882.839,891.572,Virtual
422,4.21000,293.968,885.793,873.598,Measured,280.283,805.290,872.359,Measured,341.452,755.221,893.877,Measured,426.583,823.261,918.822,Measured,360.340,834.622,871.657,Virtual,186.836,923.410,973.024,Measured,219.946,905.967,986.354,Measured,139.043,936.749,1001.598,Measured,206.728,954.812,1028.375,Measured,376.776,874.140,866.750,Virtual,393.999,862.087,891.892,Virtual,346.424,880.074,894.663,Virtual,368.015,857.444,884.522,Virtual,378.304,882.730,891.540,Virtual
423,4.22000,293.733,885.828,873.805,Measured,280.074,805.423,872.633,Measured,341.370,755.406,893.935,Measured,426.596,823.471,918.446,Measured,360.119,834.767,871.577,Virtual,186.841,923.617,973.312,Measured,220.103,906.381,986.522,Measured,139.198,937.063,1001.903,Measured,206.934,955.430,1028.297,Measured,376.473,874.106,866.477,Virtual,393.832,862.257,891.624,Virtual,346.227,880.153,894.482,Virtual,367.827,857.506,884.396,Virtual,378.087,882.861,891.204,Virtual
424,4.23000,293.864,886.453,873.379,Measured,279.920,805.476,872.983,Measured,341.379,755.644,894.185,Measured,426.307,824.150,919.016,Measured,360.100,835.094,871.771,Virtual,186.927,923.886,973.645,Measured,220.264,906.844,986.855,Measured,139.342,937.511,1002.363,Measured,207.188,956.295,1028.222,Measured,376.105,873.753,866.359,Virtual,393.618,862.192,891.533,Virtual,345.987,880.008,894.454,Virtual,367.588,857.311,884.484,Virtual,377.823,882.756,890.989,Virtual
425,4.24000,293.659,886.722,873.525,Measured,279.632,805.599,873.596,Measured,341.341,755.937,894.476,Measured,426.441,824.125,918.443,Measured,359.887,835.160,871.644,Virtual,187.003,924.155,974.061,Measured,220.408,907.241,987.259,Measured,139.560,937.996,1002.891,Measured,207.584,956.975,1028.305,Measured,375.671,873.202,866.245,Virtual,393.305,861.830,891.421,Virtual,345.689,879.672,894.438,Virtual,367.241,856.898,884.535,Virtual,377.509,882.390,890.799,Virtual
426,4.25000,293.448,886.975,873.797,Measured,279.431,805.813,874.277,Measured,341.145,756.230,894.920,Measured,426.431,824.677,918.370,Measured,359.642,835.437,871.808,Virtual,186.979,924.346,974.405,Measured,220.563,907.727,987.608,Measured,139.482,938.238,1003.538,Measured,207.919,957.590,1028.295,Measured,375.040,873.345,865.657,Virtual,392.896,862.219,890.785,Virtual,345.237,879.904,894.017,Virtual,366.803,857.141,884.122,Virtual,377.019,882.715,890.130,Virtual
427,4.26000,293.402,887.310,874.250,Measured,279.077,806.023,875.033,Measured,340.890,756.563,895.207,Measured,426.460,824.661,917.911,Measured,359.385,835.557,871.848,Virtual,187.112,924.458,974.808,Measured,220.613,907.879,987.998,Measured,140.045,938.474,1003.988,Measured,208.175,957.919,1028.437,Measured,374.836,872.719,865.738,Virtual,392.757,861.699,890.867,Virtual,345.124,879.446,894.154,Virtual,366.638,856.613,884.307,Virtual,376.897,882.207,890.159,Virtual
428,4.27000,293.275,887.581,874.593,Measured,278.771,806.324,875.529,Measured,340.650,756.811,895.217,Measured,426.625,824.693,917.442,Measured,359.164,835.725,871.780,Virtual,186.884,924.470,975.257,Measured,220.532,907.896,988.229,Measured,140.010,938.515,1004.569,Measured,208.401,958.187,1028.501,Measured,373.914,872.211,865.094,Virtual,392.015,861.333,890.156,Virtual,344.395,879.070,893.681,Virtual,365.855,856.199,883.803,Virtual,376.139,881.828,889.451,Virtual
429,4.28000,293.353,887.969,875.033,Measured,278.554,806.688,875.848,Measured,340.408,756.954,894.956,Measured,426.646,824.675,916.878,Measured,359.002,835.938,871.666,Virtual,186.878,924.398,975.574,Measured,220.411,907.753,988.558,Measured,140.004,938.648,1005.118,Measured,208.415,958.221,1028.839,Measured,373.488,871.602,865.200,Virtual,391.615,860.721,890.242,Virtual,344.041,878.567,893.835,Virtual,365.431,855.635,883.949,Virtual,375.782,881.250,889.538,Virtual
430,4.29000,293.031,888.024,875.356,Measured,278.769,807.609,875.476,Measured,340.223,757.020,894.506,Measured,426.672,824.505,916.255,Measured,358.906,836.224,871.409,Virtual,186.642,924.224,975.978,Measured,220.229,907.526,988.840,Measured,140.151,938.526,1005.535,Measured,208.525,958.144,1029.010,Measured,372.840,870.774,864.994,Virtual,391.047,859.941,889.999,Virtual,343.514,877.869,893.721,Virtual,364.832,854.875,883.822,Virtual,375.242,880.491,889.294,Virtual
431,4.30000,292.977,888.194,875.599,Measured,278.632,808.000,875.491,Measured,340.052,757.036,894.002,Measured,426.709,824.390,915.571,Measured,358.758,836.371,871.119,Virtual,186.491,924.133,976.366,Measured,220.082,907.311,989.199,Measured,140.042,938.550,1006.018,Measured,208.549,958.074,1029.244,Measured,372.298,869.994,865.070,Virtual,390.541,859.178,890.057,Virtual,343.055,877.215,893.849,Virtual,364.301,854.154,883.952,Virtual,374.777,879.760,889.342,Virtual
432,4.31000,292.804,888.312,875.855,Measured,278.476,808.290,875.465,Measured,339.705,757.101,893.605,Measured,426.657,824.239,915.168,Measured,358.544,836.488,870.969,Virtual,186.322,924.057,976.845,Measured,219.928,907.233,989.540,Measured,140.029,938.793,1006.576,Measured,208.775,958.300,1029.313,Measured,371.364,868.651,864.864,Virtual,389.715,857.960,889.825,Virtual,342.297,876.149,893.752,Virtual,363.428,852.963,883.899,Virtual,374.002,878.578,889.055,Virtual
433,4.32000,292.728,888.512,876.091,Measured,278.130,808.391,875.600,Measured,339.408,757.241,893.337,Measured,426.528,824.127,914.686,Measured,358.277,836.571,870.806,Virtual,186.195,924.097,977.306,Measured,219.796,907.248,989.903,Measured,140.065,939.175,1007.216,Measured,208.996,958.616,1029.439,Measured,370.421,867.455,864.653,Virtual,388.879,856.865,889.578,Virtual,341.538,875.218,893.653,Virtual,362.545,851.910,883.828,Virtual,373.222,877.524,888.766,Virtual
434,4.33000,292.548,888.769,876.530,Measured,277.800,808.707,875.878,Measured,338.983,757.345,893.261,Measured,426.326,823.978,914.387,Measured,357.955,836.693,870.835,Virtual,185.975,924.081,977.831,Measured,219.641,907.244,990.332,Measured,140.028,939.535,1007.873,Measured,209.167,958.928,1029.581,Measured,369.424,866.142,864.557,Virtual,387.992,855.682,889.455,Virtual,340.723,874.193,893.660,Virtual,361.613,850.757,883.888,Virtual,372.386,876.378,888.581,Virtual
435,4.34000,292.365,889.050,876.862,Measured,277.367,808.971,876.392,Measured,338.575,757.495,893.235,Measured,426.218,823.883,914.043,Measured,357.607,836.797,870.831,Virtual,185.716,923.976,978.349,Measured,219.338,907.083,990.788,Measured,139.892,939.670,1008.463,Measured,209.142,958.981,1029.860,Measured,368.616,865.050,864.714,Virtual,387.236,854.645,889.596,Virtual,340.032,873.303,893.876,Virtual,360.826,849.769,884.135,Virtual,371.684,875.379,888.684,Virtual
436,4.35000,292.393,889.556,877.281,Measured,277.006,809.282,876.958,Measured,338.209,757.641,893.310,Measured,426.116,823.826,913.672,Measured,357.347,836.950,870.866,Virtual,185.356,923.715,978.819,Measured,218.984,906.774,991.151,Measured,139.564,939.470,1008.975,Measured,208.836,958.704,1030.257,Measured,368.025,864.625,864.898,Virtual,386.672,854.205,889.754,Virtual,339.490,872.904,894.100,Virtual,360.250,849.351,884.331,Virtual,371.136,874.953,888.863,Virtual
437,4.36000,292.527,890.040,877.609,Measured,276.743,809.522,877.405,Measured,337.937,757.722,893.397,Measured,426.318,823.593,913.483,Measured,357.276,837.007,870.934,Virtual,184.896,923.224,979.339,Measured,218.501,906.249,991.537,Measured,139.074,939.050,1009.439,Measured,208.396,958.102,1030.773,Measured,367.477,864.084,865.280,Virtual,386.103,853.592,890.120,Virtual,338.949,872.355,894.492,Virtual,359.675,848.788,884.685,Virtual,370.600,874.365,889.263,Virtual
438,4.37000,292.350,890.233,878.112,Measured,276.493,809.690,877.792,Measured,337.665,757.788,893.510,Measured,426.254,823.577,913.148,Measured,357.003,837.106,870.999,Virtual,184.400,922.702,979.753,Measured,217.954,905.586,991.874,Measured,138.581,938.531,1009.725,Measured,207.893,957.296,1031.320,Measured,367.097,863.523,865.812,Virtual,385.636,852.877,890.652,Virtual,338.525,871.753,894.993,Virtual,359.208,848.169,885.136,Virtual,370.193,873.697,889.845,Virtual
439,4.38000,292.383,890.431,878.449,Measured,276.219,809.777,878.299,Measured,337.464,757.837,893.591,Measured,426.241,823.455,912.920,Measured,356.832,837.115,871.066,Virtual,183.912,922.143,980.104,Measured,217.434,904.938,992.196,Measured,138.070,937.987,1010.159,Measured,207.389,956.449,1031.885,Measured,366.586,863.165,866.080,Virtual,385.078,852.359,890.886,Virtual,338.002,871.313,895.272,Virtual,358.645,847.734,885.321,Virtual,369.679,873.215,890.166,Virtual
440,4.39000,292.209,890.434,878.899,Measured,275.987,809.821,878.666,Measured,337.264,757.856,893.671,Measured,426.144,823.421,912.694,Measured,356.580,837.142,871.157,Virtual,183.492,921.695,980.518,Measured,216.914,904.345,992.583,Measured,137.640,937.567,1010.562,Measured,207.036,955.741,1032.410,Measured,366.072,862.495,866.467,Virtual,384.505,851.548,891.256,Virtual,337.486,870.639,895.658,Virtual,358.063,847.026,885.650,Virtual,369.174,872.456,890.588,Virtual
441,4.40000,292.046,890.475,879.219,Measured,275.765,809.880,878.911,Measured,337.018,757.868,893.702,Measured,426.015,823.346,912.576,Measured,356.351,837.159,871.238,Virtual,183.139,921.345,980.927,Measured,216.560,903.930,992.972,Measured,137.378,937.309,1011.039,Measured,206.779,955.264,1032.895,Measured,365.565,861.941,866.732,Virtual,383.981,850.910,891.496,Virtual,337.007,870.101,895.946,Virtual,357.527,846.458,885.891,Virtual,368.698,871.854,890.870,Virtual
442,4.41000,291.863,890.524,879.510,Measured,275.463,809.952,879.105,Measured,336.714,757.889,893.703,Measured,425.961,823.192,912.508,Measured,356.117,837.158,871.316,Virtual,182.792,921.114,981.381,Measured,216.251,903.681,993.404,Measured,137.120,937.210,1011.588,Measured,206.624,955.093,1033.259,Measured,364.886,861.256,866.892,Virtual,383.343,850.241,891.632,Virtual,336.407,869.508,896.156,Virtual,356.869,845.818,886.095,Virtual,368.088,871.205,891.004,Virtual
443,4.42000,291.630,890.646,879.761,Measured,275.163,810.071,879.317,Measured,336.350,757.904,893.728,Measured,425.643,823.047,912.271,Measured,355.780,837.166,871.323,Virtual,182.536,921.008,981.877,Measured,215.996,903.647,993.848,Measured,136.988,937.232,1012.138,Measured,206.555,955.176,1033.508,Measured,364.229,860.639,867.006,Virtual,382.764,849.718,891.729,Virtual,335.849,869.017,896.332,Virtual,356.271,845.280,886.298,Virtual,367.514,870.684,891.068,Virtual
444,4.43000,291.447,890.833,880.039,Measured,274.740,810.305,879.577,Measured,335.920,758.025,893.738,Measured,425.364,822.904,912.162,Measured,355.439,837.237,871.393,Virtual,182.273,920.959,982.382,Measured,215.866,903.689,994.286,Measured,136.818,937.344,1012.780,Measured,206.464,955.417,1033.769,Measured,363.552,860.222,867.057,Virtual,382.200,849.435,891.755,Virtual,335.287,868.715,896.460,Virtual,355.688,844.949,886.455,Virtual,366.928,870.385,891.057,Virtual
445,4.44000,291.221,891.088,880.259,Measured,274.276,810.555,879.911,Measured,335.286,758.142,893.931,Measured,425.032,822.775,911.962,Measured,355.006,837.268,871.431,Virtual,182.077,921.027,982.912,Measured,215.687,903.848,994.794,Measured,136.741,937.512,1013.369,Measured,206.450,955.805,1033.992,Measured,362.957,859.744,867.244,Virtual,381.710,849.122,891.933,Virtual,334.799,868.388,896.705,Virtual,355.182,844.580,886.763,Virtual,366.417,870.053,891.169,Virtual
446,4.45000,290.983,891.349,880.561,Measured,273.767,810.899,880.222,Measured,334.665,758.302,894.018,Measured,424.639,822.622,911.797,Measured,354.554,837.358,871.500,Virtual,181.891,921.089,983.486,Measured,215.540,903.970,995.401,Measured,136.636,937.733,1014.022,Measured,206.403,956.198,1034.285,Measured,362.413,859.125,867.649,Virtual,381.251,848.669,892.345,Virtual,334.347,867.947,897.146,Virtual,354.709,844.084,887.291,Virtual,365.946,869.589,891.496,Virtual
447,4.46000,290.649,891.541,880.794,Measured,273.307,811.182,880.445,Measured,334.159,758.453,894.094,Measured,424.317,822.505,911.647,Measured,354.130,837.445,871.540,Virtual,181.672,921.136,984.079,Measured,215.399,904.122,996.023,Measured,136.514,937.947,1014.711,Measured,206.360,956.534,1034.619,Measured,361.839,858.613,868.002,Virtual,380.766,848.305,892.692,Virtual,333.870,867.588,897.544,Virtual,354.209,843.679,887.754,Virtual,365.449,869.213,891.778,Virtual
448,4.47000,290.409,891.749,880.930,Measured,272.906,811.404,880.508,Measured,333.704,758.587,894.081,Measured,423.935,822.469,911.611,Measured,353.773,837.557,871.576,Virtual,181.409,921.128,984.823,Measured,215.122,904.120,996.717,Measured,136.331,938.054,1015.359,Measured,206.247,956.696,1035.047,Measured,361.301,857.869,868.629,Virtual,380.269,847.665,893.331,Virtual,333.396,867.008,898.183,Virtual,353.698,843.036,888.468,Virtual,364.965,868.581,892.346,Virtual
449,4.48000,290.125,891.778,880.996,Measured,272.607,811.562,880.534,Measured,333.320,758.650,894.088,Measured,423.570,822.479,911.496,Measured,353.432,837.608,871.552,Virtual,181.112,921.064,985.488,Measured,214.819,904.062,997.460,Measured,136.086,938.158,1016.119,Measured,206.015,956.754,1035.715,Measured,360.835,857.377,869.350,Virtual,379.809,847.199,894.058,Virtual,332.965,866.610,898.906,Virtual,353.229,842.594,889.225,Virtual,364.531,868.132,893.043,Virtual
450,4.49000,289.957,891.984,880.804,Measured,272.311,811.657,880.502,Measured,332.990,758.728,894.068,Measured,423.309,822.485,911.488,Measured,353.196,837.652,871.479,Virtual,180.701,920.928,986.177,Measured,214.437,903.904,998.242,Measured,135.763,938.131,1016.768,Measured,205.690,956.667,1036.338,Measured,360.404,856.715,870.240,Virtual,379.358,846.566,894.975,Virtual,332.540,866.054,899.769,Virtual,352.773,841.987,890.146,Virtual,364.110,867.518,893.909,Virtual
451,4.50000,289.754,892.064,880.933,Measured,272.086,811.788,880.525,Measured,332.689,758.770,893.973,Measured,423.353,822.371,911.373,Measured,353.014,837.687,871.452,Virtual,180.294,920.705,986.953,Measured,213.991,903.670,999.003,Measured,135.354,938.065,1017.494,Measured,205.319,956.497,1037.021,Measured,359.867,856.011,871.093,Virtual,378.806,845.875,895.845,Virtual,332.020,865.447,900.607,Virtual,352.213,841.331,891.025,Virtual,363.592,866.849,894.743,Virtual
452,4.51000,289.613,892.180,881.154,Measured,271.773,811.987,880.660,Measured,332.369,758.861,893.734,Measured,423.197,822.251,910.874,Measured,352.721,837.760,871.288,Virtual,179.914,920.536,987.582,Measured,213.549,903.463,999.743,Measured,134.976,937.980,1018.121,Measured,204.947,956.337,1037.700,Measured,359.498,855.483,871.991,Virtual,378.397,845.336,896.769,Virtual,331.637,864.983,901.471,Virtual,351.802,840.829,891.927,Virtual,363.216,866.333,895.637,Virtual
453,4.52000,289.581,892.523,881.447,Measured,271.509,812.279,880.818,Measured,332.084,758.937,893.445,Measured,423.146,822.058,910.519,Measured,352.534,837.895,871.210,Virtual,179.493,920.378,988.335,Measured,213.083,903.240,1000.576,Measured,134.548,937.898,1018.825,Measured,204.567,956.239,1038.359,Measured,359.013,854.755,872.966,Virtual,377.893,844.648,897.775,Virtual,331.157,864.368,902.414,Virtual,351.293,840.163,892.937,Virtual,362.740,865.661,896.584,Virtual
454,4.53000,289.484,892.692,881.798,Measured,271.249,812.658,881.038,Measured,331.686,759.055,893.188,Measured,422.948,821.838,909.838,Measured,352.220,837.993,871.021,Virtual,179.131,920.257,989.034,Measured,212.701,903.153,1001.319,Measured,134.233,937.879,1019.552,Measured,204.251,956.255,1038.936,Measured,358.491,854.241,873.676,Virtual,377.396,844.202,898.493,Virtual,330.671,863.949,903.126,Virtual,350.789,839.710,893.699,Virtual,362.247,865.216,897.257,Virtual
455,4.54000,289.481,893.088,882.038,Measured,270.888,812.980,881.230,Measured,331.226,759.227,892.993,Measured,422.775,821.663,909.452,Measured,351.950,838.132,870.927,Virtual,178.698,920.163,989.762,Measured,212.308,903.155,1002.016,Measured,133.855,937.886,1020.293,Measured,203.891,956.409,1039.469,Measured,357.868,853.866,874.269,Virtual,376.836,843.944,899.085,Virtual,330.103,863.667,903.741,Virtual,350.223,839.409,894.366,Virtual,361.665,864.939,897.798,Virtual
456,4.55000,289.301,893.226,882.227,Measured,270.673,813.357,881.381,Measured,330.869,759.392,892.927,Measured,422.525,821.648,909.084,Measured,351.658,838.275,870.838,Virtual,178.293,920.142,990.458,Measured,211.963,903.164,1002.726,Measured,133.499,937.952,1020.993,Measured,203.588,956.579,1039.982,Measured,357.300,853.430,874.919,Virtual,376.313,843.611,899.742,Virtual,329.582,863.338,904.401,Virtual,349.694,839.049,895.087,Virtual,361.134,864.596,898.399,Virtual
457,4.56000,289.180,893.468,882.097,Measured,270.419,813.618,881.261,Measured,330.489,759.623,892.898,Measured,422.266,821.693,908.998,Measured,351.435,838.416,870.739,Virtual,177.853,920.093,991.129,Measured,211.528,903.202,1003.422,Measured,133.094,937.998,1021.659,Measured,203.184,956.749,1040.475,Measured,356.736,853.049,875.608,Virtual,375.791,843.341,900.442,Virtual,329.053,863.055,905.088,Virtual,349.168,838.743,895.843,Virtual,360.596,864.311,899.037,Virtual
458,4.57000,288.921,893.604,881.810,Measured,270.182,813.817,880.997,Measured,330.252,759.850,892.941,Measured,421.954,822.011,909.181,Measured,351.224,838.617,870.700,Virtual,177.429,920.060,991.809,Measured,211.095,903.193,1004.068,Measured,132.687,938.068,1022.289,Measured,202.799,956.830,1041.006,Measured,356.182,852.656,876.282,Virtual,375.253,843.003,901.126,Virtual,328.527,862.748,905.760,Virtual,348.625,838.405,896.560,Virtual,360.065,863.976,899.680,Virtual
459,4.58000,288.722,893.699,881.405,Measured,270.053,813.962,880.761,Measured,330.159,760.108,893.050,Measured,421.670,822.348,909.448,Measured,351.105,838.792,870.672,Virtual,176.941,919.998,992.459,Measured,210.553,903.142,1004.781,Measured,132.221,938.146,1022.868,Measured,202.305,956.986,1041.552,Measured,355.665,852.038,877.241,Virtual,374.724,842.470,902.126,Virtual,328.010,862.262,906.673,Virtual,348.094,837.871,897.572,Virtual,359.550,863.447,900.595,Virtual
460,4.59000,288.513,893.782,881.105,Measured,269.960,814.120,880.665,Measured,330.077,760.349,893.281,Measured,421.500,822.799,909.753,Measured,351.001,838.994,870.722,Virtual,176.400,919.954,993.036,Measured,210.082,903.108,1005.384,Measured,131.762,938.246,1023.510,Measured,201.946,956.950,1041.946,Measured,354.811,851.443,877.627,Virtual,373.909,841.910,902.496,Virtual,327.231,861.779,907.091,Virtual,347.262,837.336,898.009,Virtual,358.761,862.904,900.945,Virtual
461,4.60000,288.422,893.906,880.977,Measured,269.956,814.316,880.664,Measured,330.084,760.609,893.487,Measured,421.367,823.123,909.912,Measured,350.959,839.195,870.776,Virtual,175.913,919.914,993.593,Measured,209.567,903.048,1006.026,Measured,131.307,938.377,1024.104,Measured,201.499,957.116,1042.400,Measured,354.144,850.762,878.362,Virtual,373.253,841.310,903.254,Virtual,326.599,861.244,907.806,Virtual,346.599,836.745,898.806,Virtual,358.124,862.313,901.630,Virtual
462,4.61000,288.372,894.082,880.918,Measured,269.931,814.512,880.773,Measured,330.096,760.820,893.662,Measured,421.419,823.432,909.915,Measured,350.935,839.387,870.785,Virtual,175.416,919.882,994.174,Measured,209.079,903.046,1006.511,Measured,130.915,938.502,1024.635,Measured,201.150,957.195,1042.766,Measured,353.350,850.197,878.742,Virtual,372.495,840.794,903.624,Virtual,325.874,860.797,908.210,Virtual,345.827,836.248,899.242,Virtual,357.389,861.810,901.970,Virtual
463,4.62000,288.260,894.171,881.061,Measured,269.921,814.728,880.856,Measured,330.118,761.066,893.703,Measured,421.389,823.624,909.856,Measured,350.872,839.597,870.821,Virtual,174.959,919.837,994.697,Measured,208.602,902.995,1007.035,Measured,130.492,938.612,1025.187,Measured,200.822,957.312,1043.122,Measured,352.580,849.535,879.193,Virtual,371.761,840.201,904.073,Virtual,325.172,860.273,908.673,Virtual,345.080,835.670,899.757,Virtual,356.675,861.228,902.370,Virtual
464,4.63000,288.199,894.306,881.095,Measured,269.883,814.955,880.861,Measured,330.036,761.260,893.685,Measured,421.342,823.782,909.757,Measured,350.803,839.774,870.786,Virtual,174.463,919.776,995.131,Measured,208.125,902.933,1007.502,Measured,130.057,938.687,1025.599,Measured,200.408,957.349,1043.436,Measured,351.951,848.962,879.714,Virtual,371.138,839.676,904.608,Virtual,324.573,859.811,909.182,Virtual,344.449,835.161,900.321,Virtual,356.074,860.714,902.856,Virtual
465,4.64000,288.491,895.391,880.442,Measured,269.794,815.144,880.757,Measured,329.924,761.437,893.569,Measured,421.253,823.892,909.663,Measured,350.881,840.009,870.512,Virtual,173.939,919.686,995.549,Measured,207.628,902.876,1007.971,Measured,129.571,938.703,1026.028,Measured,199.958,957.356,1043.766,Measured,351.324,848.521,880.193,Virtual,370.525,839.283,905.095,Virtual,323.972,859.452,909.655,Virtual,343.830,834.772,900.838,Virtual,355.469,860.325,903.305,Virtual
466,4.65000,288.400,895.427,880.265,Measured,269.703,815.339,880.479,Measured,329.762,761.579,893.386,Measured,421.038,824.061,909.599,Measured,350.770,840.153,870.375,Virtual,173.430,919.610,995.943,Measured,207.098,902.782,1008.342,Measured,129.086,938.707,1026.382,Measured,199.481,957.381,1043.992,Measured,350.656,848.022,880.591,Virtual,369.875,838.844,905.501,Virtual,323.337,859.047,910.048,Virtual,343.174,834.334,901.281,Virtual,354.828,859.888,903.666,Virtual
467,4.66000,288.455,895.984,879.603,Measured,269.644,815.457,879.900,Measured,329.694,761.713,893.178,Measured,420.847,824.270,909.628,Measured,350.803,840.349,870.089,Virtual,172.845,919.503,996.341,Measured,206.497,902.719,1008.751,Measured,128.534,938.720,1026.741,Measured,198.992,957.424,1044.227,Measured,349.903,847.433,881.028,Virtual,369.144,838.328,905.948,Virtual,322.622,858.572,910.477,Virtual,342.437,833.818,901.772,Virtual,354.107,859.374,904.059,Virtual
468,4.67000,288.244,895.803,879.208,Measured,269.552,815.457,879.375,Measured,329.596,761.834,893.090,Measured,420.613,824.495,909.827,Measured,350.711,840.411,869.979,Virtual,172.276,919.416,996.662,Measured,205.936,902.627,1009.080,Measured,127.991,938.738,1027.043,Measured,198.430,957.471,1044.449,Measured,349.249,846.995,881.447,Virtual,368.500,837.948,906.379,Virtual,321.987,858.219,910.880,Virtual,341.789,833.436,902.229,Virtual,353.469,858.994,904.444,Virtual
469,4.68000,288.108,895.900,878.491,Measured,269.492,815.459,879.036,Measured,329.580,761.972,893.117,Measured,420.437,824.833,910.124,Measured,350.691,840.500,869.843,Virtual,171.648,919.313,996.950,Measured,205.311,902.521,1009.460,Measured,127.418,938.790,1027.336,Measured,197.910,957.434,1044.630,Measured,348.459,846.273,881.882,Virtual,367.708,837.266,906.831,Virtual,321.230,857.625,911.297,Virtual,340.987,832.786,902.706,Virtual,352.709,858.330,904.843,Virtual
470,4.69000,287.912,895.829,878.126,Measured,269.448,815.509,878.869,Measured,329.571,762.153,893.223,Measured,420.341,825.128,910.298,Measured,350.629,840.593,869.792,Virtual,171.124,919.183,997.198,Measured,204.699,902.353,1009.769,Measured,126.899,938.786,1027.568,Measured,197.410,957.403,1044.855,Measured,347.827,845.645,882.348,Virtual,367.055,836.659,907.320,Virtual,320.607,857.099,911.733,Virtual,340.329,832.212,903.197,Virtual,352.090,857.742,905.286,Virtual
471,4.70000,287.915,895.994,878.009,Measured,269.404,815.603,878.894,Measured,329.575,762.305,893.326,Measured,420.273,825.329,910.326,Measured,350.605,840.716,869.781,Virtual,170.573,919.073,997.444,Measured,204.162,902.203,1010.050,Measured,126.416,938.844,1027.805,Measured,196.959,957.293,1045.065,Measured,347.130,845.007,882.694,Virtual,366.338,836.007,907.677,Virtual,319.937,856.558,912.066,Virtual,339.602,831.616,903.560,Virtual,351.420,857.122,905.617,Virtual
472,4.71000,287.788,895.994,878.129,Measured,269.336,815.782,879.051,Measured,329.495,762.470,893.371,Measured,420.315,825.413,910.144,Measured,350.499,840.818,869.757,Virtual,170.017,918.950,997.694,Measured,203.587,902.004,1010.309,Measured,125.946,938.874,1028.030,Measured,196.580,957.192,1045.227,Measured,346.313,844.184,882.960,Virtual,365.514,835.182,907.947,Virtual,319.171,855.864,912.329,Virtual,338.764,830.853,903.858,Virtual,350.652,856.332,905.857,Virtual
473,4.72000,287.693,896.796,878.532,Measured,269.152,815.966,879.272,Measured,329.279,762.575,893.432,Measured,420.287,825.383,909.770,Measured,350.314,841.066,869.758,Virtual,169.502,918.829,997.866,Measured,203.035,901.850,1010.515,Measured,125.480,938.936,1028.210,Measured,196.185,957.063,1045.327,Measured,345.543,843.436,883.176,Virtual,364.733,834.423,908.168,Virtual,318.446,855.233,912.539,Virtual,337.969,830.158,904.098,Virtual,349.924,855.609,906.052,Virtual
474,4.73000,287.687,896.751,878.528,Measured,269.035,816.200,879.341,Measured,329.079,762.707,893.338,Measured,420.276,825.274,909.490,Measured,350.210,841.076,869.624,Virtual,169.014,918.754,998.012,Measured,202.472,901.677,1010.721,Measured,125.008,939.004,1028.307,Measured,195.733,956.987,1045.408,Measured,344.914,842.684,883.570,Virtual,364.066,833.668,908.590,Virtual,317.829,854.603,912.895,Virtual,337.294,829.463,904.512,Virtual,349.312,854.887,906.426,Virtual
475,4.74000,287.657,897.045,878.600,Measured,268.853,816.411,879.307,Measured,328.839,762.769,893.205,Measured,420.229,825.243,909.206,Measured,350.073,841.190,869.499,Virtual,168.426,918.628,998.183,Measured,201.872,901.528,1010.880,Measured,124.527,939.056,1028.381,Measured,195.258,956.929,1045.481,Measured,344.179,841.927,883.875,Virtual,363.312,832.924,908.914,Virtual,317.122,853.972,913.174,Virtual,336.530,828.770,904.846,Virtual,348.606,854.171,906.704,Virtual
476,4.75000,287.680,897.072,878.542,Measured,268.665,816.504,879.331,Measured,328.626,762.855,893.030,Measured,420.125,825.111,908.874,Measured,349.933,841.170,869.312,Virtual,167.883,918.551,998.284,Measured,201.242,901.380,1011.054,Measured,123.933,939.115,1028.389,Measured,194.727,956.853,1045.551,Measured,343.597,841.255,884.346,Virtual,362.673,832.246,909.427,Virtual,316.527,853.408,913.588,Virtual,335.888,828.148,905.327,Virtual,348.020,853.524,907.163,Virtual
477,4.76000,287.601,897.032,878.570,Measured,268.494,816.598,879.310,Measured,328.436,762.880,892.953,Measured,420.093,825.069,908.706,Measured,349.801,841.170,869.230,Virtual,167.302,918.469,998.413,Measured,200.619,901.233,1011.194,Measured,123.360,939.130,1028.425,Measured,194.163,956.743,1045.621,Measured,342.968,840.721,884.677,Virtual,362.006,831.703,909.783,Virtual,315.895,852.953,913.883,Virtual,335.217,827.650,905.664,Virtual,347.394,853.005,907.485,Virtual
478,4.77000,287.553,897.072,878.584,Measured,268.319,816.641,879.444,Measured,328.338,762.949,892.965,Measured,420.035,825.020,908.489,Measured,349.671,841.165,869.152,Virtual,166.708,918.343,998.467,Measured,199.989,901.068,1011.349,Measured,122.773,939.096,1028.431,Measured,193.536,956.626,1045.762,Measured,342.486,840.317,885.116,Virtual,361.463,831.279,910.261,Virtual,315.375,852.598,914.267,Virtual,334.676,827.264,906.093,Virtual,346.886,852.602,907.928,Virtual
479,4.78000,287.533,897.111,878.754,Measured,268.212,816.733,879.798,Measured,328.250,763.009,893.122,Measured,420.092,824.988,908.328,Measured,349.577,841.163,869.189,Virtual,166.136,918.236,998.562,Measured,199.373,900.914,1011.491,Measured,122.163,939.049,1028.448,Measured,192.963,956.494,1045.875,Measured,341.961,839.929,885.476,Virtual,360.891,830.874,910.650,Virtual,314.827,852.257,914.585,Virtual,334.104,826.894,906.446,Virtual,346.346,852.216,908.289,Virtual
480,4.79000,287.580,897.186,879.033,Measured,268.060,816.787,880.366,Measured,328.237,763.125,893.387,Measured,420.149,825.046,907.990,Measured,349.453,841.186,869.220,Virtual,165.607,918.139,998.622,Measured,198.800,900.808,1011.573,Measured,121.645,939.010,1028.490,Measured,192.411,956.417,1045.928,Measured,341.409,839.650,885.654,Virtual,360.323,830.597,910.841,Virtual,314.272,852.014,914.745,Virtual,333.535,826.632,906.629,Virtual,345.794,851.947,908.462,Virtual
481,4.80000,287.577,897.243,879.433,Measured,268.058,816.974,881.143,Measured,328.278,763.271,893.651,Measured,420.347,824.981,907.661,Measured,349.383,841.217,869.318,Virtual,165.100,918.060,998.685,Measured,198.263,900.698,1011.687,Measured,121.138,939.015,1028.509,Measured,191.961,956.341,1045.938,Measured,340.827,839.155,885.885,Virtual,359.721,830.110,911.090,Virtual,313.698,851.597,914.950,Virtual,332.928,826.177,906.875,Virtual,345.222,851.478,908.678,Virtual
482,4.81000,287.754,897.397,879.897,Measured,268.044,817.157,881.836,Measured,328.259,763.382,894.028,Measured,420.553,825.069,907.129,Measured,349.323,841.276,869.352,Virtual,164.680,918.035,998.728,Measured,197.804,900.643,1011.718,Measured,120.773,939.123,1028.543,Measured,191.600,956.359,1045.891,Measured,340.193,838.665,885.938,Virtual,359.088,829.631,911.146,Virtual,313.103,851.199,915.000,Virtual,332.286,825.735,906.954,Virtual,344.622,851.018,908.707,Virtual
483,4.82000,287.685,897.435,880.343,Measured,267.969,817.285,882.617,Measured,328.267,763.492,894.235,Measured,420.742,825.003,906.582,Measured,349.167,841.291,869.365,Virtual,164.263,918.050,998.740,Measured,197.373,900.598,1011.776,Measured,120.442,939.306,1028.575,Measured,191.338,956.429,1045.792,Measured,339.469,837.958,885.987,Virtual,358.371,828.947,911.197,Virtual,312.441,850.633,915.046,Virtual,331.556,825.103,907.047,Virtual,343.954,850.362,908.718,Virtual
484,4.83000,287.747,897.596,880.753,Measured,267.895,817.447,883.056,Measured,328.213,763.592,894.387,Measured,420.821,825.008,906.146,Measured,349.062,841.374,869.374,Virtual,163.859,918.042,998.770,Measured,196.956,900.574,1011.757,Measured,120.149,939.503,1028.585,Measured,191.128,956.495,1045.677,Measured,338.695,837.259,885.912,Virtual,357.616,828.263,911.115,Virtual,311.746,850.073,914.983,Virtual,330.784,824.475,907.016,Virtual,343.247,849.707,908.606,Virtual
485,4.84000,287.655,897.664,881.084,Measured,267.766,817.622,883.517,Measured,328.102,763.629,894.515,Measured,420.906,824.968,905.709,Measured,348.886,841.405,869.354,Virtual,163.474,918.046,998.778,Measured,196.527,900.471,1011.774,Measured,119.817,939.638,1028.599,Measured,190.860,956.448,1045.589,Measured,338.001,836.611,885.908,Virtual,356.914,827.599,911.110,Virtual,311.106,849.537,914.980,Virtual,330.070,823.878,907.035,Virtual,342.602,849.078,908.581,Virtual
486,4.85000,287.547,897.748,881.382,Measured,267.543,817.809,884.000,Measured,327.883,763.768,894.555,Measured,420.856,825.035,905.132,Measured,348.601,841.496,869.256,Virtual,163.049,917.925,998.773,Measured,196.050,900.288,1011.769,Measured,119.447,939.631,1028.576,Measured,190.525,956.308,1045.618,Measured,337.427,836.102,885.961,Virtual,356.312,827.047,911.169,Virtual,310.554,849.091,915.024,Virtual,329.461,823.388,907.086,Virtual,342.050,848.560,908.635,Virtual
487,4.86000,287.539,898.034,881.612,Measured,267.297,818.079,884.465,Measured,327.667,763.916,894.566,Measured,420.701,825.000,904.283,Measured,348.295,841.591,869.017,Virtual,162.590,917.787,998.768,Measured,195.540,900.057,1011.786,Measured,118.992,939.551,1028.562,Measured,190.088,956.010,1045.664,Measured,336.887,835.700,886.025,Virtual,355.726,826.569,911.241,Virtual,310.014,848.713,915.079,Virtual,328.870,822.977,907.126,Virtual,341.515,848.117,908.720,Virtual
488,4.87000,287.323,898.250,882.073,Measured,267.072,818.603,885.064,Measured,327.335,764.110,894.506,Measured,420.708,824.997,903.731,Measured,347.971,841.811,868.986,Virtual,162.135,917.591,998.758,Measured,194.997,899.778,1011.783,Measured,118.526,939.409,1028.508,Measured,189.613,955.663,1045.759,Measured,336.427,835.331,886.152,Virtual,355.202,826.110,911.382,Virtual,309.533,848.349,915.183,Virtual,328.345,822.586,907.214,Virtual,341.044,847.695,908.878,Virtual
489,4.88000,287.207,898.610,882.603,Measured,266.770,819.106,885.743,Measured,326.900,764.318,894.455,Measured,420.494,824.816,902.664,Measured,347.508,841.970,868.772,Virtual,161.641,917.427,998.751,Measured,194.469,899.502,1011.755,Measured,118.079,939.268,1028.480,Measured,189.166,955.352,1045.860,Measured,335.890,835.020,886.149,Virtual,354.618,825.706,911.380,Virtual,308.994,848.037,915.178,Virtual,327.758,822.249,907.176,Virtual,340.510,847.327,908.906,Virtual
490,4.89000,287.121,898.984,883.033,Measured,266.486,819.624,886.266,Measured,326.479,764.544,894.375,Measured,420.437,824.880,901.785,Measured,347.130,842.226,868.583,Virtual,161.223,917.307,998.739,Measured,193.978,899.285,1011.758,Measured,117.604,939.200,1028.460,Measured,188.774,955.104,1045.924,Measured,335.393,834.672,886.218,Virtual,354.074,825.285,911.457,Virtual,308.493,847.708,915.236,Virtual,327.211,821.890,907.220,Virtual,340.014,846.939,908.996,Virtual
491,4.90000,286.707,899.079,883.666,Measured,266.031,819.956,886.966,Measured,325.986,764.798,894.250,Measured,420.044,824.798,900.625,Measured,346.441,842.382,868.360,Virtual,160.847,917.252,998.716,Measured,193.582,899.173,1011.696,Measured,117.278,939.198,1028.425,Measured,188.446,955.010,1045.879,Measured,334.883,834.388,886.133,Virtual,353.557,824.975,911.368,Virtual,308.007,847.458,915.158,Virtual,326.689,821.616,907.136,Virtual,339.526,846.648,908.911,Virtual
492,4.91000,286.526,899.540,883.986,Measured,265.527,820.344,887.564,Measured,325.578,765.057,894.195,Measured,420.045,824.899,899.794,Measured,345.990,842.636,868.169,Virtual,160.463,917.238,998.636,Measured,193.204,899.120,1011.637,Measured,116.962,939.267,1028.394,Measured,188.171,955.011,1045.757,Measured,334.288,834.023,885.991,Virtual,352.975,824.613,911.217,Virtual,307.458,847.159,915.029,Virtual,326.098,821.284,907.016,Virtual,338.970,846.301,908.751,Virtual
493,4.92000,286.386,900.898,884.197,Measured,265.352,821.110,887.282,Measured,325.082,765.440,894.015,Measured,419.385,825.128,898.931,Measured,345.579,843.286,867.828,Virtual,160.132,917.209,998.571,Measured,192.884,899.102,1011.517,Measured,116.699,939.309,1028.366,Measured,187.921,955.033,1045.617,Measured,333.744,833.822,885.728,Virtual,352.465,824.425,910.934,Virtual,306.965,846.998,914.795,Virtual,325.580,821.107,906.777,Virtual,338.466,846.118,908.470,Virtual
494,4.93000,285.953,901.336,884.345,Measured,264.738,821.506,887.649,Measured,324.421,765.766,893.939,Measured,419.081,825.288,898.193,Measured,344.937,843.565,867.593,Virtual,159.807,917.155,998.501,Measured,192.558,899.039,1011.413,Measured,116.474,939.315,1028.353,Measured,187.726,955.022,1045.468,Measured,333.146,833.498,885.434,Virtual,351.905,824.114,910.615,Virtual,306.432,846.729,914.536,Virtual,325.010,820.813,906.513,Virtual,337.921,845.816,908.153,Virtual
495,4.94000,285.628,902.151,884.331,Measured,264.010,821.951,887.787,Measured,323.761,766.178,893.721,Measured,418.392,825.630,897.493,Measured,344.248,844.023,867.285,Virtual,159.447,917.080,998.424,Measured,192.229,898.896,1011.292,Measured,116.220,939.283,1028.390,Measured,187.532,954.874,1045.376,Measured,332.462,833.219,884.999,Virtual,351.256,823.794,910.139,Virtual,305.823,846.474,914.158,Virtual,324.348,820.535,906.086,Virtual,337.299,845.518,907.715,Virtual
496,4.95000,285.035,902.502,884.307,Measured,263.372,822.398,888.045,Measured,323.022,766.569,893.519,Measured,417.847,825.845,896.915,Measured,343.520,844.338,867.036,Virtual,159.131,916.976,998.366,Measured,191.883,898.743,1011.239,Measured,115.991,939.268,1028.394,Measured,187.333,954.719,1045.319,Measured,331.890,832.782,884.816,Virtual,350.686,823.319,909.940,Virtual,305.302,846.089,913.997,Virtual,323.768,820.114,905.909,Virtual,336.770,845.070,907.528,Virtual
497,4.96000,284.628,902.864,884.587,Measured,262.642,822.886,888.352,Measured,322.246,766.950,893.368,Measured,417.196,826.056,896.084,Measured,342.735,844.677,866.796,Virtual,158.788,916.907,998.344,Measured,191.485,898.556,1011.208,Measured,115.688,939.304,1028.393,Measured,187.109,954.574,1045.256,Measured,331.237,832.184,884.726,Virtual,350.022,822.679,909.843,Virtual,304.702,845.573,913.918,Virtual,323.094,819.545,905.829,Virtual,336.163,844.467,907.431,Virtual
498,4.97000,284.090,903.431,884.621,Measured,261.909,823.279,888.722,Measured,321.549,767.327,893.058,Measured,416.690,826.168,895.196,Measured,341.963,845.002,866.439,Virtual,158.405,916.859,998.290,Measured,191.058,898.449,1011.224,Measured,115.368,939.415,1028.348,Measured,186.838,954.535,1045.185,Measured,330.634,831.530,884.819,Virtual,349.395,822.014,909.950,Virtual,304.135,845.031,913.993,Virtual,322.459,818.943,905.942,Virtual,335.593,843.834,907.506,Virtual
499,4.98000,283.969,903.760,885.025,Measured,261.289,823.732,889.119,Measured,320.897,767.621,892.667,Measured,416.104,826.212,894.282,Measured,341.319,845.297,866.193,Virtual,157.981,916.820,998.330,Measured,190.607,898.352,1011.276,Measured,115.025,939.549,1028.303,Measured,186.545,954.498,1045.108,Measured,329.979,830.761,885.007,Virtual,348.717,821.249,910.156,Virtual,303.520,844.399,914.153,Virtual,321.772,818.244,906.157,Virtual,334.974,843.102,907.666,Virtual
500,4.99000,283.300,904.179,885.215,Measured,260.709,824.137,889.378,Measured,320.173,767.918,892.296,Measured,415.620,826.351,893.135,Measured,340.504,845.624,865.762,Virtual,157.517,916.777,998.294,Measured,190.158,898.280,1011.315,Measured,114.687,939.673,1028.291,Measured,186.220,954.500,1045.065,Measured,329.320,830.168,885.093,Virtual,348.046,820.655,910.251,Virtual,302.902,843.913,914.226,Virtual,321.092,817.704,906.267,Virtual,334.351,842.535,907.730,Virtual
501,5.00000,283.141,904.434,885.532,Measured,260.039,824.516,889.649,Measured,319.525,768.179,891.932,Measured,415.029,826.328,892.376,Measured,339.875,845.856,865.541,Virtual,157.193,916.671,998.354,Measured,189.814,898.122,1011.455,Measured,114.351,939.721,1028.292,Measured,185.913,954.399,1045.078,Measured,328.929,829.514,885.482,Virtual,347.611,820.009,910.675,Virtual,302.510,843.363,914.565,Virtual,320.656,817.104,906.670,Virtual,333.962,841.911,908.101,Virtual
502,5.01000,282.568,904.824,885.683,Measured,259.478,824.935,889.864,Measured,318.857,768.517,891.622,Measured,414.342,826.589,891.384,Measured,339.077,846.219,865.168,Virtual,156.758,916.630,998.394,Measured,189.382,898.016,1011.469,Measured,113.983,939.689,1028.339,Measured,185.581,954.312,1045.109,Measured,328.351,829.281,885.404,Virtual,347.037,819.751,910.586,Virtual,301.965,843.156,914.505,Virtual,320.076,816.877,906.595,Virtual,333.411,841.669,908.023,Virtual
503,5.02000,282.140,905.037,885.805,Measured,258.846,825.278,889.968,Measured,318.207,768.859,891.454,Measured,413.982,826.669,890.898,Measured,338.487,846.458,864.998,Virtual,156.401,916.517,998.438,Measured,188.992,897.890,1011.509,Measured,113.626,939.619,1028.407,Measured,185.224,954.150,1045.170,Measured,327.911,829.096,885.416,Virtual,346.588,819.537,910.593,Virtual,301.535,842.977,914.522,Virtual,319.625,816.687,906.600,Virtual,332.981,841.467,908.042,Virtual
504,5.03000,281.536,905.372,885.646,Measured,258.257,825.604,889.899,Measured,317.567,769.144,891.307,Measured,413.189,827.073,890.439,Measured,337.766,846.780,864.727,Virtual,155.986,916.426,998.488,Measured,188.540,897.788,1011.537,Measured,113.219,939.535,1028.451,Measured,184.847,954.040,1045.241,Measured,327.437,828.960,885.417,Virtual,346.109,819.379,910.590,Virtual,301.070,842.844,914.530,Virtual,319.144,816.547,906.595,Virtual,332.515,841.318,908.048,Virtual
505,5.04000,280.909,905.715,885.094,Measured,257.659,825.822,889.680,Measured,317.057,769.422,891.100,Measured,412.657,827.366,890.296,Measured,337.215,847.013,864.429,Virtual,155.548,916.355,998.514,Measured,188.121,897.716,1011.554,Measured,112.795,939.528,1028.472,Measured,184.429,953.962,1045.257,Measured,326.954,828.780,885.453,Virtual,345.619,819.191,910.627,Virtual,300.594,842.685,914.563,Virtual,318.653,816.376,906.633,Virtual,332.039,841.139,908.082,Virtual
506,5.05000,280.185,905.857,884.564,Measured,257.162,825.988,888.979,Measured,316.613,769.686,890.851,Measured,412.125,827.785,890.373,Measured,336.752,847.283,864.163,Virtual,155.107,916.336,998.519,Measured,187.688,897.662,1011.656,Measured,112.419,939.582,1028.457,Measured,184.057,953.964,1045.245,Measured,326.469,828.357,885.680,Virtual,345.114,818.784,910.875,Virtual,300.118,842.340,914.760,Virtual,318.146,815.996,906.877,Virtual,331.562,840.744,908.292,Virtual
507,5.06000,279.428,906.115,883.735,Measured,256.553,826.053,888.496,Measured,316.192,769.929,890.642,Measured,411.538,828.335,890.396,Measured,336.208,847.528,863.808,Virtual,154.743,916.374,998.544,Measured,187.293,897.688,1011.656,Measured,112.074,939.715,1028.420,Measured,183.685,954.040,1045.187,Measured,326.016,828.093,885.801,Virtual,344.651,818.536,911.010,Virtual,299.676,842.138,914.861,Virtual,317.680,815.767,907.013,Virtual,331.119,840.505,908.396,Virtual
508,5.07000,278.568,906.145,883.186,Measured,255.989,826.084,887.818,Measured,315.696,770.117,890.430,Measured,410.934,828.710,890.492,Measured,335.654,847.709,863.552,Virtual,154.361,916.409,998.532,Measured,186.873,897.707,1011.643,Measured,111.700,939.897,1028.345,Measured,183.358,954.118,1045.089,Measured,325.473,827.653,885.926,Virtual,344.092,818.109,911.151,Virtual,299.157,841.794,914.962,Virtual,317.116,815.379,907.160,Virtual,330.597,840.097,908.499,Virtual
509,5.08000,278.226,906.204,882.564,Measured,255.623,826.154,887.160,Measured,315.358,770.272,890.047,Measured,410.548,829.096,890.418,Measured,335.368,847.886,863.184,Virtual,154.002,916.444,998.493,Measured,186.499,897.732,1011.603,Measured,111.413,940.037,1028.301,Measured,183.096,954.189,1045.004,Measured,324.931,827.332,885.888,Virtual,343.552,817.791,911.113,Virtual,298.652,841.543,914.923,Virtual,316.570,815.094,907.142,Virtual,330.086,839.795,908.444,Virtual
510,5.09000,277.423,906.288,882.112,Measured,255.114,826.087,886.830,Measured,315.084,770.381,889.569,Measured,410.109,829.303,890.067,Measured,334.828,848.024,862.787,Virtual,153.649,916.442,998.447,Measured,186.119,897.653,1011.549,Measured,111.127,940.160,1028.221,Measured,182.871,954.166,1044.925,Measured,324.352,826.816,885.880,Virtual,342.954,817.250,911.110,Virtual,298.113,841.116,914.908,Virtual,315.965,814.616,907.145,Virtual,329.542,839.285,908.425,Virtual
511,5.10000,277.278,906.282,882.003,Measured,254.865,826.142,886.471,Measured,314.839,770.440,889.018,Measured,409.886,829.360,889.501,Measured,334.579,848.130,862.402,Virtual,153.280,916.414,998.334,Measured,185.759,897.588,1011.474,Measured,110.841,940.222,1028.180,Measured,182.633,954.114,1044.813,Measured,323.754,826.459,885.694,Virtual,342.361,816.874,910.913,Virtual,297.564,840.816,914.739,Virtual,315.365,814.283,906.972,Virtual,328.984,838.929,908.229,Virtual
512,5.11000,276.978,906.356,881.948,Measured,254.676,826.163,886.367,Measured,314.650,770.430,888.469,Measured,409.653,829.369,888.760,Measured,334.250,848.218,861.996,Virtual,152.904,916.336,998.278,Measured,185.364,897.467,1011.384,Measured,110.526,940.230,1028.116,Measured,182.358,954.003,1044.726,Measured,323.173,826.068,885.561,Virtual,341.776,816.455,910.772,Virtual,297.022,840.476,914.615,Virtual,314.773,813.911,906.846,Virtual,328.435,838.533,908.091,Virtual
513,5.12000,276.900,906.368,882.094,Measured,254.433,826.214,886.241,Measured,314.409,770.426,887.768,Measured,409.351,829.372,887.689,Measured,333.892,848.330,861.500,Virtual,152.545,916.236,998.158,Measured,184.999,897.318,1011.262,Measured,110.204,940.184,1028.029,Measured,182.048,953.846,1044.642,Measured,322.697,825.819,885.392,Virtual,341.289,816.168,910.596,Virtual,296.566,840.244,914.455,Virtual,314.282,813.660,906.669,Virtual,327.977,838.265,907.928,Virtual
514,5.13000,276.730,906.321,882.089,Measured,254.346,826.271,885.947,Measured,314.215,770.411,887.194,Measured,409.371,829.186,887.226,Measured,333.766,848.359,861.200,Virtual,152.181,916.101,998.081,Measured,184.543,897.116,1011.131,Measured,109.861,940.083,1027.940,Measured,181.690,953.604,1044.582,Measured,322.180,825.520,885.231,Virtual,340.748,815.807,910.430,Virtual,296.066,839.957,914.304,Virtual,313.738,813.351,906.492,Virtual,327.474,837.931,907.784,Virtual
515,5.14000,276.602,906.359,881.949,Measured,254.105,826.261,885.663,Measured,314.002,770.434,886.563,Measured,408.950,829.231,886.534,Measured,333.455,848.450,860.755,Virtual,151.788,915.951,997.926,Measured,184.154,896.884,1010.998,Measured,109.508,939.953,1027.814,Measured,181.377,953.342,1044.470,Measured,321.680,825.185,885.038,Virtual,340.229,815.422,910.231,Virtual,295.584,839.637,914.119,Virtual,313.216,813.011,906.288,Virtual,326.991,837.568,907.602,Virtual
516,5.15000,276.338,906.287,881.731,Measured,253.866,826.189,885.347,Measured,313.891,770.446,886.100,Measured,408.948,829.193,886.286,Measured,333.305,848.466,860.484,Virtual,151.428,915.771,997.766,Measured,183.776,896.664,1010.810,Measured,109.236,939.829,1027.750,Measured,181.099,953.050,1044.368,Measured,321.090,824.912,884.635,Virtual,339.640,815.077,909.800,Virtual,295.040,839.363,913.757,Virtual,312.620,812.719,905.871,Virtual,326.438,837.250,907.215,Virtual
517,5.16000,276.199,906.253,881.388,Measured,253.742,826.193,884.921,Measured,313.759,770.483,885.703,Measured,408.669,829.383,886.046,Measured,333.153,848.550,860.168,Virtual,151.097,915.647,997.635,Measured,183.415,896.464,1010.628,Measured,108.981,939.771,1027.666,Measured,180.931,952.820,1044.209,Measured,320.417,824.458,884.243,Virtual,338.974,814.568,909.380,Virtual,294.434,838.953,913.404,Virtual,311.945,812.273,905.483,Virtual,325.820,836.772,906.823,Virtual
518,5.17000,275.857,906.234,881.128,Measured,253.588,826.150,884.424,Measured,313.598,770.453,885.507,Measured,408.405,829.604,885.813,Measured,332.927,848.616,859.896,Virtual,150.767,915.552,997.478,Measured,183.136,896.351,1010.388,Measured,108.800,939.811,1027.551,Measured,180.756,952.725,1044.026,Measured,319.798,824.099,883.832,Virtual,338.375,814.177,908.943,Virtual,293.883,838.641,913.031,Virtual,311.335,811.930,905.085,Virtual,325.255,836.404,906.404,Virtual
519,5.18000,275.554,906.242,880.582,Measured,253.419,826.069,884.105,Measured,313.530,770.467,885.226,Measured,408.306,829.688,885.655,Measured,332.782,848.606,859.572,Virtual,150.492,915.545,997.291,Measured,182.842,896.321,1010.179,Measured,108.630,939.991,1027.410,Measured,180.700,952.766,1043.708,Measured,319.042,823.443,883.477,Virtual,337.652,813.531,908.568,Virtual,293.229,838.112,912.702,Virtual,310.598,811.342,904.776,Virtual,324.581,835.785,906.009,Virtual
520,5.19000,275.436,906.177,880.357,Measured,253.333,826.009,883.812,Measured,313.463,770.439,884.968,Measured,408.207,829.774,885.448,Measured,332.689,848.614,859.342,Virtual,150.248,915.596,997.122,Measured,182.589,896.375,1009.984,Measured,108.494,940.192,1027.257,Measured,180.593,952.926,1043.398,Measured,318.454,822.988,883.219,Virtual,337.098,813.116,908.299,Virtual,292.717,837.768,912.456,Virtual,310.035,810.953,904.566,Virtual,324.053,835.380,905.709,Virtual
521,5.20000,275.368,906.105,880.171,Measured,253.303,825.934,883.501,Measured,313.486,770.414,884.560,Measured,408.340,829.711,885.266,Measured,332.719,848.608,859.116,Virtual,149.988,915.680,996.962,Measured,182.339,896.447,1009.834,Measured,108.315,940.394,1027.114,Measured,180.488,953.141,1043.058,Measured,317.859,822.516,883.016,Virtual,336.550,812.713,908.088,Virtual,292.201,837.419,912.259,Virtual,309.476,810.562,904.422,Virtual,323.519,834.980,905.450,Virtual
522,5.21000,275.289,905.985,880.202,Measured,253.309,825.845,883.285,Measured,313.514,770.368,884.201,Measured,408.283,829.751,884.894,Measured,332.649,848.635,858.903,Virtual,149.726,915.736,996.841,Measured,182.048,896.506,1009.684,Measured,108.113,940.528,1026.995,Measured,180.261,953.242,1042.822,Measured,317.382,822.285,882.827,Virtual,336.096,812.507,907.892,Virtual,291.769,837.250,912.078,Virtual,309.017,810.369,904.261,Virtual,323.077,834.779,905.236,Virtual
523,5.22000,275.309,905.903,880.164,Measured,253.332,825.756,883.082,Measured,313.548,770.295,883.809,Measured,408.197,829.759,884.233,Measured,332.563,848.627,858.543,Virtual,149.423,915.752,996.723,Measured,181.748,896.502,1009.590,Measured,107.848,940.571,1026.902,Measured,180.019,953.254,1042.697,Measured,316.985,822.146,882.697,Virtual,335.703,812.365,907.758,Virtual,291.393,837.138,911.951,Virtual,308.620,810.243,904.138,Virtual,322.697,834.645,905.098,Virtual
524,5.23000,275.267,905.754,880.079,Measured,253.360,825.627,882.827,Measured,313.621,770.180,883.404,Measured,408.212,829.792,883.818,Measured,332.537,848.607,858.262,Virtual,149.100,915.737,996.647,Measured,181.458,896.475,1009.497,Measured,107.524,940.540,1026.875,Measured,179.732,953.165,1042.671,Measured,316.637,822.255,882.475,Virtual,335.357,812.438,907.521,Virtual,291.052,837.214,911.754,Virtual,308.273,810.326,903.903,Virtual,322.354,834.724,904.892,Virtual
525,5.24000,275.227,905.606,879.877,Measured,253.342,825.502,882.576,Measured,313.672,770.091,882.972,Measured,408.383,829.660,883.510,Measured,332.567,848.527,857.983,Virtual,148.783,915.697,996.587,Measured,181.115,896.412,1009.454,Measured,107.210,940.480,1026.853,Measured,179.388,953.084,1042.674,Measured,316.331,822.286,882.403,Virtual,335.041,812.443,907.446,Virtual,290.740,837.223,911.687,Virtual,307.958,810.339,903.817,Virtual,322.044,834.733,904.834,Virtual
526,5.25000,275.181,905.607,879.370,Measured,253.341,825.296,882.276,Measured,313.738,769.953,882.626,Measured,408.363,829.670,883.256,Measured,332.569,848.435,857.628,Virtual,148.425,915.661,996.578,Measured,180.811,896.388,1009.404,Measured,106.905,940.426,1026.830,Measured,179.050,953.000,1042.689,Measured,316.022,822.381,882.297,Virtual,334.730,812.513,907.331,Virtual,290.428,837.288,911.593,Virtual,307.648,810.412,903.698,Virtual,321.732,834.805,904.740,Virtual
527,5.26000,275.129,905.410,879.019,Measured,253.420,825.182,881.755,Measured,313.795,769.851,882.249,Measured,408.387,829.539,883.160,Measured,332.652,848.331,857.358,Virtual,148.156,915.686,996.576,Measured,180.451,896.382,1009.403,Measured,106.547,940.442,1026.803,Measured,178.717,952.983,1042.705,Measured,315.760,822.381,882.378,Virtual,334.443,812.494,907.423,Virtual,290.148,837.285,911.660,Virtual,307.363,810.406,903.766,Virtual,321.457,834.793,904.831,Virtual
528,5.27000,275.051,905.274,878.508,Measured,253.409,824.934,881.237,Measured,313.905,769.703,881.884,Measured,408.397,829.558,882.983,Measured,332.691,848.222,857.004,Virtual,147.858,915.744,996.567,Measured,180.108,896.403,1009.413,Measured,106.245,940.519,1026.784,Measured,178.430,953.036,1042.693,Measured,315.404,822.272,882.435,Virtual,334.076,812.381,907.487,Virtual,289.797,837.204,911.708,Virtual,306.995,810.310,903.827,Virtual,321.106,834.688,904.885,Virtual
529,5.28000,275.038,904.992,878.145,Measured,253.454,824.703,880.774,Measured,313.973,769.527,881.488,Measured,408.368,829.459,882.865,Measured,332.749,848.064,856.727,Virtual,147.593,915.841,996.584,Measured,179.807,896.455,1009.452,Measured,105.973,940.652,1026.769,Measured,178.156,953.112,1042.677,Measured,315.089,822.137,882.569,Virtual,333.743,812.246,907.634,Virtual,289.483,837.109,911.823,Virtual,306.662,810.196,903.965,Virtual,320.793,834.562,905.013,Virtual
530,5.29000,274.832,904.788,877.568,Measured,253.386,824.373,880.259,Measured,314.085,769.357,881.029,Measured,408.446,829.413,882.655,Measured,332.749,847.907,856.326,Virtual,147.290,915.887,996.611,Measured,179.496,896.504,1009.508,Measured,105.708,940.803,1026.779,Measured,177.923,953.214,1042.689,Measured,314.685,821.880,882.709,Virtual,333.330,811.999,907.784,Virtual,289.098,836.916,911.946,Virtual,306.246,809.975,904.120,Virtual,320.404,834.326,905.138,Virtual
531,5.30000,275.018,904.447,877.347,Measured,253.554,824.125,879.722,Measured,314.261,769.128,880.500,Measured,408.434,829.264,882.311,Measured,332.894,847.739,855.979,Virtual,147.030,915.969,996.684,Measured,179.248,896.558,1009.552,Measured,105.493,940.946,1026.843,Measured,177.746,953.284,1042.661,Measured,314.228,821.672,882.698,Virtual,332.888,811.799,907.766,Virtual,288.684,836.763,911.945,Virtual,305.798,809.797,904.130,Virtual,319.981,834.136,905.109,Virtual
532,5.31000,274.918,904.218,876.951,Measured,253.582,823.784,879.272,Measured,314.352,768.889,879.932,Measured,408.562,829.125,881.811,Measured,332.903,847.555,855.513,Virtual,146.752,916.023,996.757,Measured,178.955,896.608,1009.618,Measured,105.255,941.088,1026.912,Measured,177.535,953.392,1042.675,Measured,313.782,821.443,882.773,Virtual,332.451,811.585,907.840,Virtual,288.273,836.594,912.019,Virtual,305.358,809.602,904.226,Virtual,319.562,833.930,905.163,Virtual
533,5.32000,274.996,903.919,876.863,Measured,253.669,823.521,878.865,Measured,314.445,768.592,879.331,Measured,408.388,829.010,881.090,Measured,332.856,847.402,855.063,Virtual,146.506,916.099,996.824,Measured,178.718,896.650,1009.683,Measured,105.079,941.228,1026.989,Measured,177.348,953.490,1042.653,Measured,313.354,821.211,882.812,Virtual,332.039,811.372,907.875,Virtual,287.885,836.423,912.061,Virtual,304.940,809.407,904.289,Virtual,319.165,833.724,905.180,Virtual
534,5.33000,275.038,903.681,876.748,Measured,253.788,823.283,878.492,Measured,314.526,768.330,878.790,Measured,408.719,828.650,880.690,Measured,332.995,847.195,854.748,Virtual,146.267,916.147,996.905,Measured,178.458,896.709,1009.754,Measured,104.898,941.352,1027.083,Measured,177.178,953.606,1042.609,Measured,312.878,820.940,882.828,Virtual,331.594,811.139,907.882,Virtual,287.461,836.223,912.085,Virtual,304.489,809.182,904.340,Virtual,318.730,833.493,905.162,Virtual
535,5.34000,275.002,903.386,876.621,Measured,253.840,823.030,878.080,Measured,314.594,768.137,878.189,Measured,408.766,828.533,880.115,Measured,332.981,847.075,854.345,Virtual,146.028,916.175,996.996,Measured,178.206,896.701,1009.813,Measured,104.722,941.469,1027.239,Measured,177.010,953.634,1042.648,Measured,312.357,820.717,882.752,Virtual,331.096,810.906,907.786,Virtual,286.998,836.046,912.035,Virtual,303.983,808.981,904.281,Virtual,318.255,833.275,905.072,Virtual
536,5.35000,275.024,903.341,876.069,Measured,253.790,822.771,877.730,Measured,314.679,767.978,877.587,Measured,408.786,828.268,879.794,Measured,333.023,846.898,853.911,Virtual,145.770,916.174,997.089,Measured,177.937,896.692,1009.892,Measured,104.546,941.496,1027.413,Measured,176.842,953.617,1042.703,Measured,311.857,820.579,882.627,Virtual,330.626,810.759,907.634,Virtual,286.553,835.931,911.946,Virtual,303.507,808.852,904.171,Virtual,317.797,833.136,904.936,Virtual
537,5.36000,275.057,902.994,875.833,Measured,253.806,822.577,877.321,Measured,314.698,767.828,877.075,Measured,408.784,828.211,879.474,Measured,333.039,846.779,853.587,Virtual,145.480,916.139,997.186,Measured,177.628,896.622,1009.952,Measured,104.293,941.529,1027.611,Measured,176.646,953.523,1042.797,Measured,311.271,820.402,882.465,Virtual,330.060,810.542,907.442,Virtual,286.027,835.771,911.826,Virtual,302.934,808.674,904.013,Virtual,317.258,832.938,904.774,Virtual
538,5.37000,274.927,902.781,875.552,Measured,253.821,822.432,876.772,Measured,314.711,767.656,876.726,Measured,408.529,828.240,879.087,Measured,332.943,846.699,853.221,Virtual,145.152,916.100,997.302,Measured,177.323,896.555,1010.058,Measured,104.023,941.516,1027.834,Measured,176.409,953.432,1042.913,Measured,310.725,820.297,882.340,Virtual,329.539,810.410,907.287,Virtual,285.531,835.670,911.743,Virtual,302.407,808.564,903.894,Virtual,316.750,832.817,904.647,Virtual
539,5.38000,274.888,902.496,875.353,Measured,253.777,822.249,876.365,Measured,314.726,767.578,876.381,Measured,408.709,828.094,879.096,Measured,333.024,846.580,853.067,Virtual,144.800,916.088,997.450,Measured,176.957,896.496,1010.148,Measured,103.725,941.534,1028.006,Measured,176.126,953.359,1043.040,Measured,310.177,820.156,882.299,Virtual,328.999,810.235,907.227,Virtual,285.022,835.542,911.728,Virtual,301.862,808.421,903.853,Virtual,316.233,832.658,904.608,Virtual
540,5.39000,274.696,902.315,875.012,Measured,253.828,822.122,876.005,Measured,314.753,767.429,876.081,Measured,408.419,828.261,878.747,Measured,332.891,846.539,852.726,Virtual,144.449,916.109,997.588,Measured,176.592,896.467,1010.262,Measured,103.394,941.568,1028.191,Measured,175.812,953.328,1043.172,Measured,309.673,820.094,882.298,Virtual,328.502,810.148,907.210,Virtual,284.548,835.487,911.750,Virtual,301.362,808.357,903.852,Virtual,315.752,832.582,904.609,Virtual
541,5.40000,274.618,902.119,874.793,Measured,253.727,821.911,875.682,Measured,314.795,767.330,875.757,Measured,408.642,828.047,878.811,Measured,332.968,846.402,852.601,Virtual,144.060,916.139,997.792,Measured,176.194,896.470,1010.456,Measured,103.065,941.636,1028.340,Measured,175.475,953.361,1043.293,Measured,309.179,819.835,882.542,Virtual,328.008,809.902,907.460,Virtual,284.076,835.283,911.983,Virtual,300.865,808.129,904.111,Virtual,315.275,832.343,904.836,Virtual
542,5.41000,274.568,901.832,874.678,Measured,253.765,821.781,875.382,Measured,314.811,767.207,875.476,Measured,408.542,828.118,878.628,Measured,332.936,846.344,852.416,Virtual,143.711,916.201,997.981,Measured,175.786,896.541,1010.674,Measured,102.716,941.740,1028.548,Measured,175.102,953.429,1043.465,Measured,308.747,819.765,882.780,Virtual,327.573,809.835,907.701,Virtual,283.653,835.240,912.215,Virtual,300.429,808.074,904.356,Virtual,314.851,832.282,905.068,Virtual
543,5.42000,274.401,901.657,874.589,Measured,253.686,821.626,875.166,Measured,314.805,767.133,875.262,Measured,408.536,828.030,878.549,Measured,332.876,846.265,852.302,Virtual,143.303,916.261,998.217,Measured,175.358,896.569,1010.890,Measured,102.327,941.880,1028.805,Measured,174.738,953.505,1043.648,Measured,308.141,819.581,882.964,Virtual,326.977,809.653,907.879,Virtual,283.085,835.103,912.407,Virtual,299.829,807.915,904.556,Virtual,314.274,832.109,905.238,Virtual
544,5.43000,274.364,901.501,874.625,Measured,253.658,821.609,875.083,Measured,314.727,767.094,875.137,Measured,408.522,827.963,878.397,Measured,332.824,846.219,852.227,Virtual,142.888,916.335,998.429,Measured,174.938,896.624,1011.110,Measured,101.928,942.039,1029.005,Measured,174.361,953.588,1043.876,Measured,307.658,819.456,883.256,Virtual,326.475,809.516,908.179,Virtual,282.611,835.015,912.687,Virtual,299.327,807.806,904.849,Virtual,313.798,831.985,905.527,Virtual
545,5.44000,274.209,901.469,874.643,Measured,253.474,821.557,875.176,Measured,314.649,767.082,875.121,Measured,408.418,827.960,878.348,Measured,332.669,846.201,852.222,Virtual,142.473,916.404,998.690,Measured,174.510,896.665,1011.378,Measured,101.578,942.198,1029.266,Measured,174.035,953.675,1044.098,Measured,307.057,819.190,883.533,Virtual,325.874,809.248,908.456,Virtual,282.047,834.812,912.961,Virtual,298.722,807.573,905.142,Virtual,313.227,831.732,905.788,Virtual
546,5.45000,274.092,901.532,874.492,Measured,253.378,821.646,875.154,Measured,314.479,767.077,875.147,Measured,408.308,827.897,878.222,Measured,332.543,846.172,852.116,Virtual,142.071,916.476,998.941,Measured,174.098,896.685,1011.638,Measured,101.219,942.341,1029.536,Measured,173.724,953.703,1044.348,Measured,306.475,818.984,883.761,Virtual,325.284,809.016,908.680,Virtual,281.498,834.650,913.194,Virtual,298.127,807.383,905.374,Virtual,312.671,831.520,906.012,Virtual
547,5.46000,274.012,901.436,874.533,Measured,253.185,821.637,875.115,Measured,314.298,767.039,875.205,Measured,408.088,827.825,878.382,Measured,332.410,846.116,852.199,Virtual,141.706,916.526,999.247,Measured,173.673,896.667,1011.963,Measured,100.921,942.460,1029.885,Measured,173.429,953.714,1044.621,Measured,305.841,818.664,884.025,Virtual,324.649,808.677,908.937,Virtual,280.912,834.391,913.467,Virtual,297.487,807.090,905.651,Virtual,312.075,831.201,906.266,Virtual
548,5.47000,273.801,901.500,874.309,Measured,253.056,821.636,874.947,Measured,314.120,767.010,875.174,Measured,407.922,827.739,878.403,Measured,332.274,846.071,852.107,Virtual,141.293,916.585,999.622,Measured,173.268,896.695,1012.296,Measured,100.580,942.537,1030.279,Measured,173.093,953.714,1044.993,Measured,305.285,818.635,884.239,Virtual,324.098,808.616,909.134,Virtual,280.388,834.369,913.704,Virtual,296.933,807.057,905.863,Virtual,311.544,831.154,906.483,Virtual
549,5.48000,273.680,901.454,874.097,Measured,252.880,821.506,874.722,Measured,313.979,766.890,875.040,Measured,407.737,827.667,878.468,Measured,332.164,845.979,852.019,Virtual,140.844,916.634,1000.052,Measured,172.808,896.701,1012.674,Measured,100.141,942.644,1030.561,Measured,172.736,953.733,1045.321,Measured,304.747,818.304,884.764,Virtual,323.537,808.284,909.676,Virtual,279.864,834.105,914.204,Virtual,296.371,806.761,906.397,Virtual,311.016,830.837,906.996,Virtual
550,5.49000,273.412,901.348,873.765,Measured,252.780,821.293,874.502,Measured,313.894,766.751,874.825,Measured,407.659,827.588,878.448,Measured,332.052,845.852,851.845,Virtual,140.352,916.688,1000.430,Measured,172.323,896.746,1013.084,Measured,99.594,942.726,1030.857,Measured,172.336,953.763,1045.693,Measured,304.281,818.157,885.304,Virtual,323.044,808.134,910.235,Virtual,279.388,833.994,914.717,Virtual,295.879,806.632,906.937,Virtual,310.544,830.696,907.535,Virtual
551,5.50000,273.309,901.114,873.632,Measured,252.664,820.991,874.238,Measured,313.864,766.538,874.599,Measured,407.486,827.544,878.221,Measured,331.929,845.695,851.647,Virtual,139.842,916.765,1000.843,Measured,171.733,896.780,1013.487,Measured,99.132,942.867,1031.229,Measured,171.815,953.881,1046.107,Measured,303.682,817.978,885.831,Virtual,322.424,807.949,910.776,Virtual,278.797,833.862,915.225,Virtual,295.259,806.476,907.468,Virtual,309.951,830.524,908.056,Virtual
552,5.51000,273.193,900.925,873.525,Measured,252.689,820.735,873.987,Measured,313.869,766.324,874.317,Measured,407.571,827.279,878.241,Measured,331.965,845.512,851.557,Virtual,139.234,916.831,1001.233,Measured,171.150,896.865,1013.952,Measured,98.508,943.014,1031.678,Measured,171.262,953.964,1046.515,Measured,303.001,817.898,886.296,Virtual,321.743,807.876,911.243,Virtual,278.130,833.815,915.685,Virtual,294.576,806.415,907.942,Virtual,309.281,830.456,908.511,Virtual
553,5.52000,272.956,900.652,873.421,Measured,252.662,820.483,873.712,Measured,313.789,766.070,874.102,Measured,407.457,827.151,877.984,Measured,331.829,845.327,851.355,Virtual,138.602,916.928,1001.735,Measured,170.481,896.933,1014.486,Measured,97.869,943.159,1032.117,Measured,170.592,954.054,1046.954,Measured,302.347,817.720,886.996,Virtual,321.067,807.714,911.965,Virtual,277.471,833.690,916.351,Virtual,293.901,806.269,908.651,Virtual,308.624,830.300,909.200,Virtual
554,5.53000,272.880,900.472,873.322,Measured,252.490,820.234,873.598,Measured,313.688,765.860,873.854,Measured,407.307,826.864,877.888,Measured,331.716,845.115,851.240,Virtual,137.954,916.984,1002.262,Measured,169.813,896.981,1014.966,Measured,97.205,943.289,1032.544,Measured,169.958,954.124,1047.396,Measured,301.635,817.531,887.611,Virtual,320.342,807.535,912.595,Virtual,276.766,833.551,916.945,Virtual,293.176,806.109,909.276,Virtual,307.917,830.128,909.804,Virtual
555,5.54000,272.809,900.235,873.313,Measured,252.269,820.036,873.473,Measured,313.446,765.618,873.688,Measured,407.128,826.634,877.686,Measured,331.532,844.900,851.118,Virtual,137.276,917.058,1002.760,Measured,169.075,896.990,1015.522,Measured,96.556,943.439,1032.961,Measured,169.294,954.147,1047.958,Measured,300.967,817.257,888.409,Virtual,319.609,807.225,913.426,Virtual,276.079,833.331,917.697,Virtual,292.446,805.855,910.059,Virtual,307.236,829.843,910.611,Virtual
556,5.55000,272.439,900.074,873.208,Measured,252.034,819.912,873.308,Measured,313.161,765.438,873.516,Measured,406.864,826.349,877.660,Measured,331.270,844.725,851.033,Virtual,136.554,917.088,1003.319,Measured,168.348,897.019,1016.100,Measured,95.821,943.607,1033.511,Measured,168.648,954.198,1048.447,Measured,300.052,816.916,889.047,Virtual,318.692,806.896,914.071,Virtual,275.198,833.066,918.322,Virtual,291.526,805.557,910.718,Virtual,306.348,829.527,911.228,Virtual
557,5.56000,272.247,899.919,873.119,Measured,251.757,819.857,873.061,Measured,312.752,765.247,873.338,Measured,406.596,826.145,877.561,Measured,331.019,844.574,850.909,Virtual,135.839,917.178,1003.951,Measured,167.545,897.017,1016.774,Measured,95.167,943.756,1034.067,Measured,167.960,954.223,1049.083,Measured,299.234,816.551,889.904,Virtual,317.823,806.502,914.954,Virtual,274.385,832.773,919.143,Virtual,290.657,805.223,911.571,Virtual,305.534,829.159,912.086,Virtual
558,5.57000,271.876,899.790,872.880,Measured,251.671,819.880,872.601,Measured,312.672,765.287,873.045,Measured,406.313,825.922,877.545,Measured,330.874,844.537,850.735,Virtual,135.106,917.261,1004.586,Measured,166.761,897.075,1017.391,Measured,94.481,943.985,1034.694,Measured,167.309,954.324,1049.628,Measured,298.194,816.174,890.539,Virtual,316.785,806.125,915.588,Virtual,273.400,832.485,919.776,Virtual,289.614,804.893,912.230,Virtual,304.536,828.801,912.697,Virtual
559,5.58000,271.593,899.650,872.567,Measured,251.486,819.815,872.219,Measured,312.384,765.041,872.961,Measured,406.018,825.762,877.485,Measured,330.659,844.354,850.545,Virtual,134.300,917.404,1005.184,Measured,165.953,897.124,1018.079,Measured,93.735,944.239,1035.294,Measured,166.582,954.414,1050.218,Measured,297.217,815.803,891.337,Virtual,315.777,805.740,916.404,Virtual,272.450,832.202,920.548,Virtual,288.604,804.565,913.038,Virtual,303.580,828.441,913.484,Virtual
560,5.59000,271.211,899.504,872.397,Measured,251.327,819.702,872.003,Measured,312.271,764.998,872.827,Measured,405.818,825.638,877.535,Measured,330.471,844.271,850.468,Virtual,133.517,917.573,1005.918,Measured,165.084,897.253,1018.816,Measured,93.025,944.547,1035.952,Measured,165.855,954.601,1050.848,Measured,296.177,815.383,892.232,Virtual,314.717,805.328,917.316,Virtual,271.450,831.895,921.412,Virtual,287.542,804.207,913.956,Virtual,302.571,828.050,914.353,Virtual
561,5.60000,271.172,899.311,872.309,Measured,251.140,819.550,871.963,Measured,312.051,764.824,872.804,Measured,405.579,825.552,877.489,Measured,330.305,844.103,850.410,Virtual,132.700,917.770,1006.635,Measured,164.223,897.405,1019.598,Measured,92.231,944.877,1036.585,Measured,165.079,954.816,1051.482,Measured,295.220,815.000,893.263,Virtual,313.729,804.967,918.380,Virtual,270.510,831.626,922.393,Virtual,286.553,803.890,915.008,Virtual,301.627,827.705,915.358,Virtual
562,5.61000,270.821,899.176,872.235,Measured,251.034,819.407,871.812,Measured,311.977,764.663,872.660,Measured,405.477,825.416,877.474,Measured,330.151,843.996,850.345,Virtual,131.791,917.942,1007.396,Measured,163.253,897.532,1020.401,Measured,91.367,945.202,1037.329,Measured,164.219,955.031,1052.203,Measured,294.086,814.660,894.213,Virtual,312.575,804.634,919.347,Virtual,269.410,831.386,923.315,Virtual,285.397,803.606,915.978,Virtual,300.519,827.391,916.286,Virtual
563,5.62000,270.761,898.988,872.227,Measured,250.915,819.241,871.762,Measured,311.811,764.516,872.500,Measured,405.300,825.262,877.351,Measured,330.014,843.851,850.267,Virtual,130.823,918.117,1008.186,Measured,162.242,897.628,1021.242,Measured,90.424,945.495,1037.975,Measured,163.279,955.156,1052.960,Measured,293.068,814.272,895.387,Virtual,311.491,804.235,920.565,Virtual,268.384,831.097,924.425,Virtual,284.316,803.268,917.152,Virtual,299.495,827.017,917.454,Virtual
564,5.63000,270.498,898.876,872.220,Measured,250.731,819.082,871.680,Measured,311.713,764.359,872.340,Measured,405.235,825.151,877.276,Measured,329.851,843.755,850.206,Virtual,129.781,918.180,1009.000,Measured,161.125,897.690,1022.161,Measured,89.363,945.687,1038.738,Measured,162.199,955.274,1053.805,Measured,292.031,813.973,896.615,Virtual,310.403,803.947,921.834,Virtual,267.328,830.873,925.593,Virtual,283.232,803.013,918.383,Virtual,298.443,826.741,918.672,Virtual
565,5.64000,270.412,898.707,872.304,Measured,250.665,818.986,871.673,Measured,311.544,764.233,872.221,Measured,405.093,825.014,877.197,Measured,329.728,843.649,850.188,Virtual,128.645,918.273,1009.819,Measured,159.940,897.713,1023.024,Measured,88.237,945.872,1039.398,Measured,161.070,955.325,1054.642,Measured,290.937,813.625,897.844,Virtual,309.233,803.579,923.112,Virtual,266.207,830.600,926.754,Virtual,282.067,802.700,919.601,Virtual,297.328,826.396,919.906,Virtual
566,5.65000,270.274,898.664,872.324,Measured,250.420,818.912,871.684,Measured,311.378,764.153,872.230,Measured,404.911,824.918,877.149,Measured,329.539,843.570,850.177,Virtual,127.505,918.338,1010.668,Measured,158.698,897.685,1023.953,Measured,87.074,946.026,1040.205,Measured,159.914,955.300,1055.495,Measured,289.668,813.226,898.975,Virtual,307.907,803.152,924.272,Virtual,264.939,830.275,927.843,Virtual,280.744,802.334,920.726,Virtual,296.059,825.995,921.038,Virtual
567,5.66000,270.141,898.588,872.407,Measured,250.290,818.897,871.805,Measured,311.151,764.119,872.330,Measured,404.741,824.905,877.209,Measured,329.369,843.526,850.256,Virtual,126.290,918.387,1011.514,Measured,157.413,897.649,1024.851,Measured,85.916,946.215,1040.961,Measured,158.697,955.321,1056.370,Measured,288.368,812.761,900.178,Virtual,306.538,802.661,925.514,Virtual,263.635,829.899,928.990,Virtual,279.379,801.911,921.923,Virtual,294.756,825.532,922.241,Virtual
568,5.67000,269.948,898.515,872.432,Measured,250.056,818.874,871.872,Measured,310.924,764.074,872.440,Measured,404.487,824.787,877.285,Measured,329.151,843.439,850.317,Virtual,125.094,918.422,1012.376,Measured,156.094,897.622,1025.785,Measured,84.754,946.466,1041.750,Measured,157.604,955.275,1057.215,Measured,286.850,812.023,901.348,Virtual,304.952,801.883,926.716,Virtual,262.155,829.296,930.113,Virtual,277.794,801.237,923.097,Virtual,293.265,824.796,923.402,Virtual
569,5.68000,269.753,898.503,872.481,Measured,249.857,818.851,871.916,Measured,310.695,764.057,872.538,Measured,404.312,824.799,877.414,Measured,328.963,843.425,850.404,Virtual,123.834,918.494,1013.223,Measured,154.754,897.549,1026.695,Measured,83.604,946.701,1042.486,Measured,156.443,955.281,1058.067,Measured,285.354,811.300,902.566,Virtual,303.380,801.121,927.974,Virtual,260.686,828.707,931.272,Virtual,276.225,800.577,924.316,Virtual,291.788,824.076,924.613,Virtual
570,5.69000,269.559,898.362,872.539,Measured,249.610,818.840,871.922,Measured,310.470,764.031,872.587,Measured,403.995,824.726,877.512,Measured,328.733,843.365,850.473,Virtual,122.598,918.543,1014.114,Measured,153.375,897.481,1027.618,Measured,82.438,946.997,1043.278,Measured,155.338,955.249,1058.879,Measured,283.648,810.368,903.741,Virtual,301.609,800.152,929.179,Virtual,259.045,827.947,932.399,Virtual,274.454,799.730,925.506,Virtual,290.128,823.155,925.767,Virtual
571,5.70000,269.635,898.104,872.676,Measured,249.370,818.818,871.932,Measured,310.277,764.004,872.609,Measured,403.802,824.723,877.644,Measured,328.617,843.304,850.579,Virtual,121.303,918.575,1014.937,Measured,151.981,897.416,1028.538,Measured,81.341,947.241,1044.001,Measured,154.244,955.163,1059.564,Measured,281.837,809.263,904.866,Virtual,299.747,799.030,930.333,Virtual,257.321,827.044,933.474,Virtual,272.591,798.732,926.660,Virtual,288.381,822.080,926.856,Virtual
572,5.71000,269.395,898.007,872.850,Measured,249.219,818.805,871.958,Measured,310.046,763.993,872.647,Measured,403.645,824.639,877.692,Measured,328.422,843.276,850.667,Virtual,119.961,918.631,1015.842,Measured,150.514,897.311,1029.474,Measured,80.058,947.554,1044.774,Measured,153.039,955.154,1060.385,Measured,280.031,808.263,906.137,Virtual,297.869,798.000,931.643,Virtual,255.579,826.230,934.682,Virtual,270.714,797.828,927.947,Virtual,286.619,821.098,928.103,Virtual
573,5.72000,269.205,898.059,872.775,Measured,249.030,818.775,872.080,Measured,309.893,763.960,872.647,Measured,403.430,824.634,877.691,Measured,328.224,843.255,850.656,Virtual,118.621,918.698,1016.667,Measured,149.044,897.268,1030.366,Measured,78.852,947.791,1045.580,Measured,151.822,955.106,1061.172,Measured,278.231,807.513,907.133,Virtual,296.020,797.203,932.654,Virtual,253.849,825.616,935.653,Virtual,268.866,797.142,928.954,Virtual,284.869,820.345,929.086,Virtual
574,5.73000,269.122,897.961,872.914,Measured,248.945,818.753,872.192,Measured,309.746,763.932,872.647,Measured,403.369,824.560,877.693,Measured,328.118,843.212,850.719,Virtual,117.181,918.751,1017.462,Measured,147.488,897.165,1031.363,Measured,77.484,948.050,1046.352,Measured,150.472,955.124,1061.989,Measured,276.456,806.593,908.487,Virtual,294.169,796.273,934.057,Virtual,252.114,824.871,936.929,Virtual,267.019,796.317,930.321,Virtual,283.120,819.453,930.416,Virtual
575,5.74000,268.858,898.122,872.954,Measured,248.787,818.749,872.323,Measured,309.604,763.915,872.685,Measured,403.198,824.558,877.677,Measured,327.914,843.243,850.746,Virtual,115.733,918.782,1018.324,Measured,145.975,897.147,1032.181,Measured,76.117,948.267,1047.101,Measured,149.147,955.112,1062.764,Measured,274.663,805.988,909.466,Virtual,292.340,795.644,935.052,Virtual,250.377,824.380,937.882,Virtual,265.191,795.770,931.313,Virtual,281.365,818.854,931.380,Virtual
576,5.75000,268.853,898.044,873.123,Measured,248.640,818.736,872.430,Measured,309.431,763.908,872.722,Measured,403.028,824.523,877.658,Measured,327.778,843.216,850.814,Virtual,114.236,918.840,1019.151,Measured,144.395,897.063,1033.141,Measured,74.764,948.514,1047.843,Measured,147.796,955.111,1063.516,Measured,272.761,805.010,910.737,Virtual,290.378,794.665,936.363,Virtual,248.537,823.589,939.085,Virtual,263.232,794.896,932.607,Virtual,279.506,817.911,932.617,Virtual
577,5.76000,268.625,898.145,873.076,Measured,248.434,818.784,872.500,Measured,309.174,763.901,872.786,Measured,402.826,824.488,877.860,Measured,327.588,843.219,850.898,Virtual,112.804,918.884,1019.994,Measured,142.827,897.035,1033.970,Measured,73.390,948.727,1048.681,Measured,146.462,955.130,1064.321,Measured,270.884,804.474,911.614,Virtual,288.478,794.095,937.243,Virtual,246.731,823.154,939.956,Virtual,261.332,794.410,933.497,Virtual,277.678,817.372,933.481,Virtual
578,5.77000,268.482,898.174,873.136,Measured,248.192,818.860,872.509,Measured,308.898,763.934,872.880,Measured,402.575,824.473,877.877,Measured,327.370,843.231,850.937,Virtual,111.242,918.909,1020.840,Measured,141.225,896.948,1034.863,Measured,71.954,948.998,1049.509,Measured,145.085,955.078,1065.084,Measured,268.784,803.608,912.616,Virtual,286.346,793.204,938.255,Virtual,244.725,822.447,940.933,Virtual,259.199,793.628,934.523,Virtual,275.644,816.520,934.453,Virtual
579,5.78000,268.268,898.291,873.073,Measured,247.903,818.944,872.560,Measured,308.579,763.998,873.020,Measured,402.268,824.509,878.124,Measured,327.131,843.267,851.041,Virtual,109.688,918.911,1021.659,Measured,139.535,896.861,1035.722,Measured,70.565,949.236,1050.230,Measured,143.644,954.993,1065.920,Measured,266.820,802.759,913.752,Virtual,284.297,792.294,939.426,Virtual,242.816,821.743,942.018,Virtual,257.157,792.847,935.656,Virtual,273.714,815.658,935.587,Virtual
580,5.79000,268.047,898.427,873.095,Measured,247.509,819.003,872.645,Measured,308.265,764.077,873.160,Measured,402.009,824.474,878.284,Measured,326.861,843.293,851.142,Virtual,108.076,918.923,1022.476,Measured,137.792,896.685,1036.570,Measured,69.048,949.437,1051.013,Measured,142.184,954.827,1066.743,Measured,264.675,801.918,914.714,Virtual,282.080,791.372,940.403,Virtual,240.749,821.033,942.958,Virtual,254.947,792.062,936.614,Virtual,271.620,814.789,936.549,Virtual
581,5.80000,267.859,898.614,873.014,Measured,247.240,819.104,872.786,Measured,307.952,764.162,873.324,Measured,401.684,824.557,878.402,Measured,326.600,843.351,851.199,Virtual,106.406,918.901,1023.247,Measured,135.948,896.560,1037.378,Measured,67.505,949.596,1051.703,Measured,140.587,954.622,1067.587,Measured,262.631,801.181,915.734,Virtual,279.932,790.536,941.453,Virtual,238.743,820.402,943.939,Virtual,252.810,791.363,937.610,Virtual,269.596,814.006,937.590,Virtual
582,5.81000,267.752,898.669,873.171,Measured,246.978,819.164,872.854,Measured,307.682,764.231,873.490,Measured,401.476,824.553,878.515,Measured,326.403,843.381,851.326,Virtual,104.693,918.891,1024.029,Measured,134.238,896.299,1038.215,Measured,65.844,949.733,1052.442,Measured,138.953,954.431,1068.436,Measured,260.666,800.526,916.777,Virtual,277.879,789.809,942.525,Virtual,236.805,819.838,944.943,Virtual,250.767,790.745,938.634,Virtual,267.644,813.321,938.647,Virtual
583,5.82000,267.534,898.822,873.207,Measured,246.685,819.165,872.982,Measured,307.470,764.315,873.618,Measured,401.341,824.644,878.567,Measured,326.176,843.446,851.389,Virtual,102.955,918.831,1024.828,Measured,132.265,896.262,1038.978,Measured,64.209,949.893,1053.154,Measured,137.337,954.227,1069.212,Measured,258.385,799.776,917.632,Virtual,275.530,788.975,943.390,Virtual,234.600,819.201,945.783,Virtual,248.426,790.041,939.482,Virtual,265.410,812.536,939.507,Virtual
584,5.83000,267.408,898.932,873.233,Measured,246.438,819.136,873.110,Measured,307.301,764.375,873.721,Measured,401.180,824.692,878.606,Measured,325.991,843.474,851.441,Virtual,101.230,918.797,1025.553,Measured,130.494,896.054,1039.703,Measured,62.597,950.026,1053.825,Measured,135.708,954.027,1069.934,Measured,256.273,799.070,918.484,Virtual,273.350,788.200,944.258,Virtual,232.543,818.596,946.613,Virtual,246.254,789.378,940.326,Virtual,263.332,811.802,940.364,Virtual
585,5.84000,267.278,898.974,873.354,Measured,246.285,819.197,873.227,Measured,307.118,764.434,873.820,Measured,400.856,824.841,878.442,Measured,325.745,843.548,851.439,Virtual,99.406,918.777,1026.249,Measured,128.578,895.953,1040.446,Measured,60.981,950.201,1054.488,Measured,134.115,953.861,1070.636,Measured,253.904,798.222,919.291,Virtual,270.923,787.284,945.075,Virtual,230.267,817.884,947.404,Virtual,243.833,788.594,941.138,Virtual,261.022,810.933,941.164,Virtual
586,5.85000,267.168,899.099,873.415,Measured,246.092,819.267,873.307,Measured,306.965,764.485,873.828,Measured,400.888,824.742,878.642,Measured,325.675,843.580,851.555,Virtual,97.672,918.772,1026.926,Measured,126.687,895.851,1041.105,Measured,59.355,950.398,1055.135,Measured,132.453,953.709,1071.361,Measured,251.708,797.605,920.047,Virtual,268.649,786.573,945.842,Virtual,228.132,817.358,948.146,Virtual,241.570,788.011,941.877,Virtual,258.862,810.270,941.935,Virtual
587,5.86000,267.107,899.140,873.497,Measured,246.039,819.458,873.366,Measured,306.781,764.564,873.821,Measured,400.663,824.879,878.548,Measured,325.526,843.694,851.550,Virtual,95.923,918.777,1027.575,Measured,124.804,895.654,1041.791,Measured,57.690,950.635,1055.781,Measured,130.820,953.559,1071.988,Measured,249.333,796.715,920.852,Virtual,266.209,785.618,946.661,Virtual,225.850,816.612,948.928,Virtual,239.139,787.191,942.687,Virtual,256.545,809.361,942.732,Virtual
588,5.87000,266.993,899.224,873.675,Measured,246.100,819.700,873.266,Measured,306.598,764.627,873.808,Measured,400.583,824.794,878.588,Measured,325.479,843.786,851.616,Virtual,94.090,918.813,1028.219,Measured,122.838,895.609,1042.419,Measured,56.061,950.859,1056.304,Measured,129.176,953.401,1072.609,Measured,246.960,795.908,921.618,Virtual,263.754,784.727,947.445,Virtual,223.560,815.938,949.669,Virtual,236.696,786.444,943.447,Virtual,254.221,808.521,943.501,Virtual
589,5.88000,266.975,899.354,873.804,Measured,245.983,819.866,873.378,Measured,306.508,764.710,873.852,Measured,400.483,824.840,878.574,Measured,325.390,843.887,851.673,Virtual,92.264,918.835,1028.756,Measured,120.898,895.486,1043.058,Measured,54.400,951.130,1056.892,Measured,127.544,953.311,1073.112,Measured,244.413,794.951,922.317,Virtual,261.166,783.726,948.152,Virtual,221.136,815.150,950.349,Virtual,234.114,785.578,944.169,Virtual,251.754,807.563,944.174,Virtual
590,5.89000,266.893,899.455,873.960,Measured,245.945,819.975,873.447,Measured,306.417,764.756,873.933,Measured,400.438,824.884,878.551,Measured,325.312,843.966,851.735,Virtual,90.397,918.908,1029.274,Measured,118.932,895.419,1043.601,Measured,52.745,951.383,1057.408,Measured,125.878,953.233,1073.694,Measured,241.995,794.278,922.901,Virtual,258.681,782.966,948.741,Virtual,218.809,814.592,950.925,Virtual,231.641,784.955,944.746,Virtual,249.391,806.851,944.762,Virtual
591,5.90000,266.923,899.567,873.986,Measured,245.808,820.094,873.537,Measured,306.337,764.825,873.997,Measured,400.349,824.966,878.619,Measured,325.251,844.043,851.790,Virtual,88.543,918.932,1029.814,Measured,116.978,895.307,1044.176,Measured,51.083,951.674,1057.972,Measured,124.222,953.180,1074.134,Measured,239.356,793.319,923.521,Virtual,256.018,781.975,949.362,Virtual,216.310,813.807,951.533,Virtual,228.983,784.093,945.399,Virtual,246.844,805.898,945.346,Virtual
592,5.91000,266.832,899.627,874.130,Measured,245.719,820.138,873.557,Measured,306.196,764.863,874.121,Measured,400.319,825.006,878.662,Measured,325.162,844.090,851.873,Virtual,86.694,918.963,1030.374,Measured,114.983,895.201,1044.687,Measured,49.455,951.903,1058.527,Measured,122.569,953.058,1074.630,Measured,236.738,792.514,923.980,Virtual,253.363,781.094,949.812,Virtual,213.826,813.135,952.005,Virtual,226.336,783.352,945.873,Virtual,244.312,805.063,945.794,Virtual
593,5.92000,266.759,899.767,874.106,Measured,245.568,820.215,873.595,Measured,306.130,764.894,874.166,Measured,400.248,825.122,878.724,Measured,325.077,844.171,851.900,Virtual,84.823,918.974,1030.905,Measured,113.014,895.059,1045.243,Measured,47.778,952.208,1059.074,Measured,121.002,952.871,1075.053,Measured,233.911,791.409,924.503,Virtual,250.501,779.924,950.328,Virtual,211.170,812.218,952.528,Virtual,223.483,782.347,946.424,Virtual,241.595,803.944,946.285,Virtual
594,5.93000,266.615,899.817,874.264,Measured,245.513,820.314,873.631,Measured,305.957,764.929,874.236,Measured,400.186,825.145,878.786,Measured,324.972,844.234,851.993,Virtual,82.944,918.999,1031.475,Measured,110.931,894.956,1045.792,Measured,46.065,952.448,1059.604,Measured,119.306,952.731,1075.579,Measured,231.257,790.533,925.104,Virtual,247.787,778.970,950.933,Virtual,208.640,811.488,953.121,Virtual,220.783,781.543,947.033,Virtual,239.017,803.037,946.878,Virtual
595,5.94000,266.610,899.955,874.295,Measured,245.675,820.587,873.718,Measured,305.806,764.963,874.328,Measured,400.078,825.208,878.818,Measured,324.957,844.327,852.038,Virtual,80.949,919.062,1031.984,Measured,108.837,894.763,1046.436,Measured,44.302,952.739,1060.108,Measured,117.554,952.562,1076.103,Measured,228.490,789.420,925.909,Virtual,244.929,777.782,951.762,Virtual,205.999,810.563,953.886,Virtual,217.945,780.530,947.844,Virtual,236.322,801.902,947.669,Virtual
596,5.95000,266.554,900.079,874.446,Measured,245.456,820.723,873.739,Measured,305.666,765.044,874.360,Measured,400.061,825.230,878.818,Measured,324.852,844.423,852.095,Virtual,78.938,919.108,1032.457,Measured,106.585,894.666,1046.957,Measured,42.439,953.037,1060.552,Measured,115.662,952.442,1076.565,Measured,225.702,788.473,926.603,Virtual,242.055,776.760,952.477,Virtual,203.324,809.780,954.546,Virtual,215.090,779.669,948.540,Virtual,233.597,800.928,948.356,Virtual
597,5.96000,266.644,900.204,874.431,Measured,245.378,820.855,873.905,Measured,305.577,765.120,874.361,Measured,399.994,825.244,878.754,Measured,324.805,844.475,852.083,Virtual,76.842,919.135,1032.878,Measured,104.349,894.530,1047.449,Measured,40.526,953.305,1060.907,Measured,113.650,952.240,1077.018,Measured,223.015,787.573,927.341,Virtual,239.251,775.773,953.249,Virtual,200.715,809.025,955.236,Virtual,212.311,778.842,949.263,Virtual,230.946,799.990,949.103,Virtual
598,5.97000,266.611,900.284,874.627,Measured,245.246,820.866,873.963,Measured,305.507,765.193,874.331,Measured,399.964,825.244,878.669,Measured,324.718,844.543,852.119,Virtual,74.675,919.109,1033.329,Measured,102.012,894.417,1047.963,Measured,38.536,953.529,1061.345,Measured,111.655,952.050,1077.489,Measured,220.134,786.661,927.976,Virtual,236.290,774.786,953.900,Virtual,197.945,808.260,955.844,Virtual,209.370,778.007,949.899,Virtual,228.126,799.047,949.733,Virtual
599,5.98000,266.620,900.398,874.778,Measured,245.036,820.918,874.028,Measured,305.616,765.438,874.223,Measured,399.944,825.255,878.663,Measured,324.681,844.691,852.167,Virtual,72.532,919.086,1033.786,Measured,99.700,894.240,1048.421,Measured,36.566,953.682,1061.705,Measured,109.624,951.836,1077.988,Measured,217.439,785.844,928.637,Virtual,233.489,773.881,954.587,Virtual,195.324,807.564,956.471,Virtual,206.594,777.249,950.543,Virtual,225.464,798.186,950.407,Virtual
600,5.99000,266.618,900.477,874.905,Measured,244.491,820.783,874.630,Measured,305.670,765.635,874.244,Measured,399.884,825.309,878.684,Measured,324.471,844.739,852.296,Virtual,70.350,919.004,1034.183,Measured,97.376,893.986,1048.824,Measured,34.590,953.809,1062.108,Measured,107.588,951.521,1078.395,Measured,214.509,784.935,929.055,Virtual,230.480,772.874,955.008,Virtual,192.511,806.779,956.886,Virtual,203.605,776.399,950.956,Virtual,222.598,797.226,950.831,Virtual
